"CaseMasterID","CaseNo","BriefFacts"
"1","202600001","Case registered at Hassan PS 21 regarding grievous hurt. Investigation ongoing under IO Amara."
"2","202400002","Case registered at Haveri PS 29 regarding gambling. Investigation ongoing under IO Tejas."
"3","202400003","Case registered at Mandya PS 20 regarding public nuisance. Investigation ongoing under IO Victor."
"4","202600004","Case registered at Bagalkot PS 19 regarding sexual assault. Investigation ongoing under IO Kritika."
"5","202400005","Case registered at Dakshina Kannada PS 41 regarding vehicle theft. Investigation ongoing under IO Mekhala."
"6","202600006","Case registered at Haveri PS 23 regarding gambling. Investigation ongoing under IO Warda."
"7","202400007","Case registered at Hassan PS 16 regarding online fraud. Investigation ongoing under IO Jasmit."
"8","202300008","Case registered at Kolar PS 4 regarding burglary. Investigation ongoing under IO Yadavi."
"9","202400009","Case registered at Koppal PS 7 regarding attempt to murder. Investigation ongoing under IO Tanay."
"10","202300010","Case registered at Koppal PS 29 regarding gambling. Investigation ongoing under IO Kalpit."
"11","202600011","Case registered at Chikkamagaluru PS 1 regarding murder. Investigation ongoing under IO Kashvi."
"12","202300012","Case registered at Davanagere PS 19 regarding theft. Investigation ongoing under IO Nitesh."
"13","202400013","Case registered at Mysuru PS 54 regarding gambling. Investigation ongoing under IO Charvi."
"14","202300014","Case registered at Bengaluru Urban PS 55 regarding domestic violence. Investigation ongoing under IO Wriddhish."
"15","202500015","Case registered at Belagavi PS 37 regarding vehicle theft. Investigation ongoing under IO Neel."
"16","202300016","Case registered at Vijayapura PS 6 regarding identity theft. Investigation ongoing under IO Devansh."
"17","202600017","Case registered at Kalaburagi PS 37 regarding domestic violence. Investigation ongoing under IO Shaurya."
"18","202300018","Case registered at Ballari PS 5 regarding robbery. Investigation ongoing under IO Oeshi."
"19","202400019","Case registered at Ramanagara PS 29 regarding theft. Investigation ongoing under IO Chandran."
"20","202400020","Case registered at Gadag PS 17 regarding robbery. Investigation ongoing under IO Kamala."
"21","202300021","Case registered at Bengaluru Urban PS 51 regarding theft. Investigation ongoing under IO Damyanti."
"22","202300022","Case registered at Bengaluru Urban PS 88 regarding online fraud. Investigation ongoing under IO Gabriel."
"23","202400023","Case registered at Udupi PS 25 regarding theft. Investigation ongoing under IO Tanay."
"24","202300024","Case registered at Bengaluru Rural PS 24 regarding gambling. Investigation ongoing under IO Sanya."
"25","202400025","Case registered at Chikkaballapur PS 15 regarding attempt to murder. Investigation ongoing under IO Fiyaz."
"26","202400026","Case registered at Koppal PS 1 regarding criminal breach of trust. Investigation ongoing under IO Inaya."
"27","202400027","Case registered at Bagalkot PS 11 regarding sexual assault. Investigation ongoing under IO Jeevika."
"28","202300028","Case registered at Shivamogga PS 25 regarding sexual assault. Investigation ongoing under IO Dayamai."
"29","202600029","Case registered at Vijayapura PS 13 regarding cheating. Investigation ongoing under IO Aditya."
"30","202500030","Case registered at Chikkamagaluru PS 24 regarding sexual assault. Investigation ongoing under IO Chaitanya."
"31","202300031","Case registered at Bengaluru Rural PS 15 regarding criminal breach of trust. Investigation ongoing under IO Oni."
"32","202400032","Case registered at Bagalkot PS 27 regarding dowry harassment. Investigation ongoing under IO Zehaan."
"33","202300033","Case registered at Chikkaballapur PS 5 regarding cheating. Investigation ongoing under IO Chakrika."
"34","202300034","Case registered at Ballari PS 8 regarding grievous hurt. Investigation ongoing under IO Matthew."
"35","202400035","Case registered at Yadgir PS 8 regarding murder. Investigation ongoing under IO Avi."
"36","202500036","Case registered at Belagavi PS 12 regarding cheating. Investigation ongoing under IO Chatura."
"37","202300037","Case registered at Chikkamagaluru PS 25 regarding murder. Investigation ongoing under IO Ekaja."
"38","202400038","Case registered at Ballari PS 7 regarding dowry harassment. Investigation ongoing under IO Hamsini."
"39","202600039","Case registered at Kalaburagi PS 9 regarding attempt to murder. Investigation ongoing under IO Aashi."
"40","202300040","Case registered at Belagavi PS 27 regarding gambling. Investigation ongoing under IO Laksh."
"41","202500041","Case registered at Belagavi PS 18 regarding dowry harassment. Investigation ongoing under IO Varsha."
"42","202400042","Case registered at Chikkaballapur PS 6 regarding gambling. Investigation ongoing under IO Hemal."
"43","202400043","Case registered at Vijayanagara PS 21 regarding cheating. Investigation ongoing under IO Barkha."
"44","202400044","Case registered at Vijayanagara PS 3 regarding burglary. Investigation ongoing under IO Devansh."
"45","202500045","Case registered at Shivamogga PS 7 regarding public nuisance. Investigation ongoing under IO Anirudh."
"46","202600046","Case registered at Mysuru PS 23 regarding grievous hurt. Investigation ongoing under IO Manthan."
"47","202500047","Case registered at Davanagere PS 25 regarding online fraud. Investigation ongoing under IO David."
"48","202600048","Case registered at Belagavi PS 45 regarding public nuisance. Investigation ongoing under IO Krishna."
"49","202300049","Case registered at Koppal PS 7 regarding grievous hurt. Investigation ongoing under IO Chandran."
"50","202500050","Case registered at Gadag PS 5 regarding robbery. Investigation ongoing under IO Mohini."
"51","202300051","Case registered at Uttara Kannada PS 25 regarding public nuisance. Investigation ongoing under IO Vaishnavi."
"52","202300052","Case registered at Udupi PS 12 regarding criminal breach of trust. Investigation ongoing under IO Vamakshi."
"53","202400053","Case registered at Bengaluru Urban PS 28 regarding public nuisance. Investigation ongoing under IO Hitesh."
"54","202500054","Case registered at Bengaluru Urban PS 98 regarding domestic violence. Investigation ongoing under IO Gayathri."
"55","202400055","Case registered at Bengaluru Urban PS 92 regarding murder. Investigation ongoing under IO Aadi."
"56","202400056","Case registered at Hassan PS 6 regarding criminal breach of trust. Investigation ongoing under IO Manbir."
"57","202300057","Case registered at Chikkamagaluru PS 16 regarding cheating. Investigation ongoing under IO Nathaniel."
"58","202400058","Case registered at Ballari PS 38 regarding grievous hurt. Investigation ongoing under IO William."
"59","202400059","Case registered at Kalaburagi PS 34 regarding cheating. Investigation ongoing under IO Meghana."
"60","202300060","Case registered at Dakshina Kannada PS 17 regarding domestic violence. Investigation ongoing under IO Tanay."
"61","202400061","Case registered at Bengaluru Urban PS 59 regarding domestic violence. Investigation ongoing under IO Idika."
"62","202400062","Case registered at Kolar PS 12 regarding criminal breach of trust. Investigation ongoing under IO Ekiya."
"63","202300063","Case registered at Ballari PS 21 regarding public nuisance. Investigation ongoing under IO Avi."
"64","202300064","Case registered at Bengaluru Urban PS 11 regarding gambling. Investigation ongoing under IO Yadavi."
"65","202500065","Case registered at Haveri PS 13 regarding domestic violence. Investigation ongoing under IO Nisha."
"66","202300066","Case registered at Uttara Kannada PS 8 regarding vehicle theft. Investigation ongoing under IO Tanvi."
"67","202500067","Case registered at Belagavi PS 25 regarding cheating. Investigation ongoing under IO Veda."
"68","202400068","Case registered at Bagalkot PS 16 regarding domestic violence. Investigation ongoing under IO Arya."
"69","202300069","Case registered at Bengaluru Urban PS 80 regarding identity theft. Investigation ongoing under IO Megha."
"70","202500070","Case registered at Belagavi PS 39 regarding cheating. Investigation ongoing under IO Gagan."
"71","202500071","Case registered at Kolar PS 8 regarding public nuisance. Investigation ongoing under IO Lucky."
"72","202500072","Case registered at Mysuru PS 19 regarding dowry harassment. Investigation ongoing under IO Janya."
"73","202500073","Case registered at Uttara Kannada PS 9 regarding criminal breach of trust. Investigation ongoing under IO Chakradhar."
"74","202500074","Case registered at Kalaburagi PS 27 regarding identity theft. Investigation ongoing under IO Ekani."
"75","202600075","Case registered at Ballari PS 28 regarding identity theft. Investigation ongoing under IO Abhimanyu."
"76","202500076","Case registered at Yadgir PS 2 regarding vehicle theft. Investigation ongoing under IO Michael."
"77","202600077","Case registered at Uttara Kannada PS 15 regarding vehicle theft. Investigation ongoing under IO Jagvi."
"78","202500078","Case registered at Chikkaballapur PS 18 regarding online fraud. Investigation ongoing under IO Charles."
"79","202500079","Case registered at Bengaluru Urban PS 38 regarding sexual assault. Investigation ongoing under IO Peter."
"80","202600080","Case registered at Bengaluru Urban PS 60 regarding online fraud. Investigation ongoing under IO Vansha."
"81","202400081","Case registered at Raichur PS 15 regarding burglary. Investigation ongoing under IO Yuvraj."
"82","202300082","Case registered at Vijayapura PS 21 regarding sexual assault. Investigation ongoing under IO Odika."
"83","202500083","Case registered at Davanagere PS 16 regarding attempt to murder. Investigation ongoing under IO Ishaan."
"84","202300084","Case registered at Haveri PS 12 regarding criminal breach of trust. Investigation ongoing under IO Farhan."
"85","202500085","Case registered at Chikkamagaluru PS 20 regarding attempt to murder. Investigation ongoing under IO Januja."
"86","202500086","Case registered at Raichur PS 13 regarding public nuisance. Investigation ongoing under IO Saksham."
"87","202500087","Case registered at Gadag PS 13 regarding identity theft. Investigation ongoing under IO Anmol."
"88","202300088","Case registered at Gadag PS 3 regarding public nuisance. Investigation ongoing under IO Ishaan."
"89","202500089","Case registered at Vijayanagara PS 8 regarding attempt to murder. Investigation ongoing under IO Thomas."
"90","202300090","Case registered at Haveri PS 21 regarding online fraud. Investigation ongoing under IO Rajata."
"91","202400091","Case registered at Kalaburagi PS 23 regarding murder. Investigation ongoing under IO Sachi."
"92","202400092","Case registered at Mandya PS 3 regarding robbery. Investigation ongoing under IO Bina."
"93","202500093","Case registered at Yadgir PS 3 regarding gambling. Investigation ongoing under IO Kamala."
"94","202400094","Case registered at Udupi PS 9 regarding cheating. Investigation ongoing under IO Rachit."
"95","202400095","Case registered at Koppal PS 11 regarding online fraud. Investigation ongoing under IO Daksha."
"96","202400096","Case registered at Yadgir PS 15 regarding cheating. Investigation ongoing under IO Anamika."
"97","202300097","Case registered at Koppal PS 6 regarding public nuisance. Investigation ongoing under IO Yashvi."
"98","202400098","Case registered at Koppal PS 2 regarding grievous hurt. Investigation ongoing under IO Kabir."
"99","202400099","Case registered at Bengaluru Urban PS 107 regarding gambling. Investigation ongoing under IO Agastya."
"100","202500100","Case registered at Chikkaballapur PS 20 regarding grievous hurt. Investigation ongoing under IO Mitali."
"101","202400101","Case registered at Kalaburagi PS 37 regarding online fraud. Investigation ongoing under IO Advaith."
"102","202300102","Case registered at Kalaburagi PS 47 regarding criminal breach of trust. Investigation ongoing under IO Chaitanya."
"103","202500103","Case registered at Haveri PS 6 regarding cheating. Investigation ongoing under IO Pooja."
"104","202300104","Case registered at Kalaburagi PS 31 regarding identity theft. Investigation ongoing under IO Triveni."
"105","202300105","Case registered at Bengaluru Rural PS 27 regarding sexual assault. Investigation ongoing under IO Arunima."
"106","202300106","Case registered at Belagavi PS 49 regarding public nuisance. Investigation ongoing under IO Anay."
"107","202500107","Case registered at Davanagere PS 10 regarding domestic violence. Investigation ongoing under IO Sai."
"108","202400108","Case registered at Koppal PS 19 regarding public nuisance. Investigation ongoing under IO Ojasvi."
"109","202300109","Case registered at Bengaluru Urban PS 24 regarding grievous hurt. Investigation ongoing under IO Rudra."
"110","202400110","Case registered at Bagalkot PS 14 regarding dowry harassment. Investigation ongoing under IO Amara."
"111","202300111","Case registered at Bengaluru Urban PS 87 regarding murder. Investigation ongoing under IO Bahadurjit."
"112","202600112","Case registered at Bengaluru Rural PS 25 regarding criminal breach of trust. Investigation ongoing under IO Advik."
"113","202300113","Case registered at Vijayapura PS 15 regarding gambling. Investigation ongoing under IO Avi."
"114","202300114","Case registered at Bagalkot PS 27 regarding theft. Investigation ongoing under IO Zayyan."
"115","202400115","Case registered at Belagavi PS 32 regarding cheating. Investigation ongoing under IO Warhi."
"116","202500116","Case registered at Mandya PS 15 regarding cheating. Investigation ongoing under IO Bimala."
"117","202600117","Case registered at Haveri PS 23 regarding online fraud. Investigation ongoing under IO Advaith."
"118","202600118","Case registered at Kodagu PS 13 regarding sexual assault. Investigation ongoing under IO Rajata."
"119","202500119","Case registered at Hassan PS 1 regarding burglary. Investigation ongoing under IO Bhavya."
"120","202500120","Case registered at Chitradurga PS 6 regarding public nuisance. Investigation ongoing under IO Samesh."
"121","202400121","Case registered at Mysuru PS 7 regarding theft. Investigation ongoing under IO Waida."
"122","202400122","Case registered at Mysuru PS 39 regarding gambling. Investigation ongoing under IO Nilima."
"123","202400123","Case registered at Shivamogga PS 22 regarding identity theft. Investigation ongoing under IO Vrinda."
"124","202300124","Case registered at Vijayanagara PS 4 regarding dowry harassment. Investigation ongoing under IO Advik."
"125","202400125","Case registered at Kodagu PS 18 regarding criminal breach of trust. Investigation ongoing under IO Vamakshi."
"126","202400126","Case registered at Tumakuru PS 20 regarding robbery. Investigation ongoing under IO Oni."
"127","202300127","Case registered at Chikkamagaluru PS 1 regarding public nuisance. Investigation ongoing under IO Aarna."
"128","202400128","Case registered at Chikkamagaluru PS 4 regarding dowry harassment. Investigation ongoing under IO Odika."
"129","202600129","Case registered at Bengaluru Urban PS 78 regarding grievous hurt. Investigation ongoing under IO Vivaan."
"130","202300130","Case registered at Gadag PS 2 regarding identity theft. Investigation ongoing under IO Nilima."
"131","202300131","Case registered at Uttara Kannada PS 8 regarding online fraud. Investigation ongoing under IO Bimala."
"132","202300132","Case registered at Chikkamagaluru PS 6 regarding gambling. Investigation ongoing under IO Anika."
"133","202400133","Case registered at Kalaburagi PS 52 regarding theft. Investigation ongoing under IO Urmi."
"134","202600134","Case registered at Ramanagara PS 25 regarding domestic violence. Investigation ongoing under IO Gagan."
"135","202300135","Case registered at Kolar PS 14 regarding gambling. Investigation ongoing under IO Harshil."
"136","202400136","Case registered at Hassan PS 23 regarding domestic violence. Investigation ongoing under IO Ekani."
"137","202500137","Case registered at Yadgir PS 25 regarding domestic violence. Investigation ongoing under IO Orinder."
"138","202600138","Case registered at Dakshina Kannada PS 26 regarding murder. Investigation ongoing under IO Peter."
"139","202400139","Case registered at Chikkamagaluru PS 14 regarding public nuisance. Investigation ongoing under IO Jhalak."
"140","202500140","Case registered at Mysuru PS 45 regarding identity theft. Investigation ongoing under IO Aishani."
"141","202500141","Case registered at Gadag PS 28 regarding vehicle theft. Investigation ongoing under IO Alexander."
"142","202500142","Case registered at Tumakuru PS 9 regarding online fraud. Investigation ongoing under IO Darsh."
"143","202300143","Case registered at Bengaluru Urban PS 98 regarding dowry harassment. Investigation ongoing under IO Frederick."
"144","202500144","Case registered at Belagavi PS 17 regarding cheating. Investigation ongoing under IO Simon."
"145","202400145","Case registered at Hassan PS 2 regarding online fraud. Investigation ongoing under IO Vasudha."
"146","202600146","Case registered at Dakshina Kannada PS 30 regarding grievous hurt. Investigation ongoing under IO Odika."
"147","202400147","Case registered at Koppal PS 23 regarding sexual assault. Investigation ongoing under IO Vamakshi."
"148","202500148","Case registered at Chikkamagaluru PS 15 regarding cheating. Investigation ongoing under IO Reva."
"149","202300149","Case registered at Chamarajanagar PS 7 regarding murder. Investigation ongoing under IO Jacob."
"150","202600150","Case registered at Dakshina Kannada PS 25 regarding murder. Investigation ongoing under IO Amaira."
"151","202300151","Case registered at Vijayanagara PS 5 regarding domestic violence. Investigation ongoing under IO Girik."
"152","202400152","Case registered at Ballari PS 7 regarding attempt to murder. Investigation ongoing under IO Bakhshi."
"153","202300153","Case registered at Bagalkot PS 5 regarding robbery. Investigation ongoing under IO Rachita."
"154","202600154","Case registered at Chikkaballapur PS 6 regarding murder. Investigation ongoing under IO Warda."
"155","202300155","Case registered at Chikkamagaluru PS 15 regarding robbery. Investigation ongoing under IO Arjun."
"156","202300156","Case registered at Mysuru PS 33 regarding cheating. Investigation ongoing under IO Sai."
"157","202400157","Case registered at Kodagu PS 13 regarding sexual assault. Investigation ongoing under IO Yashica."
"158","202400158","Case registered at Shivamogga PS 25 regarding public nuisance. Investigation ongoing under IO Ishita."
"159","202300159","Case registered at Chikkamagaluru PS 16 regarding sexual assault. Investigation ongoing under IO Turvi."
"160","202500160","Case registered at Mandya PS 22 regarding criminal breach of trust. Investigation ongoing under IO Yoshita."
"161","202300161","Case registered at Davanagere PS 28 regarding attempt to murder. Investigation ongoing under IO Brijesh."
"162","202500162","Case registered at Hassan PS 28 regarding dowry harassment. Investigation ongoing under IO Libni."
"163","202300163","Case registered at Bengaluru Urban PS 16 regarding gambling. Investigation ongoing under IO David."
"164","202400164","Case registered at Kolar PS 24 regarding dowry harassment. Investigation ongoing under IO Damyanti."
"165","202500165","Case registered at Chikkaballapur PS 29 regarding criminal breach of trust. Investigation ongoing under IO Zashil."
"166","202400166","Case registered at Tumakuru PS 29 regarding public nuisance. Investigation ongoing under IO Hardik."
"167","202300167","Case registered at Ballari PS 31 regarding criminal breach of trust. Investigation ongoing under IO Champak."
"168","202400168","Case registered at Udupi PS 25 regarding criminal breach of trust. Investigation ongoing under IO Aahana."
"169","202300169","Case registered at Kalaburagi PS 40 regarding vehicle theft. Investigation ongoing under IO Shaurya."
"170","202600170","Case registered at Kalaburagi PS 56 regarding grievous hurt. Investigation ongoing under IO Abdul."
"171","202400171","Case registered at Bagalkot PS 25 regarding identity theft. Investigation ongoing under IO Dipta."
"172","202300172","Case registered at Yadgir PS 29 regarding online fraud. Investigation ongoing under IO William."
"173","202300173","Case registered at Raichur PS 18 regarding dowry harassment. Investigation ongoing under IO Darsh."
"174","202600174","Case registered at Chamarajanagar PS 9 regarding identity theft. Investigation ongoing under IO Waida."
"175","202500175","Case registered at Chitradurga PS 25 regarding cheating. Investigation ongoing under IO Aditya."
"176","202400176","Case registered at Gadag PS 6 regarding domestic violence. Investigation ongoing under IO Avni."
"177","202300177","Case registered at Yadgir PS 4 regarding vehicle theft. Investigation ongoing under IO Guneet."
"178","202500178","Case registered at Bengaluru Urban PS 90 regarding domestic violence. Investigation ongoing under IO Aarna."
"179","202400179","Case registered at Koppal PS 12 regarding online fraud. Investigation ongoing under IO Arunima."
"180","202500180","Case registered at Yadgir PS 10 regarding gambling. Investigation ongoing under IO Damini."
"181","202400181","Case registered at Shivamogga PS 23 regarding murder. Investigation ongoing under IO Abdul."
"182","202600182","Case registered at Bengaluru Urban PS 56 regarding attempt to murder. Investigation ongoing under IO Tara."
"183","202300183","Case registered at Gadag PS 6 regarding online fraud. Investigation ongoing under IO Arjun."
"184","202400184","Case registered at Bengaluru Urban PS 55 regarding cheating. Investigation ongoing under IO Geetika."
"185","202600185","Case registered at Ramanagara PS 5 regarding cheating. Investigation ongoing under IO Pahal."
"186","202300186","Case registered at Bidar PS 17 regarding robbery. Investigation ongoing under IO Dalbir."
"187","202500187","Case registered at Bengaluru Urban PS 18 regarding online fraud. Investigation ongoing under IO Yatan."
"188","202400188","Case registered at Vijayapura PS 17 regarding vehicle theft. Investigation ongoing under IO Ryan."
"189","202500189","Case registered at Kalaburagi PS 25 regarding criminal breach of trust. Investigation ongoing under IO Daniel."
"190","202300190","Case registered at Uttara Kannada PS 17 regarding identity theft. Investigation ongoing under IO Widisha."
"191","202600191","Case registered at Chikkaballapur PS 17 regarding sexual assault. Investigation ongoing under IO Ekta."
"192","202400192","Case registered at Chikkaballapur PS 15 regarding vehicle theft. Investigation ongoing under IO Faris."
"193","202500193","Case registered at Haveri PS 29 regarding domestic violence. Investigation ongoing under IO Rudra."
"194","202600194","Case registered at Gadag PS 6 regarding gambling. Investigation ongoing under IO Keya."
"195","202400195","Case registered at Kolar PS 11 regarding theft. Investigation ongoing under IO Ojas."
"196","202400196","Case registered at Raichur PS 15 regarding sexual assault. Investigation ongoing under IO Neha."
"197","202300197","Case registered at Gadag PS 25 regarding robbery. Investigation ongoing under IO Yasti."
"198","202300198","Case registered at Chitradurga PS 10 regarding cheating. Investigation ongoing under IO Krishna."
"199","202400199","Case registered at Chamarajanagar PS 3 regarding cheating. Investigation ongoing under IO Waida."
"200","202500200","Case registered at Ramanagara PS 16 regarding gambling. Investigation ongoing under IO Victor."
"201","202500201","Case registered at Kolar PS 1 regarding cheating. Investigation ongoing under IO Ikbal."
"202","202300202","Case registered at Bidar PS 4 regarding online fraud. Investigation ongoing under IO Peter."
"203","202300203","Case registered at Uttara Kannada PS 22 regarding attempt to murder. Investigation ongoing under IO Odika."
"204","202300204","Case registered at Raichur PS 6 regarding burglary. Investigation ongoing under IO Chakradhar."
"205","202500205","Case registered at Gadag PS 27 regarding gambling. Investigation ongoing under IO William."
"206","202500206","Case registered at Chikkamagaluru PS 7 regarding attempt to murder. Investigation ongoing under IO Nirja."
"207","202400207","Case registered at Chitradurga PS 20 regarding criminal breach of trust. Investigation ongoing under IO Brinda."
"208","202300208","Case registered at Mysuru PS 50 regarding sexual assault. Investigation ongoing under IO Daksha."
"209","202300209","Case registered at Udupi PS 8 regarding attempt to murder. Investigation ongoing under IO Yash."
"210","202400210","Case registered at Bengaluru Urban PS 24 regarding public nuisance. Investigation ongoing under IO Liam."
"211","202400211","Case registered at Dharwad PS 2 regarding theft. Investigation ongoing under IO Oliver."
"212","202400212","Case registered at Mandya PS 16 regarding attempt to murder. Investigation ongoing under IO Chandresh."
"213","202500213","Case registered at Bagalkot PS 6 regarding dowry harassment. Investigation ongoing under IO Chasmum."
"214","202500214","Case registered at Bidar PS 29 regarding dowry harassment. Investigation ongoing under IO Arunima."
"215","202300215","Case registered at Gadag PS 7 regarding cheating. Investigation ongoing under IO Abhiram."
"216","202600216","Case registered at Bengaluru Urban PS 19 regarding public nuisance. Investigation ongoing under IO Janaki."
"217","202400217","Case registered at Yadgir PS 25 regarding burglary. Investigation ongoing under IO Yoshita."
"218","202600218","Case registered at Udupi PS 14 regarding burglary. Investigation ongoing under IO Tanvi."
"219","202400219","Case registered at Raichur PS 17 regarding cheating. Investigation ongoing under IO Xavier."
"220","202500220","Case registered at Kalaburagi PS 20 regarding criminal breach of trust. Investigation ongoing under IO Jagrati."
"221","202600221","Case registered at Chikkaballapur PS 14 regarding grievous hurt. Investigation ongoing under IO Balhaar."
"222","202300222","Case registered at Bengaluru Urban PS 104 regarding gambling. Investigation ongoing under IO Manbir."
"223","202300223","Case registered at Raichur PS 4 regarding gambling. Investigation ongoing under IO Ekaja."
"224","202500224","Case registered at Mandya PS 18 regarding gambling. Investigation ongoing under IO Farhan."
"225","202400225","Case registered at Raichur PS 14 regarding criminal breach of trust. Investigation ongoing under IO Jeet."
"226","202500226","Case registered at Kalaburagi PS 7 regarding domestic violence. Investigation ongoing under IO Ryan."
"227","202500227","Case registered at Mysuru PS 5 regarding public nuisance. Investigation ongoing under IO Siya."
"228","202500228","Case registered at Ballari PS 55 regarding criminal breach of trust. Investigation ongoing under IO Elijah."
"229","202600229","Case registered at Bengaluru Urban PS 75 regarding robbery. Investigation ongoing under IO Deepa."
"230","202500230","Case registered at Uttara Kannada PS 23 regarding grievous hurt. Investigation ongoing under IO Abeer."
"231","202300231","Case registered at Vijayanagara PS 3 regarding cheating. Investigation ongoing under IO Devika."
"232","202400232","Case registered at Dakshina Kannada PS 55 regarding online fraud. Investigation ongoing under IO Udarsh."
"233","202500233","Case registered at Bengaluru Rural PS 12 regarding attempt to murder. Investigation ongoing under IO Diya."
"234","202400234","Case registered at Belagavi PS 13 regarding online fraud. Investigation ongoing under IO Zaitra."
"235","202300235","Case registered at Bengaluru Urban PS 10 regarding attempt to murder. Investigation ongoing under IO Oeshi."
"236","202400236","Case registered at Dharwad PS 24 regarding sexual assault. Investigation ongoing under IO Radhika."
"237","202400237","Case registered at Hassan PS 26 regarding burglary. Investigation ongoing under IO Banjeet."
"238","202500238","Case registered at Yadgir PS 17 regarding murder. Investigation ongoing under IO Raksha."
"239","202500239","Case registered at Kodagu PS 16 regarding cheating. Investigation ongoing under IO Siya."
"240","202300240","Case registered at Bengaluru Urban PS 2 regarding gambling. Investigation ongoing under IO Yasti."
"241","202300241","Case registered at Kalaburagi PS 25 regarding criminal breach of trust. Investigation ongoing under IO Bimala."
"242","202600242","Case registered at Dharwad PS 17 regarding gambling. Investigation ongoing under IO Dalbir."
"243","202300243","Case registered at Hassan PS 19 regarding dowry harassment. Investigation ongoing under IO Ekani."
"244","202600244","Case registered at Kalaburagi PS 50 regarding cheating. Investigation ongoing under IO Sneha."
"245","202300245","Case registered at Kolar PS 12 regarding robbery. Investigation ongoing under IO Kamala."
"246","202300246","Case registered at Mysuru PS 9 regarding gambling. Investigation ongoing under IO Qasim."
"247","202400247","Case registered at Ballari PS 53 regarding criminal breach of trust. Investigation ongoing under IO Saksham."
"248","202500248","Case registered at Raichur PS 21 regarding identity theft. Investigation ongoing under IO William."
"249","202300249","Case registered at Mysuru PS 19 regarding gambling. Investigation ongoing under IO Laksh."
"250","202500250","Case registered at Gadag PS 11 regarding public nuisance. Investigation ongoing under IO Shaurya."
"251","202400251","Case registered at Mandya PS 28 regarding gambling. Investigation ongoing under IO Abhimanyu."
"252","202300252","Case registered at Dakshina Kannada PS 54 regarding theft. Investigation ongoing under IO Brijesh."
"253","202400253","Case registered at Uttara Kannada PS 1 regarding dowry harassment. Investigation ongoing under IO Hema."
"254","202400254","Case registered at Hassan PS 4 regarding gambling. Investigation ongoing under IO Jacob."
"255","202500255","Case registered at Mysuru PS 57 regarding burglary. Investigation ongoing under IO Akshay."
"256","202400256","Case registered at Kalaburagi PS 35 regarding domestic violence. Investigation ongoing under IO Ikshita."
"257","202500257","Case registered at Koppal PS 18 regarding robbery. Investigation ongoing under IO Vincent."
"258","202400258","Case registered at Kalaburagi PS 26 regarding public nuisance. Investigation ongoing under IO Qushi."
"259","202400259","Case registered at Gadag PS 25 regarding dowry harassment. Investigation ongoing under IO Oviya."
"260","202300260","Case registered at Bidar PS 22 regarding public nuisance. Investigation ongoing under IO William."
"261","202600261","Case registered at Bengaluru Urban PS 106 regarding online fraud. Investigation ongoing under IO Gautami."
"262","202500262","Case registered at Dharwad PS 20 regarding sexual assault. Investigation ongoing under IO Om."
"263","202500263","Case registered at Dharwad PS 9 regarding murder. Investigation ongoing under IO Lekha."
"264","202500264","Case registered at Belagavi PS 46 regarding cheating. Investigation ongoing under IO Ethan."
"265","202400265","Case registered at Mandya PS 15 regarding cheating. Investigation ongoing under IO Lajita."
"266","202500266","Case registered at Yadgir PS 4 regarding dowry harassment. Investigation ongoing under IO Abeer."
"267","202400267","Case registered at Dakshina Kannada PS 46 regarding grievous hurt. Investigation ongoing under IO Dipta."
"268","202600268","Case registered at Bagalkot PS 25 regarding online fraud. Investigation ongoing under IO Ekapad."
"269","202400269","Case registered at Uttara Kannada PS 12 regarding online fraud. Investigation ongoing under IO Alexander."
"270","202500270","Case registered at Hassan PS 10 regarding sexual assault. Investigation ongoing under IO Liam."
"271","202300271","Case registered at Dakshina Kannada PS 19 regarding gambling. Investigation ongoing under IO Chandran."
"272","202500272","Case registered at Bengaluru Urban PS 6 regarding cheating. Investigation ongoing under IO Priya."
"273","202300273","Case registered at Bidar PS 24 regarding online fraud. Investigation ongoing under IO Sanaya."
"274","202400274","Case registered at Shivamogga PS 5 regarding attempt to murder. Investigation ongoing under IO Brijesh."
"275","202600275","Case registered at Ballari PS 29 regarding online fraud. Investigation ongoing under IO Karan."
"276","202600276","Case registered at Haveri PS 18 regarding murder. Investigation ongoing under IO Faqid."
"277","202500277","Case registered at Kalaburagi PS 18 regarding attempt to murder. Investigation ongoing under IO Chandran."
"278","202400278","Case registered at Dakshina Kannada PS 33 regarding vehicle theft. Investigation ongoing under IO Warinder."
"279","202500279","Case registered at Dakshina Kannada PS 43 regarding public nuisance. Investigation ongoing under IO Chasmum."
"280","202300280","Case registered at Ballari PS 49 regarding attempt to murder. Investigation ongoing under IO Vaishnavi."
"281","202300281","Case registered at Chikkaballapur PS 17 regarding identity theft. Investigation ongoing under IO Abdul."
"282","202400282","Case registered at Bengaluru Urban PS 31 regarding dowry harassment. Investigation ongoing under IO Shaurya."
"283","202600283","Case registered at Bengaluru Urban PS 67 regarding public nuisance. Investigation ongoing under IO Chandani."
"284","202500284","Case registered at Mysuru PS 56 regarding online fraud. Investigation ongoing under IO Panini."
"285","202400285","Case registered at Mandya PS 8 regarding vehicle theft. Investigation ongoing under IO Dominic."
"286","202400286","Case registered at Gadag PS 9 regarding sexual assault. Investigation ongoing under IO Garima."
"287","202400287","Case registered at Bagalkot PS 17 regarding dowry harassment. Investigation ongoing under IO Liam."
"288","202300288","Case registered at Bengaluru Urban PS 41 regarding cheating. Investigation ongoing under IO Ubika."
"289","202400289","Case registered at Dharwad PS 22 regarding theft. Investigation ongoing under IO Zehaan."
"290","202300290","Case registered at Vijayapura PS 26 regarding burglary. Investigation ongoing under IO Michael."
"291","202400291","Case registered at Bengaluru Urban PS 35 regarding burglary. Investigation ongoing under IO Hredhaan."
"292","202400292","Case registered at Davanagere PS 8 regarding criminal breach of trust. Investigation ongoing under IO Avni."
"293","202500293","Case registered at Mandya PS 29 regarding online fraud. Investigation ongoing under IO Niharika."
"294","202400294","Case registered at Mysuru PS 50 regarding cheating. Investigation ongoing under IO Shivansh."
"295","202400295","Case registered at Vijayapura PS 18 regarding murder. Investigation ongoing under IO Yochana."
"296","202500296","Case registered at Haveri PS 5 regarding sexual assault. Investigation ongoing under IO Aishani."
"297","202300297","Case registered at Shivamogga PS 21 regarding gambling. Investigation ongoing under IO Abeer."
"298","202400298","Case registered at Udupi PS 8 regarding sexual assault. Investigation ongoing under IO Jack."
"299","202300299","Case registered at Bengaluru Rural PS 28 regarding sexual assault. Investigation ongoing under IO Isaiah."
"300","202400300","Case registered at Belagavi PS 37 regarding attempt to murder. Investigation ongoing under IO Vincent."
"301","202300301","Case registered at Haveri PS 29 regarding dowry harassment. Investigation ongoing under IO Amara."
"302","202300302","Case registered at Koppal PS 28 regarding domestic violence. Investigation ongoing under IO Reyansh."
"303","202400303","Case registered at Uttara Kannada PS 9 regarding murder. Investigation ongoing under IO Ojas."
"304","202500304","Case registered at Chikkamagaluru PS 4 regarding attempt to murder. Investigation ongoing under IO Zehaan."
"305","202500305","Case registered at Bengaluru Urban PS 34 regarding theft. Investigation ongoing under IO Kamala."
"306","202300306","Case registered at Ballari PS 37 regarding grievous hurt. Investigation ongoing under IO Yashica."
"307","202600307","Case registered at Udupi PS 23 regarding criminal breach of trust. Investigation ongoing under IO Tanish."
"308","202600308","Case registered at Bengaluru Urban PS 92 regarding grievous hurt. Investigation ongoing under IO Ojas."
"309","202600309","Case registered at Ballari PS 14 regarding theft. Investigation ongoing under IO Aradhana."
"310","202500310","Case registered at Bengaluru Rural PS 27 regarding public nuisance. Investigation ongoing under IO Kala."
"311","202400311","Case registered at Chikkaballapur PS 12 regarding murder. Investigation ongoing under IO Brijesh."
"312","202400312","Case registered at Chikkaballapur PS 27 regarding sexual assault. Investigation ongoing under IO Urvi."
"313","202500313","Case registered at Chikkaballapur PS 16 regarding vehicle theft. Investigation ongoing under IO Theodore."
"314","202300314","Case registered at Belagavi PS 41 regarding murder. Investigation ongoing under IO Wyatt."
"315","202300315","Case registered at Yadgir PS 28 regarding public nuisance. Investigation ongoing under IO Jack."
"316","202600316","Case registered at Bengaluru Rural PS 9 regarding robbery. Investigation ongoing under IO Vinaya."
"317","202500317","Case registered at Hassan PS 7 regarding vehicle theft. Investigation ongoing under IO Kalpit."
"318","202300318","Case registered at Dharwad PS 11 regarding cheating. Investigation ongoing under IO Raagini."
"319","202600319","Case registered at Mandya PS 13 regarding public nuisance. Investigation ongoing under IO Gaurangi."
"320","202300320","Case registered at Mysuru PS 57 regarding public nuisance. Investigation ongoing under IO Faqid."
"321","202400321","Case registered at Bagalkot PS 13 regarding public nuisance. Investigation ongoing under IO Hritik."
"322","202500322","Case registered at Mysuru PS 2 regarding identity theft. Investigation ongoing under IO Kashvi."
"323","202400323","Case registered at Chitradurga PS 17 regarding public nuisance. Investigation ongoing under IO Hemal."
"324","202600324","Case registered at Bengaluru Urban PS 20 regarding domestic violence. Investigation ongoing under IO Girik."
"325","202400325","Case registered at Vijayapura PS 5 regarding burglary. Investigation ongoing under IO Vasudha."
"326","202300326","Case registered at Ballari PS 45 regarding cheating. Investigation ongoing under IO Kashvi."
"327","202600327","Case registered at Kalaburagi PS 48 regarding burglary. Investigation ongoing under IO Utkarsh."
"328","202500328","Case registered at Gadag PS 2 regarding gambling. Investigation ongoing under IO Amara."
"329","202300329","Case registered at Raichur PS 10 regarding grievous hurt. Investigation ongoing under IO Timothy."
"330","202500330","Case registered at Uttara Kannada PS 24 regarding cheating. Investigation ongoing under IO Adya."
"331","202500331","Case registered at Koppal PS 25 regarding burglary. Investigation ongoing under IO Chanchal."
"332","202300332","Case registered at Shivamogga PS 18 regarding dowry harassment. Investigation ongoing under IO Pooja."
"333","202600333","Case registered at Kalaburagi PS 55 regarding cheating. Investigation ongoing under IO Devansh."
"334","202400334","Case registered at Ballari PS 18 regarding gambling. Investigation ongoing under IO Dhruv."
"335","202300335","Case registered at Koppal PS 24 regarding cheating. Investigation ongoing under IO Madhavi."
"336","202600336","Case registered at Yadgir PS 11 regarding grievous hurt. Investigation ongoing under IO Abdul."
"337","202600337","Case registered at Dakshina Kannada PS 20 regarding gambling. Investigation ongoing under IO Ishanvi."
"338","202300338","Case registered at Davanagere PS 12 regarding public nuisance. Investigation ongoing under IO Om."
"339","202500339","Case registered at Bengaluru Urban PS 30 regarding gambling. Investigation ongoing under IO Kalpit."
"340","202300340","Case registered at Kalaburagi PS 32 regarding online fraud. Investigation ongoing under IO Patrick."
"341","202400341","Case registered at Mandya PS 16 regarding cheating. Investigation ongoing under IO Aarna."
"342","202300342","Case registered at Dakshina Kannada PS 46 regarding cheating. Investigation ongoing under IO Dipta."
"343","202300343","Case registered at Chikkamagaluru PS 27 regarding domestic violence. Investigation ongoing under IO Ganga."
"344","202400344","Case registered at Belagavi PS 49 regarding public nuisance. Investigation ongoing under IO Chatura."
"345","202400345","Case registered at Dakshina Kannada PS 16 regarding identity theft. Investigation ongoing under IO Charles."
"346","202400346","Case registered at Bagalkot PS 10 regarding murder. Investigation ongoing under IO Warda."
"347","202400347","Case registered at Kalaburagi PS 44 regarding online fraud. Investigation ongoing under IO Anjali."
"348","202600348","Case registered at Bengaluru Rural PS 23 regarding murder. Investigation ongoing under IO Vaishnavi."
"349","202300349","Case registered at Dharwad PS 10 regarding gambling. Investigation ongoing under IO Madhavi."
"350","202500350","Case registered at Mysuru PS 51 regarding murder. Investigation ongoing under IO Advik."
"351","202300351","Case registered at Dakshina Kannada PS 55 regarding vehicle theft. Investigation ongoing under IO Kamya."
"352","202400352","Case registered at Koppal PS 14 regarding murder. Investigation ongoing under IO Yashvi."
"353","202500353","Case registered at Kalaburagi PS 26 regarding public nuisance. Investigation ongoing under IO Thomas."
"354","202400354","Case registered at Kalaburagi PS 1 regarding burglary. Investigation ongoing under IO Agastya."
"355","202300355","Case registered at Belagavi PS 6 regarding cheating. Investigation ongoing under IO Zehaan."
"356","202500356","Case registered at Mandya PS 15 regarding identity theft. Investigation ongoing under IO Mason."
"357","202300357","Case registered at Shivamogga PS 14 regarding sexual assault. Investigation ongoing under IO Triveni."
"358","202500358","Case registered at Uttara Kannada PS 18 regarding vehicle theft. Investigation ongoing under IO Kalpit."
"359","202500359","Case registered at Hassan PS 16 regarding dowry harassment. Investigation ongoing under IO Mason."
"360","202400360","Case registered at Mysuru PS 57 regarding public nuisance. Investigation ongoing under IO Damini."
"361","202400361","Case registered at Bengaluru Rural PS 19 regarding robbery. Investigation ongoing under IO Ishita."
"362","202400362","Case registered at Vijayapura PS 25 regarding cheating. Investigation ongoing under IO Zehaan."
"363","202400363","Case registered at Mysuru PS 32 regarding sexual assault. Investigation ongoing under IO Onveer."
"364","202600364","Case registered at Mysuru PS 51 regarding gambling. Investigation ongoing under IO Keya."
"365","202500365","Case registered at Bengaluru Urban PS 64 regarding online fraud. Investigation ongoing under IO Sanaya."
"366","202600366","Case registered at Dakshina Kannada PS 49 regarding cheating. Investigation ongoing under IO Advay."
"367","202400367","Case registered at Chikkaballapur PS 29 regarding murder. Investigation ongoing under IO Amara."
"368","202500368","Case registered at Vijayanagara PS 7 regarding sexual assault. Investigation ongoing under IO Yochana."
"369","202400369","Case registered at Chikkaballapur PS 5 regarding cheating. Investigation ongoing under IO Turvi."
"370","202500370","Case registered at Kalaburagi PS 55 regarding grievous hurt. Investigation ongoing under IO Udarsh."
"371","202300371","Case registered at Bengaluru Rural PS 2 regarding dowry harassment. Investigation ongoing under IO Balendra."
"372","202600372","Case registered at Ballari PS 5 regarding domestic violence. Investigation ongoing under IO Gaurav."
"373","202600373","Case registered at Davanagere PS 22 regarding cheating. Investigation ongoing under IO Avi."
"374","202400374","Case registered at Shivamogga PS 11 regarding sexual assault. Investigation ongoing under IO Ishaan."
"375","202400375","Case registered at Yadgir PS 6 regarding identity theft. Investigation ongoing under IO Benjamin."
"376","202400376","Case registered at Gadag PS 23 regarding grievous hurt. Investigation ongoing under IO Aashi."
"377","202500377","Case registered at Udupi PS 25 regarding public nuisance. Investigation ongoing under IO Gayathri."
"378","202500378","Case registered at Uttara Kannada PS 23 regarding identity theft. Investigation ongoing under IO Gaurav."
"379","202500379","Case registered at Koppal PS 11 regarding attempt to murder. Investigation ongoing under IO Qabil."
"380","202400380","Case registered at Davanagere PS 2 regarding identity theft. Investigation ongoing under IO Kashvi."
"381","202400381","Case registered at Chitradurga PS 7 regarding dowry harassment. Investigation ongoing under IO Nakul."
"382","202500382","Case registered at Raichur PS 2 regarding robbery. Investigation ongoing under IO Hiral."
"383","202300383","Case registered at Mysuru PS 57 regarding identity theft. Investigation ongoing under IO Rishi."
"384","202600384","Case registered at Mandya PS 8 regarding online fraud. Investigation ongoing under IO Dalbir."
"385","202600385","Case registered at Davanagere PS 7 regarding robbery. Investigation ongoing under IO Lakshmi."
"386","202300386","Case registered at Bengaluru Urban PS 91 regarding criminal breach of trust. Investigation ongoing under IO Amrita."
"387","202400387","Case registered at Bidar PS 3 regarding burglary. Investigation ongoing under IO Harshil."
"388","202400388","Case registered at Koppal PS 20 regarding cheating. Investigation ongoing under IO Mekhala."
"389","202300389","Case registered at Bengaluru Urban PS 37 regarding domestic violence. Investigation ongoing under IO Ganga."
"390","202600390","Case registered at Kolar PS 19 regarding identity theft. Investigation ongoing under IO Madhav."
"391","202600391","Case registered at Mandya PS 2 regarding grievous hurt. Investigation ongoing under IO Bimala."
"392","202500392","Case registered at Kolar PS 1 regarding vehicle theft. Investigation ongoing under IO Anay."
"393","202500393","Case registered at Vijayapura PS 19 regarding gambling. Investigation ongoing under IO Wishi."
"394","202500394","Case registered at Bengaluru Urban PS 21 regarding dowry harassment. Investigation ongoing under IO Devansh."
"395","202400395","Case registered at Bengaluru Urban PS 29 regarding attempt to murder. Investigation ongoing under IO Yashvi."
"396","202500396","Case registered at Belagavi PS 12 regarding gambling. Investigation ongoing under IO Wahab."
"397","202400397","Case registered at Yadgir PS 29 regarding robbery. Investigation ongoing under IO Ekiya."
"398","202400398","Case registered at Tumakuru PS 28 regarding identity theft. Investigation ongoing under IO Arjun."
"399","202500399","Case registered at Bengaluru Rural PS 5 regarding public nuisance. Investigation ongoing under IO Anjali."
"400","202300400","Case registered at Gadag PS 29 regarding sexual assault. Investigation ongoing under IO Xalak."
"401","202400401","Case registered at Dharwad PS 17 regarding attempt to murder. Investigation ongoing under IO Chakrika."
"402","202500402","Case registered at Bidar PS 28 regarding murder. Investigation ongoing under IO Laban."
"403","202600403","Case registered at Ramanagara PS 21 regarding attempt to murder. Investigation ongoing under IO Jason."
"404","202400404","Case registered at Vijayapura PS 22 regarding public nuisance. Investigation ongoing under IO Warhi."
"405","202400405","Case registered at Bengaluru Urban PS 59 regarding criminal breach of trust. Investigation ongoing under IO Darpan."
"406","202300406","Case registered at Haveri PS 28 regarding sexual assault. Investigation ongoing under IO Charvi."
"407","202500407","Case registered at Haveri PS 14 regarding attempt to murder. Investigation ongoing under IO Xiti."
"408","202300408","Case registered at Ballari PS 11 regarding cheating. Investigation ongoing under IO Vedika."
"409","202600409","Case registered at Kolar PS 28 regarding vehicle theft. Investigation ongoing under IO Dakshesh."
"410","202600410","Case registered at Belagavi PS 11 regarding domestic violence. Investigation ongoing under IO Chakradev."
"411","202500411","Case registered at Dakshina Kannada PS 36 regarding public nuisance. Investigation ongoing under IO Ojasvi."
"412","202300412","Case registered at Chamarajanagar PS 25 regarding online fraud. Investigation ongoing under IO Hemani."
"413","202300413","Case registered at Kodagu PS 11 regarding gambling. Investigation ongoing under IO Chakradev."
"414","202300414","Case registered at Bengaluru Urban PS 28 regarding robbery. Investigation ongoing under IO Gaurang."
"415","202500415","Case registered at Bengaluru Urban PS 21 regarding sexual assault. Investigation ongoing under IO Vaishnavi."
"416","202600416","Case registered at Davanagere PS 24 regarding criminal breach of trust. Investigation ongoing under IO Saanvi."
"417","202500417","Case registered at Davanagere PS 21 regarding domestic violence. Investigation ongoing under IO Fariq."
"418","202400418","Case registered at Udupi PS 4 regarding dowry harassment. Investigation ongoing under IO Advik."
"419","202300419","Case registered at Haveri PS 17 regarding identity theft. Investigation ongoing under IO Yash."
"420","202400420","Case registered at Shivamogga PS 10 regarding identity theft. Investigation ongoing under IO Hemangini."
"421","202600421","Case registered at Kolar PS 18 regarding dowry harassment. Investigation ongoing under IO Wridesh."
"422","202300422","Case registered at Mysuru PS 47 regarding gambling. Investigation ongoing under IO Anvi."
"423","202400423","Case registered at Chikkaballapur PS 9 regarding attempt to murder. Investigation ongoing under IO Jacob."
"424","202600424","Case registered at Mysuru PS 10 regarding robbery. Investigation ongoing under IO Vamakshi."
"425","202300425","Case registered at Kalaburagi PS 3 regarding attempt to murder. Investigation ongoing under IO Pranit."
"426","202400426","Case registered at Mysuru PS 43 regarding cheating. Investigation ongoing under IO Barkha."
"427","202300427","Case registered at Bagalkot PS 8 regarding public nuisance. Investigation ongoing under IO Maanav."
"428","202400428","Case registered at Kodagu PS 9 regarding robbery. Investigation ongoing under IO Vedika."
"429","202600429","Case registered at Ballari PS 28 regarding grievous hurt. Investigation ongoing under IO Urvashi."
"430","202400430","Case registered at Koppal PS 13 regarding attempt to murder. Investigation ongoing under IO Jonathan."
"431","202500431","Case registered at Tumakuru PS 12 regarding identity theft. Investigation ongoing under IO Gaurang."
"432","202500432","Case registered at Hassan PS 25 regarding gambling. Investigation ongoing under IO Jeet."
"433","202300433","Case registered at Belagavi PS 35 regarding vehicle theft. Investigation ongoing under IO Ekantika."
"434","202400434","Case registered at Dakshina Kannada PS 14 regarding identity theft. Investigation ongoing under IO Vyanjana."
"435","202300435","Case registered at Kalaburagi PS 31 regarding robbery. Investigation ongoing under IO Darpan."
"436","202300436","Case registered at Bidar PS 8 regarding public nuisance. Investigation ongoing under IO Vamakshi."
"437","202400437","Case registered at Dakshina Kannada PS 45 regarding online fraud. Investigation ongoing under IO Reyansh."
"438","202300438","Case registered at Mysuru PS 12 regarding burglary. Investigation ongoing under IO Parth."
"439","202300439","Case registered at Kodagu PS 17 regarding online fraud. Investigation ongoing under IO Charvi."
"440","202400440","Case registered at Raichur PS 22 regarding murder. Investigation ongoing under IO Leena."
"441","202300441","Case registered at Bengaluru Urban PS 25 regarding cheating. Investigation ongoing under IO Yasti."
"442","202600442","Case registered at Mysuru PS 55 regarding sexual assault. Investigation ongoing under IO Falguni."
"443","202400443","Case registered at Yadgir PS 26 regarding public nuisance. Investigation ongoing under IO Yatan."
"444","202300444","Case registered at Udupi PS 27 regarding dowry harassment. Investigation ongoing under IO Oliver."
"445","202400445","Case registered at Kalaburagi PS 45 regarding public nuisance. Investigation ongoing under IO Maanav."
"446","202300446","Case registered at Vijayapura PS 1 regarding cheating. Investigation ongoing under IO Nitesh."
"447","202300447","Case registered at Dakshina Kannada PS 31 regarding identity theft. Investigation ongoing under IO Falguni."
"448","202500448","Case registered at Bengaluru Rural PS 19 regarding online fraud. Investigation ongoing under IO Bhavani."
"449","202500449","Case registered at Chikkamagaluru PS 23 regarding vehicle theft. Investigation ongoing under IO Aarini."
"450","202500450","Case registered at Bengaluru Urban PS 54 regarding vehicle theft. Investigation ongoing under IO Advay."
"451","202400451","Case registered at Bengaluru Urban PS 85 regarding gambling. Investigation ongoing under IO Tanay."
"452","202400452","Case registered at Bengaluru Urban PS 4 regarding online fraud. Investigation ongoing under IO Reyansh."
"453","202500453","Case registered at Kolar PS 5 regarding gambling. Investigation ongoing under IO Logan."
"454","202600454","Case registered at Belagavi PS 48 regarding public nuisance. Investigation ongoing under IO Janya."
"455","202400455","Case registered at Bagalkot PS 25 regarding murder. Investigation ongoing under IO Akshay."
"456","202300456","Case registered at Raichur PS 3 regarding sexual assault. Investigation ongoing under IO Krisha."
"457","202500457","Case registered at Dakshina Kannada PS 48 regarding murder. Investigation ongoing under IO Warjas."
"458","202400458","Case registered at Kalaburagi PS 41 regarding vehicle theft. Investigation ongoing under IO Chatresh."
"459","202400459","Case registered at Koppal PS 11 regarding gambling. Investigation ongoing under IO Krisha."
"460","202300460","Case registered at Kalaburagi PS 41 regarding vehicle theft. Investigation ongoing under IO Max."
"461","202400461","Case registered at Yadgir PS 21 regarding gambling. Investigation ongoing under IO Ojasvi."
"462","202300462","Case registered at Mandya PS 10 regarding online fraud. Investigation ongoing under IO Hemani."
"463","202500463","Case registered at Chikkaballapur PS 14 regarding vehicle theft. Investigation ongoing under IO Arin."
"464","202400464","Case registered at Bengaluru Rural PS 10 regarding robbery. Investigation ongoing under IO Anamika."
"465","202500465","Case registered at Mysuru PS 6 regarding robbery. Investigation ongoing under IO Tristan."
"466","202300466","Case registered at Bengaluru Urban PS 3 regarding online fraud. Investigation ongoing under IO Umang."
"467","202600467","Case registered at Chamarajanagar PS 25 regarding online fraud. Investigation ongoing under IO Avi."
"468","202600468","Case registered at Udupi PS 24 regarding vehicle theft. Investigation ongoing under IO Qabil."
"469","202500469","Case registered at Bidar PS 28 regarding online fraud. Investigation ongoing under IO Peter."
"470","202300470","Case registered at Haveri PS 21 regarding attempt to murder. Investigation ongoing under IO Chandani."
"471","202300471","Case registered at Haveri PS 1 regarding attempt to murder. Investigation ongoing under IO Ishwar."
"472","202400472","Case registered at Dakshina Kannada PS 50 regarding online fraud. Investigation ongoing under IO Kavya."
"473","202500473","Case registered at Kolar PS 15 regarding cheating. Investigation ongoing under IO Peter."
"474","202400474","Case registered at Haveri PS 21 regarding vehicle theft. Investigation ongoing under IO Mitali."
"475","202400475","Case registered at Vijayapura PS 15 regarding gambling. Investigation ongoing under IO Neel."
"476","202500476","Case registered at Vijayanagara PS 12 regarding burglary. Investigation ongoing under IO Wahab."
"477","202300477","Case registered at Bengaluru Urban PS 54 regarding cheating. Investigation ongoing under IO Hema."
"478","202400478","Case registered at Uttara Kannada PS 9 regarding cheating. Investigation ongoing under IO Nachiket."
"479","202300479","Case registered at Kodagu PS 6 regarding sexual assault. Investigation ongoing under IO Shaurya."
"480","202500480","Case registered at Kalaburagi PS 9 regarding gambling. Investigation ongoing under IO Gaurav."
"481","202500481","Case registered at Ballari PS 1 regarding public nuisance. Investigation ongoing under IO Hemal."
"482","202400482","Case registered at Kalaburagi PS 5 regarding vehicle theft. Investigation ongoing under IO Viraj."
"483","202300483","Case registered at Kalaburagi PS 57 regarding gambling. Investigation ongoing under IO Omisha."
"484","202600484","Case registered at Dakshina Kannada PS 42 regarding grievous hurt. Investigation ongoing under IO Lucky."
"485","202500485","Case registered at Kalaburagi PS 30 regarding criminal breach of trust. Investigation ongoing under IO Charan."
"486","202300486","Case registered at Ramanagara PS 9 regarding dowry harassment. Investigation ongoing under IO Gaurang."
"487","202600487","Case registered at Bidar PS 27 regarding gambling. Investigation ongoing under IO Upkaar."
"488","202500488","Case registered at Mysuru PS 16 regarding public nuisance. Investigation ongoing under IO Maanav."
"489","202500489","Case registered at Yadgir PS 3 regarding online fraud. Investigation ongoing under IO Arjun."
"490","202300490","Case registered at Kalaburagi PS 37 regarding cheating. Investigation ongoing under IO Barkha."
"491","202600491","Case registered at Kolar PS 27 regarding public nuisance. Investigation ongoing under IO Pranit."
"492","202300492","Case registered at Koppal PS 2 regarding robbery. Investigation ongoing under IO Nitesh."
"493","202500493","Case registered at Vijayapura PS 20 regarding sexual assault. Investigation ongoing under IO Neelima."
"494","202500494","Case registered at Bengaluru Rural PS 3 regarding identity theft. Investigation ongoing under IO Lajita."
"495","202600495","Case registered at Chamarajanagar PS 20 regarding gambling. Investigation ongoing under IO Ishwar."
"496","202300496","Case registered at Chikkaballapur PS 25 regarding attempt to murder. Investigation ongoing under IO Aadi."
"497","202400497","Case registered at Bagalkot PS 7 regarding gambling. Investigation ongoing under IO Darika."
"498","202300498","Case registered at Bengaluru Urban PS 107 regarding theft. Investigation ongoing under IO Urishilla."
"499","202400499","Case registered at Chamarajanagar PS 16 regarding dowry harassment. Investigation ongoing under IO Wriddhish."
"500","202300500","Case registered at Yadgir PS 3 regarding murder. Investigation ongoing under IO Zayan."
"501","202600501","Case registered at Vijayanagara PS 11 regarding gambling. Investigation ongoing under IO Siddharth."
"502","202500502","Case registered at Bagalkot PS 15 regarding cheating. Investigation ongoing under IO Chaitanya."
"503","202300503","Case registered at Bengaluru Urban PS 88 regarding gambling. Investigation ongoing under IO Dalaja."
"504","202500504","Case registered at Belagavi PS 56 regarding public nuisance. Investigation ongoing under IO Ojas."
"505","202300505","Case registered at Ballari PS 31 regarding gambling. Investigation ongoing under IO Indira."
"506","202400506","Case registered at Dakshina Kannada PS 30 regarding grievous hurt. Investigation ongoing under IO Netra."
"507","202300507","Case registered at Ballari PS 15 regarding public nuisance. Investigation ongoing under IO Omaja."
"508","202600508","Case registered at Bengaluru Rural PS 10 regarding domestic violence. Investigation ongoing under IO Girik."
"509","202500509","Case registered at Bengaluru Urban PS 106 regarding criminal breach of trust. Investigation ongoing under IO Shaurya."
"510","202300510","Case registered at Kolar PS 21 regarding criminal breach of trust. Investigation ongoing under IO Ekani."
"511","202400511","Case registered at Belagavi PS 55 regarding identity theft. Investigation ongoing under IO Vamakshi."
"512","202600512","Case registered at Hassan PS 18 regarding cheating. Investigation ongoing under IO Daksh."
"513","202300513","Case registered at Chitradurga PS 21 regarding robbery. Investigation ongoing under IO Nidra."
"514","202300514","Case registered at Ballari PS 33 regarding robbery. Investigation ongoing under IO Hemal."
"515","202400515","Case registered at Bidar PS 25 regarding gambling. Investigation ongoing under IO Gaurangi."
"516","202500516","Case registered at Mysuru PS 6 regarding robbery. Investigation ongoing under IO Chatresh."
"517","202600517","Case registered at Bagalkot PS 11 regarding burglary. Investigation ongoing under IO Warda."
"518","202400518","Case registered at Ballari PS 38 regarding public nuisance. Investigation ongoing under IO Sanya."
"519","202500519","Case registered at Koppal PS 9 regarding grievous hurt. Investigation ongoing under IO Ranbir."
"520","202300520","Case registered at Dharwad PS 11 regarding cheating. Investigation ongoing under IO Lakshmi."
"521","202300521","Case registered at Mysuru PS 41 regarding robbery. Investigation ongoing under IO Mekhala."
"522","202300522","Case registered at Dharwad PS 14 regarding criminal breach of trust. Investigation ongoing under IO Qushi."
"523","202400523","Case registered at Tumakuru PS 24 regarding vehicle theft. Investigation ongoing under IO Brijesh."
"524","202300524","Case registered at Udupi PS 17 regarding online fraud. Investigation ongoing under IO Ishaan."
"525","202400525","Case registered at Davanagere PS 14 regarding robbery. Investigation ongoing under IO Logan."
"526","202300526","Case registered at Gadag PS 22 regarding attempt to murder. Investigation ongoing under IO Widisha."
"527","202500527","Case registered at Uttara Kannada PS 6 regarding gambling. Investigation ongoing under IO Wriddhish."
"528","202500528","Case registered at Mysuru PS 18 regarding grievous hurt. Investigation ongoing under IO Niharika."
"529","202400529","Case registered at Udupi PS 28 regarding gambling. Investigation ongoing under IO Waida."
"530","202300530","Case registered at Bidar PS 19 regarding vehicle theft. Investigation ongoing under IO Arjun."
"531","202300531","Case registered at Kodagu PS 12 regarding dowry harassment. Investigation ongoing under IO Eta."
"532","202500532","Case registered at Dakshina Kannada PS 17 regarding burglary. Investigation ongoing under IO Triveni."
"533","202300533","Case registered at Chikkamagaluru PS 29 regarding cheating. Investigation ongoing under IO Abha."
"534","202400534","Case registered at Kolar PS 11 regarding online fraud. Investigation ongoing under IO Parth."
"535","202400535","Case registered at Vijayapura PS 23 regarding grievous hurt. Investigation ongoing under IO Amaira."
"536","202300536","Case registered at Bengaluru Urban PS 11 regarding domestic violence. Investigation ongoing under IO Upma."
"537","202300537","Case registered at Belagavi PS 24 regarding murder. Investigation ongoing under IO Onkar."
"538","202600538","Case registered at Bengaluru Urban PS 25 regarding cheating. Investigation ongoing under IO Charan."
"539","202300539","Case registered at Uttara Kannada PS 7 regarding sexual assault. Investigation ongoing under IO Vaishnavi."
"540","202600540","Case registered at Bengaluru Urban PS 8 regarding criminal breach of trust. Investigation ongoing under IO Sanaya."
"541","202400541","Case registered at Kolar PS 14 regarding criminal breach of trust. Investigation ongoing under IO Victor."
"542","202600542","Case registered at Haveri PS 9 regarding vehicle theft. Investigation ongoing under IO Yasti."
"543","202600543","Case registered at Bengaluru Rural PS 1 regarding murder. Investigation ongoing under IO Charvi."
"544","202600544","Case registered at Bengaluru Urban PS 22 regarding sexual assault. Investigation ongoing under IO Udarsh."
"545","202300545","Case registered at Kolar PS 29 regarding online fraud. Investigation ongoing under IO Urvashi."
"546","202500546","Case registered at Chikkaballapur PS 27 regarding online fraud. Investigation ongoing under IO Gautami."
"547","202300547","Case registered at Chikkamagaluru PS 27 regarding sexual assault. Investigation ongoing under IO Hemal."
"548","202400548","Case registered at Bagalkot PS 28 regarding gambling. Investigation ongoing under IO Victor."
"549","202400549","Case registered at Udupi PS 18 regarding domestic violence. Investigation ongoing under IO Alexander."
"550","202500550","Case registered at Hassan PS 10 regarding identity theft. Investigation ongoing under IO Raksha."
"551","202500551","Case registered at Mysuru PS 39 regarding attempt to murder. Investigation ongoing under IO Dalbir."
"552","202500552","Case registered at Kalaburagi PS 24 regarding sexual assault. Investigation ongoing under IO Wriddhish."
"553","202400553","Case registered at Bidar PS 19 regarding online fraud. Investigation ongoing under IO Lakshit."
"554","202500554","Case registered at Bengaluru Urban PS 64 regarding robbery. Investigation ongoing under IO Azaan."
"555","202400555","Case registered at Bidar PS 19 regarding online fraud. Investigation ongoing under IO Varenya."
"556","202600556","Case registered at Bengaluru Urban PS 92 regarding public nuisance. Investigation ongoing under IO Chakradhar."
"557","202400557","Case registered at Bengaluru Rural PS 26 regarding domestic violence. Investigation ongoing under IO Fariq."
"558","202600558","Case registered at Kolar PS 27 regarding criminal breach of trust. Investigation ongoing under IO Faris."
"559","202500559","Case registered at Ballari PS 55 regarding gambling. Investigation ongoing under IO Gaurangi."
"560","202600560","Case registered at Chamarajanagar PS 16 regarding murder. Investigation ongoing under IO Yahvi."
"561","202500561","Case registered at Mysuru PS 17 regarding gambling. Investigation ongoing under IO Kashvi."
"562","202600562","Case registered at Davanagere PS 28 regarding murder. Investigation ongoing under IO Niharika."
"563","202500563","Case registered at Chitradurga PS 27 regarding gambling. Investigation ongoing under IO Anusha."
"564","202400564","Case registered at Kalaburagi PS 51 regarding attempt to murder. Investigation ongoing under IO Vrinda."
"565","202600565","Case registered at Ballari PS 46 regarding murder. Investigation ongoing under IO Quincy."
"566","202600566","Case registered at Chitradurga PS 19 regarding identity theft. Investigation ongoing under IO Ekbal."
"567","202600567","Case registered at Kodagu PS 28 regarding sexual assault. Investigation ongoing under IO Guneet."
"568","202600568","Case registered at Yadgir PS 7 regarding burglary. Investigation ongoing under IO Neel."
"569","202500569","Case registered at Ballari PS 31 regarding theft. Investigation ongoing under IO Krish."
"570","202500570","Case registered at Mysuru PS 1 regarding robbery. Investigation ongoing under IO Upma."
"571","202300571","Case registered at Ramanagara PS 1 regarding cheating. Investigation ongoing under IO Anusha."
"572","202500572","Case registered at Chikkamagaluru PS 2 regarding gambling. Investigation ongoing under IO Charan."
"573","202500573","Case registered at Davanagere PS 20 regarding criminal breach of trust. Investigation ongoing under IO Yashica."
"574","202500574","Case registered at Haveri PS 13 regarding sexual assault. Investigation ongoing under IO Ekapad."
"575","202400575","Case registered at Uttara Kannada PS 28 regarding public nuisance. Investigation ongoing under IO Odika."
"576","202500576","Case registered at Koppal PS 13 regarding identity theft. Investigation ongoing under IO Kiaan."
"577","202500577","Case registered at Chikkaballapur PS 24 regarding theft. Investigation ongoing under IO Gaurangi."
"578","202400578","Case registered at Belagavi PS 28 regarding grievous hurt. Investigation ongoing under IO Ishita."
"579","202300579","Case registered at Udupi PS 16 regarding robbery. Investigation ongoing under IO Ira."
"580","202600580","Case registered at Raichur PS 3 regarding dowry harassment. Investigation ongoing under IO William."
"581","202300581","Case registered at Vijayapura PS 2 regarding public nuisance. Investigation ongoing under IO Viraj."
"582","202400582","Case registered at Shivamogga PS 24 regarding attempt to murder. Investigation ongoing under IO Oscar."
"583","202400583","Case registered at Chitradurga PS 11 regarding online fraud. Investigation ongoing under IO Aarnav."
"584","202300584","Case registered at Bengaluru Urban PS 16 regarding online fraud. Investigation ongoing under IO Ekanta."
"585","202400585","Case registered at Vijayanagara PS 23 regarding murder. Investigation ongoing under IO Aahana."
"586","202600586","Case registered at Dakshina Kannada PS 52 regarding gambling. Investigation ongoing under IO Akshay."
"587","202400587","Case registered at Udupi PS 5 regarding public nuisance. Investigation ongoing under IO Krish."
"588","202500588","Case registered at Mandya PS 17 regarding attempt to murder. Investigation ongoing under IO Garima."
"589","202600589","Case registered at Bengaluru Urban PS 113 regarding robbery. Investigation ongoing under IO Ira."
"590","202400590","Case registered at Vijayapura PS 29 regarding theft. Investigation ongoing under IO Devansh."
"591","202500591","Case registered at Udupi PS 1 regarding sexual assault. Investigation ongoing under IO Irya."
"592","202300592","Case registered at Bengaluru Urban PS 110 regarding grievous hurt. Investigation ongoing under IO Aarna."
"593","202500593","Case registered at Chikkamagaluru PS 8 regarding online fraud. Investigation ongoing under IO Sarthak."
"594","202500594","Case registered at Mysuru PS 26 regarding attempt to murder. Investigation ongoing under IO Gautami."
"595","202300595","Case registered at Shivamogga PS 20 regarding gambling. Investigation ongoing under IO Urishilla."
"596","202500596","Case registered at Mysuru PS 56 regarding grievous hurt. Investigation ongoing under IO Gautami."
"597","202500597","Case registered at Bengaluru Rural PS 28 regarding public nuisance. Investigation ongoing under IO Upkaar."
"598","202400598","Case registered at Mysuru PS 4 regarding criminal breach of trust. Investigation ongoing under IO Pooja."
"599","202300599","Case registered at Belagavi PS 23 regarding criminal breach of trust. Investigation ongoing under IO Rayaan."
"600","202500600","Case registered at Bengaluru Urban PS 51 regarding public nuisance. Investigation ongoing under IO William."
"601","202400601","Case registered at Dharwad PS 10 regarding sexual assault. Investigation ongoing under IO Pranav."
"602","202300602","Case registered at Belagavi PS 47 regarding cheating. Investigation ongoing under IO Gaurangi."
"603","202300603","Case registered at Bengaluru Urban PS 34 regarding public nuisance. Investigation ongoing under IO Kavya."
"604","202500604","Case registered at Dharwad PS 27 regarding gambling. Investigation ongoing under IO Lekha."
"605","202600605","Case registered at Raichur PS 9 regarding public nuisance. Investigation ongoing under IO Rajeshri."
"606","202400606","Case registered at Dakshina Kannada PS 51 regarding vehicle theft. Investigation ongoing under IO Daniel."
"607","202400607","Case registered at Bagalkot PS 17 regarding sexual assault. Investigation ongoing under IO Warinder."
"608","202300608","Case registered at Chamarajanagar PS 8 regarding cheating. Investigation ongoing under IO Chavvi."
"609","202500609","Case registered at Bidar PS 12 regarding criminal breach of trust. Investigation ongoing under IO Sai."
"610","202400610","Case registered at Mysuru PS 37 regarding online fraud. Investigation ongoing under IO Jasmit."
"611","202400611","Case registered at Kodagu PS 7 regarding grievous hurt. Investigation ongoing under IO Falak."
"612","202500612","Case registered at Kodagu PS 1 regarding grievous hurt. Investigation ongoing under IO Omkaar."
"613","202400613","Case registered at Belagavi PS 36 regarding sexual assault. Investigation ongoing under IO Timothy."
"614","202500614","Case registered at Chamarajanagar PS 29 regarding murder. Investigation ongoing under IO Jeet."
"615","202400615","Case registered at Mysuru PS 46 regarding online fraud. Investigation ongoing under IO Triya."
"616","202500616","Case registered at Davanagere PS 27 regarding public nuisance. Investigation ongoing under IO Jhalak."
"617","202500617","Case registered at Vijayanagara PS 1 regarding public nuisance. Investigation ongoing under IO Pavani."
"618","202300618","Case registered at Uttara Kannada PS 1 regarding gambling. Investigation ongoing under IO Owen."
"619","202600619","Case registered at Shivamogga PS 19 regarding cheating. Investigation ongoing under IO Vincent."
"620","202500620","Case registered at Bagalkot PS 7 regarding grievous hurt. Investigation ongoing under IO Maanav."
"621","202400621","Case registered at Kolar PS 16 regarding burglary. Investigation ongoing under IO Sachi."
"622","202400622","Case registered at Raichur PS 15 regarding sexual assault. Investigation ongoing under IO Warda."
"623","202400623","Case registered at Dakshina Kannada PS 40 regarding sexual assault. Investigation ongoing under IO Vincent."
"624","202300624","Case registered at Dharwad PS 14 regarding cheating. Investigation ongoing under IO Raagini."
"625","202500625","Case registered at Tumakuru PS 13 regarding online fraud. Investigation ongoing under IO Amrita."
"626","202300626","Case registered at Belagavi PS 49 regarding murder. Investigation ongoing under IO Anya."
"627","202600627","Case registered at Dakshina Kannada PS 5 regarding cheating. Investigation ongoing under IO Onkar."
"628","202400628","Case registered at Mysuru PS 18 regarding murder. Investigation ongoing under IO Tanish."
"629","202500629","Case registered at Belagavi PS 26 regarding attempt to murder. Investigation ongoing under IO Harinakshi."
"630","202500630","Case registered at Kalaburagi PS 2 regarding murder. Investigation ongoing under IO Dipta."
"631","202400631","Case registered at Bagalkot PS 29 regarding dowry harassment. Investigation ongoing under IO Hamsini."
"632","202300632","Case registered at Bengaluru Urban PS 77 regarding online fraud. Investigation ongoing under IO Parth."
"633","202400633","Case registered at Kalaburagi PS 44 regarding domestic violence. Investigation ongoing under IO Urishilla."
"634","202400634","Case registered at Ramanagara PS 4 regarding domestic violence. Investigation ongoing under IO Yashasvi."
"635","202300635","Case registered at Kalaburagi PS 3 regarding robbery. Investigation ongoing under IO Rachit."
"636","202400636","Case registered at Shivamogga PS 2 regarding domestic violence. Investigation ongoing under IO Aahana."
"637","202500637","Case registered at Bengaluru Urban PS 106 regarding gambling. Investigation ongoing under IO Neelima."
"638","202300638","Case registered at Dakshina Kannada PS 24 regarding identity theft. Investigation ongoing under IO Priya."
"639","202500639","Case registered at Davanagere PS 9 regarding public nuisance. Investigation ongoing under IO Riya."
"640","202300640","Case registered at Gadag PS 27 regarding cheating. Investigation ongoing under IO Madhav."
"641","202500641","Case registered at Ballari PS 49 regarding sexual assault. Investigation ongoing under IO Yatan."
"642","202500642","Case registered at Yadgir PS 2 regarding criminal breach of trust. Investigation ongoing under IO Anvi."
"643","202500643","Case registered at Belagavi PS 20 regarding vehicle theft. Investigation ongoing under IO Sanaya."
"644","202600644","Case registered at Yadgir PS 3 regarding dowry harassment. Investigation ongoing under IO Anusha."
"645","202600645","Case registered at Yadgir PS 10 regarding gambling. Investigation ongoing under IO Darpan."
"646","202500646","Case registered at Hassan PS 21 regarding vehicle theft. Investigation ongoing under IO Tara."
"647","202400647","Case registered at Ramanagara PS 27 regarding public nuisance. Investigation ongoing under IO Hitesh."
"648","202400648","Case registered at Bidar PS 15 regarding gambling. Investigation ongoing under IO Chanchal."
"649","202500649","Case registered at Bidar PS 2 regarding gambling. Investigation ongoing under IO Nakul."
"650","202500650","Case registered at Dakshina Kannada PS 4 regarding grievous hurt. Investigation ongoing under IO Dayamai."
"651","202400651","Case registered at Udupi PS 20 regarding domestic violence. Investigation ongoing under IO Charan."
"652","202500652","Case registered at Uttara Kannada PS 22 regarding gambling. Investigation ongoing under IO Guneet."
"653","202300653","Case registered at Bengaluru Urban PS 112 regarding sexual assault. Investigation ongoing under IO Oliver."
"654","202500654","Case registered at Mysuru PS 12 regarding identity theft. Investigation ongoing under IO Inaya."
"655","202300655","Case registered at Gadag PS 18 regarding gambling. Investigation ongoing under IO Krishna."
"656","202300656","Case registered at Ballari PS 12 regarding grievous hurt. Investigation ongoing under IO Nakul."
"657","202300657","Case registered at Shivamogga PS 13 regarding dowry harassment. Investigation ongoing under IO Onkar."
"658","202300658","Case registered at Mysuru PS 56 regarding public nuisance. Investigation ongoing under IO Nandini."
"659","202600659","Case registered at Ballari PS 56 regarding sexual assault. Investigation ongoing under IO Vrinda."
"660","202300660","Case registered at Gadag PS 20 regarding identity theft. Investigation ongoing under IO Vidhi."
"661","202400661","Case registered at Bagalkot PS 9 regarding theft. Investigation ongoing under IO Riya."
"662","202600662","Case registered at Kalaburagi PS 1 regarding dowry harassment. Investigation ongoing under IO Anjali."
"663","202400663","Case registered at Dakshina Kannada PS 24 regarding gambling. Investigation ongoing under IO Anamika."
"664","202300664","Case registered at Chikkaballapur PS 19 regarding identity theft. Investigation ongoing under IO Anirudh."
"665","202600665","Case registered at Belagavi PS 11 regarding public nuisance. Investigation ongoing under IO Nachiket."
"666","202500666","Case registered at Haveri PS 28 regarding burglary. Investigation ongoing under IO Chanchal."
"667","202500667","Case registered at Vijayapura PS 17 regarding identity theft. Investigation ongoing under IO Yadavi."
"668","202300668","Case registered at Bengaluru Urban PS 115 regarding robbery. Investigation ongoing under IO Kai."
"669","202400669","Case registered at Chamarajanagar PS 2 regarding theft. Investigation ongoing under IO Warjas."
"670","202600670","Case registered at Shivamogga PS 16 regarding gambling. Investigation ongoing under IO Azaan."
"671","202300671","Case registered at Raichur PS 11 regarding vehicle theft. Investigation ongoing under IO Omaja."
"672","202600672","Case registered at Haveri PS 6 regarding gambling. Investigation ongoing under IO Mitesh."
"673","202500673","Case registered at Kalaburagi PS 30 regarding burglary. Investigation ongoing under IO Kashvi."
"674","202500674","Case registered at Bengaluru Rural PS 15 regarding criminal breach of trust. Investigation ongoing under IO Rachana."
"675","202600675","Case registered at Chikkamagaluru PS 1 regarding murder. Investigation ongoing under IO Onkar."
"676","202300676","Case registered at Udupi PS 6 regarding attempt to murder. Investigation ongoing under IO Qadim."
"677","202300677","Case registered at Vijayapura PS 27 regarding cheating. Investigation ongoing under IO Ojas."
"678","202500678","Case registered at Shivamogga PS 2 regarding theft. Investigation ongoing under IO Parth."
"679","202500679","Case registered at Raichur PS 23 regarding identity theft. Investigation ongoing under IO Yutika."
"680","202400680","Case registered at Kodagu PS 2 regarding attempt to murder. Investigation ongoing under IO Kashvi."
"681","202500681","Case registered at Ballari PS 20 regarding identity theft. Investigation ongoing under IO Fiyaz."
"682","202500682","Case registered at Ballari PS 28 regarding gambling. Investigation ongoing under IO Zashil."
"683","202600683","Case registered at Ramanagara PS 8 regarding criminal breach of trust. Investigation ongoing under IO Ishaan."
"684","202500684","Case registered at Kalaburagi PS 53 regarding identity theft. Investigation ongoing under IO Victor."
"685","202400685","Case registered at Bengaluru Urban PS 107 regarding online fraud. Investigation ongoing under IO Parth."
"686","202400686","Case registered at Raichur PS 4 regarding criminal breach of trust. Investigation ongoing under IO Gaurav."
"687","202400687","Case registered at Tumakuru PS 19 regarding robbery. Investigation ongoing under IO Lohit."
"688","202500688","Case registered at Chikkaballapur PS 18 regarding vehicle theft. Investigation ongoing under IO Kevin."
"689","202600689","Case registered at Bengaluru Rural PS 23 regarding identity theft. Investigation ongoing under IO Mekhala."
"690","202400690","Case registered at Kolar PS 18 regarding attempt to murder. Investigation ongoing under IO Urvashi."
"691","202500691","Case registered at Yadgir PS 29 regarding domestic violence. Investigation ongoing under IO Yash."
"692","202500692","Case registered at Dharwad PS 28 regarding cheating. Investigation ongoing under IO Turvi."
"693","202400693","Case registered at Vijayanagara PS 27 regarding attempt to murder. Investigation ongoing under IO Advay."
"694","202600694","Case registered at Udupi PS 24 regarding cheating. Investigation ongoing under IO Advika."
"695","202300695","Case registered at Kalaburagi PS 15 regarding theft. Investigation ongoing under IO Hemangini."
"696","202400696","Case registered at Bengaluru Urban PS 96 regarding domestic violence. Investigation ongoing under IO Dakshesh."
"697","202300697","Case registered at Belagavi PS 20 regarding domestic violence. Investigation ongoing under IO Mitesh."
"698","202300698","Case registered at Dharwad PS 20 regarding online fraud. Investigation ongoing under IO Ethan."
"699","202600699","Case registered at Yadgir PS 13 regarding gambling. Investigation ongoing under IO Riya."
"700","202300700","Case registered at Dakshina Kannada PS 42 regarding dowry harassment. Investigation ongoing under IO Harish."
"701","202500701","Case registered at Mysuru PS 40 regarding public nuisance. Investigation ongoing under IO Theodore."
"702","202300702","Case registered at Bengaluru Urban PS 56 regarding vehicle theft. Investigation ongoing under IO Madhav."
"703","202500703","Case registered at Haveri PS 22 regarding theft. Investigation ongoing under IO Eiravati."
"704","202500704","Case registered at Kolar PS 20 regarding public nuisance. Investigation ongoing under IO Anjali."
"705","202400705","Case registered at Hassan PS 25 regarding domestic violence. Investigation ongoing under IO Gaurav."
"706","202500706","Case registered at Raichur PS 4 regarding identity theft. Investigation ongoing under IO Xavier."
"707","202400707","Case registered at Hassan PS 16 regarding online fraud. Investigation ongoing under IO Vritti."
"708","202600708","Case registered at Belagavi PS 3 regarding online fraud. Investigation ongoing under IO Chatresh."
"709","202600709","Case registered at Kalaburagi PS 5 regarding identity theft. Investigation ongoing under IO Triveni."
"710","202500710","Case registered at Bengaluru Rural PS 18 regarding theft. Investigation ongoing under IO Libni."
"711","202300711","Case registered at Chikkamagaluru PS 21 regarding dowry harassment. Investigation ongoing under IO Arin."
"712","202400712","Case registered at Chitradurga PS 21 regarding online fraud. Investigation ongoing under IO Ranveer."
"713","202300713","Case registered at Belagavi PS 46 regarding theft. Investigation ongoing under IO Darpan."
"714","202300714","Case registered at Gadag PS 23 regarding public nuisance. Investigation ongoing under IO Radha."
"715","202600715","Case registered at Hassan PS 23 regarding criminal breach of trust. Investigation ongoing under IO Pranav."
"716","202500716","Case registered at Ramanagara PS 10 regarding robbery. Investigation ongoing under IO Mohini."
"717","202400717","Case registered at Bengaluru Rural PS 15 regarding criminal breach of trust. Investigation ongoing under IO Divya."
"718","202500718","Case registered at Mysuru PS 44 regarding sexual assault. Investigation ongoing under IO Mugdha."
"719","202500719","Case registered at Mysuru PS 5 regarding vehicle theft. Investigation ongoing under IO Parth."
"720","202600720","Case registered at Chikkamagaluru PS 23 regarding gambling. Investigation ongoing under IO Balhaar."
"721","202600721","Case registered at Bengaluru Urban PS 108 regarding public nuisance. Investigation ongoing under IO Kai."
"722","202400722","Case registered at Shivamogga PS 2 regarding dowry harassment. Investigation ongoing under IO Zaid."
"723","202300723","Case registered at Bengaluru Urban PS 41 regarding cheating. Investigation ongoing under IO Krish."
"724","202500724","Case registered at Chamarajanagar PS 23 regarding domestic violence. Investigation ongoing under IO Chakradev."
"725","202300725","Case registered at Ramanagara PS 24 regarding gambling. Investigation ongoing under IO Vritti."
"726","202500726","Case registered at Shivamogga PS 5 regarding robbery. Investigation ongoing under IO Rushil."
"727","202500727","Case registered at Mysuru PS 42 regarding identity theft. Investigation ongoing under IO Thomas."
"728","202500728","Case registered at Hassan PS 12 regarding grievous hurt. Investigation ongoing under IO Diya."
"729","202300729","Case registered at Kolar PS 17 regarding dowry harassment. Investigation ongoing under IO Hamsini."
"730","202600730","Case registered at Koppal PS 25 regarding identity theft. Investigation ongoing under IO Manbir."
"731","202400731","Case registered at Chikkaballapur PS 15 regarding online fraud. Investigation ongoing under IO Laksh."
"732","202500732","Case registered at Chamarajanagar PS 9 regarding gambling. Investigation ongoing under IO Qabil."
"733","202500733","Case registered at Ramanagara PS 5 regarding online fraud. Investigation ongoing under IO Gaurav."
"734","202300734","Case registered at Vijayapura PS 15 regarding vehicle theft. Investigation ongoing under IO Lohit."
"735","202400735","Case registered at Kalaburagi PS 18 regarding grievous hurt. Investigation ongoing under IO Darika."
"736","202600736","Case registered at Mysuru PS 51 regarding attempt to murder. Investigation ongoing under IO Yashvi."
"737","202300737","Case registered at Dharwad PS 3 regarding grievous hurt. Investigation ongoing under IO Yutika."
"738","202400738","Case registered at Chamarajanagar PS 24 regarding cheating. Investigation ongoing under IO Samesh."
"739","202300739","Case registered at Dakshina Kannada PS 57 regarding online fraud. Investigation ongoing under IO Anya."
"740","202500740","Case registered at Belagavi PS 10 regarding attempt to murder. Investigation ongoing under IO Gaurang."
"741","202500741","Case registered at Bengaluru Rural PS 4 regarding sexual assault. Investigation ongoing under IO Ridhi."
"742","202600742","Case registered at Vijayapura PS 21 regarding online fraud. Investigation ongoing under IO Anita."
"743","202400743","Case registered at Belagavi PS 52 regarding public nuisance. Investigation ongoing under IO Vamakshi."
"744","202500744","Case registered at Gadag PS 11 regarding identity theft. Investigation ongoing under IO Shaurya."
"745","202600745","Case registered at Vijayanagara PS 13 regarding grievous hurt. Investigation ongoing under IO Charita."
"746","202500746","Case registered at Mysuru PS 53 regarding murder. Investigation ongoing under IO Watika."
"747","202500747","Case registered at Mysuru PS 20 regarding attempt to murder. Investigation ongoing under IO Oni."
"748","202300748","Case registered at Udupi PS 16 regarding cheating. Investigation ongoing under IO Garima."
"749","202500749","Case registered at Davanagere PS 10 regarding grievous hurt. Investigation ongoing under IO Jeremiah."
"750","202500750","Case registered at Kodagu PS 27 regarding murder. Investigation ongoing under IO Shivani."
"751","202500751","Case registered at Shivamogga PS 24 regarding vehicle theft. Investigation ongoing under IO Abdul."
"752","202400752","Case registered at Ballari PS 39 regarding murder. Investigation ongoing under IO Arjun."
"753","202400753","Case registered at Gadag PS 22 regarding online fraud. Investigation ongoing under IO Isha."
"754","202400754","Case registered at Bagalkot PS 23 regarding gambling. Investigation ongoing under IO Ekantika."
"755","202500755","Case registered at Ramanagara PS 22 regarding cheating. Investigation ongoing under IO Shaurya."
"756","202400756","Case registered at Raichur PS 20 regarding robbery. Investigation ongoing under IO Sanaya."
"757","202300757","Case registered at Bengaluru Urban PS 73 regarding cheating. Investigation ongoing under IO Gabriel."
"758","202400758","Case registered at Dakshina Kannada PS 22 regarding criminal breach of trust. Investigation ongoing under IO Aarnav."
"759","202500759","Case registered at Belagavi PS 20 regarding sexual assault. Investigation ongoing under IO Neel."
"760","202300760","Case registered at Dakshina Kannada PS 1 regarding criminal breach of trust. Investigation ongoing under IO Ekbal."
"761","202300761","Case registered at Mysuru PS 40 regarding identity theft. Investigation ongoing under IO Lekha."
"762","202300762","Case registered at Chikkamagaluru PS 28 regarding criminal breach of trust. Investigation ongoing under IO Lajita."
"763","202300763","Case registered at Ballari PS 39 regarding theft. Investigation ongoing under IO Odika."
"764","202300764","Case registered at Dakshina Kannada PS 57 regarding public nuisance. Investigation ongoing under IO Priya."
"765","202500765","Case registered at Chikkaballapur PS 11 regarding grievous hurt. Investigation ongoing under IO Falak."
"766","202300766","Case registered at Bengaluru Urban PS 19 regarding sexual assault. Investigation ongoing under IO Hredhaan."
"767","202600767","Case registered at Mandya PS 8 regarding online fraud. Investigation ongoing under IO Jason."
"768","202300768","Case registered at Bengaluru Urban PS 105 regarding criminal breach of trust. Investigation ongoing under IO Yashasvi."
"769","202300769","Case registered at Ballari PS 19 regarding domestic violence. Investigation ongoing under IO Anvi."
"770","202400770","Case registered at Udupi PS 11 regarding identity theft. Investigation ongoing under IO Ganga."
"771","202500771","Case registered at Bengaluru Urban PS 95 regarding sexual assault. Investigation ongoing under IO Abeer."
"772","202500772","Case registered at Mysuru PS 1 regarding public nuisance. Investigation ongoing under IO Kashvi."
"773","202500773","Case registered at Bagalkot PS 22 regarding grievous hurt. Investigation ongoing under IO Akshay."
"774","202500774","Case registered at Kalaburagi PS 50 regarding domestic violence. Investigation ongoing under IO Anmol."
"775","202400775","Case registered at Belagavi PS 28 regarding cheating. Investigation ongoing under IO Yashica."
"776","202600776","Case registered at Mandya PS 9 regarding attempt to murder. Investigation ongoing under IO Fiyaz."
"777","202300777","Case registered at Udupi PS 8 regarding online fraud. Investigation ongoing under IO Chatura."
"778","202400778","Case registered at Ramanagara PS 3 regarding online fraud. Investigation ongoing under IO Laksh."
"779","202400779","Case registered at Kolar PS 18 regarding online fraud. Investigation ongoing under IO Aahana."
"780","202500780","Case registered at Kalaburagi PS 22 regarding grievous hurt. Investigation ongoing under IO Shivani."
"781","202300781","Case registered at Bidar PS 16 regarding identity theft. Investigation ongoing under IO Victor."
"782","202500782","Case registered at Bengaluru Urban PS 96 regarding public nuisance. Investigation ongoing under IO Parth."
"783","202400783","Case registered at Dharwad PS 1 regarding identity theft. Investigation ongoing under IO Ekaraj."
"784","202600784","Case registered at Bengaluru Rural PS 24 regarding criminal breach of trust. Investigation ongoing under IO Hemangini."
"785","202300785","Case registered at Mysuru PS 31 regarding identity theft. Investigation ongoing under IO Matthew."
"786","202500786","Case registered at Bidar PS 13 regarding public nuisance. Investigation ongoing under IO Vasudha."
"787","202300787","Case registered at Ballari PS 27 regarding gambling. Investigation ongoing under IO Kevin."
"788","202300788","Case registered at Ramanagara PS 13 regarding identity theft. Investigation ongoing under IO Jalsa."
"789","202300789","Case registered at Chikkaballapur PS 28 regarding cheating. Investigation ongoing under IO Nidhi."
"790","202500790","Case registered at Yadgir PS 17 regarding attempt to murder. Investigation ongoing under IO Falak."
"791","202300791","Case registered at Kolar PS 5 regarding burglary. Investigation ongoing under IO Chandran."
"792","202600792","Case registered at Haveri PS 16 regarding public nuisance. Investigation ongoing under IO Niharika."
"793","202500793","Case registered at Ballari PS 48 regarding sexual assault. Investigation ongoing under IO Daksha."
"794","202500794","Case registered at Mysuru PS 27 regarding online fraud. Investigation ongoing under IO Triya."
"795","202400795","Case registered at Ramanagara PS 25 regarding grievous hurt. Investigation ongoing under IO Bishakha."
"796","202300796","Case registered at Mandya PS 11 regarding theft. Investigation ongoing under IO Urishilla."
"797","202500797","Case registered at Bengaluru Urban PS 21 regarding domestic violence. Investigation ongoing under IO Gavin."
"798","202300798","Case registered at Dharwad PS 9 regarding cheating. Investigation ongoing under IO Parth."
"799","202300799","Case registered at Gadag PS 7 regarding gambling. Investigation ongoing under IO Tristan."
"800","202500800","Case registered at Bagalkot PS 14 regarding cheating. Investigation ongoing under IO Krishna."
"801","202500801","Case registered at Ramanagara PS 27 regarding public nuisance. Investigation ongoing under IO Nimrat."
"802","202400802","Case registered at Uttara Kannada PS 25 regarding cheating. Investigation ongoing under IO Abhimanyu."
"803","202300803","Case registered at Vijayapura PS 11 regarding public nuisance. Investigation ongoing under IO Matthew."
"804","202500804","Case registered at Koppal PS 25 regarding gambling. Investigation ongoing under IO Zaid."
"805","202300805","Case registered at Uttara Kannada PS 8 regarding online fraud. Investigation ongoing under IO Faris."
"806","202600806","Case registered at Chitradurga PS 2 regarding cheating. Investigation ongoing under IO Gopal."
"807","202300807","Case registered at Chikkaballapur PS 10 regarding online fraud. Investigation ongoing under IO Balvan."
"808","202300808","Case registered at Kolar PS 29 regarding sexual assault. Investigation ongoing under IO Qadim."
"809","202400809","Case registered at Chitradurga PS 7 regarding attempt to murder. Investigation ongoing under IO Manthan."
"810","202300810","Case registered at Kolar PS 22 regarding cheating. Investigation ongoing under IO Divya."
"811","202500811","Case registered at Yadgir PS 13 regarding murder. Investigation ongoing under IO Oliver."
"812","202600812","Case registered at Uttara Kannada PS 7 regarding public nuisance. Investigation ongoing under IO Eiravati."
"813","202400813","Case registered at Bengaluru Rural PS 10 regarding identity theft. Investigation ongoing under IO Zayyan."
"814","202300814","Case registered at Ballari PS 47 regarding vehicle theft. Investigation ongoing under IO Logan."
"815","202400815","Case registered at Bidar PS 18 regarding public nuisance. Investigation ongoing under IO Aarnav."
"816","202400816","Case registered at Belagavi PS 27 regarding criminal breach of trust. Investigation ongoing under IO Janaki."
"817","202500817","Case registered at Dakshina Kannada PS 5 regarding online fraud. Investigation ongoing under IO Chakradhar."
"818","202500818","Case registered at Haveri PS 23 regarding sexual assault. Investigation ongoing under IO Tanay."
"819","202600819","Case registered at Mysuru PS 8 regarding public nuisance. Investigation ongoing under IO Dipta."
"820","202400820","Case registered at Chikkaballapur PS 8 regarding online fraud. Investigation ongoing under IO Yashica."
"821","202600821","Case registered at Kalaburagi PS 47 regarding cheating. Investigation ongoing under IO Joshua."
"822","202300822","Case registered at Haveri PS 29 regarding domestic violence. Investigation ongoing under IO Ishita."
"823","202500823","Case registered at Dakshina Kannada PS 27 regarding vehicle theft. Investigation ongoing under IO Gaurav."
"824","202300824","Case registered at Belagavi PS 5 regarding public nuisance. Investigation ongoing under IO Arunima."
"825","202500825","Case registered at Chitradurga PS 18 regarding murder. Investigation ongoing under IO Anjali."
"826","202400826","Case registered at Chikkaballapur PS 2 regarding dowry harassment. Investigation ongoing under IO Anjali."
"827","202500827","Case registered at Vijayapura PS 18 regarding vehicle theft. Investigation ongoing under IO Harish."
"828","202400828","Case registered at Chikkamagaluru PS 16 regarding vehicle theft. Investigation ongoing under IO Qadim."
"829","202400829","Case registered at Kolar PS 18 regarding public nuisance. Investigation ongoing under IO Amara."
"830","202400830","Case registered at Kalaburagi PS 9 regarding cheating. Investigation ongoing under IO Dalbir."
"831","202300831","Case registered at Chikkaballapur PS 12 regarding public nuisance. Investigation ongoing under IO Jagrati."
"832","202400832","Case registered at Kolar PS 16 regarding murder. Investigation ongoing under IO Ekanta."
"833","202300833","Case registered at Kalaburagi PS 45 regarding cheating. Investigation ongoing under IO Xalak."
"834","202400834","Case registered at Mandya PS 16 regarding grievous hurt. Investigation ongoing under IO Maya."
"835","202400835","Case registered at Vijayanagara PS 15 regarding murder. Investigation ongoing under IO Rajeshri."
"836","202400836","Case registered at Chamarajanagar PS 1 regarding criminal breach of trust. Investigation ongoing under IO Gabriel."
"837","202300837","Case registered at Shivamogga PS 9 regarding criminal breach of trust. Investigation ongoing under IO Reyansh."
"838","202500838","Case registered at Mysuru PS 55 regarding murder. Investigation ongoing under IO Advay."
"839","202400839","Case registered at Vijayanagara PS 7 regarding domestic violence. Investigation ongoing under IO Tanveer."
"840","202500840","Case registered at Bagalkot PS 21 regarding identity theft. Investigation ongoing under IO Anvi."
"841","202400841","Case registered at Haveri PS 23 regarding identity theft. Investigation ongoing under IO Jackson."
"842","202300842","Case registered at Kalaburagi PS 50 regarding identity theft. Investigation ongoing under IO Yadavi."
"843","202300843","Case registered at Hassan PS 1 regarding grievous hurt. Investigation ongoing under IO Bimala."
"844","202600844","Case registered at Dakshina Kannada PS 41 regarding online fraud. Investigation ongoing under IO Krish."
"845","202300845","Case registered at Kalaburagi PS 31 regarding grievous hurt. Investigation ongoing under IO Raagini."
"846","202400846","Case registered at Vijayapura PS 9 regarding vehicle theft. Investigation ongoing under IO Neel."
"847","202400847","Case registered at Mandya PS 3 regarding identity theft. Investigation ongoing under IO Wakeeta."
"848","202400848","Case registered at Gadag PS 27 regarding vehicle theft. Investigation ongoing under IO Barkha."
"849","202400849","Case registered at Vijayapura PS 9 regarding gambling. Investigation ongoing under IO Amara."
"850","202500850","Case registered at Chikkaballapur PS 7 regarding cheating. Investigation ongoing under IO Saumya."
"851","202400851","Case registered at Haveri PS 16 regarding sexual assault. Investigation ongoing under IO Radha."
"852","202500852","Case registered at Uttara Kannada PS 16 regarding identity theft. Investigation ongoing under IO Upkaar."
"853","202500853","Case registered at Vijayanagara PS 28 regarding domestic violence. Investigation ongoing under IO Garima."
"854","202300854","Case registered at Mysuru PS 44 regarding sexual assault. Investigation ongoing under IO Abhiram."
"855","202300855","Case registered at Shivamogga PS 19 regarding attempt to murder. Investigation ongoing under IO Oni."
"856","202300856","Case registered at Chitradurga PS 18 regarding cheating. Investigation ongoing under IO Lakshit."
"857","202600857","Case registered at Yadgir PS 26 regarding robbery. Investigation ongoing under IO Ishani."
"858","202400858","Case registered at Mysuru PS 9 regarding burglary. Investigation ongoing under IO Gautam."
"859","202300859","Case registered at Bidar PS 17 regarding dowry harassment. Investigation ongoing under IO Charita."
"860","202300860","Case registered at Dakshina Kannada PS 42 regarding dowry harassment. Investigation ongoing under IO Chatura."
"861","202400861","Case registered at Raichur PS 8 regarding theft. Investigation ongoing under IO Qabil."
"862","202300862","Case registered at Kolar PS 19 regarding domestic violence. Investigation ongoing under IO Guneet."
"863","202400863","Case registered at Belagavi PS 53 regarding cheating. Investigation ongoing under IO Anay."
"864","202500864","Case registered at Chitradurga PS 4 regarding gambling. Investigation ongoing under IO Gaurav."
"865","202300865","Case registered at Kalaburagi PS 21 regarding gambling. Investigation ongoing under IO Yashica."
"866","202300866","Case registered at Bagalkot PS 12 regarding vehicle theft. Investigation ongoing under IO Girish."
"867","202300867","Case registered at Vijayanagara PS 15 regarding gambling. Investigation ongoing under IO Darpan."
"868","202300868","Case registered at Bengaluru Urban PS 103 regarding grievous hurt. Investigation ongoing under IO Onkar."
"869","202500869","Case registered at Vijayanagara PS 9 regarding gambling. Investigation ongoing under IO Aarna."
"870","202500870","Case registered at Davanagere PS 5 regarding public nuisance. Investigation ongoing under IO Aishani."
"871","202500871","Case registered at Tumakuru PS 28 regarding grievous hurt. Investigation ongoing under IO Raagini."
"872","202400872","Case registered at Bengaluru Urban PS 85 regarding identity theft. Investigation ongoing under IO Bimala."
"873","202600873","Case registered at Dakshina Kannada PS 46 regarding cheating. Investigation ongoing under IO Lipika."
"874","202300874","Case registered at Mysuru PS 10 regarding murder. Investigation ongoing under IO Hamsini."
"875","202400875","Case registered at Haveri PS 28 regarding online fraud. Investigation ongoing under IO Chanchal."
"876","202500876","Case registered at Koppal PS 16 regarding murder. Investigation ongoing under IO Parth."
"877","202400877","Case registered at Dharwad PS 9 regarding criminal breach of trust. Investigation ongoing under IO Garima."
"878","202300878","Case registered at Dharwad PS 16 regarding domestic violence. Investigation ongoing under IO Yashawini."
"879","202400879","Case registered at Uttara Kannada PS 13 regarding attempt to murder. Investigation ongoing under IO Anamika."
"880","202400880","Case registered at Uttara Kannada PS 28 regarding gambling. Investigation ongoing under IO Vedant."
"881","202300881","Case registered at Dakshina Kannada PS 12 regarding burglary. Investigation ongoing under IO Rudra."
"882","202400882","Case registered at Kalaburagi PS 21 regarding gambling. Investigation ongoing under IO Rushil."
"883","202500883","Case registered at Vijayapura PS 22 regarding domestic violence. Investigation ongoing under IO Xiti."
"884","202300884","Case registered at Kolar PS 1 regarding identity theft. Investigation ongoing under IO Xavier."
"885","202500885","Case registered at Uttara Kannada PS 13 regarding identity theft. Investigation ongoing under IO Fiyaz."
"886","202400886","Case registered at Uttara Kannada PS 11 regarding gambling. Investigation ongoing under IO Chatresh."
"887","202400887","Case registered at Koppal PS 21 regarding identity theft. Investigation ongoing under IO Vamakshi."
"888","202400888","Case registered at Tumakuru PS 26 regarding dowry harassment. Investigation ongoing under IO Banjeet."
"889","202400889","Case registered at Shivamogga PS 16 regarding criminal breach of trust. Investigation ongoing under IO Champak."
"890","202400890","Case registered at Kalaburagi PS 51 regarding gambling. Investigation ongoing under IO Thomas."
"891","202300891","Case registered at Bengaluru Urban PS 71 regarding criminal breach of trust. Investigation ongoing under IO Anjali."
"892","202500892","Case registered at Vijayanagara PS 9 regarding burglary. Investigation ongoing under IO Mitali."
"893","202500893","Case registered at Kalaburagi PS 37 regarding online fraud. Investigation ongoing under IO Zayyan."
"894","202500894","Case registered at Belagavi PS 43 regarding online fraud. Investigation ongoing under IO Janya."
"895","202500895","Case registered at Chamarajanagar PS 13 regarding cheating. Investigation ongoing under IO Ekapad."
"896","202600896","Case registered at Belagavi PS 17 regarding sexual assault. Investigation ongoing under IO Owen."
"897","202300897","Case registered at Raichur PS 28 regarding identity theft. Investigation ongoing under IO Tanay."
"898","202500898","Case registered at Bidar PS 10 regarding public nuisance. Investigation ongoing under IO Pushti."
"899","202300899","Case registered at Koppal PS 11 regarding criminal breach of trust. Investigation ongoing under IO Naveen."
"900","202400900","Case registered at Raichur PS 22 regarding theft. Investigation ongoing under IO Aarna."
"901","202500901","Case registered at Kolar PS 20 regarding online fraud. Investigation ongoing under IO Utkarsh."
"902","202400902","Case registered at Ballari PS 22 regarding attempt to murder. Investigation ongoing under IO Robert."
"903","202500903","Case registered at Kalaburagi PS 43 regarding domestic violence. Investigation ongoing under IO Sachi."
"904","202300904","Case registered at Koppal PS 22 regarding gambling. Investigation ongoing under IO Darpan."
"905","202600905","Case registered at Kalaburagi PS 14 regarding criminal breach of trust. Investigation ongoing under IO Saanvi."
"906","202500906","Case registered at Chitradurga PS 16 regarding gambling. Investigation ongoing under IO Widisha."
"907","202600907","Case registered at Belagavi PS 10 regarding criminal breach of trust. Investigation ongoing under IO Guneet."
"908","202500908","Case registered at Bengaluru Rural PS 5 regarding gambling. Investigation ongoing under IO Zayan."
"909","202300909","Case registered at Bengaluru Urban PS 39 regarding theft. Investigation ongoing under IO William."
"910","202300910","Case registered at Kalaburagi PS 5 regarding dowry harassment. Investigation ongoing under IO Gavin."
"911","202400911","Case registered at Kodagu PS 28 regarding burglary. Investigation ongoing under IO Upma."
"912","202400912","Case registered at Bidar PS 20 regarding public nuisance. Investigation ongoing under IO Frado."
"913","202500913","Case registered at Kalaburagi PS 2 regarding online fraud. Investigation ongoing under IO Yashica."
"914","202600914","Case registered at Yadgir PS 3 regarding attempt to murder. Investigation ongoing under IO Ishita."
"915","202300915","Case registered at Uttara Kannada PS 14 regarding attempt to murder. Investigation ongoing under IO Sai."
"916","202400916","Case registered at Haveri PS 1 regarding dowry harassment. Investigation ongoing under IO Onkar."
"917","202300917","Case registered at Vijayapura PS 29 regarding grievous hurt. Investigation ongoing under IO Anvi."
"918","202400918","Case registered at Mysuru PS 56 regarding cheating. Investigation ongoing under IO Tanvi."
"919","202600919","Case registered at Mysuru PS 25 regarding murder. Investigation ongoing under IO Pranit."
"920","202400920","Case registered at Chamarajanagar PS 2 regarding grievous hurt. Investigation ongoing under IO Xalak."
"921","202400921","Case registered at Ballari PS 44 regarding theft. Investigation ongoing under IO Zashil."
"922","202300922","Case registered at Shivamogga PS 17 regarding public nuisance. Investigation ongoing under IO Reyansh."
"923","202600923","Case registered at Shivamogga PS 24 regarding gambling. Investigation ongoing under IO Aashi."
"924","202400924","Case registered at Vijayapura PS 24 regarding criminal breach of trust. Investigation ongoing under IO Arjun."
"925","202300925","Case registered at Udupi PS 7 regarding online fraud. Investigation ongoing under IO Garima."
"926","202300926","Case registered at Ballari PS 10 regarding identity theft. Investigation ongoing under IO Charles."
"927","202400927","Case registered at Bengaluru Urban PS 94 regarding gambling. Investigation ongoing under IO Sai."
"928","202500928","Case registered at Chitradurga PS 10 regarding attempt to murder. Investigation ongoing under IO Samaksh."
"929","202500929","Case registered at Chikkamagaluru PS 6 regarding cheating. Investigation ongoing under IO Robert."
"930","202600930","Case registered at Davanagere PS 20 regarding gambling. Investigation ongoing under IO Yadavi."
"931","202400931","Case registered at Bidar PS 18 regarding theft. Investigation ongoing under IO Aarini."
"932","202300932","Case registered at Bengaluru Rural PS 16 regarding attempt to murder. Investigation ongoing under IO Libni."
"933","202500933","Case registered at Belagavi PS 15 regarding public nuisance. Investigation ongoing under IO Bhavini."
"934","202400934","Case registered at Uttara Kannada PS 26 regarding cheating. Investigation ongoing under IO Maanav."
"935","202500935","Case registered at Ramanagara PS 5 regarding burglary. Investigation ongoing under IO Caleb."
"936","202400936","Case registered at Hassan PS 20 regarding murder. Investigation ongoing under IO Charan."
"937","202300937","Case registered at Hassan PS 6 regarding gambling. Investigation ongoing under IO Advika."
"938","202600938","Case registered at Mandya PS 15 regarding dowry harassment. Investigation ongoing under IO Ganga."
"939","202300939","Case registered at Bengaluru Urban PS 44 regarding gambling. Investigation ongoing under IO Harsh."
"940","202300940","Case registered at Udupi PS 14 regarding attempt to murder. Investigation ongoing under IO Aradhana."
"941","202600941","Case registered at Shivamogga PS 3 regarding theft. Investigation ongoing under IO Quincy."
"942","202500942","Case registered at Vijayapura PS 24 regarding attempt to murder. Investigation ongoing under IO Raghav."
"943","202300943","Case registered at Mysuru PS 37 regarding dowry harassment. Investigation ongoing under IO Eiravati."
"944","202500944","Case registered at Yadgir PS 29 regarding grievous hurt. Investigation ongoing under IO Yasti."
"945","202300945","Case registered at Davanagere PS 7 regarding vehicle theft. Investigation ongoing under IO Jeet."
"946","202500946","Case registered at Chikkaballapur PS 17 regarding sexual assault. Investigation ongoing under IO Chanchal."
"947","202300947","Case registered at Haveri PS 11 regarding attempt to murder. Investigation ongoing under IO Kritika."
"948","202600948","Case registered at Chikkaballapur PS 14 regarding identity theft. Investigation ongoing under IO Ishaan."
"949","202500949","Case registered at Mysuru PS 36 regarding public nuisance. Investigation ongoing under IO Charvi."
"950","202500950","Case registered at Hassan PS 6 regarding murder. Investigation ongoing under IO Garima."
"951","202400951","Case registered at Chamarajanagar PS 3 regarding murder. Investigation ongoing under IO Tanveer."
"952","202300952","Case registered at Ballari PS 27 regarding sexual assault. Investigation ongoing under IO Noah."
"953","202500953","Case registered at Vijayanagara PS 25 regarding theft. Investigation ongoing under IO Harita."
"954","202500954","Case registered at Yadgir PS 28 regarding criminal breach of trust. Investigation ongoing under IO Jacob."
"955","202300955","Case registered at Udupi PS 11 regarding online fraud. Investigation ongoing under IO Widisha."
"956","202300956","Case registered at Chikkamagaluru PS 21 regarding grievous hurt. Investigation ongoing under IO Kavya."
"957","202500957","Case registered at Belagavi PS 40 regarding online fraud. Investigation ongoing under IO Anay."
"958","202500958","Case registered at Gadag PS 9 regarding identity theft. Investigation ongoing under IO Pooja."
"959","202400959","Case registered at Dharwad PS 24 regarding cheating. Investigation ongoing under IO Warjas."
"960","202400960","Case registered at Bidar PS 2 regarding sexual assault. Investigation ongoing under IO Shaurya."
"961","202500961","Case registered at Belagavi PS 38 regarding identity theft. Investigation ongoing under IO Jackson."
"962","202300962","Case registered at Shivamogga PS 3 regarding gambling. Investigation ongoing under IO Karan."
"963","202300963","Case registered at Udupi PS 4 regarding online fraud. Investigation ongoing under IO Arin."
"964","202400964","Case registered at Dakshina Kannada PS 39 regarding criminal breach of trust. Investigation ongoing under IO Amara."
"965","202500965","Case registered at Chitradurga PS 17 regarding gambling. Investigation ongoing under IO Januja."
"966","202600966","Case registered at Chikkaballapur PS 8 regarding attempt to murder. Investigation ongoing under IO Gabriel."
"967","202500967","Case registered at Dharwad PS 18 regarding online fraud. Investigation ongoing under IO Hemangini."
"968","202600968","Case registered at Bagalkot PS 15 regarding public nuisance. Investigation ongoing under IO Victor."
"969","202600969","Case registered at Vijayanagara PS 13 regarding grievous hurt. Investigation ongoing under IO Rushil."
"970","202400970","Case registered at Shivamogga PS 26 regarding online fraud. Investigation ongoing under IO Upasna."
"971","202600971","Case registered at Vijayanagara PS 6 regarding theft. Investigation ongoing under IO Yasti."
"972","202500972","Case registered at Bengaluru Urban PS 75 regarding cheating. Investigation ongoing under IO Champak."
"973","202600973","Case registered at Belagavi PS 53 regarding attempt to murder. Investigation ongoing under IO Owen."
"974","202300974","Case registered at Bengaluru Urban PS 10 regarding online fraud. Investigation ongoing under IO Baljiwan."
"975","202600975","Case registered at Belagavi PS 31 regarding public nuisance. Investigation ongoing under IO Jalsa."
"976","202600976","Case registered at Chikkamagaluru PS 3 regarding criminal breach of trust. Investigation ongoing under IO Nandini."
"977","202500977","Case registered at Koppal PS 17 regarding identity theft. Investigation ongoing under IO Joshua."
"978","202500978","Case registered at Mandya PS 28 regarding sexual assault. Investigation ongoing under IO Chasmum."
"979","202400979","Case registered at Davanagere PS 23 regarding sexual assault. Investigation ongoing under IO Oni."
"980","202500980","Case registered at Raichur PS 9 regarding criminal breach of trust. Investigation ongoing under IO Pallavi."
"981","202400981","Case registered at Hassan PS 11 regarding domestic violence. Investigation ongoing under IO Kashvi."
"982","202300982","Case registered at Chamarajanagar PS 19 regarding grievous hurt. Investigation ongoing under IO Reyansh."
"983","202400983","Case registered at Bengaluru Urban PS 32 regarding public nuisance. Investigation ongoing under IO Advik."
"984","202600984","Case registered at Belagavi PS 29 regarding grievous hurt. Investigation ongoing under IO Urmi."
"985","202500985","Case registered at Ballari PS 43 regarding gambling. Investigation ongoing under IO Sachi."
"986","202400986","Case registered at Tumakuru PS 2 regarding domestic violence. Investigation ongoing under IO Ojas."
"987","202300987","Case registered at Gadag PS 22 regarding online fraud. Investigation ongoing under IO Sai."
"988","202600988","Case registered at Kalaburagi PS 5 regarding gambling. Investigation ongoing under IO Onkar."
"989","202500989","Case registered at Bengaluru Urban PS 105 regarding online fraud. Investigation ongoing under IO Krish."
"990","202600990","Case registered at Mandya PS 20 regarding attempt to murder. Investigation ongoing under IO Laksh."
"991","202500991","Case registered at Ballari PS 51 regarding public nuisance. Investigation ongoing under IO Nakul."
"992","202300992","Case registered at Bidar PS 15 regarding vehicle theft. Investigation ongoing under IO Noah."
"993","202300993","Case registered at Belagavi PS 29 regarding robbery. Investigation ongoing under IO Gaurangi."
"994","202500994","Case registered at Shivamogga PS 9 regarding domestic violence. Investigation ongoing under IO Jagrati."
"995","202400995","Case registered at Raichur PS 16 regarding dowry harassment. Investigation ongoing under IO Kai."
"996","202600996","Case registered at Kodagu PS 1 regarding gambling. Investigation ongoing under IO Yauvani."
"997","202600997","Case registered at Dakshina Kannada PS 20 regarding identity theft. Investigation ongoing under IO Abdul."
"998","202400998","Case registered at Ballari PS 16 regarding grievous hurt. Investigation ongoing under IO Yashica."
"999","202500999","Case registered at Mandya PS 29 regarding identity theft. Investigation ongoing under IO Xavier."
"1000","202301000","Case registered at Bengaluru Urban PS 40 regarding attempt to murder. Investigation ongoing under IO Jacob."
"1001","202501001","Case registered at Bidar PS 1 regarding domestic violence. Investigation ongoing under IO Ansh."
"1002","202301002","Case registered at Chikkamagaluru PS 8 regarding vehicle theft. Investigation ongoing under IO Yamini."
"1003","202401003","Case registered at Bengaluru Urban PS 105 regarding sexual assault. Investigation ongoing under IO Ekavir."
"1004","202601004","Case registered at Hassan PS 25 regarding attempt to murder. Investigation ongoing under IO Nakul."
"1005","202301005","Case registered at Gadag PS 1 regarding burglary. Investigation ongoing under IO Tripti."
"1006","202301006","Case registered at Kalaburagi PS 33 regarding identity theft. Investigation ongoing under IO Ryan."
"1007","202601007","Case registered at Raichur PS 14 regarding robbery. Investigation ongoing under IO Dhruv."
"1008","202501008","Case registered at Vijayapura PS 20 regarding sexual assault. Investigation ongoing under IO Falguni."
"1009","202301009","Case registered at Vijayanagara PS 28 regarding attempt to murder. Investigation ongoing under IO Vritti."
"1010","202401010","Case registered at Bengaluru Urban PS 27 regarding theft. Investigation ongoing under IO Qushi."
"1011","202601011","Case registered at Mysuru PS 51 regarding murder. Investigation ongoing under IO Dipta."
"1012","202601012","Case registered at Belagavi PS 24 regarding gambling. Investigation ongoing under IO Harsh."
"1013","202501013","Case registered at Belagavi PS 1 regarding cheating. Investigation ongoing under IO Xalak."
"1014","202301014","Case registered at Chitradurga PS 5 regarding public nuisance. Investigation ongoing under IO Omaja."
"1015","202401015","Case registered at Hassan PS 7 regarding vehicle theft. Investigation ongoing under IO Avi."
"1016","202501016","Case registered at Kodagu PS 21 regarding criminal breach of trust. Investigation ongoing under IO Abdul."
"1017","202501017","Case registered at Chikkaballapur PS 2 regarding burglary. Investigation ongoing under IO Ayush."
"1018","202401018","Case registered at Ramanagara PS 11 regarding online fraud. Investigation ongoing under IO Riya."
"1019","202301019","Case registered at Kodagu PS 10 regarding dowry harassment. Investigation ongoing under IO Kamya."
"1020","202601020","Case registered at Ballari PS 57 regarding identity theft. Investigation ongoing under IO Alexander."
"1021","202501021","Case registered at Ballari PS 17 regarding cheating. Investigation ongoing under IO Ryan."
"1022","202401022","Case registered at Udupi PS 27 regarding domestic violence. Investigation ongoing under IO Zayan."
"1023","202301023","Case registered at Mandya PS 8 regarding public nuisance. Investigation ongoing under IO Fitan."
"1024","202401024","Case registered at Tumakuru PS 20 regarding gambling. Investigation ongoing under IO Sai."
"1025","202601025","Case registered at Davanagere PS 22 regarding criminal breach of trust. Investigation ongoing under IO Kevin."
"1026","202401026","Case registered at Raichur PS 20 regarding vehicle theft. Investigation ongoing under IO Eta."
"1027","202501027","Case registered at Mysuru PS 8 regarding online fraud. Investigation ongoing under IO Rudra."
"1028","202401028","Case registered at Tumakuru PS 4 regarding dowry harassment. Investigation ongoing under IO Girish."
"1029","202601029","Case registered at Udupi PS 4 regarding gambling. Investigation ongoing under IO Sanaya."
"1030","202601030","Case registered at Mysuru PS 7 regarding criminal breach of trust. Investigation ongoing under IO Champak."
"1031","202401031","Case registered at Chikkaballapur PS 9 regarding theft. Investigation ongoing under IO Warjas."
"1032","202301032","Case registered at Chitradurga PS 2 regarding public nuisance. Investigation ongoing under IO Yauvani."
"1033","202401033","Case registered at Shivamogga PS 2 regarding cheating. Investigation ongoing under IO Hamsini."
"1034","202501034","Case registered at Koppal PS 11 regarding vehicle theft. Investigation ongoing under IO Gautam."
"1035","202301035","Case registered at Bidar PS 1 regarding burglary. Investigation ongoing under IO Aradhana."
"1036","202401036","Case registered at Uttara Kannada PS 26 regarding cheating. Investigation ongoing under IO Dominic."
"1037","202301037","Case registered at Ballari PS 35 regarding sexual assault. Investigation ongoing under IO Jagdish."
"1038","202601038","Case registered at Tumakuru PS 20 regarding grievous hurt. Investigation ongoing under IO Ucchal."
"1039","202301039","Case registered at Mysuru PS 46 regarding domestic violence. Investigation ongoing under IO Urvashi."
"1040","202601040","Case registered at Vijayanagara PS 24 regarding online fraud. Investigation ongoing under IO Jhalak."
"1041","202501041","Case registered at Bengaluru Rural PS 8 regarding public nuisance. Investigation ongoing under IO Oliver."
"1042","202401042","Case registered at Vijayanagara PS 10 regarding theft. Investigation ongoing under IO Samuel."
"1043","202501043","Case registered at Bengaluru Rural PS 11 regarding murder. Investigation ongoing under IO Rajata."
"1044","202501044","Case registered at Vijayanagara PS 15 regarding grievous hurt. Investigation ongoing under IO Qabil."
"1045","202501045","Case registered at Mandya PS 17 regarding criminal breach of trust. Investigation ongoing under IO Vaishnavi."
"1046","202501046","Case registered at Mandya PS 18 regarding domestic violence. Investigation ongoing under IO Krishna."
"1047","202301047","Case registered at Chikkaballapur PS 22 regarding criminal breach of trust. Investigation ongoing under IO Meghana."
"1048","202601048","Case registered at Chikkaballapur PS 7 regarding online fraud. Investigation ongoing under IO Nachiket."
"1049","202301049","Case registered at Dakshina Kannada PS 18 regarding murder. Investigation ongoing under IO Onkar."
"1050","202301050","Case registered at Haveri PS 22 regarding domestic violence. Investigation ongoing under IO Jeevika."
"1051","202401051","Case registered at Bagalkot PS 17 regarding identity theft. Investigation ongoing under IO Riya."
"1052","202301052","Case registered at Bengaluru Urban PS 54 regarding criminal breach of trust. Investigation ongoing under IO Varenya."
"1053","202301053","Case registered at Ramanagara PS 21 regarding public nuisance. Investigation ongoing under IO Oni."
"1054","202301054","Case registered at Bengaluru Urban PS 68 regarding attempt to murder. Investigation ongoing under IO Jagrati."
"1055","202601055","Case registered at Gadag PS 21 regarding identity theft. Investigation ongoing under IO Yasti."
"1056","202301056","Case registered at Dharwad PS 19 regarding burglary. Investigation ongoing under IO Yatan."
"1057","202401057","Case registered at Mysuru PS 20 regarding identity theft. Investigation ongoing under IO Urishilla."
"1058","202501058","Case registered at Mysuru PS 36 regarding gambling. Investigation ongoing under IO Lekha."
"1059","202601059","Case registered at Mandya PS 18 regarding identity theft. Investigation ongoing under IO Ria."
"1060","202501060","Case registered at Kalaburagi PS 57 regarding theft. Investigation ongoing under IO Matthew."
"1061","202501061","Case registered at Dakshina Kannada PS 6 regarding cheating. Investigation ongoing under IO Ucchal."
"1062","202501062","Case registered at Chikkaballapur PS 2 regarding identity theft. Investigation ongoing under IO Manan."
"1063","202401063","Case registered at Koppal PS 3 regarding cheating. Investigation ongoing under IO Barkha."
"1064","202301064","Case registered at Mysuru PS 7 regarding domestic violence. Investigation ongoing under IO Abhiram."
"1065","202501065","Case registered at Bengaluru Rural PS 16 regarding robbery. Investigation ongoing under IO Anvi."
"1066","202401066","Case registered at Dakshina Kannada PS 11 regarding domestic violence. Investigation ongoing under IO Tanish."
"1067","202501067","Case registered at Dakshina Kannada PS 23 regarding domestic violence. Investigation ongoing under IO Urishilla."
"1068","202401068","Case registered at Vijayapura PS 9 regarding domestic violence. Investigation ongoing under IO Praneel."
"1069","202401069","Case registered at Gadag PS 4 regarding robbery. Investigation ongoing under IO Thomas."
"1070","202301070","Case registered at Bengaluru Urban PS 26 regarding public nuisance. Investigation ongoing under IO Alka."
"1071","202401071","Case registered at Chamarajanagar PS 2 regarding grievous hurt. Investigation ongoing under IO Charles."
"1072","202501072","Case registered at Dakshina Kannada PS 49 regarding identity theft. Investigation ongoing under IO Leela."
"1073","202401073","Case registered at Ballari PS 29 regarding theft. Investigation ongoing under IO Darika."
"1074","202401074","Case registered at Raichur PS 10 regarding identity theft. Investigation ongoing under IO Rohan."
"1075","202501075","Case registered at Ballari PS 38 regarding burglary. Investigation ongoing under IO Vamakshi."
"1076","202401076","Case registered at Bengaluru Urban PS 33 regarding criminal breach of trust. Investigation ongoing under IO Vasana."
"1077","202501077","Case registered at Dharwad PS 14 regarding criminal breach of trust. Investigation ongoing under IO Raghav."
"1078","202601078","Case registered at Ramanagara PS 16 regarding identity theft. Investigation ongoing under IO Ekalinga."
"1079","202301079","Case registered at Tumakuru PS 4 regarding public nuisance. Investigation ongoing under IO Jack."
"1080","202301080","Case registered at Chikkamagaluru PS 15 regarding vehicle theft. Investigation ongoing under IO Bhavani."
"1081","202601081","Case registered at Kodagu PS 11 regarding domestic violence. Investigation ongoing under IO Ladli."
"1082","202401082","Case registered at Bengaluru Urban PS 72 regarding attempt to murder. Investigation ongoing under IO Wahab."
"1083","202301083","Case registered at Kolar PS 5 regarding domestic violence. Investigation ongoing under IO Bishakha."
"1084","202301084","Case registered at Kolar PS 9 regarding online fraud. Investigation ongoing under IO Tanay."
"1085","202401085","Case registered at Belagavi PS 1 regarding cheating. Investigation ongoing under IO Ishaan."
"1086","202301086","Case registered at Shivamogga PS 8 regarding theft. Investigation ongoing under IO Kiaan."
"1087","202501087","Case registered at Davanagere PS 5 regarding identity theft. Investigation ongoing under IO Adya."
"1088","202401088","Case registered at Chamarajanagar PS 17 regarding online fraud. Investigation ongoing under IO Azaan."
"1089","202301089","Case registered at Bengaluru Urban PS 12 regarding identity theft. Investigation ongoing under IO Hemang."
"1090","202401090","Case registered at Kolar PS 26 regarding sexual assault. Investigation ongoing under IO Anay."
"1091","202601091","Case registered at Bidar PS 21 regarding criminal breach of trust. Investigation ongoing under IO Sai."
"1092","202501092","Case registered at Hassan PS 10 regarding robbery. Investigation ongoing under IO Ishita."
"1093","202401093","Case registered at Mysuru PS 48 regarding sexual assault. Investigation ongoing under IO Lohit."
"1094","202501094","Case registered at Kalaburagi PS 45 regarding attempt to murder. Investigation ongoing under IO Hredhaan."
"1095","202301095","Case registered at Chamarajanagar PS 18 regarding robbery. Investigation ongoing under IO Nandini."
"1096","202401096","Case registered at Bengaluru Urban PS 16 regarding burglary. Investigation ongoing under IO Yamini."
"1097","202301097","Case registered at Belagavi PS 44 regarding criminal breach of trust. Investigation ongoing under IO Jagrati."
"1098","202501098","Case registered at Bengaluru Urban PS 12 regarding identity theft. Investigation ongoing under IO Brijesh."
"1099","202501099","Case registered at Bagalkot PS 5 regarding criminal breach of trust. Investigation ongoing under IO Ranveer."
"1100","202501100","Case registered at Bengaluru Urban PS 108 regarding online fraud. Investigation ongoing under IO Ishita."
"1101","202401101","Case registered at Bengaluru Urban PS 53 regarding gambling. Investigation ongoing under IO Rushil."
"1102","202401102","Case registered at Dharwad PS 27 regarding grievous hurt. Investigation ongoing under IO Thomas."
"1103","202401103","Case registered at Davanagere PS 1 regarding gambling. Investigation ongoing under IO Gabriel."
"1104","202601104","Case registered at Dakshina Kannada PS 26 regarding vehicle theft. Investigation ongoing under IO Ishani."
"1105","202601105","Case registered at Chamarajanagar PS 4 regarding identity theft. Investigation ongoing under IO Harshil."
"1106","202301106","Case registered at Bengaluru Urban PS 90 regarding burglary. Investigation ongoing under IO Devika."
"1107","202301107","Case registered at Bengaluru Urban PS 86 regarding dowry harassment. Investigation ongoing under IO Garima."
"1108","202501108","Case registered at Bengaluru Rural PS 26 regarding domestic violence. Investigation ongoing under IO Vedant."
"1109","202301109","Case registered at Gadag PS 17 regarding gambling. Investigation ongoing under IO Lajita."
"1110","202401110","Case registered at Yadgir PS 21 regarding vehicle theft. Investigation ongoing under IO Xavier."
"1111","202601111","Case registered at Uttara Kannada PS 9 regarding theft. Investigation ongoing under IO Abeer."
"1112","202301112","Case registered at Ballari PS 37 regarding grievous hurt. Investigation ongoing under IO Gaurav."
"1113","202401113","Case registered at Uttara Kannada PS 22 regarding burglary. Investigation ongoing under IO Hitesh."
"1114","202501114","Case registered at Tumakuru PS 5 regarding grievous hurt. Investigation ongoing under IO Mason."
"1115","202501115","Case registered at Koppal PS 1 regarding gambling. Investigation ongoing under IO Gayathri."
"1116","202301116","Case registered at Bengaluru Urban PS 6 regarding robbery. Investigation ongoing under IO Oliver."
"1117","202401117","Case registered at Belagavi PS 24 regarding burglary. Investigation ongoing under IO Amrita."
"1118","202301118","Case registered at Dharwad PS 16 regarding criminal breach of trust. Investigation ongoing under IO Udarsh."
"1119","202301119","Case registered at Chikkamagaluru PS 6 regarding identity theft. Investigation ongoing under IO Manthan."
"1120","202401120","Case registered at Raichur PS 11 regarding identity theft. Investigation ongoing under IO Banjeet."
"1121","202501121","Case registered at Mysuru PS 20 regarding public nuisance. Investigation ongoing under IO Janaki."
"1122","202401122","Case registered at Chamarajanagar PS 10 regarding grievous hurt. Investigation ongoing under IO Amara."
"1123","202301123","Case registered at Hassan PS 16 regarding vehicle theft. Investigation ongoing under IO Oliver."
"1124","202501124","Case registered at Bidar PS 7 regarding vehicle theft. Investigation ongoing under IO Abeer."
"1125","202301125","Case registered at Mandya PS 3 regarding gambling. Investigation ongoing under IO Chakradev."
"1126","202301126","Case registered at Ballari PS 45 regarding grievous hurt. Investigation ongoing under IO George."
"1127","202301127","Case registered at Mandya PS 13 regarding theft. Investigation ongoing under IO Akshay."
"1128","202401128","Case registered at Tumakuru PS 5 regarding domestic violence. Investigation ongoing under IO Xalak."
"1129","202401129","Case registered at Shivamogga PS 25 regarding robbery. Investigation ongoing under IO Yashawini."
"1130","202401130","Case registered at Ballari PS 57 regarding gambling. Investigation ongoing under IO Jackson."
"1131","202401131","Case registered at Raichur PS 9 regarding identity theft. Investigation ongoing under IO Dayamai."
"1132","202501132","Case registered at Hassan PS 26 regarding robbery. Investigation ongoing under IO Xalak."
"1133","202501133","Case registered at Kolar PS 29 regarding murder. Investigation ongoing under IO Gopal."
"1134","202601134","Case registered at Chitradurga PS 11 regarding identity theft. Investigation ongoing under IO Nachiket."
"1135","202601135","Case registered at Chikkamagaluru PS 13 regarding online fraud. Investigation ongoing under IO Mohini."
"1136","202301136","Case registered at Dakshina Kannada PS 21 regarding identity theft. Investigation ongoing under IO Michael."
"1137","202501137","Case registered at Hassan PS 24 regarding vehicle theft. Investigation ongoing under IO Bahadurjit."
"1138","202301138","Case registered at Mysuru PS 12 regarding public nuisance. Investigation ongoing under IO Janani."
"1139","202601139","Case registered at Chikkamagaluru PS 27 regarding online fraud. Investigation ongoing under IO Ladli."
"1140","202501140","Case registered at Kodagu PS 5 regarding domestic violence. Investigation ongoing under IO Lipika."
"1141","202301141","Case registered at Bengaluru Rural PS 26 regarding cheating. Investigation ongoing under IO Vanya."
"1142","202401142","Case registered at Gadag PS 17 regarding sexual assault. Investigation ongoing under IO Indali."
"1143","202501143","Case registered at Belagavi PS 41 regarding vehicle theft. Investigation ongoing under IO Kamya."
"1144","202501144","Case registered at Davanagere PS 8 regarding dowry harassment. Investigation ongoing under IO Shaurya."
"1145","202401145","Case registered at Uttara Kannada PS 8 regarding identity theft. Investigation ongoing under IO Maanav."
"1146","202301146","Case registered at Udupi PS 20 regarding theft. Investigation ongoing under IO Sai."
"1147","202501147","Case registered at Bengaluru Urban PS 39 regarding criminal breach of trust. Investigation ongoing under IO Bachittar."
"1148","202501148","Case registered at Udupi PS 22 regarding dowry harassment. Investigation ongoing under IO Krishna."
"1149","202401149","Case registered at Bengaluru Urban PS 77 regarding murder. Investigation ongoing under IO Frederick."
"1150","202501150","Case registered at Kalaburagi PS 34 regarding public nuisance. Investigation ongoing under IO Wahab."
"1151","202401151","Case registered at Vijayapura PS 25 regarding murder. Investigation ongoing under IO Nitesh."
"1152","202301152","Case registered at Bengaluru Urban PS 78 regarding online fraud. Investigation ongoing under IO Ansh."
"1153","202501153","Case registered at Bengaluru Urban PS 26 regarding public nuisance. Investigation ongoing under IO Udyati."
"1154","202601154","Case registered at Koppal PS 21 regarding robbery. Investigation ongoing under IO Harini."
"1155","202301155","Case registered at Chamarajanagar PS 29 regarding public nuisance. Investigation ongoing under IO Abhimanyu."
"1156","202301156","Case registered at Tumakuru PS 28 regarding domestic violence. Investigation ongoing under IO Onkar."
"1157","202401157","Case registered at Kolar PS 23 regarding murder. Investigation ongoing under IO Reyansh."
"1158","202501158","Case registered at Bengaluru Urban PS 82 regarding public nuisance. Investigation ongoing under IO Reva."
"1159","202401159","Case registered at Bengaluru Rural PS 22 regarding online fraud. Investigation ongoing under IO Zinal."
"1160","202301160","Case registered at Shivamogga PS 27 regarding cheating. Investigation ongoing under IO Darpan."
"1161","202501161","Case registered at Ballari PS 53 regarding dowry harassment. Investigation ongoing under IO Adya."
"1162","202501162","Case registered at Udupi PS 26 regarding dowry harassment. Investigation ongoing under IO Shaurya."
"1163","202601163","Case registered at Bagalkot PS 7 regarding dowry harassment. Investigation ongoing under IO Triya."
"1164","202501164","Case registered at Yadgir PS 15 regarding identity theft. Investigation ongoing under IO Lucky."
"1165","202301165","Case registered at Vijayanagara PS 7 regarding public nuisance. Investigation ongoing under IO Lajita."
"1166","202601166","Case registered at Dharwad PS 6 regarding online fraud. Investigation ongoing under IO Anusha."
"1167","202501167","Case registered at Belagavi PS 7 regarding public nuisance. Investigation ongoing under IO Jagrati."
"1168","202301168","Case registered at Mandya PS 28 regarding criminal breach of trust. Investigation ongoing under IO Nakul."
"1169","202501169","Case registered at Dakshina Kannada PS 33 regarding identity theft. Investigation ongoing under IO Kavya."
"1170","202601170","Case registered at Kodagu PS 16 regarding domestic violence. Investigation ongoing under IO Owen."
"1171","202501171","Case registered at Tumakuru PS 25 regarding criminal breach of trust. Investigation ongoing under IO Bimala."
"1172","202401172","Case registered at Bengaluru Rural PS 23 regarding sexual assault. Investigation ongoing under IO Jai."
"1173","202301173","Case registered at Koppal PS 17 regarding gambling. Investigation ongoing under IO Anusha."
"1174","202301174","Case registered at Yadgir PS 20 regarding domestic violence. Investigation ongoing under IO Devansh."
"1175","202301175","Case registered at Bengaluru Urban PS 25 regarding attempt to murder. Investigation ongoing under IO Mohini."
"1176","202501176","Case registered at Belagavi PS 11 regarding grievous hurt. Investigation ongoing under IO Vedant."
"1177","202601177","Case registered at Davanagere PS 21 regarding criminal breach of trust. Investigation ongoing under IO Gabriel."
"1178","202401178","Case registered at Haveri PS 27 regarding online fraud. Investigation ongoing under IO Mekhala."
"1179","202301179","Case registered at Yadgir PS 27 regarding gambling. Investigation ongoing under IO Chameli."
"1180","202601180","Case registered at Dakshina Kannada PS 9 regarding public nuisance. Investigation ongoing under IO Ishaan."
"1181","202401181","Case registered at Bengaluru Urban PS 62 regarding gambling. Investigation ongoing under IO Zayyan."
"1182","202601182","Case registered at Kolar PS 2 regarding robbery. Investigation ongoing under IO Karan."
"1183","202401183","Case registered at Bengaluru Rural PS 16 regarding murder. Investigation ongoing under IO Yash."
"1184","202501184","Case registered at Kalaburagi PS 10 regarding criminal breach of trust. Investigation ongoing under IO Hemang."
"1185","202401185","Case registered at Kalaburagi PS 14 regarding grievous hurt. Investigation ongoing under IO Sai."
"1186","202501186","Case registered at Bengaluru Urban PS 52 regarding domestic violence. Investigation ongoing under IO Ekalinga."
"1187","202401187","Case registered at Haveri PS 8 regarding criminal breach of trust. Investigation ongoing under IO Faraj."
"1188","202401188","Case registered at Vijayanagara PS 12 regarding gambling. Investigation ongoing under IO Dhriti."
"1189","202501189","Case registered at Belagavi PS 12 regarding criminal breach of trust. Investigation ongoing under IO Manbir."
"1190","202601190","Case registered at Dharwad PS 15 regarding domestic violence. Investigation ongoing under IO Tanvi."
"1191","202501191","Case registered at Chitradurga PS 7 regarding sexual assault. Investigation ongoing under IO Falak."
"1192","202601192","Case registered at Chikkaballapur PS 16 regarding public nuisance. Investigation ongoing under IO Eshana."
"1193","202401193","Case registered at Bengaluru Rural PS 8 regarding cheating. Investigation ongoing under IO Omkaar."
"1194","202401194","Case registered at Udupi PS 24 regarding dowry harassment. Investigation ongoing under IO Nakul."
"1195","202401195","Case registered at Bengaluru Urban PS 115 regarding domestic violence. Investigation ongoing under IO Balhaar."
"1196","202501196","Case registered at Ramanagara PS 10 regarding murder. Investigation ongoing under IO Arin."
"1197","202501197","Case registered at Kodagu PS 8 regarding gambling. Investigation ongoing under IO Vamakshi."
"1198","202301198","Case registered at Koppal PS 16 regarding criminal breach of trust. Investigation ongoing under IO Liam."
"1199","202501199","Case registered at Bengaluru Urban PS 60 regarding sexual assault. Investigation ongoing under IO Yasti."
"1200","202401200","Case registered at Shivamogga PS 24 regarding public nuisance. Investigation ongoing under IO Sneha."
"1201","202601201","Case registered at Kodagu PS 17 regarding gambling. Investigation ongoing under IO Theodore."
"1202","202401202","Case registered at Mysuru PS 43 regarding robbery. Investigation ongoing under IO Meghana."
"1203","202501203","Case registered at Mysuru PS 13 regarding online fraud. Investigation ongoing under IO Balveer."
"1204","202601204","Case registered at Ballari PS 3 regarding burglary. Investigation ongoing under IO Indira."
"1205","202401205","Case registered at Koppal PS 5 regarding gambling. Investigation ongoing under IO Edhitha."
"1206","202301206","Case registered at Haveri PS 12 regarding identity theft. Investigation ongoing under IO Oscar."
"1207","202401207","Case registered at Bengaluru Urban PS 106 regarding sexual assault. Investigation ongoing under IO Vedant."
"1208","202301208","Case registered at Hassan PS 15 regarding online fraud. Investigation ongoing under IO Janaki."
"1209","202401209","Case registered at Mysuru PS 6 regarding public nuisance. Investigation ongoing under IO Teerth."
"1210","202301210","Case registered at Bengaluru Urban PS 105 regarding murder. Investigation ongoing under IO Falak."
"1211","202601211","Case registered at Shivamogga PS 17 regarding gambling. Investigation ongoing under IO Gopal."
"1212","202401212","Case registered at Dakshina Kannada PS 24 regarding gambling. Investigation ongoing under IO Adweta."
"1213","202501213","Case registered at Uttara Kannada PS 10 regarding vehicle theft. Investigation ongoing under IO Dhruv."
"1214","202601214","Case registered at Bengaluru Urban PS 81 regarding gambling. Investigation ongoing under IO Reyansh."
"1215","202301215","Case registered at Kodagu PS 1 regarding sexual assault. Investigation ongoing under IO Charan."
"1216","202401216","Case registered at Yadgir PS 11 regarding grievous hurt. Investigation ongoing under IO Kashish."
"1217","202301217","Case registered at Bengaluru Rural PS 8 regarding sexual assault. Investigation ongoing under IO Ria."
"1218","202301218","Case registered at Belagavi PS 23 regarding murder. Investigation ongoing under IO Ekalinga."
"1219","202501219","Case registered at Uttara Kannada PS 6 regarding vehicle theft. Investigation ongoing under IO Abhimanyu."
"1220","202301220","Case registered at Dakshina Kannada PS 45 regarding cheating. Investigation ongoing under IO Hredhaan."
"1221","202301221","Case registered at Ballari PS 15 regarding gambling. Investigation ongoing under IO Henry."
"1222","202601222","Case registered at Ballari PS 35 regarding burglary. Investigation ongoing under IO Zayan."
"1223","202401223","Case registered at Mysuru PS 33 regarding gambling. Investigation ongoing under IO Zaid."
"1224","202401224","Case registered at Koppal PS 21 regarding theft. Investigation ongoing under IO Barkha."
"1225","202301225","Case registered at Bengaluru Urban PS 72 regarding gambling. Investigation ongoing under IO Charles."
"1226","202501226","Case registered at Belagavi PS 49 regarding online fraud. Investigation ongoing under IO Damyanti."
"1227","202601227","Case registered at Vijayanagara PS 19 regarding grievous hurt. Investigation ongoing under IO Devansh."
"1228","202401228","Case registered at Bagalkot PS 15 regarding gambling. Investigation ongoing under IO Shaurya."
"1229","202301229","Case registered at Tumakuru PS 22 regarding identity theft. Investigation ongoing under IO Manya."
"1230","202301230","Case registered at Kodagu PS 2 regarding burglary. Investigation ongoing under IO Teerth."
"1231","202401231","Case registered at Bengaluru Rural PS 23 regarding murder. Investigation ongoing under IO Lakshmi."
"1232","202401232","Case registered at Hassan PS 5 regarding theft. Investigation ongoing under IO Banjeet."
"1233","202401233","Case registered at Uttara Kannada PS 17 regarding gambling. Investigation ongoing under IO Urishilla."
"1234","202501234","Case registered at Kodagu PS 13 regarding attempt to murder. Investigation ongoing under IO Chakrika."
"1235","202501235","Case registered at Chikkamagaluru PS 24 regarding online fraud. Investigation ongoing under IO Vincent."
"1236","202601236","Case registered at Vijayapura PS 3 regarding public nuisance. Investigation ongoing under IO Fariq."
"1237","202401237","Case registered at Chitradurga PS 23 regarding criminal breach of trust. Investigation ongoing under IO Edhitha."
"1238","202501238","Case registered at Mandya PS 5 regarding sexual assault. Investigation ongoing under IO Chanchal."
"1239","202501239","Case registered at Uttara Kannada PS 19 regarding criminal breach of trust. Investigation ongoing under IO Tripti."
"1240","202501240","Case registered at Mandya PS 13 regarding identity theft. Investigation ongoing under IO Bhavani."
"1241","202401241","Case registered at Yadgir PS 26 regarding identity theft. Investigation ongoing under IO Neel."
"1242","202601242","Case registered at Kolar PS 14 regarding grievous hurt. Investigation ongoing under IO Chatura."
"1243","202601243","Case registered at Vijayanagara PS 14 regarding cheating. Investigation ongoing under IO Girish."
"1244","202401244","Case registered at Ballari PS 49 regarding attempt to murder. Investigation ongoing under IO Jasmit."
"1245","202401245","Case registered at Raichur PS 1 regarding theft. Investigation ongoing under IO Riya."
"1246","202301246","Case registered at Bengaluru Rural PS 21 regarding sexual assault. Investigation ongoing under IO Amara."
"1247","202501247","Case registered at Haveri PS 11 regarding criminal breach of trust. Investigation ongoing under IO Ekapad."
"1248","202501248","Case registered at Kodagu PS 16 regarding vehicle theft. Investigation ongoing under IO Tristan."
"1249","202601249","Case registered at Haveri PS 25 regarding attempt to murder. Investigation ongoing under IO Zayyan."
"1250","202301250","Case registered at Chamarajanagar PS 26 regarding burglary. Investigation ongoing under IO Megha."
"1251","202501251","Case registered at Kolar PS 28 regarding murder. Investigation ongoing under IO Yasti."
"1252","202501252","Case registered at Dharwad PS 3 regarding attempt to murder. Investigation ongoing under IO Anjali."
"1253","202401253","Case registered at Vijayanagara PS 15 regarding gambling. Investigation ongoing under IO Avi."
"1254","202601254","Case registered at Dakshina Kannada PS 9 regarding sexual assault. Investigation ongoing under IO Yochana."
"1255","202401255","Case registered at Vijayanagara PS 5 regarding public nuisance. Investigation ongoing under IO Tanay."
"1256","202301256","Case registered at Udupi PS 17 regarding cheating. Investigation ongoing under IO Falak."
"1257","202401257","Case registered at Dakshina Kannada PS 26 regarding theft. Investigation ongoing under IO Inaya."
"1258","202301258","Case registered at Davanagere PS 4 regarding sexual assault. Investigation ongoing under IO Shivani."
"1259","202501259","Case registered at Ramanagara PS 14 regarding domestic violence. Investigation ongoing under IO Nilima."
"1260","202301260","Case registered at Ballari PS 8 regarding murder. Investigation ongoing under IO Amruta."
"1261","202501261","Case registered at Ramanagara PS 26 regarding dowry harassment. Investigation ongoing under IO Charvi."
"1262","202501262","Case registered at Kodagu PS 21 regarding public nuisance. Investigation ongoing under IO Wishi."
"1263","202301263","Case registered at Vijayapura PS 1 regarding public nuisance. Investigation ongoing under IO Robert."
"1264","202301264","Case registered at Mysuru PS 18 regarding domestic violence. Investigation ongoing under IO Bhanumati."
"1265","202601265","Case registered at Belagavi PS 55 regarding attempt to murder. Investigation ongoing under IO Sarthak."
"1266","202601266","Case registered at Kalaburagi PS 14 regarding domestic violence. Investigation ongoing under IO Gabriel."
"1267","202401267","Case registered at Bagalkot PS 15 regarding online fraud. Investigation ongoing under IO Benjamin."
"1268","202301268","Case registered at Kalaburagi PS 38 regarding robbery. Investigation ongoing under IO Mitali."
"1269","202401269","Case registered at Dharwad PS 19 regarding sexual assault. Investigation ongoing under IO Pushti."
"1270","202401270","Case registered at Chikkamagaluru PS 29 regarding grievous hurt. Investigation ongoing under IO Zaid."
"1271","202601271","Case registered at Bengaluru Urban PS 29 regarding online fraud. Investigation ongoing under IO Ekbal."
"1272","202401272","Case registered at Chikkaballapur PS 1 regarding online fraud. Investigation ongoing under IO Chandani."
"1273","202301273","Case registered at Bengaluru Urban PS 3 regarding cheating. Investigation ongoing under IO Avni."
"1274","202601274","Case registered at Ballari PS 29 regarding dowry harassment. Investigation ongoing under IO Pallavi."
"1275","202501275","Case registered at Hassan PS 8 regarding robbery. Investigation ongoing under IO Yasti."
"1276","202401276","Case registered at Vijayanagara PS 13 regarding cheating. Investigation ongoing under IO Zinal."
"1277","202401277","Case registered at Bengaluru Urban PS 91 regarding sexual assault. Investigation ongoing under IO Logan."
"1278","202301278","Case registered at Bagalkot PS 2 regarding robbery. Investigation ongoing under IO Peter."
"1279","202501279","Case registered at Ballari PS 15 regarding grievous hurt. Investigation ongoing under IO Irya."
"1280","202301280","Case registered at Chamarajanagar PS 28 regarding cheating. Investigation ongoing under IO Matthew."
"1281","202301281","Case registered at Kodagu PS 20 regarding criminal breach of trust. Investigation ongoing under IO Vamakshi."
"1282","202501282","Case registered at Dakshina Kannada PS 49 regarding criminal breach of trust. Investigation ongoing under IO Ranveer."
"1283","202601283","Case registered at Kodagu PS 5 regarding criminal breach of trust. Investigation ongoing under IO Sanaya."
"1284","202401284","Case registered at Koppal PS 15 regarding identity theft. Investigation ongoing under IO Deepa."
"1285","202301285","Case registered at Kalaburagi PS 54 regarding vehicle theft. Investigation ongoing under IO Gauri."
"1286","202501286","Case registered at Bengaluru Rural PS 22 regarding online fraud. Investigation ongoing under IO Krishna."
"1287","202301287","Case registered at Belagavi PS 57 regarding public nuisance. Investigation ongoing under IO Krishna."
"1288","202301288","Case registered at Vijayapura PS 19 regarding gambling. Investigation ongoing under IO Bhavya."
"1289","202301289","Case registered at Vijayapura PS 7 regarding gambling. Investigation ongoing under IO Nathaniel."
"1290","202301290","Case registered at Kolar PS 23 regarding public nuisance. Investigation ongoing under IO Chakrika."
"1291","202301291","Case registered at Dharwad PS 24 regarding cheating. Investigation ongoing under IO Dakshesh."
"1292","202301292","Case registered at Davanagere PS 4 regarding dowry harassment. Investigation ongoing under IO Maanas."
"1293","202301293","Case registered at Ramanagara PS 24 regarding dowry harassment. Investigation ongoing under IO Jonathan."
"1294","202401294","Case registered at Belagavi PS 3 regarding identity theft. Investigation ongoing under IO Neel."
"1295","202401295","Case registered at Dakshina Kannada PS 53 regarding cheating. Investigation ongoing under IO Lakshit."
"1296","202401296","Case registered at Bengaluru Rural PS 29 regarding sexual assault. Investigation ongoing under IO Mohini."
"1297","202301297","Case registered at Shivamogga PS 3 regarding grievous hurt. Investigation ongoing under IO Radhika."
"1298","202301298","Case registered at Kolar PS 9 regarding criminal breach of trust. Investigation ongoing under IO Kiaan."
"1299","202301299","Case registered at Davanagere PS 14 regarding grievous hurt. Investigation ongoing under IO Dayamai."
"1300","202601300","Case registered at Dakshina Kannada PS 40 regarding online fraud. Investigation ongoing under IO Charan."
"1301","202401301","Case registered at Kodagu PS 11 regarding sexual assault. Investigation ongoing under IO Veda."
"1302","202401302","Case registered at Kalaburagi PS 2 regarding grievous hurt. Investigation ongoing under IO Ucchal."
"1303","202401303","Case registered at Bengaluru Urban PS 99 regarding dowry harassment. Investigation ongoing under IO Upkaar."
"1304","202401304","Case registered at Udupi PS 1 regarding theft. Investigation ongoing under IO Gunbir."
"1305","202501305","Case registered at Kalaburagi PS 50 regarding identity theft. Investigation ongoing under IO Ladli."
"1306","202401306","Case registered at Belagavi PS 57 regarding online fraud. Investigation ongoing under IO Watika."
"1307","202301307","Case registered at Bidar PS 24 regarding domestic violence. Investigation ongoing under IO Vidhi."
"1308","202601308","Case registered at Kolar PS 29 regarding grievous hurt. Investigation ongoing under IO Udarsh."
"1309","202501309","Case registered at Gadag PS 2 regarding murder. Investigation ongoing under IO Sai."
"1310","202501310","Case registered at Belagavi PS 25 regarding criminal breach of trust. Investigation ongoing under IO Dalaja."
"1311","202501311","Case registered at Dakshina Kannada PS 47 regarding online fraud. Investigation ongoing under IO Isaac."
"1312","202601312","Case registered at Kodagu PS 22 regarding dowry harassment. Investigation ongoing under IO Pranav."
"1313","202501313","Case registered at Tumakuru PS 28 regarding theft. Investigation ongoing under IO Vamakshi."
"1314","202601314","Case registered at Ramanagara PS 10 regarding gambling. Investigation ongoing under IO Guneet."
"1315","202401315","Case registered at Yadgir PS 5 regarding sexual assault. Investigation ongoing under IO Yadavi."
"1316","202401316","Case registered at Bidar PS 29 regarding gambling. Investigation ongoing under IO Tripti."
"1317","202501317","Case registered at Mysuru PS 10 regarding online fraud. Investigation ongoing under IO Abeer."
"1318","202401318","Case registered at Ballari PS 13 regarding identity theft. Investigation ongoing under IO Gaurang."
"1319","202301319","Case registered at Mysuru PS 14 regarding gambling. Investigation ongoing under IO Barkha."
"1320","202401320","Case registered at Vijayanagara PS 3 regarding robbery. Investigation ongoing under IO Girish."
"1321","202301321","Case registered at Bengaluru Rural PS 24 regarding grievous hurt. Investigation ongoing under IO Anika."
"1322","202501322","Case registered at Vijayapura PS 17 regarding cheating. Investigation ongoing under IO Avi."
"1323","202501323","Case registered at Kalaburagi PS 16 regarding robbery. Investigation ongoing under IO Lakshit."
"1324","202301324","Case registered at Kolar PS 4 regarding online fraud. Investigation ongoing under IO Brijesh."
"1325","202601325","Case registered at Vijayapura PS 3 regarding identity theft. Investigation ongoing under IO Laksh."
"1326","202401326","Case registered at Bengaluru Urban PS 75 regarding online fraud. Investigation ongoing under IO Orinder."
"1327","202501327","Case registered at Vijayanagara PS 13 regarding criminal breach of trust. Investigation ongoing under IO Bishakha."
"1328","202401328","Case registered at Mysuru PS 43 regarding theft. Investigation ongoing under IO Caleb."
"1329","202401329","Case registered at Chikkaballapur PS 14 regarding gambling. Investigation ongoing under IO Ikbal."
"1330","202601330","Case registered at Kolar PS 29 regarding public nuisance. Investigation ongoing under IO Tanvi."
"1331","202601331","Case registered at Chamarajanagar PS 9 regarding attempt to murder. Investigation ongoing under IO Yagnesh."
"1332","202301332","Case registered at Bidar PS 21 regarding sexual assault. Investigation ongoing under IO Ladli."
"1333","202301333","Case registered at Koppal PS 21 regarding burglary. Investigation ongoing under IO Darpan."
"1334","202401334","Case registered at Chikkaballapur PS 5 regarding online fraud. Investigation ongoing under IO Gautami."
"1335","202501335","Case registered at Mysuru PS 51 regarding identity theft. Investigation ongoing under IO Pahal."
"1336","202501336","Case registered at Bagalkot PS 6 regarding sexual assault. Investigation ongoing under IO Owen."
"1337","202601337","Case registered at Kalaburagi PS 55 regarding online fraud. Investigation ongoing under IO Samesh."
"1338","202301338","Case registered at Vijayanagara PS 18 regarding vehicle theft. Investigation ongoing under IO Urvi."
"1339","202501339","Case registered at Kalaburagi PS 32 regarding domestic violence. Investigation ongoing under IO Pranit."
"1340","202301340","Case registered at Belagavi PS 49 regarding dowry harassment. Investigation ongoing under IO Jasmit."
"1341","202601341","Case registered at Vijayapura PS 2 regarding identity theft. Investigation ongoing under IO Shaurya."
"1342","202401342","Case registered at Kolar PS 28 regarding grievous hurt. Investigation ongoing under IO Raagini."
"1343","202301343","Case registered at Mysuru PS 31 regarding identity theft. Investigation ongoing under IO Shravya."
"1344","202501344","Case registered at Mandya PS 29 regarding burglary. Investigation ongoing under IO Tanish."
"1345","202401345","Case registered at Mysuru PS 41 regarding identity theft. Investigation ongoing under IO Amol."
"1346","202501346","Case registered at Dakshina Kannada PS 4 regarding online fraud. Investigation ongoing under IO Ishaan."
"1347","202301347","Case registered at Bengaluru Urban PS 23 regarding theft. Investigation ongoing under IO William."
"1348","202501348","Case registered at Chamarajanagar PS 11 regarding criminal breach of trust. Investigation ongoing under IO Kevin."
"1349","202601349","Case registered at Kalaburagi PS 56 regarding dowry harassment. Investigation ongoing under IO Lucky."
"1350","202501350","Case registered at Vijayanagara PS 13 regarding domestic violence. Investigation ongoing under IO Bhavya."
"1351","202501351","Case registered at Kodagu PS 21 regarding cheating. Investigation ongoing under IO Tanveer."
"1352","202401352","Case registered at Belagavi PS 26 regarding murder. Investigation ongoing under IO Dhriti."
"1353","202401353","Case registered at Bengaluru Urban PS 109 regarding attempt to murder. Investigation ongoing under IO Oeshi."
"1354","202401354","Case registered at Gadag PS 7 regarding domestic violence. Investigation ongoing under IO Ethan."
"1355","202401355","Case registered at Hassan PS 25 regarding cheating. Investigation ongoing under IO Nicholas."
"1356","202301356","Case registered at Vijayapura PS 5 regarding criminal breach of trust. Investigation ongoing under IO Chakrika."
"1357","202401357","Case registered at Kodagu PS 2 regarding identity theft. Investigation ongoing under IO Jeevika."
"1358","202401358","Case registered at Gadag PS 3 regarding robbery. Investigation ongoing under IO Ikbal."
"1359","202601359","Case registered at Bengaluru Urban PS 87 regarding murder. Investigation ongoing under IO Noah."
"1360","202301360","Case registered at Bagalkot PS 3 regarding vehicle theft. Investigation ongoing under IO Mason."
"1361","202401361","Case registered at Belagavi PS 32 regarding gambling. Investigation ongoing under IO Caleb."
"1362","202501362","Case registered at Dakshina Kannada PS 52 regarding attempt to murder. Investigation ongoing under IO Adya."
"1363","202501363","Case registered at Bagalkot PS 18 regarding attempt to murder. Investigation ongoing under IO Mitali."
"1364","202601364","Case registered at Bengaluru Urban PS 80 regarding public nuisance. Investigation ongoing under IO Agastya."
"1365","202501365","Case registered at Dakshina Kannada PS 38 regarding domestic violence. Investigation ongoing under IO Abeer."
"1366","202301366","Case registered at Tumakuru PS 26 regarding public nuisance. Investigation ongoing under IO Warda."
"1367","202501367","Case registered at Chitradurga PS 28 regarding murder. Investigation ongoing under IO Baghyawati."
"1368","202601368","Case registered at Chamarajanagar PS 4 regarding criminal breach of trust. Investigation ongoing under IO Noah."
"1369","202301369","Case registered at Dharwad PS 16 regarding public nuisance. Investigation ongoing under IO Chanchal."
"1370","202401370","Case registered at Bengaluru Urban PS 51 regarding robbery. Investigation ongoing under IO Bhavani."
"1371","202501371","Case registered at Chitradurga PS 17 regarding sexual assault. Investigation ongoing under IO Matthew."
"1372","202401372","Case registered at Dharwad PS 1 regarding online fraud. Investigation ongoing under IO Jagat."
"1373","202301373","Case registered at Bengaluru Urban PS 97 regarding domestic violence. Investigation ongoing under IO Jagrati."
"1374","202601374","Case registered at Bidar PS 22 regarding sexual assault. Investigation ongoing under IO Kala."
"1375","202401375","Case registered at Uttara Kannada PS 17 regarding criminal breach of trust. Investigation ongoing under IO Balvan."
"1376","202501376","Case registered at Vijayapura PS 24 regarding identity theft. Investigation ongoing under IO Omisha."
"1377","202401377","Case registered at Uttara Kannada PS 22 regarding public nuisance. Investigation ongoing under IO Bachittar."
"1378","202301378","Case registered at Hassan PS 9 regarding online fraud. Investigation ongoing under IO Samaksh."
"1379","202401379","Case registered at Bengaluru Urban PS 61 regarding robbery. Investigation ongoing under IO Vamakshi."
"1380","202601380","Case registered at Uttara Kannada PS 4 regarding identity theft. Investigation ongoing under IO Charles."
"1381","202301381","Case registered at Vijayanagara PS 7 regarding public nuisance. Investigation ongoing under IO Dalaja."
"1382","202501382","Case registered at Kolar PS 28 regarding identity theft. Investigation ongoing under IO Kala."
"1383","202301383","Case registered at Bengaluru Rural PS 11 regarding robbery. Investigation ongoing under IO Onkar."
"1384","202601384","Case registered at Kalaburagi PS 46 regarding identity theft. Investigation ongoing under IO Ishwar."
"1385","202601385","Case registered at Raichur PS 4 regarding grievous hurt. Investigation ongoing under IO Vrinda."
"1386","202301386","Case registered at Haveri PS 28 regarding grievous hurt. Investigation ongoing under IO Hredhaan."
"1387","202501387","Case registered at Belagavi PS 3 regarding identity theft. Investigation ongoing under IO Ekta."
"1388","202401388","Case registered at Dakshina Kannada PS 8 regarding burglary. Investigation ongoing under IO Aradhana."
"1389","202501389","Case registered at Bengaluru Urban PS 58 regarding dowry harassment. Investigation ongoing under IO Chandani."
"1390","202401390","Case registered at Dakshina Kannada PS 52 regarding gambling. Investigation ongoing under IO Charles."
"1391","202301391","Case registered at Chamarajanagar PS 5 regarding cheating. Investigation ongoing under IO Yuvraj."
"1392","202401392","Case registered at Uttara Kannada PS 29 regarding attempt to murder. Investigation ongoing under IO Janya."
"1393","202401393","Case registered at Shivamogga PS 29 regarding public nuisance. Investigation ongoing under IO Mitesh."
"1394","202301394","Case registered at Gadag PS 1 regarding criminal breach of trust. Investigation ongoing under IO Ekavir."
"1395","202501395","Case registered at Hassan PS 9 regarding cheating. Investigation ongoing under IO Sanaya."
"1396","202401396","Case registered at Tumakuru PS 13 regarding vehicle theft. Investigation ongoing under IO Ishita."
"1397","202401397","Case registered at Hassan PS 14 regarding domestic violence. Investigation ongoing under IO Rushil."
"1398","202601398","Case registered at Dakshina Kannada PS 8 regarding criminal breach of trust. Investigation ongoing under IO Vaishnavi."
"1399","202301399","Case registered at Bengaluru Urban PS 76 regarding criminal breach of trust. Investigation ongoing under IO Wahab."
"1400","202401400","Case registered at Belagavi PS 50 regarding burglary. Investigation ongoing under IO Anmol."
"1401","202501401","Case registered at Kolar PS 4 regarding online fraud. Investigation ongoing under IO Idika."
"1402","202501402","Case registered at Chikkaballapur PS 25 regarding identity theft. Investigation ongoing under IO Netra."
"1403","202501403","Case registered at Kalaburagi PS 40 regarding attempt to murder. Investigation ongoing under IO Rachita."
"1404","202401404","Case registered at Shivamogga PS 13 regarding cheating. Investigation ongoing under IO Ekiya."
"1405","202301405","Case registered at Belagavi PS 40 regarding grievous hurt. Investigation ongoing under IO Krisha."
"1406","202301406","Case registered at Raichur PS 28 regarding burglary. Investigation ongoing under IO Gautami."
"1407","202301407","Case registered at Bengaluru Urban PS 68 regarding identity theft. Investigation ongoing under IO Max."
"1408","202401408","Case registered at Raichur PS 12 regarding gambling. Investigation ongoing under IO Vyanjana."
"1409","202601409","Case registered at Tumakuru PS 10 regarding public nuisance. Investigation ongoing under IO Saanvi."
"1410","202401410","Case registered at Haveri PS 12 regarding gambling. Investigation ongoing under IO Gautami."
"1411","202401411","Case registered at Mysuru PS 23 regarding dowry harassment. Investigation ongoing under IO Varsha."
"1412","202501412","Case registered at Belagavi PS 4 regarding online fraud. Investigation ongoing under IO Tripti."
"1413","202401413","Case registered at Kodagu PS 13 regarding grievous hurt. Investigation ongoing under IO Umang."
"1414","202501414","Case registered at Dakshina Kannada PS 20 regarding criminal breach of trust. Investigation ongoing under IO Warjas."
"1415","202501415","Case registered at Chikkaballapur PS 19 regarding sexual assault. Investigation ongoing under IO Urvashi."
"1416","202601416","Case registered at Vijayanagara PS 11 regarding public nuisance. Investigation ongoing under IO Rajata."
"1417","202401417","Case registered at Uttara Kannada PS 2 regarding cheating. Investigation ongoing under IO Jeet."
"1418","202501418","Case registered at Udupi PS 16 regarding burglary. Investigation ongoing under IO Teerth."
"1419","202301419","Case registered at Mysuru PS 10 regarding murder. Investigation ongoing under IO Madhav."
"1420","202301420","Case registered at Kalaburagi PS 22 regarding cheating. Investigation ongoing under IO Geetika."
"1421","202601421","Case registered at Kalaburagi PS 49 regarding cheating. Investigation ongoing under IO Rayaan."
"1422","202301422","Case registered at Kalaburagi PS 18 regarding murder. Investigation ongoing under IO Aarnav."
"1423","202601423","Case registered at Kalaburagi PS 31 regarding public nuisance. Investigation ongoing under IO Nathaniel."
"1424","202301424","Case registered at Mysuru PS 4 regarding gambling. Investigation ongoing under IO Harini."
"1425","202501425","Case registered at Mandya PS 16 regarding domestic violence. Investigation ongoing under IO Dalaja."
"1426","202301426","Case registered at Bengaluru Urban PS 92 regarding dowry harassment. Investigation ongoing under IO Yadavi."
"1427","202301427","Case registered at Haveri PS 7 regarding murder. Investigation ongoing under IO Reyansh."
"1428","202401428","Case registered at Uttara Kannada PS 19 regarding robbery. Investigation ongoing under IO Hredhaan."
"1429","202501429","Case registered at Ballari PS 31 regarding online fraud. Investigation ongoing under IO Nathaniel."
"1430","202301430","Case registered at Mysuru PS 21 regarding cheating. Investigation ongoing under IO Alka."
"1431","202301431","Case registered at Mandya PS 25 regarding public nuisance. Investigation ongoing under IO Pallavi."
"1432","202501432","Case registered at Udupi PS 5 regarding dowry harassment. Investigation ongoing under IO Priya."
"1433","202501433","Case registered at Hassan PS 11 regarding sexual assault. Investigation ongoing under IO Chandani."
"1434","202501434","Case registered at Vijayanagara PS 1 regarding murder. Investigation ongoing under IO Samuel."
"1435","202401435","Case registered at Bengaluru Urban PS 110 regarding burglary. Investigation ongoing under IO Harish."
"1436","202501436","Case registered at Mandya PS 3 regarding cheating. Investigation ongoing under IO Ekansh."
"1437","202501437","Case registered at Kodagu PS 26 regarding cheating. Investigation ongoing under IO Nachiket."
"1438","202301438","Case registered at Belagavi PS 47 regarding dowry harassment. Investigation ongoing under IO Hamsini."
"1439","202301439","Case registered at Uttara Kannada PS 11 regarding gambling. Investigation ongoing under IO Thomas."
"1440","202401440","Case registered at Shivamogga PS 9 regarding attempt to murder. Investigation ongoing under IO Bimala."
"1441","202501441","Case registered at Shivamogga PS 28 regarding public nuisance. Investigation ongoing under IO Aayush."
"1442","202501442","Case registered at Belagavi PS 34 regarding murder. Investigation ongoing under IO Radha."
"1443","202601443","Case registered at Raichur PS 1 regarding sexual assault. Investigation ongoing under IO Ikbal."
"1444","202601444","Case registered at Kalaburagi PS 54 regarding robbery. Investigation ongoing under IO Harshil."
"1445","202301445","Case registered at Tumakuru PS 6 regarding gambling. Investigation ongoing under IO Chaman."
"1446","202501446","Case registered at Bengaluru Urban PS 25 regarding sexual assault. Investigation ongoing under IO Siya."
"1447","202601447","Case registered at Dakshina Kannada PS 52 regarding gambling. Investigation ongoing under IO Nitara."
"1448","202601448","Case registered at Chikkaballapur PS 25 regarding grievous hurt. Investigation ongoing under IO Fiyaz."
"1449","202301449","Case registered at Dakshina Kannada PS 7 regarding dowry harassment. Investigation ongoing under IO Hardik."
"1450","202501450","Case registered at Chamarajanagar PS 5 regarding sexual assault. Investigation ongoing under IO Alka."
"1451","202301451","Case registered at Chikkaballapur PS 18 regarding criminal breach of trust. Investigation ongoing under IO Inaya."
"1452","202501452","Case registered at Dakshina Kannada PS 27 regarding gambling. Investigation ongoing under IO Mekhala."
"1453","202301453","Case registered at Vijayanagara PS 6 regarding grievous hurt. Investigation ongoing under IO Charvi."
"1454","202401454","Case registered at Bengaluru Urban PS 6 regarding online fraud. Investigation ongoing under IO Bimala."
"1455","202301455","Case registered at Chitradurga PS 28 regarding vehicle theft. Investigation ongoing under IO Lila."
"1456","202501456","Case registered at Chikkamagaluru PS 12 regarding domestic violence. Investigation ongoing under IO Owen."
"1457","202401457","Case registered at Shivamogga PS 6 regarding theft. Investigation ongoing under IO Ayaan."
"1458","202501458","Case registered at Bengaluru Urban PS 71 regarding criminal breach of trust. Investigation ongoing under IO Oni."
"1459","202401459","Case registered at Chikkaballapur PS 26 regarding public nuisance. Investigation ongoing under IO Chanchal."
"1460","202301460","Case registered at Kolar PS 20 regarding theft. Investigation ongoing under IO Gagan."
"1461","202601461","Case registered at Koppal PS 21 regarding public nuisance. Investigation ongoing under IO Eshana."
"1462","202501462","Case registered at Vijayanagara PS 12 regarding online fraud. Investigation ongoing under IO Ekaraj."
"1463","202301463","Case registered at Gadag PS 8 regarding criminal breach of trust. Investigation ongoing under IO Ria."
"1464","202401464","Case registered at Dakshina Kannada PS 26 regarding online fraud. Investigation ongoing under IO Amrita."
"1465","202401465","Case registered at Bengaluru Urban PS 8 regarding identity theft. Investigation ongoing under IO Chaman."
"1466","202401466","Case registered at Chitradurga PS 23 regarding murder. Investigation ongoing under IO Champak."
"1467","202301467","Case registered at Uttara Kannada PS 21 regarding identity theft. Investigation ongoing under IO Janaki."
"1468","202501468","Case registered at Shivamogga PS 17 regarding grievous hurt. Investigation ongoing under IO Bimala."
"1469","202601469","Case registered at Koppal PS 25 regarding public nuisance. Investigation ongoing under IO Naveen."
"1470","202301470","Case registered at Bengaluru Urban PS 30 regarding gambling. Investigation ongoing under IO Laban."
"1471","202501471","Case registered at Dakshina Kannada PS 3 regarding criminal breach of trust. Investigation ongoing under IO Anamika."
"1472","202501472","Case registered at Ballari PS 38 regarding online fraud. Investigation ongoing under IO Bachittar."
"1473","202501473","Case registered at Kodagu PS 5 regarding dowry harassment. Investigation ongoing under IO Jalsa."
"1474","202301474","Case registered at Kodagu PS 5 regarding vehicle theft. Investigation ongoing under IO Nicholas."
"1475","202501475","Case registered at Kalaburagi PS 28 regarding theft. Investigation ongoing under IO Rushil."
"1476","202301476","Case registered at Vijayanagara PS 27 regarding public nuisance. Investigation ongoing under IO Harinakshi."
"1477","202301477","Case registered at Belagavi PS 6 regarding domestic violence. Investigation ongoing under IO Bhavya."
"1478","202501478","Case registered at Koppal PS 7 regarding gambling. Investigation ongoing under IO Dalbir."
"1479","202501479","Case registered at Tumakuru PS 5 regarding attempt to murder. Investigation ongoing under IO Jacob."
"1480","202401480","Case registered at Tumakuru PS 26 regarding criminal breach of trust. Investigation ongoing under IO Wakeeta."
"1481","202301481","Case registered at Ballari PS 35 regarding theft. Investigation ongoing under IO Udyati."
"1482","202501482","Case registered at Chikkaballapur PS 15 regarding online fraud. Investigation ongoing under IO Jasmit."
"1483","202301483","Case registered at Kodagu PS 14 regarding robbery. Investigation ongoing under IO Ishaan."
"1484","202401484","Case registered at Bengaluru Urban PS 77 regarding murder. Investigation ongoing under IO Upadhriti."
"1485","202301485","Case registered at Ramanagara PS 28 regarding public nuisance. Investigation ongoing under IO Ekavir."
"1486","202501486","Case registered at Bengaluru Urban PS 79 regarding robbery. Investigation ongoing under IO Theodore."
"1487","202301487","Case registered at Udupi PS 11 regarding robbery. Investigation ongoing under IO Ekapad."
"1488","202601488","Case registered at Tumakuru PS 4 regarding grievous hurt. Investigation ongoing under IO Faris."
"1489","202401489","Case registered at Raichur PS 4 regarding grievous hurt. Investigation ongoing under IO Chatresh."
"1490","202301490","Case registered at Kodagu PS 6 regarding cheating. Investigation ongoing under IO Oni."
"1491","202501491","Case registered at Kodagu PS 14 regarding burglary. Investigation ongoing under IO Yutika."
"1492","202301492","Case registered at Raichur PS 2 regarding robbery. Investigation ongoing under IO Aarini."
"1493","202501493","Case registered at Ballari PS 2 regarding gambling. Investigation ongoing under IO Tanay."
"1494","202301494","Case registered at Udupi PS 20 regarding vehicle theft. Investigation ongoing under IO Alexander."
"1495","202301495","Case registered at Kalaburagi PS 14 regarding sexual assault. Investigation ongoing under IO Ranveer."
"1496","202401496","Case registered at Gadag PS 24 regarding gambling. Investigation ongoing under IO Aadhya."
"1497","202401497","Case registered at Bagalkot PS 18 regarding gambling. Investigation ongoing under IO Yasti."
"1498","202301498","Case registered at Bengaluru Urban PS 44 regarding attempt to murder. Investigation ongoing under IO Chavvi."
"1499","202401499","Case registered at Bengaluru Urban PS 96 regarding burglary. Investigation ongoing under IO Bhavika."
"1500","202501500","Case registered at Chitradurga PS 29 regarding sexual assault. Investigation ongoing under IO Lakshmi."
"1501","202401501","Case registered at Vijayapura PS 23 regarding domestic violence. Investigation ongoing under IO Amruta."
"1502","202501502","Case registered at Kolar PS 25 regarding gambling. Investigation ongoing under IO Atharv."
"1503","202401503","Case registered at Dakshina Kannada PS 19 regarding attempt to murder. Investigation ongoing under IO Ryan."
"1504","202501504","Case registered at Kalaburagi PS 51 regarding cheating. Investigation ongoing under IO Upadhriti."
"1505","202501505","Case registered at Belagavi PS 16 regarding criminal breach of trust. Investigation ongoing under IO Amruta."
"1506","202501506","Case registered at Bengaluru Urban PS 27 regarding criminal breach of trust. Investigation ongoing under IO Kalpit."
"1507","202301507","Case registered at Davanagere PS 21 regarding robbery. Investigation ongoing under IO Anamika."
"1508","202601508","Case registered at Mysuru PS 30 regarding vehicle theft. Investigation ongoing under IO Bishakha."
"1509","202501509","Case registered at Koppal PS 29 regarding cheating. Investigation ongoing under IO Gagan."
"1510","202501510","Case registered at Chikkamagaluru PS 13 regarding online fraud. Investigation ongoing under IO Sanya."
"1511","202501511","Case registered at Bagalkot PS 10 regarding grievous hurt. Investigation ongoing under IO Riya."
"1512","202301512","Case registered at Chikkaballapur PS 27 regarding identity theft. Investigation ongoing under IO Gautami."
"1513","202401513","Case registered at Chamarajanagar PS 2 regarding domestic violence. Investigation ongoing under IO Pranit."
"1514","202501514","Case registered at Uttara Kannada PS 20 regarding dowry harassment. Investigation ongoing under IO Ikbal."
"1515","202501515","Case registered at Shivamogga PS 22 regarding identity theft. Investigation ongoing under IO Jonathan."
"1516","202501516","Case registered at Kolar PS 3 regarding burglary. Investigation ongoing under IO Bhavani."
"1517","202501517","Case registered at Ramanagara PS 16 regarding online fraud. Investigation ongoing under IO Umang."
"1518","202301518","Case registered at Bengaluru Urban PS 110 regarding burglary. Investigation ongoing under IO Gayathri."
"1519","202501519","Case registered at Vijayapura PS 13 regarding domestic violence. Investigation ongoing under IO Urvashi."
"1520","202501520","Case registered at Mysuru PS 17 regarding identity theft. Investigation ongoing under IO Zaid."
"1521","202401521","Case registered at Ballari PS 5 regarding vehicle theft. Investigation ongoing under IO Daksha."
"1522","202501522","Case registered at Chikkaballapur PS 9 regarding burglary. Investigation ongoing under IO Michael."
"1523","202601523","Case registered at Dharwad PS 15 regarding vehicle theft. Investigation ongoing under IO Gabriel."
"1524","202301524","Case registered at Udupi PS 4 regarding vehicle theft. Investigation ongoing under IO Megha."
"1525","202401525","Case registered at Hassan PS 26 regarding cheating. Investigation ongoing under IO Rayaan."
"1526","202301526","Case registered at Bengaluru Urban PS 41 regarding cheating. Investigation ongoing under IO Arjun."
"1527","202401527","Case registered at Raichur PS 15 regarding robbery. Investigation ongoing under IO Wakeeta."
"1528","202501528","Case registered at Kalaburagi PS 1 regarding online fraud. Investigation ongoing under IO Mekhala."
"1529","202401529","Case registered at Vijayapura PS 4 regarding dowry harassment. Investigation ongoing under IO Gautam."
"1530","202301530","Case registered at Bagalkot PS 23 regarding criminal breach of trust. Investigation ongoing under IO Pooja."
"1531","202601531","Case registered at Bengaluru Rural PS 5 regarding cheating. Investigation ongoing under IO Theodore."
"1532","202601532","Case registered at Yadgir PS 2 regarding grievous hurt. Investigation ongoing under IO Yatin."
"1533","202301533","Case registered at Udupi PS 16 regarding identity theft. Investigation ongoing under IO Wriddhish."
"1534","202501534","Case registered at Mysuru PS 19 regarding sexual assault. Investigation ongoing under IO Udant."
"1535","202301535","Case registered at Hassan PS 21 regarding theft. Investigation ongoing under IO Hredhaan."
"1536","202301536","Case registered at Mysuru PS 2 regarding online fraud. Investigation ongoing under IO Ranbir."
"1537","202601537","Case registered at Koppal PS 28 regarding public nuisance. Investigation ongoing under IO Arjun."
"1538","202301538","Case registered at Kalaburagi PS 22 regarding gambling. Investigation ongoing under IO Amara."
"1539","202501539","Case registered at Koppal PS 13 regarding identity theft. Investigation ongoing under IO Odika."
"1540","202601540","Case registered at Belagavi PS 48 regarding cheating. Investigation ongoing under IO Ekta."
"1541","202501541","Case registered at Dakshina Kannada PS 34 regarding online fraud. Investigation ongoing under IO Inaya."
"1542","202601542","Case registered at Uttara Kannada PS 27 regarding identity theft. Investigation ongoing under IO Gaurang."
"1543","202401543","Case registered at Chikkamagaluru PS 22 regarding criminal breach of trust. Investigation ongoing under IO Nathaniel."
"1544","202401544","Case registered at Chikkamagaluru PS 15 regarding gambling. Investigation ongoing under IO Vincent."
"1545","202401545","Case registered at Dakshina Kannada PS 5 regarding cheating. Investigation ongoing under IO Pallavi."
"1546","202501546","Case registered at Vijayapura PS 26 regarding cheating. Investigation ongoing under IO Ladli."
"1547","202401547","Case registered at Mandya PS 4 regarding grievous hurt. Investigation ongoing under IO Om."
"1548","202501548","Case registered at Chitradurga PS 22 regarding online fraud. Investigation ongoing under IO Omkaar."
"1549","202501549","Case registered at Koppal PS 25 regarding identity theft. Investigation ongoing under IO Barkha."
"1550","202301550","Case registered at Kolar PS 22 regarding dowry harassment. Investigation ongoing under IO Quincy."
"1551","202401551","Case registered at Belagavi PS 11 regarding cheating. Investigation ongoing under IO Ryan."
"1552","202501552","Case registered at Bengaluru Urban PS 103 regarding criminal breach of trust. Investigation ongoing under IO Udyati."
"1553","202501553","Case registered at Hassan PS 1 regarding attempt to murder. Investigation ongoing under IO Amara."
"1554","202501554","Case registered at Bengaluru Urban PS 87 regarding sexual assault. Investigation ongoing under IO Vincent."
"1555","202501555","Case registered at Dakshina Kannada PS 41 regarding gambling. Investigation ongoing under IO Chakrika."
"1556","202501556","Case registered at Dakshina Kannada PS 18 regarding identity theft. Investigation ongoing under IO Bimala."
"1557","202501557","Case registered at Dharwad PS 15 regarding attempt to murder. Investigation ongoing under IO Lajita."
"1558","202501558","Case registered at Udupi PS 18 regarding online fraud. Investigation ongoing under IO Tanay."
"1559","202301559","Case registered at Chikkamagaluru PS 22 regarding identity theft. Investigation ongoing under IO Nachiket."
"1560","202501560","Case registered at Uttara Kannada PS 22 regarding murder. Investigation ongoing under IO Ijaya."
"1561","202401561","Case registered at Belagavi PS 12 regarding robbery. Investigation ongoing under IO Hredhaan."
"1562","202301562","Case registered at Bengaluru Urban PS 102 regarding dowry harassment. Investigation ongoing under IO Sai."
"1563","202301563","Case registered at Koppal PS 15 regarding robbery. Investigation ongoing under IO Farhan."
"1564","202501564","Case registered at Bengaluru Urban PS 2 regarding grievous hurt. Investigation ongoing under IO Arjun."
"1565","202501565","Case registered at Bengaluru Urban PS 6 regarding grievous hurt. Investigation ongoing under IO Benjamin."
"1566","202601566","Case registered at Bidar PS 12 regarding grievous hurt. Investigation ongoing under IO Garima."
"1567","202401567","Case registered at Kalaburagi PS 3 regarding murder. Investigation ongoing under IO Bachittar."
"1568","202301568","Case registered at Bengaluru Urban PS 108 regarding dowry harassment. Investigation ongoing under IO Raagini."
"1569","202501569","Case registered at Kodagu PS 9 regarding gambling. Investigation ongoing under IO Jackson."
"1570","202401570","Case registered at Uttara Kannada PS 22 regarding grievous hurt. Investigation ongoing under IO Ekani."
"1571","202601571","Case registered at Haveri PS 12 regarding theft. Investigation ongoing under IO Peter."
"1572","202401572","Case registered at Mysuru PS 34 regarding sexual assault. Investigation ongoing under IO Amruta."
"1573","202501573","Case registered at Bengaluru Rural PS 29 regarding public nuisance. Investigation ongoing under IO Chakrika."
"1574","202501574","Case registered at Bidar PS 12 regarding identity theft. Investigation ongoing under IO Bhavna."
"1575","202601575","Case registered at Gadag PS 28 regarding robbery. Investigation ongoing under IO Chakrika."
"1576","202501576","Case registered at Raichur PS 7 regarding online fraud. Investigation ongoing under IO Raksha."
"1577","202601577","Case registered at Bengaluru Urban PS 95 regarding gambling. Investigation ongoing under IO Krisha."
"1578","202501578","Case registered at Chikkamagaluru PS 26 regarding public nuisance. Investigation ongoing under IO Laksh."
"1579","202401579","Case registered at Dharwad PS 5 regarding burglary. Investigation ongoing under IO Tanish."
"1580","202501580","Case registered at Mandya PS 29 regarding attempt to murder. Investigation ongoing under IO Alka."
"1581","202401581","Case registered at Ballari PS 29 regarding dowry harassment. Investigation ongoing under IO Libni."
"1582","202401582","Case registered at Yadgir PS 19 regarding murder. Investigation ongoing under IO Ati."
"1583","202301583","Case registered at Kalaburagi PS 27 regarding sexual assault. Investigation ongoing under IO Dakshesh."
"1584","202501584","Case registered at Kolar PS 2 regarding vehicle theft. Investigation ongoing under IO Harini."
"1585","202301585","Case registered at Ramanagara PS 23 regarding theft. Investigation ongoing under IO Abeer."
"1586","202601586","Case registered at Ballari PS 55 regarding public nuisance. Investigation ongoing under IO Zayyan."
"1587","202301587","Case registered at Davanagere PS 8 regarding robbery. Investigation ongoing under IO Chasmum."
"1588","202401588","Case registered at Bagalkot PS 19 regarding criminal breach of trust. Investigation ongoing under IO Rudra."
"1589","202301589","Case registered at Belagavi PS 26 regarding vehicle theft. Investigation ongoing under IO Guneet."
"1590","202301590","Case registered at Chikkaballapur PS 8 regarding domestic violence. Investigation ongoing under IO Jai."
"1591","202401591","Case registered at Davanagere PS 28 regarding cheating. Investigation ongoing under IO Rachana."
"1592","202401592","Case registered at Belagavi PS 41 regarding identity theft. Investigation ongoing under IO Alka."
"1593","202601593","Case registered at Belagavi PS 49 regarding attempt to murder. Investigation ongoing under IO Indali."
"1594","202301594","Case registered at Bidar PS 11 regarding online fraud. Investigation ongoing under IO Aditya."
"1595","202301595","Case registered at Udupi PS 14 regarding criminal breach of trust. Investigation ongoing under IO Pallavi."
"1596","202301596","Case registered at Bengaluru Rural PS 2 regarding public nuisance. Investigation ongoing under IO Rajata."
"1597","202301597","Case registered at Gadag PS 3 regarding gambling. Investigation ongoing under IO Eshana."
"1598","202501598","Case registered at Raichur PS 24 regarding criminal breach of trust. Investigation ongoing under IO Aashi."
"1599","202501599","Case registered at Ballari PS 20 regarding gambling. Investigation ongoing under IO Utkarsh."
"1600","202601600","Case registered at Bidar PS 27 regarding online fraud. Investigation ongoing under IO Isaiah."
"1601","202501601","Case registered at Kodagu PS 11 regarding online fraud. Investigation ongoing under IO Banjeet."
"1602","202501602","Case registered at Kodagu PS 15 regarding theft. Investigation ongoing under IO Aadi."
"1603","202401603","Case registered at Belagavi PS 44 regarding theft. Investigation ongoing under IO Omaja."
"1604","202601604","Case registered at Chamarajanagar PS 6 regarding gambling. Investigation ongoing under IO Chandresh."
"1605","202501605","Case registered at Yadgir PS 9 regarding cheating. Investigation ongoing under IO Bhavika."
"1606","202401606","Case registered at Hassan PS 9 regarding sexual assault. Investigation ongoing under IO Noah."
"1607","202401607","Case registered at Tumakuru PS 4 regarding vehicle theft. Investigation ongoing under IO Vrishti."
"1608","202501608","Case registered at Vijayapura PS 9 regarding sexual assault. Investigation ongoing under IO Amara."
"1609","202601609","Case registered at Udupi PS 13 regarding attempt to murder. Investigation ongoing under IO Balvan."
"1610","202301610","Case registered at Dharwad PS 19 regarding criminal breach of trust. Investigation ongoing under IO Jasmit."
"1611","202601611","Case registered at Bengaluru Urban PS 110 regarding identity theft. Investigation ongoing under IO Shravya."
"1612","202301612","Case registered at Chitradurga PS 16 regarding public nuisance. Investigation ongoing under IO Nihal."
"1613","202601613","Case registered at Bidar PS 28 regarding attempt to murder. Investigation ongoing under IO Hiral."
"1614","202301614","Case registered at Belagavi PS 55 regarding murder. Investigation ongoing under IO Gaurang."
"1615","202401615","Case registered at Kalaburagi PS 48 regarding grievous hurt. Investigation ongoing under IO Barkha."
"1616","202501616","Case registered at Belagavi PS 37 regarding gambling. Investigation ongoing under IO Ishaan."
"1617","202601617","Case registered at Kodagu PS 4 regarding vehicle theft. Investigation ongoing under IO Yashvi."
"1618","202501618","Case registered at Chikkamagaluru PS 19 regarding domestic violence. Investigation ongoing under IO Sudiksha."
"1619","202401619","Case registered at Belagavi PS 49 regarding gambling. Investigation ongoing under IO Rushil."
"1620","202301620","Case registered at Yadgir PS 3 regarding robbery. Investigation ongoing under IO Varenya."
"1621","202601621","Case registered at Chamarajanagar PS 24 regarding grievous hurt. Investigation ongoing under IO Vasatika."
"1622","202301622","Case registered at Koppal PS 9 regarding criminal breach of trust. Investigation ongoing under IO Logan."
"1623","202401623","Case registered at Chamarajanagar PS 13 regarding criminal breach of trust. Investigation ongoing under IO Amrita."
"1624","202301624","Case registered at Ballari PS 35 regarding cheating. Investigation ongoing under IO Krishna."
"1625","202601625","Case registered at Ramanagara PS 26 regarding online fraud. Investigation ongoing under IO Kevin."
"1626","202501626","Case registered at Tumakuru PS 3 regarding gambling. Investigation ongoing under IO Ekaraj."
"1627","202301627","Case registered at Bengaluru Urban PS 2 regarding gambling. Investigation ongoing under IO Laksh."
"1628","202301628","Case registered at Mysuru PS 28 regarding online fraud. Investigation ongoing under IO Charvi."
"1629","202301629","Case registered at Kalaburagi PS 54 regarding gambling. Investigation ongoing under IO Rushil."
"1630","202501630","Case registered at Mysuru PS 43 regarding theft. Investigation ongoing under IO Amol."
"1631","202301631","Case registered at Bengaluru Urban PS 1 regarding domestic violence. Investigation ongoing under IO Kashish."
"1632","202401632","Case registered at Belagavi PS 1 regarding online fraud. Investigation ongoing under IO Wishi."
"1633","202501633","Case registered at Bengaluru Urban PS 9 regarding cheating. Investigation ongoing under IO Advay."
"1634","202501634","Case registered at Kalaburagi PS 1 regarding public nuisance. Investigation ongoing under IO Yutika."
"1635","202301635","Case registered at Ramanagara PS 7 regarding domestic violence. Investigation ongoing under IO Hritik."
"1636","202601636","Case registered at Ramanagara PS 29 regarding murder. Investigation ongoing under IO Yasti."
"1637","202501637","Case registered at Belagavi PS 28 regarding vehicle theft. Investigation ongoing under IO Lakshmi."
"1638","202401638","Case registered at Dakshina Kannada PS 13 regarding identity theft. Investigation ongoing under IO Abhimanyu."
"1639","202401639","Case registered at Bidar PS 5 regarding vehicle theft. Investigation ongoing under IO Hemang."
"1640","202401640","Case registered at Kalaburagi PS 5 regarding domestic violence. Investigation ongoing under IO Chatura."
"1641","202401641","Case registered at Kalaburagi PS 42 regarding public nuisance. Investigation ongoing under IO Oni."
"1642","202401642","Case registered at Dakshina Kannada PS 32 regarding burglary. Investigation ongoing under IO Alexander."
"1643","202501643","Case registered at Ballari PS 52 regarding identity theft. Investigation ongoing under IO Pooja."
"1644","202401644","Case registered at Chikkamagaluru PS 16 regarding cheating. Investigation ongoing under IO Aahana."
"1645","202301645","Case registered at Bengaluru Urban PS 56 regarding identity theft. Investigation ongoing under IO Peter."
"1646","202301646","Case registered at Mysuru PS 46 regarding criminal breach of trust. Investigation ongoing under IO Mugdha."
"1647","202501647","Case registered at Chamarajanagar PS 15 regarding robbery. Investigation ongoing under IO Chandresh."
"1648","202501648","Case registered at Udupi PS 24 regarding gambling. Investigation ongoing under IO Chakradev."
"1649","202401649","Case registered at Udupi PS 7 regarding domestic violence. Investigation ongoing under IO Mohammed."
"1650","202301650","Case registered at Dakshina Kannada PS 26 regarding vehicle theft. Investigation ongoing under IO Daksh."
"1651","202401651","Case registered at Chitradurga PS 25 regarding sexual assault. Investigation ongoing under IO Ranbir."
"1652","202301652","Case registered at Kolar PS 12 regarding burglary. Investigation ongoing under IO Vihaan."
"1653","202301653","Case registered at Raichur PS 11 regarding public nuisance. Investigation ongoing under IO Chameli."
"1654","202301654","Case registered at Chikkaballapur PS 6 regarding vehicle theft. Investigation ongoing under IO Dalaja."
"1655","202301655","Case registered at Belagavi PS 4 regarding online fraud. Investigation ongoing under IO Eiravati."
"1656","202301656","Case registered at Raichur PS 16 regarding cheating. Investigation ongoing under IO Aradhana."
"1657","202501657","Case registered at Yadgir PS 16 regarding murder. Investigation ongoing under IO Amruta."
"1658","202501658","Case registered at Dakshina Kannada PS 7 regarding gambling. Investigation ongoing under IO Divya."
"1659","202401659","Case registered at Bagalkot PS 29 regarding identity theft. Investigation ongoing under IO Abhiram."
"1660","202601660","Case registered at Bengaluru Urban PS 48 regarding identity theft. Investigation ongoing under IO Deepa."
"1661","202501661","Case registered at Koppal PS 18 regarding sexual assault. Investigation ongoing under IO Chasmum."
"1662","202501662","Case registered at Ballari PS 31 regarding online fraud. Investigation ongoing under IO Urvi."
"1663","202301663","Case registered at Ballari PS 39 regarding online fraud. Investigation ongoing under IO Irya."
"1664","202401664","Case registered at Gadag PS 16 regarding criminal breach of trust. Investigation ongoing under IO Akshay."
"1665","202601665","Case registered at Bengaluru Urban PS 109 regarding attempt to murder. Investigation ongoing under IO Mohini."
"1666","202301666","Case registered at Bengaluru Urban PS 91 regarding online fraud. Investigation ongoing under IO Hitesh."
"1667","202501667","Case registered at Yadgir PS 26 regarding theft. Investigation ongoing under IO Praneel."
"1668","202601668","Case registered at Yadgir PS 25 regarding attempt to murder. Investigation ongoing under IO Finn."
"1669","202501669","Case registered at Shivamogga PS 10 regarding cheating. Investigation ongoing under IO Meera."
"1670","202601670","Case registered at Bengaluru Rural PS 8 regarding cheating. Investigation ongoing under IO Naveen."
"1671","202601671","Case registered at Ballari PS 13 regarding gambling. Investigation ongoing under IO Anjali."
"1672","202501672","Case registered at Bengaluru Urban PS 69 regarding murder. Investigation ongoing under IO Atharv."
"1673","202301673","Case registered at Bengaluru Urban PS 17 regarding identity theft. Investigation ongoing under IO Ranveer."
"1674","202501674","Case registered at Dakshina Kannada PS 46 regarding identity theft. Investigation ongoing under IO Gautami."
"1675","202501675","Case registered at Kolar PS 8 regarding theft. Investigation ongoing under IO Janaki."
"1676","202601676","Case registered at Uttara Kannada PS 6 regarding public nuisance. Investigation ongoing under IO Aadi."
"1677","202401677","Case registered at Hassan PS 2 regarding grievous hurt. Investigation ongoing under IO Vaishnavi."
"1678","202601678","Case registered at Bengaluru Urban PS 28 regarding cheating. Investigation ongoing under IO Chandani."
"1679","202501679","Case registered at Mandya PS 20 regarding grievous hurt. Investigation ongoing under IO Laksh."
"1680","202501680","Case registered at Dakshina Kannada PS 9 regarding cheating. Investigation ongoing under IO Ekalinga."
"1681","202501681","Case registered at Hassan PS 14 regarding grievous hurt. Investigation ongoing under IO Kevin."
"1682","202401682","Case registered at Mysuru PS 8 regarding robbery. Investigation ongoing under IO Krisha."
"1683","202501683","Case registered at Mysuru PS 23 regarding criminal breach of trust. Investigation ongoing under IO Jason."
"1684","202301684","Case registered at Bengaluru Rural PS 7 regarding domestic violence. Investigation ongoing under IO Abhiram."
"1685","202401685","Case registered at Uttara Kannada PS 16 regarding sexual assault. Investigation ongoing under IO Udarsh."
"1686","202601686","Case registered at Bengaluru Rural PS 15 regarding online fraud. Investigation ongoing under IO Yoshita."
"1687","202501687","Case registered at Dakshina Kannada PS 4 regarding identity theft. Investigation ongoing under IO Bishakha."
"1688","202301688","Case registered at Shivamogga PS 16 regarding identity theft. Investigation ongoing under IO Onkar."
"1689","202301689","Case registered at Uttara Kannada PS 7 regarding domestic violence. Investigation ongoing under IO Dayamai."
"1690","202401690","Case registered at Hassan PS 26 regarding vehicle theft. Investigation ongoing under IO Damyanti."
"1691","202401691","Case registered at Ramanagara PS 29 regarding criminal breach of trust. Investigation ongoing under IO Varsha."
"1692","202301692","Case registered at Kalaburagi PS 29 regarding grievous hurt. Investigation ongoing under IO Hema."
"1693","202601693","Case registered at Kolar PS 19 regarding dowry harassment. Investigation ongoing under IO Anmol."
"1694","202401694","Case registered at Dakshina Kannada PS 43 regarding sexual assault. Investigation ongoing under IO Chakradev."
"1695","202501695","Case registered at Belagavi PS 7 regarding dowry harassment. Investigation ongoing under IO Ishwar."
"1696","202501696","Case registered at Bidar PS 23 regarding identity theft. Investigation ongoing under IO Upkaar."
"1697","202501697","Case registered at Yadgir PS 26 regarding public nuisance. Investigation ongoing under IO Hamsini."
"1698","202501698","Case registered at Kalaburagi PS 35 regarding gambling. Investigation ongoing under IO Nirja."
"1699","202501699","Case registered at Kalaburagi PS 57 regarding sexual assault. Investigation ongoing under IO Champak."
"1700","202601700","Case registered at Mysuru PS 54 regarding gambling. Investigation ongoing under IO Chasmum."
"1701","202401701","Case registered at Belagavi PS 23 regarding dowry harassment. Investigation ongoing under IO Falak."
"1702","202401702","Case registered at Dakshina Kannada PS 45 regarding murder. Investigation ongoing under IO Hritik."
"1703","202501703","Case registered at Chikkaballapur PS 17 regarding gambling. Investigation ongoing under IO Nitesh."
"1704","202501704","Case registered at Chamarajanagar PS 10 regarding vehicle theft. Investigation ongoing under IO Nathaniel."
"1705","202301705","Case registered at Dharwad PS 2 regarding gambling. Investigation ongoing under IO Andrew."
"1706","202401706","Case registered at Kodagu PS 11 regarding robbery. Investigation ongoing under IO Urvashi."
"1707","202601707","Case registered at Ballari PS 28 regarding vehicle theft. Investigation ongoing under IO Manbir."
"1708","202301708","Case registered at Kolar PS 16 regarding robbery. Investigation ongoing under IO Aditya."
"1709","202601709","Case registered at Kodagu PS 2 regarding online fraud. Investigation ongoing under IO Ojas."
"1710","202501710","Case registered at Shivamogga PS 5 regarding grievous hurt. Investigation ongoing under IO Faqid."
"1711","202401711","Case registered at Kolar PS 10 regarding attempt to murder. Investigation ongoing under IO Shivani."
"1712","202301712","Case registered at Bidar PS 7 regarding criminal breach of trust. Investigation ongoing under IO Chaman."
"1713","202501713","Case registered at Ballari PS 40 regarding theft. Investigation ongoing under IO Thomas."
"1714","202501714","Case registered at Mysuru PS 21 regarding grievous hurt. Investigation ongoing under IO Kala."
"1715","202301715","Case registered at Shivamogga PS 23 regarding burglary. Investigation ongoing under IO Vrinda."
"1716","202301716","Case registered at Chamarajanagar PS 25 regarding public nuisance. Investigation ongoing under IO Jatin."
"1717","202501717","Case registered at Chitradurga PS 8 regarding grievous hurt. Investigation ongoing under IO Radha."
"1718","202301718","Case registered at Mandya PS 26 regarding online fraud. Investigation ongoing under IO Owen."
"1719","202401719","Case registered at Mandya PS 19 regarding public nuisance. Investigation ongoing under IO Libni."
"1720","202501720","Case registered at Kolar PS 24 regarding robbery. Investigation ongoing under IO Mitali."
"1721","202301721","Case registered at Tumakuru PS 29 regarding robbery. Investigation ongoing under IO Tejas."
"1722","202501722","Case registered at Chikkamagaluru PS 5 regarding online fraud. Investigation ongoing under IO Chaitaly."
"1723","202501723","Case registered at Bengaluru Urban PS 3 regarding cheating. Investigation ongoing under IO Ekalinga."
"1724","202301724","Case registered at Bengaluru Urban PS 113 regarding murder. Investigation ongoing under IO Mugdha."
"1725","202501725","Case registered at Vijayapura PS 10 regarding cheating. Investigation ongoing under IO Odika."
"1726","202401726","Case registered at Bengaluru Urban PS 104 regarding cheating. Investigation ongoing under IO Oni."
"1727","202501727","Case registered at Mandya PS 21 regarding public nuisance. Investigation ongoing under IO Owen."
"1728","202401728","Case registered at Mandya PS 14 regarding cheating. Investigation ongoing under IO Anirudh."
"1729","202301729","Case registered at Vijayanagara PS 10 regarding identity theft. Investigation ongoing under IO Lipika."
"1730","202501730","Case registered at Vijayapura PS 7 regarding criminal breach of trust. Investigation ongoing under IO Faris."
"1731","202301731","Case registered at Uttara Kannada PS 1 regarding identity theft. Investigation ongoing under IO Yuvraj."
"1732","202301732","Case registered at Davanagere PS 28 regarding domestic violence. Investigation ongoing under IO Yashica."
"1733","202401733","Case registered at Bidar PS 11 regarding domestic violence. Investigation ongoing under IO Rachana."
"1734","202301734","Case registered at Davanagere PS 28 regarding identity theft. Investigation ongoing under IO Thomas."
"1735","202301735","Case registered at Tumakuru PS 15 regarding vehicle theft. Investigation ongoing under IO Pallavi."
"1736","202301736","Case registered at Dharwad PS 21 regarding criminal breach of trust. Investigation ongoing under IO Mohini."
"1737","202301737","Case registered at Yadgir PS 7 regarding cheating. Investigation ongoing under IO Lekha."
"1738","202401738","Case registered at Belagavi PS 6 regarding cheating. Investigation ongoing under IO Reyansh."
"1739","202301739","Case registered at Raichur PS 17 regarding cheating. Investigation ongoing under IO Veda."
"1740","202501740","Case registered at Ballari PS 33 regarding domestic violence. Investigation ongoing under IO Chatresh."
"1741","202601741","Case registered at Hassan PS 10 regarding online fraud. Investigation ongoing under IO Anirudh."
"1742","202401742","Case registered at Kalaburagi PS 27 regarding criminal breach of trust. Investigation ongoing under IO Ayush."
"1743","202501743","Case registered at Bengaluru Urban PS 57 regarding cheating. Investigation ongoing under IO Ikbal."
"1744","202601744","Case registered at Udupi PS 19 regarding theft. Investigation ongoing under IO Vamakshi."
"1745","202301745","Case registered at Kodagu PS 20 regarding attempt to murder. Investigation ongoing under IO Hemang."
"1746","202401746","Case registered at Haveri PS 5 regarding domestic violence. Investigation ongoing under IO Ethan."
"1747","202501747","Case registered at Gadag PS 22 regarding murder. Investigation ongoing under IO Gagan."
"1748","202501748","Case registered at Ramanagara PS 15 regarding criminal breach of trust. Investigation ongoing under IO Omisha."
"1749","202401749","Case registered at Ballari PS 7 regarding grievous hurt. Investigation ongoing under IO Nitara."
"1750","202401750","Case registered at Kolar PS 10 regarding dowry harassment. Investigation ongoing under IO Harish."
"1751","202401751","Case registered at Bagalkot PS 17 regarding online fraud. Investigation ongoing under IO Arunima."
"1752","202501752","Case registered at Uttara Kannada PS 7 regarding public nuisance. Investigation ongoing under IO Chavvi."
"1753","202401753","Case registered at Hassan PS 28 regarding cheating. Investigation ongoing under IO Ranbir."
"1754","202501754","Case registered at Belagavi PS 55 regarding vehicle theft. Investigation ongoing under IO Lakshit."
"1755","202401755","Case registered at Vijayanagara PS 15 regarding domestic violence. Investigation ongoing under IO Sanaya."
"1756","202401756","Case registered at Udupi PS 11 regarding theft. Investigation ongoing under IO Diya."
"1757","202401757","Case registered at Dharwad PS 3 regarding cheating. Investigation ongoing under IO Ati."
"1758","202501758","Case registered at Kalaburagi PS 16 regarding cheating. Investigation ongoing under IO Anay."
"1759","202501759","Case registered at Kodagu PS 24 regarding burglary. Investigation ongoing under IO Radhika."
"1760","202301760","Case registered at Davanagere PS 29 regarding domestic violence. Investigation ongoing under IO Diya."
"1761","202401761","Case registered at Bagalkot PS 23 regarding gambling. Investigation ongoing under IO Thomas."
"1762","202301762","Case registered at Kalaburagi PS 8 regarding murder. Investigation ongoing under IO Caleb."
"1763","202301763","Case registered at Kolar PS 11 regarding domestic violence. Investigation ongoing under IO Eta."
"1764","202301764","Case registered at Chikkamagaluru PS 22 regarding public nuisance. Investigation ongoing under IO Timothy."
"1765","202301765","Case registered at Kalaburagi PS 45 regarding murder. Investigation ongoing under IO Nandini."
"1766","202501766","Case registered at Bagalkot PS 19 regarding attempt to murder. Investigation ongoing under IO Jagat."
"1767","202601767","Case registered at Uttara Kannada PS 6 regarding theft. Investigation ongoing under IO Bhanumati."
"1768","202501768","Case registered at Koppal PS 1 regarding identity theft. Investigation ongoing under IO Harinakshi."
"1769","202501769","Case registered at Gadag PS 4 regarding attempt to murder. Investigation ongoing under IO Krisha."
"1770","202301770","Case registered at Mysuru PS 5 regarding identity theft. Investigation ongoing under IO Sanaya."
"1771","202401771","Case registered at Chikkaballapur PS 26 regarding vehicle theft. Investigation ongoing under IO Waida."
"1772","202301772","Case registered at Chikkaballapur PS 2 regarding theft. Investigation ongoing under IO Laksh."
"1773","202501773","Case registered at Raichur PS 6 regarding cheating. Investigation ongoing under IO Vyanjana."
"1774","202601774","Case registered at Vijayanagara PS 27 regarding identity theft. Investigation ongoing under IO Arin."
"1775","202401775","Case registered at Bengaluru Rural PS 29 regarding robbery. Investigation ongoing under IO Lucky."
"1776","202401776","Case registered at Belagavi PS 42 regarding online fraud. Investigation ongoing under IO Ekbal."
"1777","202501777","Case registered at Belagavi PS 28 regarding identity theft. Investigation ongoing under IO Jacob."
"1778","202501778","Case registered at Mysuru PS 5 regarding public nuisance. Investigation ongoing under IO Garima."
"1779","202501779","Case registered at Mysuru PS 49 regarding theft. Investigation ongoing under IO Matthew."
"1780","202401780","Case registered at Udupi PS 28 regarding domestic violence. Investigation ongoing under IO Varsha."
"1781","202301781","Case registered at Ballari PS 50 regarding murder. Investigation ongoing under IO Zilmil."
"1782","202501782","Case registered at Ballari PS 47 regarding murder. Investigation ongoing under IO Aarini."
"1783","202601783","Case registered at Haveri PS 14 regarding identity theft. Investigation ongoing under IO Max."
"1784","202301784","Case registered at Tumakuru PS 19 regarding cheating. Investigation ongoing under IO Amruta."
"1785","202301785","Case registered at Vijayanagara PS 19 regarding public nuisance. Investigation ongoing under IO Raksha."
"1786","202401786","Case registered at Dakshina Kannada PS 26 regarding cheating. Investigation ongoing under IO Vedhika."
"1787","202501787","Case registered at Gadag PS 24 regarding public nuisance. Investigation ongoing under IO Aarini."
"1788","202301788","Case registered at Raichur PS 20 regarding dowry harassment. Investigation ongoing under IO Jason."
"1789","202601789","Case registered at Mysuru PS 24 regarding theft. Investigation ongoing under IO Bhanumati."
"1790","202301790","Case registered at Vijayapura PS 22 regarding dowry harassment. Investigation ongoing under IO Chasmum."
"1791","202501791","Case registered at Chikkaballapur PS 16 regarding grievous hurt. Investigation ongoing under IO George."
"1792","202601792","Case registered at Udupi PS 6 regarding identity theft. Investigation ongoing under IO Frederick."
"1793","202601793","Case registered at Dharwad PS 22 regarding public nuisance. Investigation ongoing under IO Vasudha."
"1794","202301794","Case registered at Vijayanagara PS 22 regarding murder. Investigation ongoing under IO Zinal."
"1795","202301795","Case registered at Bengaluru Urban PS 43 regarding identity theft. Investigation ongoing under IO Reva."
"1796","202501796","Case registered at Dakshina Kannada PS 3 regarding online fraud. Investigation ongoing under IO Niharika."
"1797","202301797","Case registered at Chikkamagaluru PS 14 regarding sexual assault. Investigation ongoing under IO Nilima."
"1798","202301798","Case registered at Vijayanagara PS 23 regarding gambling. Investigation ongoing under IO Samaksh."
"1799","202501799","Case registered at Raichur PS 1 regarding dowry harassment. Investigation ongoing under IO Bahadurjit."
"1800","202401800","Case registered at Haveri PS 5 regarding public nuisance. Investigation ongoing under IO Qushi."
"1801","202501801","Case registered at Vijayapura PS 19 regarding identity theft. Investigation ongoing under IO Raghav."
"1802","202501802","Case registered at Raichur PS 19 regarding domestic violence. Investigation ongoing under IO Joshua."
"1803","202301803","Case registered at Mysuru PS 27 regarding public nuisance. Investigation ongoing under IO Tanveer."
"1804","202301804","Case registered at Vijayapura PS 8 regarding murder. Investigation ongoing under IO Jalsa."
"1805","202401805","Case registered at Udupi PS 6 regarding cheating. Investigation ongoing under IO Bhavika."
"1806","202401806","Case registered at Ramanagara PS 27 regarding public nuisance. Investigation ongoing under IO Upasna."
"1807","202401807","Case registered at Mandya PS 7 regarding grievous hurt. Investigation ongoing under IO Yug."
"1808","202401808","Case registered at Gadag PS 17 regarding identity theft. Investigation ongoing under IO Damini."
"1809","202501809","Case registered at Chikkaballapur PS 24 regarding identity theft. Investigation ongoing under IO Radhika."
"1810","202501810","Case registered at Belagavi PS 19 regarding attempt to murder. Investigation ongoing under IO Varenya."
"1811","202501811","Case registered at Yadgir PS 13 regarding grievous hurt. Investigation ongoing under IO Megha."
"1812","202401812","Case registered at Belagavi PS 35 regarding identity theft. Investigation ongoing under IO Oni."
"1813","202401813","Case registered at Chikkaballapur PS 10 regarding murder. Investigation ongoing under IO Om."
"1814","202401814","Case registered at Yadgir PS 14 regarding burglary. Investigation ongoing under IO Frederick."
"1815","202301815","Case registered at Koppal PS 18 regarding attempt to murder. Investigation ongoing under IO Eta."
"1816","202501816","Case registered at Vijayapura PS 22 regarding burglary. Investigation ongoing under IO Raagini."
"1817","202301817","Case registered at Ramanagara PS 12 regarding murder. Investigation ongoing under IO Abhiram."
"1818","202301818","Case registered at Chikkamagaluru PS 15 regarding cheating. Investigation ongoing under IO Pahal."
"1819","202301819","Case registered at Davanagere PS 14 regarding sexual assault. Investigation ongoing under IO Keya."
"1820","202601820","Case registered at Mandya PS 27 regarding attempt to murder. Investigation ongoing under IO Agastya."
"1821","202301821","Case registered at Kalaburagi PS 54 regarding murder. Investigation ongoing under IO Udarsh."
"1822","202601822","Case registered at Vijayanagara PS 27 regarding domestic violence. Investigation ongoing under IO Zashil."
"1823","202401823","Case registered at Dakshina Kannada PS 38 regarding attempt to murder. Investigation ongoing under IO Chaman."
"1824","202501824","Case registered at Chamarajanagar PS 6 regarding identity theft. Investigation ongoing under IO Saanvi."
"1825","202501825","Case registered at Kalaburagi PS 3 regarding dowry harassment. Investigation ongoing under IO Tanmayi."
"1826","202601826","Case registered at Dakshina Kannada PS 2 regarding dowry harassment. Investigation ongoing under IO Meghana."
"1827","202501827","Case registered at Bengaluru Urban PS 61 regarding attempt to murder. Investigation ongoing under IO Gautami."
"1828","202601828","Case registered at Chikkaballapur PS 16 regarding online fraud. Investigation ongoing under IO Nicholas."
"1829","202301829","Case registered at Kodagu PS 10 regarding domestic violence. Investigation ongoing under IO Vamakshi."
"1830","202401830","Case registered at Vijayanagara PS 17 regarding domestic violence. Investigation ongoing under IO Shravya."
"1831","202401831","Case registered at Bengaluru Urban PS 98 regarding burglary. Investigation ongoing under IO Ekapad."
"1832","202301832","Case registered at Udupi PS 6 regarding criminal breach of trust. Investigation ongoing under IO Warjas."
"1833","202501833","Case registered at Gadag PS 12 regarding sexual assault. Investigation ongoing under IO Shivansh."
"1834","202501834","Case registered at Kalaburagi PS 1 regarding cheating. Investigation ongoing under IO Harini."
"1835","202501835","Case registered at Mysuru PS 10 regarding public nuisance. Investigation ongoing under IO Tanmayi."
"1836","202301836","Case registered at Kalaburagi PS 57 regarding dowry harassment. Investigation ongoing under IO Zashil."
"1837","202501837","Case registered at Chitradurga PS 25 regarding murder. Investigation ongoing under IO Faras."
"1838","202301838","Case registered at Bengaluru Urban PS 111 regarding criminal breach of trust. Investigation ongoing under IO Nachiket."
"1839","202401839","Case registered at Bidar PS 16 regarding online fraud. Investigation ongoing under IO Ekta."
"1840","202601840","Case registered at Vijayapura PS 12 regarding cheating. Investigation ongoing under IO Advaith."
"1841","202401841","Case registered at Bagalkot PS 5 regarding identity theft. Investigation ongoing under IO Upma."
"1842","202301842","Case registered at Mandya PS 21 regarding cheating. Investigation ongoing under IO Ryan."
"1843","202301843","Case registered at Bagalkot PS 15 regarding burglary. Investigation ongoing under IO Gabriel."
"1844","202601844","Case registered at Dakshina Kannada PS 23 regarding murder. Investigation ongoing under IO Yahvi."
"1845","202401845","Case registered at Kolar PS 27 regarding robbery. Investigation ongoing under IO Deepa."
"1846","202501846","Case registered at Kalaburagi PS 19 regarding attempt to murder. Investigation ongoing under IO Guneet."
"1847","202601847","Case registered at Belagavi PS 17 regarding burglary. Investigation ongoing under IO Anusha."
"1848","202601848","Case registered at Shivamogga PS 21 regarding online fraud. Investigation ongoing under IO Sachi."
"1849","202301849","Case registered at Chitradurga PS 19 regarding theft. Investigation ongoing under IO Umang."
"1850","202601850","Case registered at Chitradurga PS 5 regarding vehicle theft. Investigation ongoing under IO Bhavika."
"1851","202301851","Case registered at Bengaluru Urban PS 114 regarding criminal breach of trust. Investigation ongoing under IO Chaaya."
"1852","202501852","Case registered at Tumakuru PS 22 regarding attempt to murder. Investigation ongoing under IO Yashodhara."
"1853","202501853","Case registered at Bengaluru Urban PS 97 regarding criminal breach of trust. Investigation ongoing under IO Arunima."
"1854","202401854","Case registered at Bidar PS 20 regarding gambling. Investigation ongoing under IO Tanay."
"1855","202601855","Case registered at Bengaluru Urban PS 39 regarding public nuisance. Investigation ongoing under IO Janaki."
"1856","202301856","Case registered at Ramanagara PS 17 regarding public nuisance. Investigation ongoing under IO Amol."
"1857","202501857","Case registered at Haveri PS 23 regarding cheating. Investigation ongoing under IO Avni."
"1858","202601858","Case registered at Bengaluru Urban PS 97 regarding domestic violence. Investigation ongoing under IO Tamanna."
"1859","202401859","Case registered at Ballari PS 44 regarding theft. Investigation ongoing under IO Ekaraj."
"1860","202501860","Case registered at Dakshina Kannada PS 9 regarding criminal breach of trust. Investigation ongoing under IO Darika."
"1861","202501861","Case registered at Bengaluru Urban PS 2 regarding murder. Investigation ongoing under IO Bakhshi."
"1862","202501862","Case registered at Kolar PS 18 regarding public nuisance. Investigation ongoing under IO Gaurika."
"1863","202401863","Case registered at Bengaluru Rural PS 29 regarding dowry harassment. Investigation ongoing under IO Aahana."
"1864","202501864","Case registered at Dharwad PS 5 regarding cheating. Investigation ongoing under IO Sarthak."
"1865","202401865","Case registered at Bengaluru Urban PS 8 regarding public nuisance. Investigation ongoing under IO Aarna."
"1866","202501866","Case registered at Dharwad PS 1 regarding grievous hurt. Investigation ongoing under IO Veda."
"1867","202401867","Case registered at Ballari PS 40 regarding identity theft. Investigation ongoing under IO Hitesh."
"1868","202301868","Case registered at Raichur PS 3 regarding cheating. Investigation ongoing under IO Chakradev."
"1869","202501869","Case registered at Vijayapura PS 9 regarding domestic violence. Investigation ongoing under IO Harinakshi."
"1870","202401870","Case registered at Dakshina Kannada PS 8 regarding criminal breach of trust. Investigation ongoing under IO Xiti."
"1871","202401871","Case registered at Chikkaballapur PS 16 regarding gambling. Investigation ongoing under IO Praneel."
"1872","202301872","Case registered at Bengaluru Urban PS 23 regarding online fraud. Investigation ongoing under IO Vasudha."
"1873","202601873","Case registered at Mandya PS 28 regarding attempt to murder. Investigation ongoing under IO Faras."
"1874","202501874","Case registered at Chikkamagaluru PS 20 regarding sexual assault. Investigation ongoing under IO Chanchal."
"1875","202501875","Case registered at Bengaluru Urban PS 34 regarding grievous hurt. Investigation ongoing under IO Pallavi."
"1876","202401876","Case registered at Davanagere PS 15 regarding grievous hurt. Investigation ongoing under IO Hemangini."
"1877","202301877","Case registered at Kodagu PS 4 regarding online fraud. Investigation ongoing under IO Shaurya."
"1878","202401878","Case registered at Vijayapura PS 1 regarding attempt to murder. Investigation ongoing under IO Sarthak."
"1879","202401879","Case registered at Kolar PS 24 regarding identity theft. Investigation ongoing under IO Lekha."
"1880","202501880","Case registered at Dakshina Kannada PS 56 regarding public nuisance. Investigation ongoing under IO Ryan."
"1881","202501881","Case registered at Bengaluru Urban PS 75 regarding burglary. Investigation ongoing under IO Gaurangi."
"1882","202601882","Case registered at Davanagere PS 23 regarding gambling. Investigation ongoing under IO Hardik."
"1883","202501883","Case registered at Kodagu PS 5 regarding online fraud. Investigation ongoing under IO Jai."
"1884","202301884","Case registered at Hassan PS 16 regarding vehicle theft. Investigation ongoing under IO Ubika."
"1885","202501885","Case registered at Bengaluru Urban PS 62 regarding theft. Investigation ongoing under IO Aashi."
"1886","202401886","Case registered at Uttara Kannada PS 7 regarding criminal breach of trust. Investigation ongoing under IO Ekaraj."
"1887","202601887","Case registered at Tumakuru PS 15 regarding robbery. Investigation ongoing under IO Gaurang."
"1888","202401888","Case registered at Dakshina Kannada PS 34 regarding criminal breach of trust. Investigation ongoing under IO Vrinda."
"1889","202301889","Case registered at Mysuru PS 13 regarding cheating. Investigation ongoing under IO Ira."
"1890","202301890","Case registered at Hassan PS 22 regarding grievous hurt. Investigation ongoing under IO Timothy."
"1891","202301891","Case registered at Raichur PS 15 regarding gambling. Investigation ongoing under IO Chavvi."
"1892","202501892","Case registered at Bagalkot PS 19 regarding identity theft. Investigation ongoing under IO Reyansh."
"1893","202301893","Case registered at Chamarajanagar PS 21 regarding cheating. Investigation ongoing under IO Abeer."
"1894","202401894","Case registered at Bidar PS 25 regarding murder. Investigation ongoing under IO Om."
"1895","202501895","Case registered at Raichur PS 24 regarding criminal breach of trust. Investigation ongoing under IO Ekalinga."
"1896","202401896","Case registered at Raichur PS 22 regarding gambling. Investigation ongoing under IO Ethan."
"1897","202501897","Case registered at Koppal PS 12 regarding identity theft. Investigation ongoing under IO Chakradev."
"1898","202501898","Case registered at Bengaluru Urban PS 101 regarding cheating. Investigation ongoing under IO Ijaya."
"1899","202601899","Case registered at Kalaburagi PS 3 regarding cheating. Investigation ongoing under IO Gagan."
"1900","202601900","Case registered at Belagavi PS 14 regarding vehicle theft. Investigation ongoing under IO Nidhi."
"1901","202301901","Case registered at Koppal PS 12 regarding murder. Investigation ongoing under IO Saksham."
"1902","202401902","Case registered at Belagavi PS 41 regarding domestic violence. Investigation ongoing under IO Nilima."
"1903","202301903","Case registered at Bengaluru Urban PS 6 regarding murder. Investigation ongoing under IO Yochana."
"1904","202401904","Case registered at Davanagere PS 25 regarding gambling. Investigation ongoing under IO Siddharth."
"1905","202601905","Case registered at Belagavi PS 57 regarding cheating. Investigation ongoing under IO Ayush."
"1906","202301906","Case registered at Kalaburagi PS 20 regarding online fraud. Investigation ongoing under IO Charan."
"1907","202401907","Case registered at Mysuru PS 18 regarding burglary. Investigation ongoing under IO Om."
"1908","202401908","Case registered at Bengaluru Urban PS 59 regarding online fraud. Investigation ongoing under IO Yochana."
"1909","202601909","Case registered at Bagalkot PS 9 regarding vehicle theft. Investigation ongoing under IO Arin."
"1910","202301910","Case registered at Kodagu PS 20 regarding robbery. Investigation ongoing under IO Chanchal."
"1911","202301911","Case registered at Ballari PS 24 regarding robbery. Investigation ongoing under IO Yashasvi."
"1912","202501912","Case registered at Bengaluru Urban PS 59 regarding sexual assault. Investigation ongoing under IO Chaaya."
"1913","202301913","Case registered at Chikkamagaluru PS 22 regarding online fraud. Investigation ongoing under IO Leela."
"1914","202401914","Case registered at Uttara Kannada PS 16 regarding murder. Investigation ongoing under IO Charan."
"1915","202601915","Case registered at Dakshina Kannada PS 29 regarding sexual assault. Investigation ongoing under IO Tamanna."
"1916","202501916","Case registered at Bidar PS 7 regarding identity theft. Investigation ongoing under IO Laban."
"1917","202501917","Case registered at Raichur PS 13 regarding criminal breach of trust. Investigation ongoing under IO Jason."
"1918","202401918","Case registered at Chitradurga PS 13 regarding cheating. Investigation ongoing under IO Hemangini."
"1919","202401919","Case registered at Kalaburagi PS 55 regarding attempt to murder. Investigation ongoing under IO Aashi."
"1920","202401920","Case registered at Bagalkot PS 1 regarding online fraud. Investigation ongoing under IO Laksh."
"1921","202501921","Case registered at Bengaluru Urban PS 26 regarding public nuisance. Investigation ongoing under IO Laksh."
"1922","202301922","Case registered at Raichur PS 21 regarding identity theft. Investigation ongoing under IO Hamsini."
"1923","202401923","Case registered at Haveri PS 2 regarding cheating. Investigation ongoing under IO Champak."
"1924","202501924","Case registered at Vijayapura PS 13 regarding criminal breach of trust. Investigation ongoing under IO Anvi."
"1925","202401925","Case registered at Bengaluru Urban PS 38 regarding attempt to murder. Investigation ongoing under IO Akshay."
"1926","202401926","Case registered at Kalaburagi PS 28 regarding identity theft. Investigation ongoing under IO Aashi."
"1927","202501927","Case registered at Bengaluru Rural PS 29 regarding online fraud. Investigation ongoing under IO Tamanna."
"1928","202601928","Case registered at Bengaluru Urban PS 38 regarding gambling. Investigation ongoing under IO Advaith."
"1929","202401929","Case registered at Tumakuru PS 14 regarding dowry harassment. Investigation ongoing under IO Krishna."
"1930","202301930","Case registered at Vijayapura PS 15 regarding gambling. Investigation ongoing under IO Keya."
"1931","202401931","Case registered at Dharwad PS 9 regarding identity theft. Investigation ongoing under IO Arjun."
"1932","202301932","Case registered at Ballari PS 26 regarding dowry harassment. Investigation ongoing under IO Viraj."
"1933","202601933","Case registered at Kalaburagi PS 29 regarding online fraud. Investigation ongoing under IO Manthan."
"1934","202501934","Case registered at Uttara Kannada PS 13 regarding murder. Investigation ongoing under IO Eshana."
"1935","202401935","Case registered at Vijayanagara PS 17 regarding sexual assault. Investigation ongoing under IO Laksh."
"1936","202501936","Case registered at Mysuru PS 22 regarding online fraud. Investigation ongoing under IO Falguni."
"1937","202401937","Case registered at Bagalkot PS 11 regarding burglary. Investigation ongoing under IO Madhavi."
"1938","202501938","Case registered at Mandya PS 15 regarding criminal breach of trust. Investigation ongoing under IO Girik."
"1939","202401939","Case registered at Chikkaballapur PS 1 regarding domestic violence. Investigation ongoing under IO Radhika."
"1940","202401940","Case registered at Hassan PS 23 regarding robbery. Investigation ongoing under IO Vyanjana."
"1941","202601941","Case registered at Bagalkot PS 13 regarding attempt to murder. Investigation ongoing under IO Noah."
"1942","202501942","Case registered at Bengaluru Urban PS 56 regarding public nuisance. Investigation ongoing under IO Peter."
"1943","202301943","Case registered at Ballari PS 12 regarding theft. Investigation ongoing under IO Reyansh."
"1944","202601944","Case registered at Bagalkot PS 1 regarding domestic violence. Investigation ongoing under IO Ojasvi."
"1945","202401945","Case registered at Udupi PS 5 regarding identity theft. Investigation ongoing under IO Vasudha."
"1946","202401946","Case registered at Kalaburagi PS 55 regarding identity theft. Investigation ongoing under IO Triya."
"1947","202501947","Case registered at Yadgir PS 19 regarding attempt to murder. Investigation ongoing under IO Diya."
"1948","202601948","Case registered at Uttara Kannada PS 29 regarding murder. Investigation ongoing under IO Vedika."
"1949","202501949","Case registered at Vijayapura PS 12 regarding attempt to murder. Investigation ongoing under IO Xiti."
"1950","202501950","Case registered at Yadgir PS 7 regarding cheating. Investigation ongoing under IO Sanya."
"1951","202301951","Case registered at Hassan PS 16 regarding gambling. Investigation ongoing under IO Pallavi."
"1952","202401952","Case registered at Kolar PS 24 regarding identity theft. Investigation ongoing under IO Naveen."
"1953","202501953","Case registered at Vijayapura PS 21 regarding robbery. Investigation ongoing under IO Yuvraj."
"1954","202601954","Case registered at Dharwad PS 8 regarding online fraud. Investigation ongoing under IO Simon."
"1955","202301955","Case registered at Raichur PS 20 regarding cheating. Investigation ongoing under IO Nikita."
"1956","202401956","Case registered at Mysuru PS 11 regarding murder. Investigation ongoing under IO Advay."
"1957","202601957","Case registered at Dakshina Kannada PS 35 regarding domestic violence. Investigation ongoing under IO Daksh."
"1958","202501958","Case registered at Gadag PS 5 regarding gambling. Investigation ongoing under IO Pooja."
"1959","202301959","Case registered at Mysuru PS 55 regarding cheating. Investigation ongoing under IO Tara."
"1960","202401960","Case registered at Kalaburagi PS 30 regarding grievous hurt. Investigation ongoing under IO Warjas."
"1961","202401961","Case registered at Kalaburagi PS 54 regarding cheating. Investigation ongoing under IO Tamanna."
"1962","202401962","Case registered at Haveri PS 21 regarding vehicle theft. Investigation ongoing under IO Yochana."
"1963","202401963","Case registered at Dakshina Kannada PS 12 regarding gambling. Investigation ongoing under IO Deepa."
"1964","202301964","Case registered at Ballari PS 10 regarding theft. Investigation ongoing under IO Harshil."
"1965","202401965","Case registered at Vijayanagara PS 19 regarding attempt to murder. Investigation ongoing under IO Ekantika."
"1966","202601966","Case registered at Davanagere PS 26 regarding sexual assault. Investigation ongoing under IO Harini."
"1967","202401967","Case registered at Bagalkot PS 11 regarding online fraud. Investigation ongoing under IO Udarsh."
"1968","202401968","Case registered at Bengaluru Urban PS 9 regarding cheating. Investigation ongoing under IO Kevin."
"1969","202601969","Case registered at Koppal PS 11 regarding online fraud. Investigation ongoing under IO Henry."
"1970","202501970","Case registered at Haveri PS 21 regarding domestic violence. Investigation ongoing under IO Triya."
"1971","202401971","Case registered at Ballari PS 19 regarding gambling. Investigation ongoing under IO Omisha."
"1972","202601972","Case registered at Kolar PS 27 regarding criminal breach of trust. Investigation ongoing under IO Victor."
"1973","202301973","Case registered at Udupi PS 13 regarding identity theft. Investigation ongoing under IO Azaan."
"1974","202401974","Case registered at Vijayanagara PS 27 regarding sexual assault. Investigation ongoing under IO Tanveer."
"1975","202501975","Case registered at Bengaluru Urban PS 43 regarding identity theft. Investigation ongoing under IO Mitesh."
"1976","202601976","Case registered at Uttara Kannada PS 19 regarding vehicle theft. Investigation ongoing under IO Urishilla."
"1977","202401977","Case registered at Mysuru PS 7 regarding sexual assault. Investigation ongoing under IO Yadavi."
"1978","202501978","Case registered at Dharwad PS 27 regarding identity theft. Investigation ongoing under IO Ojas."
"1979","202601979","Case registered at Uttara Kannada PS 27 regarding criminal breach of trust. Investigation ongoing under IO Brijesh."
"1980","202301980","Case registered at Mysuru PS 10 regarding cheating. Investigation ongoing under IO Madhavi."
"1981","202601981","Case registered at Dakshina Kannada PS 33 regarding gambling. Investigation ongoing under IO Devansh."
"1982","202601982","Case registered at Ballari PS 29 regarding dowry harassment. Investigation ongoing under IO Vidhi."
"1983","202501983","Case registered at Bagalkot PS 14 regarding identity theft. Investigation ongoing under IO Rudra."
"1984","202501984","Case registered at Koppal PS 8 regarding murder. Investigation ongoing under IO Oviya."
"1985","202501985","Case registered at Mysuru PS 26 regarding cheating. Investigation ongoing under IO Bimala."
"1986","202401986","Case registered at Bagalkot PS 21 regarding online fraud. Investigation ongoing under IO Hemang."
"1987","202301987","Case registered at Ballari PS 24 regarding attempt to murder. Investigation ongoing under IO Barkha."
"1988","202501988","Case registered at Mysuru PS 14 regarding domestic violence. Investigation ongoing under IO Jalsa."
"1989","202301989","Case registered at Mandya PS 27 regarding public nuisance. Investigation ongoing under IO Dipta."
"1990","202301990","Case registered at Tumakuru PS 6 regarding criminal breach of trust. Investigation ongoing under IO Kalpit."
"1991","202301991","Case registered at Shivamogga PS 25 regarding online fraud. Investigation ongoing under IO Gunbir."
"1992","202501992","Case registered at Chamarajanagar PS 3 regarding cheating. Investigation ongoing under IO Urvashi."
"1993","202301993","Case registered at Bengaluru Urban PS 114 regarding cheating. Investigation ongoing under IO Nitesh."
"1994","202501994","Case registered at Vijayapura PS 11 regarding dowry harassment. Investigation ongoing under IO Mugdha."
"1995","202301995","Case registered at Udupi PS 26 regarding domestic violence. Investigation ongoing under IO Frederick."
"1996","202501996","Case registered at Belagavi PS 16 regarding dowry harassment. Investigation ongoing under IO Amaira."
"1997","202601997","Case registered at Dharwad PS 19 regarding theft. Investigation ongoing under IO Odika."
"1998","202401998","Case registered at Kodagu PS 2 regarding murder. Investigation ongoing under IO Adya."
"1999","202501999","Case registered at Dakshina Kannada PS 45 regarding murder. Investigation ongoing under IO Nikita."
"2000","202502000","Case registered at Koppal PS 2 regarding criminal breach of trust. Investigation ongoing under IO Yagnesh."
"2001","202602001","Case registered at Ballari PS 20 regarding grievous hurt. Investigation ongoing under IO Yagnesh."
"2002","202502002","Case registered at Bagalkot PS 28 regarding robbery. Investigation ongoing under IO Devansh."
"2003","202502003","Case registered at Kalaburagi PS 52 regarding identity theft. Investigation ongoing under IO Aarna."
"2004","202402004","Case registered at Kalaburagi PS 22 regarding gambling. Investigation ongoing under IO Chandani."
"2005","202502005","Case registered at Vijayapura PS 29 regarding domestic violence. Investigation ongoing under IO Andrew."
"2006","202302006","Case registered at Dakshina Kannada PS 9 regarding theft. Investigation ongoing under IO Nitesh."
"2007","202302007","Case registered at Mysuru PS 15 regarding grievous hurt. Investigation ongoing under IO Dakshesh."
"2008","202302008","Case registered at Tumakuru PS 2 regarding gambling. Investigation ongoing under IO Aarnav."
"2009","202402009","Case registered at Bengaluru Urban PS 49 regarding domestic violence. Investigation ongoing under IO Ekalinga."
"2010","202302010","Case registered at Chikkaballapur PS 5 regarding robbery. Investigation ongoing under IO Yauvani."
"2011","202502011","Case registered at Bengaluru Urban PS 56 regarding criminal breach of trust. Investigation ongoing under IO Ekaja."
"2012","202402012","Case registered at Bengaluru Urban PS 4 regarding identity theft. Investigation ongoing under IO Reyansh."
"2013","202602013","Case registered at Vijayapura PS 8 regarding cheating. Investigation ongoing under IO Indrajit."
"2014","202402014","Case registered at Dakshina Kannada PS 48 regarding robbery. Investigation ongoing under IO Yagnesh."
"2015","202302015","Case registered at Raichur PS 7 regarding murder. Investigation ongoing under IO Oni."
"2016","202502016","Case registered at Belagavi PS 32 regarding cheating. Investigation ongoing under IO Ucchal."
"2017","202402017","Case registered at Kolar PS 6 regarding identity theft. Investigation ongoing under IO Zashil."
"2018","202302018","Case registered at Chikkaballapur PS 22 regarding burglary. Investigation ongoing under IO Yahvi."
"2019","202602019","Case registered at Davanagere PS 18 regarding attempt to murder. Investigation ongoing under IO Inaya."
"2020","202602020","Case registered at Mandya PS 8 regarding public nuisance. Investigation ongoing under IO Hardik."
"2021","202502021","Case registered at Shivamogga PS 10 regarding domestic violence. Investigation ongoing under IO Lekha."
"2022","202602022","Case registered at Shivamogga PS 13 regarding cheating. Investigation ongoing under IO Umang."
"2023","202302023","Case registered at Dharwad PS 4 regarding identity theft. Investigation ongoing under IO Benjamin."
"2024","202502024","Case registered at Kalaburagi PS 46 regarding online fraud. Investigation ongoing under IO Libni."
"2025","202602025","Case registered at Hassan PS 26 regarding sexual assault. Investigation ongoing under IO Libni."
"2026","202502026","Case registered at Bengaluru Urban PS 69 regarding public nuisance. Investigation ongoing under IO Maanav."
"2027","202302027","Case registered at Dharwad PS 12 regarding public nuisance. Investigation ongoing under IO Dipta."
"2028","202502028","Case registered at Chitradurga PS 4 regarding criminal breach of trust. Investigation ongoing under IO Qushi."
"2029","202302029","Case registered at Shivamogga PS 5 regarding murder. Investigation ongoing under IO Pranav."
"2030","202602030","Case registered at Bagalkot PS 19 regarding online fraud. Investigation ongoing under IO Gaurangi."
"2031","202302031","Case registered at Ramanagara PS 23 regarding criminal breach of trust. Investigation ongoing under IO Warinder."
"2032","202602032","Case registered at Bidar PS 9 regarding attempt to murder. Investigation ongoing under IO Faras."
"2033","202402033","Case registered at Tumakuru PS 8 regarding robbery. Investigation ongoing under IO Aryan."
"2034","202302034","Case registered at Uttara Kannada PS 17 regarding domestic violence. Investigation ongoing under IO Manthan."
"2035","202402035","Case registered at Vijayapura PS 6 regarding robbery. Investigation ongoing under IO Inaya."
"2036","202602036","Case registered at Uttara Kannada PS 23 regarding theft. Investigation ongoing under IO Harrison."
"2037","202502037","Case registered at Belagavi PS 38 regarding grievous hurt. Investigation ongoing under IO Ikbal."
"2038","202602038","Case registered at Mysuru PS 31 regarding grievous hurt. Investigation ongoing under IO Aadi."
"2039","202302039","Case registered at Bengaluru Urban PS 100 regarding dowry harassment. Investigation ongoing under IO Divya."
"2040","202402040","Case registered at Chamarajanagar PS 29 regarding criminal breach of trust. Investigation ongoing under IO Vritti."
"2041","202502041","Case registered at Gadag PS 16 regarding criminal breach of trust. Investigation ongoing under IO Harinakshi."
"2042","202302042","Case registered at Dakshina Kannada PS 47 regarding online fraud. Investigation ongoing under IO Aradhana."
"2043","202402043","Case registered at Bengaluru Urban PS 5 regarding grievous hurt. Investigation ongoing under IO Ishwar."
"2044","202402044","Case registered at Ballari PS 48 regarding online fraud. Investigation ongoing under IO Yochana."
"2045","202602045","Case registered at Udupi PS 14 regarding identity theft. Investigation ongoing under IO Maanas."
"2046","202502046","Case registered at Ballari PS 20 regarding public nuisance. Investigation ongoing under IO Frederick."
"2047","202602047","Case registered at Bengaluru Rural PS 1 regarding domestic violence. Investigation ongoing under IO Dhruv."
"2048","202302048","Case registered at Bengaluru Urban PS 80 regarding attempt to murder. Investigation ongoing under IO Chakradev."
"2049","202302049","Case registered at Haveri PS 11 regarding public nuisance. Investigation ongoing under IO Vedant."
"2050","202302050","Case registered at Gadag PS 8 regarding criminal breach of trust. Investigation ongoing under IO William."
"2051","202302051","Case registered at Bidar PS 23 regarding online fraud. Investigation ongoing under IO Mason."
"2052","202402052","Case registered at Mysuru PS 33 regarding burglary. Investigation ongoing under IO Vivaan."
"2053","202502053","Case registered at Dakshina Kannada PS 56 regarding theft. Investigation ongoing under IO Ayush."
"2054","202502054","Case registered at Chitradurga PS 1 regarding cheating. Investigation ongoing under IO Zinal."
"2055","202602055","Case registered at Ballari PS 49 regarding criminal breach of trust. Investigation ongoing under IO Faqid."
"2056","202502056","Case registered at Chitradurga PS 12 regarding cheating. Investigation ongoing under IO Waida."
"2057","202602057","Case registered at Bengaluru Urban PS 22 regarding public nuisance. Investigation ongoing under IO Kashish."
"2058","202502058","Case registered at Bengaluru Urban PS 8 regarding burglary. Investigation ongoing under IO Brinda."
"2059","202602059","Case registered at Kodagu PS 17 regarding public nuisance. Investigation ongoing under IO Ekapad."
"2060","202302060","Case registered at Kodagu PS 11 regarding identity theft. Investigation ongoing under IO George."
"2061","202302061","Case registered at Kalaburagi PS 56 regarding attempt to murder. Investigation ongoing under IO Garima."
"2062","202302062","Case registered at Chamarajanagar PS 5 regarding burglary. Investigation ongoing under IO Gautam."
"2063","202302063","Case registered at Shivamogga PS 17 regarding robbery. Investigation ongoing under IO Imaran."
"2064","202302064","Case registered at Dakshina Kannada PS 50 regarding attempt to murder. Investigation ongoing under IO Edhitha."
"2065","202502065","Case registered at Chikkamagaluru PS 20 regarding murder. Investigation ongoing under IO Timothy."
"2066","202502066","Case registered at Dharwad PS 26 regarding dowry harassment. Investigation ongoing under IO Chasmum."
"2067","202402067","Case registered at Dakshina Kannada PS 19 regarding online fraud. Investigation ongoing under IO Madhav."
"2068","202502068","Case registered at Kalaburagi PS 49 regarding identity theft. Investigation ongoing under IO Bachittar."
"2069","202502069","Case registered at Ramanagara PS 6 regarding attempt to murder. Investigation ongoing under IO Ekbal."
"2070","202502070","Case registered at Chamarajanagar PS 2 regarding online fraud. Investigation ongoing under IO Ladli."
"2071","202502071","Case registered at Dakshina Kannada PS 48 regarding criminal breach of trust. Investigation ongoing under IO Yutika."
"2072","202602072","Case registered at Chamarajanagar PS 19 regarding grievous hurt. Investigation ongoing under IO Tanish."
"2073","202302073","Case registered at Gadag PS 18 regarding attempt to murder. Investigation ongoing under IO Agastya."
"2074","202402074","Case registered at Ballari PS 20 regarding online fraud. Investigation ongoing under IO Lipika."
"2075","202502075","Case registered at Uttara Kannada PS 28 regarding sexual assault. Investigation ongoing under IO Harsh."
"2076","202502076","Case registered at Bengaluru Urban PS 93 regarding public nuisance. Investigation ongoing under IO Chanchal."
"2077","202602077","Case registered at Vijayapura PS 6 regarding identity theft. Investigation ongoing under IO Qadim."
"2078","202502078","Case registered at Bengaluru Rural PS 22 regarding criminal breach of trust. Investigation ongoing under IO Frederick."
"2079","202402079","Case registered at Kodagu PS 18 regarding gambling. Investigation ongoing under IO Bhavya."
"2080","202302080","Case registered at Bengaluru Urban PS 20 regarding theft. Investigation ongoing under IO Veda."
"2081","202302081","Case registered at Chitradurga PS 23 regarding murder. Investigation ongoing under IO Mekhala."
"2082","202402082","Case registered at Ballari PS 15 regarding sexual assault. Investigation ongoing under IO Baghyawati."
"2083","202402083","Case registered at Bengaluru Urban PS 14 regarding burglary. Investigation ongoing under IO Pallavi."
"2084","202602084","Case registered at Haveri PS 18 regarding identity theft. Investigation ongoing under IO Chakradev."
"2085","202402085","Case registered at Belagavi PS 25 regarding identity theft. Investigation ongoing under IO Sarthak."
"2086","202602086","Case registered at Bengaluru Urban PS 30 regarding identity theft. Investigation ongoing under IO Harinakshi."
"2087","202402087","Case registered at Kalaburagi PS 39 regarding attempt to murder. Investigation ongoing under IO Champak."
"2088","202302088","Case registered at Bengaluru Urban PS 85 regarding murder. Investigation ongoing under IO Dayita."
"2089","202602089","Case registered at Gadag PS 19 regarding murder. Investigation ongoing under IO Pahal."
"2090","202402090","Case registered at Gadag PS 8 regarding murder. Investigation ongoing under IO Zilmil."
"2091","202402091","Case registered at Tumakuru PS 21 regarding domestic violence. Investigation ongoing under IO Kabir."
"2092","202402092","Case registered at Kodagu PS 2 regarding robbery. Investigation ongoing under IO Turvi."
"2093","202302093","Case registered at Chitradurga PS 21 regarding attempt to murder. Investigation ongoing under IO Sarthak."
"2094","202402094","Case registered at Bagalkot PS 17 regarding robbery. Investigation ongoing under IO Ethan."
"2095","202302095","Case registered at Gadag PS 16 regarding identity theft. Investigation ongoing under IO Urvashi."
"2096","202302096","Case registered at Chikkamagaluru PS 9 regarding identity theft. Investigation ongoing under IO Mekhala."
"2097","202402097","Case registered at Uttara Kannada PS 11 regarding online fraud. Investigation ongoing under IO Damini."
"2098","202402098","Case registered at Bidar PS 29 regarding burglary. Investigation ongoing under IO Mekhala."
"2099","202302099","Case registered at Belagavi PS 4 regarding online fraud. Investigation ongoing under IO Hema."
"2100","202602100","Case registered at Kalaburagi PS 33 regarding public nuisance. Investigation ongoing under IO Jagat."
"2101","202302101","Case registered at Mysuru PS 34 regarding burglary. Investigation ongoing under IO Yauvani."
"2102","202402102","Case registered at Udupi PS 23 regarding vehicle theft. Investigation ongoing under IO Pahal."
"2103","202402103","Case registered at Uttara Kannada PS 1 regarding dowry harassment. Investigation ongoing under IO Finn."
"2104","202602104","Case registered at Kalaburagi PS 8 regarding attempt to murder. Investigation ongoing under IO Victor."
"2105","202302105","Case registered at Vijayapura PS 5 regarding vehicle theft. Investigation ongoing under IO Amara."
"2106","202502106","Case registered at Tumakuru PS 25 regarding dowry harassment. Investigation ongoing under IO Deepa."
"2107","202502107","Case registered at Yadgir PS 25 regarding robbery. Investigation ongoing under IO Ekapad."
"2108","202502108","Case registered at Haveri PS 5 regarding identity theft. Investigation ongoing under IO Kevin."
"2109","202402109","Case registered at Bengaluru Urban PS 1 regarding dowry harassment. Investigation ongoing under IO Odika."
"2110","202502110","Case registered at Belagavi PS 9 regarding gambling. Investigation ongoing under IO Arjun."
"2111","202502111","Case registered at Bengaluru Rural PS 8 regarding murder. Investigation ongoing under IO Jyoti."
"2112","202502112","Case registered at Yadgir PS 2 regarding domestic violence. Investigation ongoing under IO Saksham."
"2113","202302113","Case registered at Tumakuru PS 11 regarding grievous hurt. Investigation ongoing under IO Radha."
"2114","202602114","Case registered at Mysuru PS 53 regarding gambling. Investigation ongoing under IO Gavin."
"2115","202502115","Case registered at Belagavi PS 11 regarding cheating. Investigation ongoing under IO Baghyawati."
"2116","202402116","Case registered at Yadgir PS 11 regarding gambling. Investigation ongoing under IO Jalsa."
"2117","202502117","Case registered at Gadag PS 23 regarding identity theft. Investigation ongoing under IO Tanvi."
"2118","202502118","Case registered at Chitradurga PS 28 regarding dowry harassment. Investigation ongoing under IO Janaki."
"2119","202302119","Case registered at Ramanagara PS 14 regarding vehicle theft. Investigation ongoing under IO Aditya."
"2120","202502120","Case registered at Haveri PS 1 regarding online fraud. Investigation ongoing under IO Yashawini."
"2121","202402121","Case registered at Vijayanagara PS 28 regarding grievous hurt. Investigation ongoing under IO Reyansh."
"2122","202402122","Case registered at Gadag PS 29 regarding online fraud. Investigation ongoing under IO Baljiwan."
"2123","202502123","Case registered at Kodagu PS 3 regarding public nuisance. Investigation ongoing under IO Wakeeta."
"2124","202302124","Case registered at Ballari PS 21 regarding gambling. Investigation ongoing under IO Girish."
"2125","202402125","Case registered at Mysuru PS 21 regarding identity theft. Investigation ongoing under IO Gagan."
"2126","202502126","Case registered at Vijayapura PS 22 regarding gambling. Investigation ongoing under IO Neel."
"2127","202302127","Case registered at Kalaburagi PS 22 regarding cheating. Investigation ongoing under IO Girish."
"2128","202502128","Case registered at Mandya PS 23 regarding attempt to murder. Investigation ongoing under IO Radha."
"2129","202402129","Case registered at Vijayanagara PS 19 regarding online fraud. Investigation ongoing under IO Jalsa."
"2130","202302130","Case registered at Kodagu PS 18 regarding online fraud. Investigation ongoing under IO Gopal."
"2131","202502131","Case registered at Kodagu PS 19 regarding cheating. Investigation ongoing under IO Xiti."
"2132","202502132","Case registered at Dakshina Kannada PS 1 regarding online fraud. Investigation ongoing under IO Aahana."
"2133","202302133","Case registered at Vijayapura PS 16 regarding murder. Investigation ongoing under IO Dayamai."
"2134","202502134","Case registered at Haveri PS 27 regarding cheating. Investigation ongoing under IO Jack."
"2135","202402135","Case registered at Uttara Kannada PS 3 regarding criminal breach of trust. Investigation ongoing under IO Vedhika."
"2136","202502136","Case registered at Mandya PS 29 regarding cheating. Investigation ongoing under IO Balvan."
"2137","202302137","Case registered at Ramanagara PS 14 regarding robbery. Investigation ongoing under IO Jackson."
"2138","202602138","Case registered at Hassan PS 8 regarding dowry harassment. Investigation ongoing under IO Ishaan."
"2139","202302139","Case registered at Bidar PS 1 regarding online fraud. Investigation ongoing under IO Tanay."
"2140","202402140","Case registered at Udupi PS 20 regarding theft. Investigation ongoing under IO Charan."
"2141","202402141","Case registered at Dakshina Kannada PS 8 regarding attempt to murder. Investigation ongoing under IO Chaitaly."
"2142","202402142","Case registered at Chikkamagaluru PS 23 regarding cheating. Investigation ongoing under IO Saumya."
"2143","202402143","Case registered at Udupi PS 7 regarding criminal breach of trust. Investigation ongoing under IO Chaitaly."
"2144","202302144","Case registered at Chitradurga PS 16 regarding cheating. Investigation ongoing under IO Chanchal."
"2145","202602145","Case registered at Bidar PS 15 regarding cheating. Investigation ongoing under IO Waida."
"2146","202602146","Case registered at Hassan PS 16 regarding murder. Investigation ongoing under IO Advika."
"2147","202302147","Case registered at Dakshina Kannada PS 46 regarding cheating. Investigation ongoing under IO Aarav."
"2148","202602148","Case registered at Bengaluru Urban PS 22 regarding burglary. Investigation ongoing under IO Abhiram."
"2149","202402149","Case registered at Tumakuru PS 28 regarding public nuisance. Investigation ongoing under IO Ekanta."
"2150","202602150","Case registered at Haveri PS 25 regarding gambling. Investigation ongoing under IO Christopher."
"2151","202302151","Case registered at Kolar PS 29 regarding cheating. Investigation ongoing under IO Laksh."
"2152","202502152","Case registered at Davanagere PS 5 regarding gambling. Investigation ongoing under IO Daksh."
"2153","202602153","Case registered at Bengaluru Urban PS 111 regarding public nuisance. Investigation ongoing under IO Faraj."
"2154","202302154","Case registered at Udupi PS 15 regarding public nuisance. Investigation ongoing under IO Aishani."
"2155","202602155","Case registered at Dakshina Kannada PS 52 regarding murder. Investigation ongoing under IO Ryan."
"2156","202402156","Case registered at Ballari PS 12 regarding grievous hurt. Investigation ongoing under IO Indali."
"2157","202302157","Case registered at Shivamogga PS 24 regarding online fraud. Investigation ongoing under IO Yashica."
"2158","202302158","Case registered at Vijayapura PS 1 regarding domestic violence. Investigation ongoing under IO Jalsa."
"2159","202302159","Case registered at Belagavi PS 6 regarding vehicle theft. Investigation ongoing under IO Ryan."
"2160","202502160","Case registered at Bidar PS 8 regarding public nuisance. Investigation ongoing under IO Chavvi."
"2161","202602161","Case registered at Bengaluru Urban PS 79 regarding burglary. Investigation ongoing under IO Lajita."
"2162","202502162","Case registered at Bengaluru Urban PS 7 regarding online fraud. Investigation ongoing under IO Chatura."
"2163","202502163","Case registered at Kalaburagi PS 38 regarding burglary. Investigation ongoing under IO Daniel."
"2164","202602164","Case registered at Chamarajanagar PS 23 regarding burglary. Investigation ongoing under IO Vedant."
"2165","202302165","Case registered at Bengaluru Urban PS 50 regarding gambling. Investigation ongoing under IO Devansh."
"2166","202502166","Case registered at Kalaburagi PS 40 regarding theft. Investigation ongoing under IO Zayyan."
"2167","202302167","Case registered at Kalaburagi PS 23 regarding attempt to murder. Investigation ongoing under IO Mohammed."
"2168","202502168","Case registered at Tumakuru PS 12 regarding grievous hurt. Investigation ongoing under IO Aarna."
"2169","202602169","Case registered at Dakshina Kannada PS 40 regarding burglary. Investigation ongoing under IO Lakshit."
"2170","202502170","Case registered at Dakshina Kannada PS 27 regarding criminal breach of trust. Investigation ongoing under IO Yoshita."
"2171","202502171","Case registered at Vijayapura PS 20 regarding identity theft. Investigation ongoing under IO Ojas."
"2172","202302172","Case registered at Udupi PS 26 regarding dowry harassment. Investigation ongoing under IO Tanay."
"2173","202402173","Case registered at Hassan PS 18 regarding sexual assault. Investigation ongoing under IO Radha."
"2174","202402174","Case registered at Koppal PS 2 regarding dowry harassment. Investigation ongoing under IO Jason."
"2175","202302175","Case registered at Udupi PS 27 regarding dowry harassment. Investigation ongoing under IO Saumya."
"2176","202302176","Case registered at Chikkamagaluru PS 20 regarding public nuisance. Investigation ongoing under IO Yatan."
"2177","202502177","Case registered at Chikkaballapur PS 13 regarding gambling. Investigation ongoing under IO Maya."
"2178","202402178","Case registered at Uttara Kannada PS 22 regarding sexual assault. Investigation ongoing under IO Udyati."
"2179","202502179","Case registered at Ballari PS 55 regarding cheating. Investigation ongoing under IO Sai."
"2180","202302180","Case registered at Belagavi PS 11 regarding dowry harassment. Investigation ongoing under IO Prisha."
"2181","202502181","Case registered at Raichur PS 27 regarding burglary. Investigation ongoing under IO Vaishnavi."
"2182","202502182","Case registered at Chikkaballapur PS 29 regarding public nuisance. Investigation ongoing under IO Luke."
"2183","202502183","Case registered at Vijayapura PS 10 regarding public nuisance. Investigation ongoing under IO Thomas."
"2184","202402184","Case registered at Mandya PS 1 regarding cheating. Investigation ongoing under IO Chakradev."
"2185","202402185","Case registered at Bengaluru Urban PS 23 regarding public nuisance. Investigation ongoing under IO Ayush."
"2186","202502186","Case registered at Ramanagara PS 7 regarding dowry harassment. Investigation ongoing under IO Rajata."
"2187","202502187","Case registered at Gadag PS 21 regarding cheating. Investigation ongoing under IO Jyoti."
"2188","202502188","Case registered at Mysuru PS 42 regarding murder. Investigation ongoing under IO Lajita."
"2189","202502189","Case registered at Vijayanagara PS 17 regarding public nuisance. Investigation ongoing under IO Sachi."
"2190","202302190","Case registered at Dharwad PS 12 regarding criminal breach of trust. Investigation ongoing under IO Jagrati."
"2191","202502191","Case registered at Bengaluru Urban PS 5 regarding attempt to murder. Investigation ongoing under IO Ikbal."
"2192","202502192","Case registered at Vijayapura PS 8 regarding sexual assault. Investigation ongoing under IO Tanmayi."
"2193","202302193","Case registered at Uttara Kannada PS 6 regarding vehicle theft. Investigation ongoing under IO Jacob."
"2194","202302194","Case registered at Mysuru PS 48 regarding online fraud. Investigation ongoing under IO Udarsh."
"2195","202602195","Case registered at Chamarajanagar PS 28 regarding cheating. Investigation ongoing under IO Irya."
"2196","202602196","Case registered at Vijayapura PS 10 regarding murder. Investigation ongoing under IO Edhitha."
"2197","202602197","Case registered at Davanagere PS 13 regarding sexual assault. Investigation ongoing under IO Faraj."
"2198","202502198","Case registered at Bidar PS 16 regarding identity theft. Investigation ongoing under IO Yashawini."
"2199","202402199","Case registered at Bidar PS 29 regarding gambling. Investigation ongoing under IO Lucky."
"2200","202302200","Case registered at Bengaluru Rural PS 23 regarding theft. Investigation ongoing under IO Anya."
"2201","202302201","Case registered at Chamarajanagar PS 19 regarding domestic violence. Investigation ongoing under IO Rajeshri."
"2202","202302202","Case registered at Mysuru PS 7 regarding murder. Investigation ongoing under IO Nakul."
"2203","202502203","Case registered at Belagavi PS 25 regarding domestic violence. Investigation ongoing under IO Sai."
"2204","202302204","Case registered at Chamarajanagar PS 24 regarding robbery. Investigation ongoing under IO Oni."
"2205","202402205","Case registered at Bengaluru Urban PS 13 regarding cheating. Investigation ongoing under IO Tejas."
"2206","202402206","Case registered at Vijayapura PS 18 regarding sexual assault. Investigation ongoing under IO Jasmit."
"2207","202602207","Case registered at Dakshina Kannada PS 56 regarding online fraud. Investigation ongoing under IO Ekanta."
"2208","202302208","Case registered at Ballari PS 40 regarding theft. Investigation ongoing under IO Devika."
"2209","202402209","Case registered at Dakshina Kannada PS 55 regarding dowry harassment. Investigation ongoing under IO Januja."
"2210","202402210","Case registered at Chikkaballapur PS 13 regarding criminal breach of trust. Investigation ongoing under IO Sai."
"2211","202502211","Case registered at Mysuru PS 33 regarding grievous hurt. Investigation ongoing under IO Nisha."
"2212","202302212","Case registered at Vijayanagara PS 23 regarding domestic violence. Investigation ongoing under IO Charles."
"2213","202502213","Case registered at Bengaluru Rural PS 28 regarding robbery. Investigation ongoing under IO Priya."
"2214","202302214","Case registered at Mandya PS 5 regarding identity theft. Investigation ongoing under IO Ladli."
"2215","202502215","Case registered at Vijayapura PS 26 regarding identity theft. Investigation ongoing under IO Omisha."
"2216","202302216","Case registered at Uttara Kannada PS 5 regarding criminal breach of trust. Investigation ongoing under IO Lakshmi."
"2217","202502217","Case registered at Chitradurga PS 3 regarding online fraud. Investigation ongoing under IO Charvi."
"2218","202302218","Case registered at Chikkaballapur PS 27 regarding gambling. Investigation ongoing under IO Abhiram."
"2219","202402219","Case registered at Kalaburagi PS 27 regarding murder. Investigation ongoing under IO Yahvi."
"2220","202402220","Case registered at Tumakuru PS 4 regarding murder. Investigation ongoing under IO Janani."
"2221","202402221","Case registered at Haveri PS 23 regarding public nuisance. Investigation ongoing under IO Oni."
"2222","202402222","Case registered at Belagavi PS 8 regarding attempt to murder. Investigation ongoing under IO Jagrati."
"2223","202502223","Case registered at Gadag PS 26 regarding attempt to murder. Investigation ongoing under IO Harinakshi."
"2224","202602224","Case registered at Vijayapura PS 29 regarding burglary. Investigation ongoing under IO Praneel."
"2225","202302225","Case registered at Vijayanagara PS 24 regarding criminal breach of trust. Investigation ongoing under IO Megha."
"2226","202602226","Case registered at Chikkaballapur PS 24 regarding cheating. Investigation ongoing under IO Chandran."
"2227","202602227","Case registered at Bengaluru Urban PS 29 regarding online fraud. Investigation ongoing under IO Shivani."
"2228","202302228","Case registered at Kolar PS 4 regarding burglary. Investigation ongoing under IO Logan."
"2229","202302229","Case registered at Chikkaballapur PS 28 regarding cheating. Investigation ongoing under IO Chaitanya."
"2230","202402230","Case registered at Chamarajanagar PS 26 regarding public nuisance. Investigation ongoing under IO Warhi."
"2231","202302231","Case registered at Tumakuru PS 8 regarding criminal breach of trust. Investigation ongoing under IO Fiyaz."
"2232","202402232","Case registered at Shivamogga PS 22 regarding domestic violence. Investigation ongoing under IO Farhan."
"2233","202402233","Case registered at Kalaburagi PS 6 regarding domestic violence. Investigation ongoing under IO Aayush."
"2234","202302234","Case registered at Kalaburagi PS 9 regarding cheating. Investigation ongoing under IO Urmi."
"2235","202602235","Case registered at Mysuru PS 29 regarding grievous hurt. Investigation ongoing under IO Guneet."
"2236","202302236","Case registered at Belagavi PS 38 regarding gambling. Investigation ongoing under IO Manya."
"2237","202402237","Case registered at Ballari PS 49 regarding identity theft. Investigation ongoing under IO Jason."
"2238","202402238","Case registered at Mandya PS 7 regarding attempt to murder. Investigation ongoing under IO Yadavi."
"2239","202502239","Case registered at Ballari PS 38 regarding robbery. Investigation ongoing under IO Bachittar."
"2240","202502240","Case registered at Bengaluru Urban PS 83 regarding online fraud. Investigation ongoing under IO Ethan."
"2241","202402241","Case registered at Dharwad PS 8 regarding online fraud. Investigation ongoing under IO Bina."
"2242","202402242","Case registered at Raichur PS 6 regarding criminal breach of trust. Investigation ongoing under IO Nicholas."
"2243","202402243","Case registered at Ballari PS 29 regarding online fraud. Investigation ongoing under IO Aishani."
"2244","202602244","Case registered at Kalaburagi PS 39 regarding public nuisance. Investigation ongoing under IO Aadi."
"2245","202602245","Case registered at Belagavi PS 12 regarding dowry harassment. Investigation ongoing under IO Arin."
"2246","202302246","Case registered at Chitradurga PS 3 regarding cheating. Investigation ongoing under IO Indrajit."
"2247","202402247","Case registered at Koppal PS 23 regarding public nuisance. Investigation ongoing under IO Finn."
"2248","202502248","Case registered at Udupi PS 9 regarding cheating. Investigation ongoing under IO Hema."
"2249","202502249","Case registered at Bidar PS 22 regarding murder. Investigation ongoing under IO Ekanta."
"2250","202302250","Case registered at Udupi PS 9 regarding online fraud. Investigation ongoing under IO Ekalinga."
"2251","202302251","Case registered at Koppal PS 20 regarding public nuisance. Investigation ongoing under IO Chakrika."
"2252","202402252","Case registered at Raichur PS 17 regarding grievous hurt. Investigation ongoing under IO Jeet."
"2253","202302253","Case registered at Bidar PS 12 regarding criminal breach of trust. Investigation ongoing under IO Anya."
"2254","202402254","Case registered at Tumakuru PS 19 regarding domestic violence. Investigation ongoing under IO Kalpit."
"2255","202502255","Case registered at Belagavi PS 52 regarding gambling. Investigation ongoing under IO Ethan."
"2256","202502256","Case registered at Belagavi PS 43 regarding cheating. Investigation ongoing under IO Ekta."
"2257","202402257","Case registered at Yadgir PS 27 regarding public nuisance. Investigation ongoing under IO Vedhika."
"2258","202502258","Case registered at Davanagere PS 27 regarding cheating. Investigation ongoing under IO Harshil."
"2259","202502259","Case registered at Bengaluru Urban PS 84 regarding gambling. Investigation ongoing under IO Vedhika."
"2260","202502260","Case registered at Mysuru PS 21 regarding criminal breach of trust. Investigation ongoing under IO Jacob."
"2261","202402261","Case registered at Bengaluru Urban PS 80 regarding grievous hurt. Investigation ongoing under IO Libni."
"2262","202502262","Case registered at Tumakuru PS 18 regarding identity theft. Investigation ongoing under IO Orinder."
"2263","202302263","Case registered at Ballari PS 56 regarding grievous hurt. Investigation ongoing under IO Madhavi."
"2264","202302264","Case registered at Bidar PS 4 regarding public nuisance. Investigation ongoing under IO Xavier."
"2265","202602265","Case registered at Shivamogga PS 22 regarding public nuisance. Investigation ongoing under IO Ekaraj."
"2266","202302266","Case registered at Kolar PS 14 regarding public nuisance. Investigation ongoing under IO Ekapad."
"2267","202602267","Case registered at Gadag PS 13 regarding public nuisance. Investigation ongoing under IO Vaishnavi."
"2268","202502268","Case registered at Belagavi PS 17 regarding cheating. Investigation ongoing under IO Darsh."
"2269","202302269","Case registered at Vijayanagara PS 15 regarding murder. Investigation ongoing under IO Pahal."
"2270","202302270","Case registered at Gadag PS 4 regarding attempt to murder. Investigation ongoing under IO Yashvi."
"2271","202602271","Case registered at Dharwad PS 17 regarding burglary. Investigation ongoing under IO Laban."
"2272","202302272","Case registered at Belagavi PS 44 regarding online fraud. Investigation ongoing under IO Mekhala."
"2273","202502273","Case registered at Bengaluru Urban PS 80 regarding sexual assault. Investigation ongoing under IO Nirja."
"2274","202502274","Case registered at Belagavi PS 44 regarding identity theft. Investigation ongoing under IO Devansh."
"2275","202302275","Case registered at Uttara Kannada PS 24 regarding public nuisance. Investigation ongoing under IO Leela."
"2276","202302276","Case registered at Hassan PS 12 regarding online fraud. Investigation ongoing under IO Frederick."
"2277","202302277","Case registered at Belagavi PS 22 regarding criminal breach of trust. Investigation ongoing under IO Vincent."
"2278","202402278","Case registered at Tumakuru PS 21 regarding cheating. Investigation ongoing under IO Lakshmi."
"2279","202502279","Case registered at Vijayapura PS 13 regarding criminal breach of trust. Investigation ongoing under IO Mekhala."
"2280","202402280","Case registered at Bagalkot PS 17 regarding grievous hurt. Investigation ongoing under IO Samesh."
"2281","202302281","Case registered at Dharwad PS 14 regarding domestic violence. Investigation ongoing under IO Yachana."
"2282","202502282","Case registered at Chitradurga PS 6 regarding grievous hurt. Investigation ongoing under IO Waida."
"2283","202402283","Case registered at Chitradurga PS 22 regarding online fraud. Investigation ongoing under IO Geetika."
"2284","202502284","Case registered at Tumakuru PS 21 regarding grievous hurt. Investigation ongoing under IO Mitali."
"2285","202502285","Case registered at Bengaluru Urban PS 94 regarding online fraud. Investigation ongoing under IO Aashi."
"2286","202402286","Case registered at Shivamogga PS 19 regarding grievous hurt. Investigation ongoing under IO Tanveer."
"2287","202502287","Case registered at Vijayapura PS 13 regarding cheating. Investigation ongoing under IO Rushil."
"2288","202402288","Case registered at Ballari PS 44 regarding gambling. Investigation ongoing under IO Yash."
"2289","202502289","Case registered at Mysuru PS 17 regarding burglary. Investigation ongoing under IO Max."
"2290","202502290","Case registered at Vijayapura PS 25 regarding robbery. Investigation ongoing under IO Turvi."
"2291","202302291","Case registered at Bengaluru Rural PS 3 regarding domestic violence. Investigation ongoing under IO Maya."
"2292","202602292","Case registered at Kodagu PS 15 regarding criminal breach of trust. Investigation ongoing under IO Naveen."
"2293","202502293","Case registered at Chitradurga PS 7 regarding public nuisance. Investigation ongoing under IO Zehaan."
"2294","202502294","Case registered at Ballari PS 49 regarding attempt to murder. Investigation ongoing under IO Anamika."
"2295","202602295","Case registered at Bengaluru Rural PS 7 regarding domestic violence. Investigation ongoing under IO Omya."
"2296","202402296","Case registered at Bengaluru Urban PS 73 regarding criminal breach of trust. Investigation ongoing under IO Pratyush."
"2297","202302297","Case registered at Shivamogga PS 25 regarding identity theft. Investigation ongoing under IO Niharika."
"2298","202402298","Case registered at Shivamogga PS 15 regarding identity theft. Investigation ongoing under IO Laksh."
"2299","202402299","Case registered at Raichur PS 1 regarding sexual assault. Investigation ongoing under IO Xalak."
"2300","202302300","Case registered at Gadag PS 16 regarding cheating. Investigation ongoing under IO Dipta."
"2301","202602301","Case registered at Belagavi PS 4 regarding cheating. Investigation ongoing under IO Alka."
"2302","202502302","Case registered at Haveri PS 22 regarding public nuisance. Investigation ongoing under IO Yochana."
"2303","202402303","Case registered at Ballari PS 22 regarding vehicle theft. Investigation ongoing under IO Yashica."
"2304","202502304","Case registered at Davanagere PS 15 regarding cheating. Investigation ongoing under IO Unnati."
"2305","202602305","Case registered at Tumakuru PS 24 regarding vehicle theft. Investigation ongoing under IO Samar."
"2306","202502306","Case registered at Kalaburagi PS 24 regarding cheating. Investigation ongoing under IO Yashvi."
"2307","202602307","Case registered at Kolar PS 17 regarding dowry harassment. Investigation ongoing under IO Noah."
"2308","202502308","Case registered at Chitradurga PS 26 regarding grievous hurt. Investigation ongoing under IO Vaishnavi."
"2309","202402309","Case registered at Gadag PS 16 regarding criminal breach of trust. Investigation ongoing under IO Forum."
"2310","202602310","Case registered at Ballari PS 52 regarding attempt to murder. Investigation ongoing under IO Kala."
"2311","202602311","Case registered at Bengaluru Urban PS 85 regarding identity theft. Investigation ongoing under IO Ganga."
"2312","202602312","Case registered at Ballari PS 11 regarding vehicle theft. Investigation ongoing under IO Harshil."
"2313","202402313","Case registered at Yadgir PS 6 regarding online fraud. Investigation ongoing under IO Yashvi."
"2314","202402314","Case registered at Mysuru PS 10 regarding murder. Investigation ongoing under IO Praneel."
"2315","202502315","Case registered at Belagavi PS 39 regarding criminal breach of trust. Investigation ongoing under IO Urvashi."
"2316","202602316","Case registered at Uttara Kannada PS 29 regarding grievous hurt. Investigation ongoing under IO Bimala."
"2317","202302317","Case registered at Chitradurga PS 21 regarding dowry harassment. Investigation ongoing under IO Aadi."
"2318","202502318","Case registered at Bengaluru Urban PS 88 regarding cheating. Investigation ongoing under IO Ekaraj."
"2319","202402319","Case registered at Bagalkot PS 20 regarding burglary. Investigation ongoing under IO Hredhaan."
"2320","202602320","Case registered at Vijayanagara PS 7 regarding domestic violence. Investigation ongoing under IO Reyansh."
"2321","202502321","Case registered at Yadgir PS 1 regarding domestic violence. Investigation ongoing under IO Qabil."
"2322","202302322","Case registered at Tumakuru PS 7 regarding sexual assault. Investigation ongoing under IO Yutika."
"2323","202402323","Case registered at Ramanagara PS 13 regarding criminal breach of trust. Investigation ongoing under IO Nidra."
"2324","202602324","Case registered at Udupi PS 19 regarding attempt to murder. Investigation ongoing under IO Nakul."
"2325","202502325","Case registered at Kolar PS 28 regarding cheating. Investigation ongoing under IO Dhruv."
"2326","202502326","Case registered at Yadgir PS 3 regarding murder. Investigation ongoing under IO Anusha."
"2327","202302327","Case registered at Yadgir PS 7 regarding online fraud. Investigation ongoing under IO Amrita."
"2328","202502328","Case registered at Davanagere PS 4 regarding online fraud. Investigation ongoing under IO Nitesh."
"2329","202302329","Case registered at Vijayapura PS 22 regarding cheating. Investigation ongoing under IO Balendra."
"2330","202402330","Case registered at Hassan PS 12 regarding cheating. Investigation ongoing under IO Yauvani."
"2331","202302331","Case registered at Yadgir PS 28 regarding sexual assault. Investigation ongoing under IO Madhavi."
"2332","202602332","Case registered at Ballari PS 56 regarding sexual assault. Investigation ongoing under IO Jacob."
"2333","202602333","Case registered at Chitradurga PS 11 regarding public nuisance. Investigation ongoing under IO Sanaya."
"2334","202402334","Case registered at Mysuru PS 45 regarding online fraud. Investigation ongoing under IO Gavin."
"2335","202402335","Case registered at Bengaluru Urban PS 61 regarding grievous hurt. Investigation ongoing under IO Amara."
"2336","202502336","Case registered at Chikkaballapur PS 26 regarding criminal breach of trust. Investigation ongoing under IO Max."
"2337","202402337","Case registered at Udupi PS 22 regarding theft. Investigation ongoing under IO Diya."
"2338","202302338","Case registered at Bengaluru Urban PS 63 regarding identity theft. Investigation ongoing under IO Devansh."
"2339","202502339","Case registered at Shivamogga PS 11 regarding identity theft. Investigation ongoing under IO Balveer."
"2340","202502340","Case registered at Dakshina Kannada PS 20 regarding online fraud. Investigation ongoing under IO Damyanti."
"2341","202302341","Case registered at Kalaburagi PS 35 regarding grievous hurt. Investigation ongoing under IO Pranit."
"2342","202502342","Case registered at Mysuru PS 30 regarding online fraud. Investigation ongoing under IO Chakradev."
"2343","202602343","Case registered at Mandya PS 12 regarding attempt to murder. Investigation ongoing under IO Frederick."
"2344","202402344","Case registered at Davanagere PS 29 regarding murder. Investigation ongoing under IO Akshay."
"2345","202302345","Case registered at Uttara Kannada PS 16 regarding vehicle theft. Investigation ongoing under IO Udyati."
"2346","202402346","Case registered at Bengaluru Rural PS 29 regarding murder. Investigation ongoing under IO Dayamai."
"2347","202402347","Case registered at Tumakuru PS 12 regarding public nuisance. Investigation ongoing under IO Alka."
"2348","202402348","Case registered at Chamarajanagar PS 6 regarding vehicle theft. Investigation ongoing under IO Divya."
"2349","202502349","Case registered at Ramanagara PS 28 regarding vehicle theft. Investigation ongoing under IO Madhav."
"2350","202502350","Case registered at Uttara Kannada PS 9 regarding burglary. Investigation ongoing under IO Darsh."
"2351","202602351","Case registered at Vijayanagara PS 19 regarding public nuisance. Investigation ongoing under IO Vincent."
"2352","202602352","Case registered at Uttara Kannada PS 3 regarding grievous hurt. Investigation ongoing under IO Agastya."
"2353","202302353","Case registered at Gadag PS 11 regarding attempt to murder. Investigation ongoing under IO Ekta."
"2354","202402354","Case registered at Bidar PS 4 regarding grievous hurt. Investigation ongoing under IO Varenya."
"2355","202302355","Case registered at Bengaluru Urban PS 51 regarding public nuisance. Investigation ongoing under IO Varsha."
"2356","202602356","Case registered at Chikkaballapur PS 20 regarding theft. Investigation ongoing under IO Udyati."
"2357","202502357","Case registered at Bengaluru Urban PS 107 regarding grievous hurt. Investigation ongoing under IO Zinal."
"2358","202602358","Case registered at Uttara Kannada PS 23 regarding cheating. Investigation ongoing under IO Qabil."
"2359","202602359","Case registered at Kalaburagi PS 31 regarding attempt to murder. Investigation ongoing under IO Gaurangi."
"2360","202302360","Case registered at Raichur PS 9 regarding grievous hurt. Investigation ongoing under IO Anamika."
"2361","202602361","Case registered at Bengaluru Urban PS 44 regarding murder. Investigation ongoing under IO Baljiwan."
"2362","202502362","Case registered at Vijayanagara PS 23 regarding robbery. Investigation ongoing under IO Madhavi."
"2363","202502363","Case registered at Kalaburagi PS 30 regarding criminal breach of trust. Investigation ongoing under IO Charan."
"2364","202502364","Case registered at Ballari PS 36 regarding criminal breach of trust. Investigation ongoing under IO Gagan."
"2365","202502365","Case registered at Hassan PS 20 regarding grievous hurt. Investigation ongoing under IO Reyansh."
"2366","202402366","Case registered at Bengaluru Urban PS 71 regarding robbery. Investigation ongoing under IO Hemangini."
"2367","202402367","Case registered at Bengaluru Urban PS 65 regarding gambling. Investigation ongoing under IO Benjamin."
"2368","202502368","Case registered at Udupi PS 22 regarding vehicle theft. Investigation ongoing under IO Yuvraj."
"2369","202502369","Case registered at Belagavi PS 16 regarding online fraud. Investigation ongoing under IO Nitesh."
"2370","202302370","Case registered at Raichur PS 5 regarding burglary. Investigation ongoing under IO Lajita."
"2371","202602371","Case registered at Udupi PS 9 regarding criminal breach of trust. Investigation ongoing under IO Mohini."
"2372","202302372","Case registered at Bagalkot PS 12 regarding murder. Investigation ongoing under IO Upasna."
"2373","202402373","Case registered at Haveri PS 17 regarding dowry harassment. Investigation ongoing under IO Isaiah."
"2374","202602374","Case registered at Yadgir PS 4 regarding gambling. Investigation ongoing under IO Sachi."
"2375","202402375","Case registered at Bengaluru Urban PS 16 regarding identity theft. Investigation ongoing under IO Zarna."
"2376","202502376","Case registered at Belagavi PS 3 regarding vehicle theft. Investigation ongoing under IO Lajita."
"2377","202602377","Case registered at Koppal PS 18 regarding criminal breach of trust. Investigation ongoing under IO Alka."
"2378","202302378","Case registered at Chamarajanagar PS 12 regarding dowry harassment. Investigation ongoing under IO Kiaan."
"2379","202602379","Case registered at Tumakuru PS 29 regarding gambling. Investigation ongoing under IO Janaki."
"2380","202502380","Case registered at Belagavi PS 3 regarding dowry harassment. Investigation ongoing under IO Liam."
"2381","202502381","Case registered at Vijayapura PS 17 regarding robbery. Investigation ongoing under IO Upadhriti."
"2382","202602382","Case registered at Mandya PS 26 regarding criminal breach of trust. Investigation ongoing under IO Maya."
"2383","202602383","Case registered at Davanagere PS 8 regarding theft. Investigation ongoing under IO Ekapad."
"2384","202402384","Case registered at Koppal PS 19 regarding murder. Investigation ongoing under IO Girish."
"2385","202402385","Case registered at Ballari PS 33 regarding cheating. Investigation ongoing under IO Upma."
"2386","202502386","Case registered at Shivamogga PS 17 regarding dowry harassment. Investigation ongoing under IO Chasmum."
"2387","202402387","Case registered at Belagavi PS 46 regarding online fraud. Investigation ongoing under IO Nandini."
"2388","202602388","Case registered at Bengaluru Urban PS 26 regarding robbery. Investigation ongoing under IO Girish."
"2389","202402389","Case registered at Kodagu PS 29 regarding cheating. Investigation ongoing under IO Yasti."
"2390","202502390","Case registered at Ballari PS 44 regarding gambling. Investigation ongoing under IO Champak."
"2391","202402391","Case registered at Yadgir PS 21 regarding vehicle theft. Investigation ongoing under IO Devika."
"2392","202402392","Case registered at Bengaluru Urban PS 71 regarding domestic violence. Investigation ongoing under IO Amrita."
"2393","202402393","Case registered at Koppal PS 16 regarding cheating. Investigation ongoing under IO Dalaja."
"2394","202502394","Case registered at Uttara Kannada PS 15 regarding sexual assault. Investigation ongoing under IO Jagrati."
"2395","202302395","Case registered at Chikkaballapur PS 29 regarding murder. Investigation ongoing under IO Chaitaly."
"2396","202402396","Case registered at Udupi PS 12 regarding cheating. Investigation ongoing under IO Keya."
"2397","202502397","Case registered at Chamarajanagar PS 11 regarding grievous hurt. Investigation ongoing under IO Aarini."
"2398","202502398","Case registered at Bengaluru Rural PS 18 regarding theft. Investigation ongoing under IO Avi."
"2399","202602399","Case registered at Vijayanagara PS 21 regarding identity theft. Investigation ongoing under IO Ethan."
"2400","202302400","Case registered at Dharwad PS 28 regarding sexual assault. Investigation ongoing under IO Laban."
"2401","202502401","Case registered at Raichur PS 22 regarding cheating. Investigation ongoing under IO Avi."
"2402","202502402","Case registered at Kalaburagi PS 57 regarding burglary. Investigation ongoing under IO Bishakha."
"2403","202302403","Case registered at Chitradurga PS 10 regarding gambling. Investigation ongoing under IO Guneet."
"2404","202302404","Case registered at Chamarajanagar PS 21 regarding online fraud. Investigation ongoing under IO Jason."
"2405","202402405","Case registered at Bagalkot PS 21 regarding criminal breach of trust. Investigation ongoing under IO Devika."
"2406","202302406","Case registered at Belagavi PS 24 regarding online fraud. Investigation ongoing under IO Saanvi."
"2407","202302407","Case registered at Kolar PS 15 regarding dowry harassment. Investigation ongoing under IO Sanaya."
"2408","202502408","Case registered at Mandya PS 27 regarding domestic violence. Investigation ongoing under IO Aadi."
"2409","202402409","Case registered at Uttara Kannada PS 1 regarding grievous hurt. Investigation ongoing under IO Netra."
"2410","202402410","Case registered at Ballari PS 8 regarding gambling. Investigation ongoing under IO Ubika."
"2411","202302411","Case registered at Bengaluru Urban PS 28 regarding online fraud. Investigation ongoing under IO Varenya."
"2412","202402412","Case registered at Belagavi PS 25 regarding gambling. Investigation ongoing under IO Indali."
"2413","202402413","Case registered at Dharwad PS 26 regarding dowry harassment. Investigation ongoing under IO Ekani."
"2414","202602414","Case registered at Bengaluru Rural PS 27 regarding murder. Investigation ongoing under IO Jagdish."
"2415","202302415","Case registered at Tumakuru PS 5 regarding grievous hurt. Investigation ongoing under IO Anusha."
"2416","202302416","Case registered at Tumakuru PS 3 regarding murder. Investigation ongoing under IO Bhavna."
"2417","202402417","Case registered at Ballari PS 1 regarding sexual assault. Investigation ongoing under IO Benjamin."
"2418","202402418","Case registered at Kolar PS 27 regarding burglary. Investigation ongoing under IO Omaja."
"2419","202502419","Case registered at Uttara Kannada PS 24 regarding online fraud. Investigation ongoing under IO Indali."
"2420","202502420","Case registered at Dakshina Kannada PS 20 regarding attempt to murder. Investigation ongoing under IO Mohini."
"2421","202402421","Case registered at Mysuru PS 49 regarding criminal breach of trust. Investigation ongoing under IO Riya."
"2422","202402422","Case registered at Kodagu PS 26 regarding vehicle theft. Investigation ongoing under IO Anmol."
"2423","202502423","Case registered at Bidar PS 16 regarding attempt to murder. Investigation ongoing under IO Nitesh."
"2424","202302424","Case registered at Ballari PS 46 regarding burglary. Investigation ongoing under IO Tanveer."
"2425","202502425","Case registered at Raichur PS 28 regarding identity theft. Investigation ongoing under IO Sanaya."
"2426","202502426","Case registered at Chikkamagaluru PS 19 regarding public nuisance. Investigation ongoing under IO Aradhana."
"2427","202302427","Case registered at Haveri PS 20 regarding gambling. Investigation ongoing under IO Jeevika."
"2428","202302428","Case registered at Hassan PS 1 regarding criminal breach of trust. Investigation ongoing under IO Ojasvi."
"2429","202402429","Case registered at Ballari PS 4 regarding domestic violence. Investigation ongoing under IO Chasmum."
"2430","202302430","Case registered at Chikkaballapur PS 25 regarding sexual assault. Investigation ongoing under IO Shivani."
"2431","202602431","Case registered at Koppal PS 27 regarding gambling. Investigation ongoing under IO Fiyaz."
"2432","202402432","Case registered at Haveri PS 2 regarding dowry harassment. Investigation ongoing under IO Ekbal."
"2433","202302433","Case registered at Gadag PS 24 regarding cheating. Investigation ongoing under IO Gopal."
"2434","202502434","Case registered at Shivamogga PS 29 regarding cheating. Investigation ongoing under IO Kala."
"2435","202602435","Case registered at Yadgir PS 12 regarding dowry harassment. Investigation ongoing under IO Rudra."
"2436","202602436","Case registered at Mandya PS 3 regarding cheating. Investigation ongoing under IO Suhani."
"2437","202602437","Case registered at Mandya PS 1 regarding theft. Investigation ongoing under IO Arjun."
"2438","202402438","Case registered at Udupi PS 7 regarding murder. Investigation ongoing under IO Ishani."
"2439","202402439","Case registered at Bengaluru Urban PS 62 regarding sexual assault. Investigation ongoing under IO Ryan."
"2440","202502440","Case registered at Kalaburagi PS 19 regarding robbery. Investigation ongoing under IO Krishna."
"2441","202402441","Case registered at Mandya PS 4 regarding identity theft. Investigation ongoing under IO Matthew."
"2442","202302442","Case registered at Shivamogga PS 26 regarding dowry harassment. Investigation ongoing under IO Hredhaan."
"2443","202402443","Case registered at Kalaburagi PS 47 regarding gambling. Investigation ongoing under IO Faqid."
"2444","202302444","Case registered at Ramanagara PS 5 regarding gambling. Investigation ongoing under IO Karan."
"2445","202602445","Case registered at Davanagere PS 24 regarding sexual assault. Investigation ongoing under IO Falak."
"2446","202402446","Case registered at Yadgir PS 15 regarding online fraud. Investigation ongoing under IO Ekani."
"2447","202402447","Case registered at Bengaluru Urban PS 52 regarding vehicle theft. Investigation ongoing under IO Laksh."
"2448","202602448","Case registered at Chitradurga PS 4 regarding domestic violence. Investigation ongoing under IO Frado."
"2449","202302449","Case registered at Vijayapura PS 9 regarding dowry harassment. Investigation ongoing under IO Janya."
"2450","202502450","Case registered at Vijayapura PS 16 regarding theft. Investigation ongoing under IO Krisha."
"2451","202502451","Case registered at Tumakuru PS 4 regarding online fraud. Investigation ongoing under IO Aashi."
"2452","202302452","Case registered at Belagavi PS 45 regarding burglary. Investigation ongoing under IO Zayyan."
"2453","202302453","Case registered at Belagavi PS 43 regarding public nuisance. Investigation ongoing under IO Andrew."
"2454","202602454","Case registered at Hassan PS 11 regarding criminal breach of trust. Investigation ongoing under IO Bhavika."
"2455","202302455","Case registered at Chitradurga PS 25 regarding burglary. Investigation ongoing under IO Panini."
"2456","202502456","Case registered at Chikkamagaluru PS 10 regarding identity theft. Investigation ongoing under IO Saanvi."
"2457","202402457","Case registered at Belagavi PS 19 regarding murder. Investigation ongoing under IO Ekiya."
"2458","202502458","Case registered at Ballari PS 39 regarding criminal breach of trust. Investigation ongoing under IO Akshay."
"2459","202602459","Case registered at Raichur PS 13 regarding attempt to murder. Investigation ongoing under IO Chandran."
"2460","202402460","Case registered at Bengaluru Urban PS 112 regarding gambling. Investigation ongoing under IO Yauvani."
"2461","202502461","Case registered at Chitradurga PS 11 regarding cheating. Investigation ongoing under IO Vrinda."
"2462","202302462","Case registered at Kodagu PS 2 regarding identity theft. Investigation ongoing under IO Ryan."
"2463","202302463","Case registered at Bengaluru Rural PS 17 regarding online fraud. Investigation ongoing under IO Amara."
"2464","202402464","Case registered at Gadag PS 12 regarding dowry harassment. Investigation ongoing under IO Meera."
"2465","202402465","Case registered at Bengaluru Urban PS 95 regarding identity theft. Investigation ongoing under IO Jagrati."
"2466","202302466","Case registered at Kalaburagi PS 47 regarding vehicle theft. Investigation ongoing under IO Anirudh."
"2467","202302467","Case registered at Yadgir PS 18 regarding robbery. Investigation ongoing under IO Henry."
"2468","202402468","Case registered at Kalaburagi PS 28 regarding murder. Investigation ongoing under IO Aadi."
"2469","202402469","Case registered at Kalaburagi PS 19 regarding theft. Investigation ongoing under IO Anita."
"2470","202302470","Case registered at Mysuru PS 33 regarding cheating. Investigation ongoing under IO Xalak."
"2471","202302471","Case registered at Bidar PS 26 regarding gambling. Investigation ongoing under IO Aishani."
"2472","202302472","Case registered at Bagalkot PS 19 regarding gambling. Investigation ongoing under IO Yochana."
"2473","202502473","Case registered at Davanagere PS 3 regarding identity theft. Investigation ongoing under IO Jairaj."
"2474","202502474","Case registered at Shivamogga PS 3 regarding gambling. Investigation ongoing under IO Jacob."
"2475","202502475","Case registered at Chamarajanagar PS 15 regarding criminal breach of trust. Investigation ongoing under IO Jack."
"2476","202402476","Case registered at Chamarajanagar PS 8 regarding dowry harassment. Investigation ongoing under IO Ishita."
"2477","202402477","Case registered at Kalaburagi PS 7 regarding gambling. Investigation ongoing under IO Lajita."
"2478","202302478","Case registered at Bengaluru Urban PS 15 regarding criminal breach of trust. Investigation ongoing under IO Yamini."
"2479","202502479","Case registered at Vijayapura PS 29 regarding sexual assault. Investigation ongoing under IO Pooja."
"2480","202302480","Case registered at Tumakuru PS 12 regarding cheating. Investigation ongoing under IO Vivaan."
"2481","202502481","Case registered at Uttara Kannada PS 23 regarding sexual assault. Investigation ongoing under IO Ucchal."
"2482","202502482","Case registered at Bagalkot PS 26 regarding cheating. Investigation ongoing under IO Anmol."
"2483","202302483","Case registered at Bengaluru Urban PS 57 regarding theft. Investigation ongoing under IO Vincent."
"2484","202502484","Case registered at Vijayapura PS 9 regarding gambling. Investigation ongoing under IO Frado."
"2485","202602485","Case registered at Gadag PS 27 regarding online fraud. Investigation ongoing under IO Gautami."
"2486","202402486","Case registered at Chikkaballapur PS 5 regarding gambling. Investigation ongoing under IO Laksh."
"2487","202402487","Case registered at Kodagu PS 29 regarding identity theft. Investigation ongoing under IO Omaja."
"2488","202502488","Case registered at Yadgir PS 21 regarding identity theft. Investigation ongoing under IO Zashil."
"2489","202302489","Case registered at Ballari PS 53 regarding burglary. Investigation ongoing under IO Maya."
"2490","202402490","Case registered at Gadag PS 20 regarding online fraud. Investigation ongoing under IO Mahika."
"2491","202302491","Case registered at Kolar PS 17 regarding vehicle theft. Investigation ongoing under IO Nisha."
"2492","202402492","Case registered at Mysuru PS 48 regarding domestic violence. Investigation ongoing under IO Daniel."
"2493","202402493","Case registered at Mysuru PS 11 regarding vehicle theft. Investigation ongoing under IO Utkarsh."
"2494","202402494","Case registered at Bengaluru Urban PS 77 regarding domestic violence. Investigation ongoing under IO Girish."
"2495","202502495","Case registered at Bengaluru Rural PS 6 regarding identity theft. Investigation ongoing under IO Naveen."
"2496","202302496","Case registered at Vijayanagara PS 4 regarding murder. Investigation ongoing under IO Ishanvi."
"2497","202502497","Case registered at Chikkaballapur PS 3 regarding sexual assault. Investigation ongoing under IO Manan."
"2498","202402498","Case registered at Chamarajanagar PS 8 regarding murder. Investigation ongoing under IO Nakul."
"2499","202502499","Case registered at Bengaluru Urban PS 65 regarding attempt to murder. Investigation ongoing under IO Chandani."
"2500","202302500","Case registered at Vijayanagara PS 13 regarding public nuisance. Investigation ongoing under IO Omaja."
"2501","202602501","Case registered at Bengaluru Urban PS 61 regarding cheating. Investigation ongoing under IO Nakul."
"2502","202302502","Case registered at Shivamogga PS 17 regarding cheating. Investigation ongoing under IO Onkar."
"2503","202302503","Case registered at Chamarajanagar PS 2 regarding burglary. Investigation ongoing under IO Maya."
"2504","202302504","Case registered at Mysuru PS 23 regarding criminal breach of trust. Investigation ongoing under IO Alka."
"2505","202402505","Case registered at Dharwad PS 9 regarding criminal breach of trust. Investigation ongoing under IO Deepa."
"2506","202602506","Case registered at Mysuru PS 9 regarding public nuisance. Investigation ongoing under IO Krishna."
"2507","202302507","Case registered at Haveri PS 23 regarding criminal breach of trust. Investigation ongoing under IO Siya."
"2508","202602508","Case registered at Belagavi PS 21 regarding sexual assault. Investigation ongoing under IO Girish."
"2509","202502509","Case registered at Kodagu PS 5 regarding burglary. Investigation ongoing under IO Nathaniel."
"2510","202602510","Case registered at Shivamogga PS 12 regarding criminal breach of trust. Investigation ongoing under IO Advaith."
"2511","202502511","Case registered at Bengaluru Rural PS 4 regarding gambling. Investigation ongoing under IO Vritti."
"2512","202502512","Case registered at Ramanagara PS 27 regarding sexual assault. Investigation ongoing under IO Amara."
"2513","202502513","Case registered at Dharwad PS 10 regarding robbery. Investigation ongoing under IO Wazir."
"2514","202402514","Case registered at Dakshina Kannada PS 32 regarding public nuisance. Investigation ongoing under IO Chaitanya."
"2515","202302515","Case registered at Belagavi PS 4 regarding gambling. Investigation ongoing under IO Kashvi."
"2516","202302516","Case registered at Vijayanagara PS 22 regarding dowry harassment. Investigation ongoing under IO Eshana."
"2517","202602517","Case registered at Chikkaballapur PS 27 regarding public nuisance. Investigation ongoing under IO Tripti."
"2518","202302518","Case registered at Ramanagara PS 2 regarding online fraud. Investigation ongoing under IO Omisha."
"2519","202602519","Case registered at Bengaluru Urban PS 107 regarding identity theft. Investigation ongoing under IO Jalsa."
"2520","202502520","Case registered at Tumakuru PS 23 regarding murder. Investigation ongoing under IO Mahika."
"2521","202502521","Case registered at Ramanagara PS 25 regarding grievous hurt. Investigation ongoing under IO Gautam."
"2522","202302522","Case registered at Vijayapura PS 18 regarding online fraud. Investigation ongoing under IO Xiti."
"2523","202602523","Case registered at Chikkamagaluru PS 16 regarding criminal breach of trust. Investigation ongoing under IO Hemang."
"2524","202302524","Case registered at Ballari PS 56 regarding identity theft. Investigation ongoing under IO Anya."
"2525","202402525","Case registered at Ballari PS 11 regarding gambling. Investigation ongoing under IO Yashodhara."
"2526","202602526","Case registered at Dakshina Kannada PS 23 regarding online fraud. Investigation ongoing under IO Anusha."
"2527","202502527","Case registered at Dharwad PS 17 regarding criminal breach of trust. Investigation ongoing under IO Odika."
"2528","202402528","Case registered at Bengaluru Urban PS 1 regarding online fraud. Investigation ongoing under IO Ekaraj."
"2529","202502529","Case registered at Davanagere PS 23 regarding identity theft. Investigation ongoing under IO Aarav."
"2530","202502530","Case registered at Chitradurga PS 14 regarding criminal breach of trust. Investigation ongoing under IO Nitara."
"2531","202502531","Case registered at Chikkamagaluru PS 17 regarding theft. Investigation ongoing under IO Warinder."
"2532","202302532","Case registered at Davanagere PS 14 regarding criminal breach of trust. Investigation ongoing under IO Yadavi."
"2533","202502533","Case registered at Hassan PS 27 regarding domestic violence. Investigation ongoing under IO Zarna."
"2534","202402534","Case registered at Raichur PS 10 regarding online fraud. Investigation ongoing under IO Chatura."
"2535","202302535","Case registered at Haveri PS 22 regarding gambling. Investigation ongoing under IO Noah."
"2536","202502536","Case registered at Udupi PS 11 regarding criminal breach of trust. Investigation ongoing under IO Lakshit."
"2537","202502537","Case registered at Chikkaballapur PS 15 regarding criminal breach of trust. Investigation ongoing under IO Xavier."
"2538","202502538","Case registered at Chikkaballapur PS 1 regarding sexual assault. Investigation ongoing under IO Vasatika."
"2539","202402539","Case registered at Mandya PS 10 regarding domestic violence. Investigation ongoing under IO Yauvani."
"2540","202402540","Case registered at Kalaburagi PS 16 regarding online fraud. Investigation ongoing under IO Kevin."
"2541","202402541","Case registered at Kolar PS 23 regarding dowry harassment. Investigation ongoing under IO Gautam."
"2542","202302542","Case registered at Vijayanagara PS 28 regarding sexual assault. Investigation ongoing under IO Fariq."
"2543","202502543","Case registered at Belagavi PS 11 regarding online fraud. Investigation ongoing under IO Harsh."
"2544","202602544","Case registered at Mysuru PS 31 regarding criminal breach of trust. Investigation ongoing under IO Keya."
"2545","202302545","Case registered at Ramanagara PS 9 regarding gambling. Investigation ongoing under IO Yashodhara."
"2546","202302546","Case registered at Bagalkot PS 17 regarding robbery. Investigation ongoing under IO Advay."
"2547","202302547","Case registered at Belagavi PS 1 regarding grievous hurt. Investigation ongoing under IO Jeremiah."
"2548","202502548","Case registered at Chikkaballapur PS 20 regarding cheating. Investigation ongoing under IO Yasti."
"2549","202302549","Case registered at Chikkamagaluru PS 23 regarding criminal breach of trust. Investigation ongoing under IO Krisha."
"2550","202402550","Case registered at Haveri PS 27 regarding identity theft. Investigation ongoing under IO Ekalinga."
"2551","202402551","Case registered at Mysuru PS 1 regarding cheating. Investigation ongoing under IO Bishakha."
"2552","202402552","Case registered at Shivamogga PS 2 regarding online fraud. Investigation ongoing under IO Jasmit."
"2553","202502553","Case registered at Koppal PS 28 regarding cheating. Investigation ongoing under IO Zaid."
"2554","202302554","Case registered at Kalaburagi PS 11 regarding robbery. Investigation ongoing under IO Abeer."
"2555","202502555","Case registered at Uttara Kannada PS 24 regarding public nuisance. Investigation ongoing under IO Avi."
"2556","202302556","Case registered at Udupi PS 9 regarding vehicle theft. Investigation ongoing under IO Kiaan."
"2557","202402557","Case registered at Vijayapura PS 3 regarding identity theft. Investigation ongoing under IO Udarsh."
"2558","202502558","Case registered at Bengaluru Urban PS 21 regarding murder. Investigation ongoing under IO Guneet."
"2559","202302559","Case registered at Chikkamagaluru PS 5 regarding attempt to murder. Investigation ongoing under IO Maanav."
"2560","202402560","Case registered at Bengaluru Rural PS 26 regarding theft. Investigation ongoing under IO Ekaraj."
"2561","202302561","Case registered at Bengaluru Rural PS 21 regarding public nuisance. Investigation ongoing under IO Qasim."
"2562","202502562","Case registered at Ballari PS 55 regarding gambling. Investigation ongoing under IO Nathaniel."
"2563","202502563","Case registered at Bidar PS 12 regarding robbery. Investigation ongoing under IO Aachal."
"2564","202602564","Case registered at Uttara Kannada PS 23 regarding grievous hurt. Investigation ongoing under IO Krisha."
"2565","202302565","Case registered at Bengaluru Urban PS 90 regarding sexual assault. Investigation ongoing under IO Alka."
"2566","202302566","Case registered at Mysuru PS 30 regarding cheating. Investigation ongoing under IO Akshay."
"2567","202302567","Case registered at Ramanagara PS 3 regarding attempt to murder. Investigation ongoing under IO Bahadurjit."
"2568","202302568","Case registered at Bengaluru Urban PS 15 regarding public nuisance. Investigation ongoing under IO Zayan."
"2569","202302569","Case registered at Kodagu PS 4 regarding dowry harassment. Investigation ongoing under IO Manthan."
"2570","202402570","Case registered at Chitradurga PS 24 regarding vehicle theft. Investigation ongoing under IO Vidhi."
"2571","202302571","Case registered at Bagalkot PS 17 regarding cheating. Investigation ongoing under IO Vasatika."
"2572","202502572","Case registered at Koppal PS 14 regarding dowry harassment. Investigation ongoing under IO Ekantika."
"2573","202302573","Case registered at Dakshina Kannada PS 6 regarding attempt to murder. Investigation ongoing under IO Vasudha."
"2574","202402574","Case registered at Bengaluru Rural PS 25 regarding cheating. Investigation ongoing under IO Hemang."
"2575","202302575","Case registered at Haveri PS 25 regarding burglary. Investigation ongoing under IO Ladli."
"2576","202602576","Case registered at Ramanagara PS 23 regarding murder. Investigation ongoing under IO Chameli."
"2577","202402577","Case registered at Haveri PS 19 regarding grievous hurt. Investigation ongoing under IO Banjeet."
"2578","202402578","Case registered at Bagalkot PS 1 regarding identity theft. Investigation ongoing under IO Leela."
"2579","202402579","Case registered at Vijayanagara PS 8 regarding murder. Investigation ongoing under IO Shaurya."
"2580","202302580","Case registered at Bengaluru Urban PS 95 regarding vehicle theft. Investigation ongoing under IO Oni."
"2581","202302581","Case registered at Kalaburagi PS 38 regarding gambling. Investigation ongoing under IO Kashvi."
"2582","202602582","Case registered at Dakshina Kannada PS 15 regarding burglary. Investigation ongoing under IO Dalbir."
"2583","202402583","Case registered at Belagavi PS 6 regarding public nuisance. Investigation ongoing under IO Kashish."
"2584","202302584","Case registered at Kalaburagi PS 52 regarding criminal breach of trust. Investigation ongoing under IO Urishilla."
"2585","202402585","Case registered at Kodagu PS 27 regarding burglary. Investigation ongoing under IO Garima."
"2586","202402586","Case registered at Vijayapura PS 15 regarding public nuisance. Investigation ongoing under IO Zashil."
"2587","202302587","Case registered at Kalaburagi PS 6 regarding robbery. Investigation ongoing under IO Aradhana."
"2588","202302588","Case registered at Uttara Kannada PS 23 regarding sexual assault. Investigation ongoing under IO Faras."
"2589","202502589","Case registered at Chamarajanagar PS 4 regarding grievous hurt. Investigation ongoing under IO Madhavi."
"2590","202302590","Case registered at Vijayapura PS 24 regarding grievous hurt. Investigation ongoing under IO Rajata."
"2591","202302591","Case registered at Uttara Kannada PS 26 regarding identity theft. Investigation ongoing under IO Benjamin."
"2592","202402592","Case registered at Hassan PS 2 regarding criminal breach of trust. Investigation ongoing under IO Omya."
"2593","202402593","Case registered at Mysuru PS 50 regarding burglary. Investigation ongoing under IO Jagrati."
"2594","202502594","Case registered at Ballari PS 5 regarding burglary. Investigation ongoing under IO Gunbir."
"2595","202502595","Case registered at Chamarajanagar PS 26 regarding dowry harassment. Investigation ongoing under IO Jackson."
"2596","202602596","Case registered at Chikkamagaluru PS 11 regarding identity theft. Investigation ongoing under IO Jagvi."
"2597","202502597","Case registered at Kodagu PS 19 regarding gambling. Investigation ongoing under IO Bakhshi."
"2598","202502598","Case registered at Ramanagara PS 22 regarding criminal breach of trust. Investigation ongoing under IO Warjas."
"2599","202302599","Case registered at Vijayapura PS 24 regarding gambling. Investigation ongoing under IO Chakradev."
"2600","202502600","Case registered at Ballari PS 7 regarding murder. Investigation ongoing under IO Dalbir."
"2601","202302601","Case registered at Haveri PS 29 regarding robbery. Investigation ongoing under IO Brinda."
"2602","202602602","Case registered at Bengaluru Rural PS 23 regarding robbery. Investigation ongoing under IO Urvi."
"2603","202402603","Case registered at Vijayapura PS 27 regarding public nuisance. Investigation ongoing under IO Robert."
"2604","202302604","Case registered at Ramanagara PS 13 regarding online fraud. Investigation ongoing under IO Aahana."
"2605","202302605","Case registered at Belagavi PS 29 regarding gambling. Investigation ongoing under IO Siya."
"2606","202302606","Case registered at Dharwad PS 26 regarding cheating. Investigation ongoing under IO Teerth."
"2607","202402607","Case registered at Chitradurga PS 4 regarding gambling. Investigation ongoing under IO Yug."
"2608","202302608","Case registered at Tumakuru PS 22 regarding vehicle theft. Investigation ongoing under IO Manthan."
"2609","202602609","Case registered at Dakshina Kannada PS 37 regarding public nuisance. Investigation ongoing under IO Chatresh."
"2610","202502610","Case registered at Tumakuru PS 22 regarding theft. Investigation ongoing under IO Riya."
"2611","202502611","Case registered at Belagavi PS 21 regarding public nuisance. Investigation ongoing under IO Parth."
"2612","202402612","Case registered at Vijayanagara PS 21 regarding criminal breach of trust. Investigation ongoing under IO Gayathri."
"2613","202402613","Case registered at Kolar PS 17 regarding cheating. Investigation ongoing under IO Jalsa."
"2614","202502614","Case registered at Mandya PS 19 regarding burglary. Investigation ongoing under IO Libni."
"2615","202302615","Case registered at Kolar PS 26 regarding murder. Investigation ongoing under IO Divya."
"2616","202502616","Case registered at Hassan PS 28 regarding domestic violence. Investigation ongoing under IO Upkaar."
"2617","202402617","Case registered at Udupi PS 28 regarding vehicle theft. Investigation ongoing under IO Yagnesh."
"2618","202602618","Case registered at Haveri PS 6 regarding gambling. Investigation ongoing under IO Jagrati."
"2619","202602619","Case registered at Hassan PS 8 regarding cheating. Investigation ongoing under IO Anjali."
"2620","202502620","Case registered at Vijayanagara PS 26 regarding burglary. Investigation ongoing under IO Lekha."
"2621","202302621","Case registered at Raichur PS 28 regarding gambling. Investigation ongoing under IO Sachi."
"2622","202302622","Case registered at Bengaluru Urban PS 11 regarding identity theft. Investigation ongoing under IO David."
"2623","202502623","Case registered at Bengaluru Urban PS 74 regarding burglary. Investigation ongoing under IO Reva."
"2624","202302624","Case registered at Chikkamagaluru PS 5 regarding murder. Investigation ongoing under IO Timothy."
"2625","202302625","Case registered at Kalaburagi PS 29 regarding grievous hurt. Investigation ongoing under IO Fariq."
"2626","202602626","Case registered at Mysuru PS 38 regarding public nuisance. Investigation ongoing under IO Garima."
"2627","202502627","Case registered at Kalaburagi PS 1 regarding gambling. Investigation ongoing under IO Karan."
"2628","202502628","Case registered at Chamarajanagar PS 15 regarding criminal breach of trust. Investigation ongoing under IO Kashvi."
"2629","202302629","Case registered at Dharwad PS 26 regarding criminal breach of trust. Investigation ongoing under IO Riya."
"2630","202302630","Case registered at Dakshina Kannada PS 21 regarding murder. Investigation ongoing under IO Darpan."
"2631","202402631","Case registered at Mysuru PS 49 regarding grievous hurt. Investigation ongoing under IO Mekhala."
"2632","202602632","Case registered at Chikkamagaluru PS 25 regarding sexual assault. Investigation ongoing under IO Charvi."
"2633","202302633","Case registered at Chitradurga PS 23 regarding identity theft. Investigation ongoing under IO Yashasvi."
"2634","202502634","Case registered at Kodagu PS 6 regarding attempt to murder. Investigation ongoing under IO Charles."
"2635","202302635","Case registered at Dakshina Kannada PS 9 regarding public nuisance. Investigation ongoing under IO Tejas."
"2636","202602636","Case registered at Bengaluru Urban PS 79 regarding online fraud. Investigation ongoing under IO Yashawini."
"2637","202502637","Case registered at Chikkaballapur PS 2 regarding murder. Investigation ongoing under IO Frederick."
"2638","202302638","Case registered at Haveri PS 15 regarding burglary. Investigation ongoing under IO Chakrika."
"2639","202402639","Case registered at Davanagere PS 2 regarding public nuisance. Investigation ongoing under IO Vanya."
"2640","202502640","Case registered at Vijayapura PS 6 regarding grievous hurt. Investigation ongoing under IO Falan."
"2641","202302641","Case registered at Tumakuru PS 11 regarding public nuisance. Investigation ongoing under IO Frederick."
"2642","202502642","Case registered at Uttara Kannada PS 27 regarding online fraud. Investigation ongoing under IO Jagvi."
"2643","202402643","Case registered at Belagavi PS 46 regarding cheating. Investigation ongoing under IO Gaurika."
"2644","202402644","Case registered at Bengaluru Rural PS 1 regarding burglary. Investigation ongoing under IO Abdul."
"2645","202402645","Case registered at Mysuru PS 28 regarding public nuisance. Investigation ongoing under IO Caleb."
"2646","202302646","Case registered at Raichur PS 26 regarding robbery. Investigation ongoing under IO Aachal."
"2647","202502647","Case registered at Kalaburagi PS 24 regarding public nuisance. Investigation ongoing under IO Chatura."
"2648","202302648","Case registered at Ramanagara PS 3 regarding murder. Investigation ongoing under IO Dalaja."
"2649","202502649","Case registered at Kolar PS 12 regarding domestic violence. Investigation ongoing under IO Dipta."
"2650","202602650","Case registered at Shivamogga PS 23 regarding burglary. Investigation ongoing under IO Oviya."
"2651","202402651","Case registered at Chikkaballapur PS 28 regarding sexual assault. Investigation ongoing under IO Urvashi."
"2652","202402652","Case registered at Kodagu PS 16 regarding domestic violence. Investigation ongoing under IO Akshay."
"2653","202302653","Case registered at Kodagu PS 28 regarding online fraud. Investigation ongoing under IO Yatin."
"2654","202502654","Case registered at Uttara Kannada PS 17 regarding attempt to murder. Investigation ongoing under IO Harish."
"2655","202602655","Case registered at Tumakuru PS 7 regarding public nuisance. Investigation ongoing under IO Madhavi."
"2656","202302656","Case registered at Belagavi PS 32 regarding burglary. Investigation ongoing under IO Tejas."
"2657","202302657","Case registered at Chikkamagaluru PS 9 regarding sexual assault. Investigation ongoing under IO Hritik."
"2658","202502658","Case registered at Ballari PS 35 regarding criminal breach of trust. Investigation ongoing under IO Chatura."
"2659","202502659","Case registered at Belagavi PS 17 regarding dowry harassment. Investigation ongoing under IO Rudra."
"2660","202302660","Case registered at Bagalkot PS 21 regarding criminal breach of trust. Investigation ongoing under IO Qushi."
"2661","202502661","Case registered at Raichur PS 13 regarding cheating. Investigation ongoing under IO Yasti."
"2662","202502662","Case registered at Belagavi PS 31 regarding criminal breach of trust. Investigation ongoing under IO Laksh."
"2663","202402663","Case registered at Tumakuru PS 3 regarding domestic violence. Investigation ongoing under IO Faraj."
"2664","202302664","Case registered at Bagalkot PS 18 regarding online fraud. Investigation ongoing under IO Wishi."
"2665","202402665","Case registered at Chikkamagaluru PS 8 regarding dowry harassment. Investigation ongoing under IO Bhavika."
"2666","202302666","Case registered at Bengaluru Urban PS 37 regarding online fraud. Investigation ongoing under IO Lakshit."
"2667","202502667","Case registered at Bengaluru Urban PS 31 regarding gambling. Investigation ongoing under IO Om."
"2668","202502668","Case registered at Chamarajanagar PS 1 regarding sexual assault. Investigation ongoing under IO George."
"2669","202502669","Case registered at Ballari PS 55 regarding robbery. Investigation ongoing under IO Chanakya."
"2670","202502670","Case registered at Dakshina Kannada PS 17 regarding vehicle theft. Investigation ongoing under IO Lekha."
"2671","202402671","Case registered at Bengaluru Urban PS 11 regarding dowry harassment. Investigation ongoing under IO Chasmum."
"2672","202302672","Case registered at Mysuru PS 7 regarding criminal breach of trust. Investigation ongoing under IO Timothy."
"2673","202502673","Case registered at Chamarajanagar PS 10 regarding dowry harassment. Investigation ongoing under IO Maanav."
"2674","202602674","Case registered at Mandya PS 6 regarding robbery. Investigation ongoing under IO Onkar."
"2675","202302675","Case registered at Ballari PS 11 regarding criminal breach of trust. Investigation ongoing under IO Oni."
"2676","202302676","Case registered at Belagavi PS 14 regarding attempt to murder. Investigation ongoing under IO Neelima."
"2677","202502677","Case registered at Ballari PS 36 regarding identity theft. Investigation ongoing under IO Rushil."
"2678","202402678","Case registered at Gadag PS 23 regarding domestic violence. Investigation ongoing under IO Lajita."
"2679","202602679","Case registered at Koppal PS 14 regarding domestic violence. Investigation ongoing under IO Jairaj."
"2680","202402680","Case registered at Raichur PS 15 regarding online fraud. Investigation ongoing under IO Ishani."
"2681","202302681","Case registered at Dharwad PS 20 regarding online fraud. Investigation ongoing under IO Forum."
"2682","202302682","Case registered at Yadgir PS 4 regarding murder. Investigation ongoing under IO Waida."
"2683","202402683","Case registered at Chitradurga PS 23 regarding burglary. Investigation ongoing under IO Chatura."
"2684","202402684","Case registered at Bidar PS 7 regarding gambling. Investigation ongoing under IO Yochana."
"2685","202602685","Case registered at Haveri PS 3 regarding public nuisance. Investigation ongoing under IO Bachittar."
"2686","202502686","Case registered at Belagavi PS 38 regarding identity theft. Investigation ongoing under IO Ikbal."
"2687","202402687","Case registered at Yadgir PS 10 regarding public nuisance. Investigation ongoing under IO Krisha."
"2688","202502688","Case registered at Uttara Kannada PS 17 regarding robbery. Investigation ongoing under IO Chakradhar."
"2689","202402689","Case registered at Dakshina Kannada PS 43 regarding identity theft. Investigation ongoing under IO Bimala."
"2690","202402690","Case registered at Hassan PS 2 regarding identity theft. Investigation ongoing under IO Ekantika."
"2691","202502691","Case registered at Bengaluru Urban PS 18 regarding domestic violence. Investigation ongoing under IO Faraj."
"2692","202502692","Case registered at Mysuru PS 44 regarding public nuisance. Investigation ongoing under IO Xavier."
"2693","202302693","Case registered at Hassan PS 5 regarding sexual assault. Investigation ongoing under IO Mason."
"2694","202302694","Case registered at Uttara Kannada PS 10 regarding attempt to murder. Investigation ongoing under IO Neel."
"2695","202402695","Case registered at Kalaburagi PS 40 regarding identity theft. Investigation ongoing under IO Aashi."
"2696","202502696","Case registered at Kalaburagi PS 46 regarding vehicle theft. Investigation ongoing under IO Ishanvi."
"2697","202302697","Case registered at Dharwad PS 24 regarding criminal breach of trust. Investigation ongoing under IO Garima."
"2698","202602698","Case registered at Chitradurga PS 23 regarding criminal breach of trust. Investigation ongoing under IO Hamsini."
"2699","202602699","Case registered at Chikkaballapur PS 2 regarding identity theft. Investigation ongoing under IO Warda."
"2700","202602700","Case registered at Davanagere PS 26 regarding attempt to murder. Investigation ongoing under IO Banjeet."
"2701","202402701","Case registered at Kalaburagi PS 46 regarding grievous hurt. Investigation ongoing under IO Upadhriti."
"2702","202602702","Case registered at Tumakuru PS 19 regarding cheating. Investigation ongoing under IO Devansh."
"2703","202502703","Case registered at Bengaluru Urban PS 32 regarding murder. Investigation ongoing under IO Zayan."
"2704","202302704","Case registered at Mysuru PS 55 regarding murder. Investigation ongoing under IO Raksha."
"2705","202602705","Case registered at Shivamogga PS 9 regarding murder. Investigation ongoing under IO Indira."
"2706","202302706","Case registered at Udupi PS 15 regarding burglary. Investigation ongoing under IO Omkaar."
"2707","202502707","Case registered at Belagavi PS 45 regarding robbery. Investigation ongoing under IO Jeevika."
"2708","202302708","Case registered at Bengaluru Urban PS 61 regarding cheating. Investigation ongoing under IO Bhavika."
"2709","202402709","Case registered at Chitradurga PS 7 regarding burglary. Investigation ongoing under IO Qushi."
"2710","202402710","Case registered at Dakshina Kannada PS 32 regarding burglary. Investigation ongoing under IO Radhika."
"2711","202402711","Case registered at Hassan PS 15 regarding gambling. Investigation ongoing under IO Tejas."
"2712","202302712","Case registered at Chamarajanagar PS 14 regarding identity theft. Investigation ongoing under IO Damini."
"2713","202502713","Case registered at Ramanagara PS 23 regarding cheating. Investigation ongoing under IO Gautami."
"2714","202402714","Case registered at Bengaluru Urban PS 55 regarding cheating. Investigation ongoing under IO Omkaar."
"2715","202402715","Case registered at Shivamogga PS 13 regarding domestic violence. Investigation ongoing under IO Vamakshi."
"2716","202302716","Case registered at Dakshina Kannada PS 42 regarding murder. Investigation ongoing under IO Anita."
"2717","202402717","Case registered at Gadag PS 1 regarding identity theft. Investigation ongoing under IO Charles."
"2718","202602718","Case registered at Chikkamagaluru PS 22 regarding public nuisance. Investigation ongoing under IO Kashvi."
"2719","202602719","Case registered at Vijayanagara PS 18 regarding sexual assault. Investigation ongoing under IO Niharika."
"2720","202602720","Case registered at Kalaburagi PS 40 regarding gambling. Investigation ongoing under IO Nandini."
"2721","202502721","Case registered at Bagalkot PS 7 regarding gambling. Investigation ongoing under IO Brinda."
"2722","202502722","Case registered at Tumakuru PS 4 regarding vehicle theft. Investigation ongoing under IO Ekansh."
"2723","202502723","Case registered at Mysuru PS 45 regarding gambling. Investigation ongoing under IO Viraj."
"2724","202302724","Case registered at Chikkaballapur PS 29 regarding public nuisance. Investigation ongoing under IO Jason."
"2725","202502725","Case registered at Vijayanagara PS 8 regarding criminal breach of trust. Investigation ongoing under IO Gunbir."
"2726","202602726","Case registered at Udupi PS 14 regarding cheating. Investigation ongoing under IO Qadim."
"2727","202302727","Case registered at Bengaluru Urban PS 8 regarding grievous hurt. Investigation ongoing under IO Bachittar."
"2728","202302728","Case registered at Bengaluru Urban PS 61 regarding public nuisance. Investigation ongoing under IO Yahvi."
"2729","202302729","Case registered at Raichur PS 19 regarding attempt to murder. Investigation ongoing under IO Januja."
"2730","202602730","Case registered at Bengaluru Urban PS 43 regarding attempt to murder. Investigation ongoing under IO Chasmum."
"2731","202402731","Case registered at Bengaluru Urban PS 69 regarding cheating. Investigation ongoing under IO Om."
"2732","202302732","Case registered at Bengaluru Urban PS 12 regarding cheating. Investigation ongoing under IO Ryan."
"2733","202602733","Case registered at Chikkamagaluru PS 24 regarding theft. Investigation ongoing under IO Saanvi."
"2734","202402734","Case registered at Raichur PS 6 regarding cheating. Investigation ongoing under IO Logan."
"2735","202302735","Case registered at Shivamogga PS 16 regarding criminal breach of trust. Investigation ongoing under IO Kashvi."
"2736","202302736","Case registered at Bengaluru Rural PS 12 regarding identity theft. Investigation ongoing under IO Ria."
"2737","202602737","Case registered at Bagalkot PS 5 regarding identity theft. Investigation ongoing under IO Anmol."
"2738","202502738","Case registered at Davanagere PS 29 regarding identity theft. Investigation ongoing under IO Bachittar."
"2739","202602739","Case registered at Haveri PS 15 regarding identity theft. Investigation ongoing under IO Ishaan."
"2740","202302740","Case registered at Kodagu PS 29 regarding murder. Investigation ongoing under IO Brijesh."
"2741","202602741","Case registered at Kolar PS 27 regarding robbery. Investigation ongoing under IO Parth."
"2742","202402742","Case registered at Bengaluru Urban PS 98 regarding online fraud. Investigation ongoing under IO Karan."
"2743","202402743","Case registered at Bengaluru Urban PS 21 regarding grievous hurt. Investigation ongoing under IO Yasti."
"2744","202602744","Case registered at Bidar PS 10 regarding burglary. Investigation ongoing under IO Daksha."
"2745","202502745","Case registered at Bengaluru Urban PS 46 regarding murder. Investigation ongoing under IO Hemal."
"2746","202302746","Case registered at Mysuru PS 12 regarding public nuisance. Investigation ongoing under IO Ekantika."
"2747","202602747","Case registered at Bengaluru Urban PS 11 regarding public nuisance. Investigation ongoing under IO Varenya."
"2748","202502748","Case registered at Koppal PS 9 regarding murder. Investigation ongoing under IO Owen."
"2749","202402749","Case registered at Vijayapura PS 6 regarding gambling. Investigation ongoing under IO Harish."
"2750","202402750","Case registered at Belagavi PS 17 regarding theft. Investigation ongoing under IO Eiravati."
"2751","202602751","Case registered at Belagavi PS 6 regarding attempt to murder. Investigation ongoing under IO Hemangini."
"2752","202502752","Case registered at Mandya PS 21 regarding dowry harassment. Investigation ongoing under IO Hemal."
"2753","202602753","Case registered at Chitradurga PS 19 regarding attempt to murder. Investigation ongoing under IO Chatura."
"2754","202302754","Case registered at Tumakuru PS 3 regarding attempt to murder. Investigation ongoing under IO Kalpit."
"2755","202402755","Case registered at Uttara Kannada PS 3 regarding cheating. Investigation ongoing under IO Sai."
"2756","202302756","Case registered at Yadgir PS 25 regarding grievous hurt. Investigation ongoing under IO Yuvraj."
"2757","202402757","Case registered at Chikkamagaluru PS 26 regarding criminal breach of trust. Investigation ongoing under IO Karan."
"2758","202302758","Case registered at Bengaluru Rural PS 23 regarding grievous hurt. Investigation ongoing under IO Siya."
"2759","202302759","Case registered at Shivamogga PS 27 regarding gambling. Investigation ongoing under IO Vedika."
"2760","202402760","Case registered at Ramanagara PS 13 regarding gambling. Investigation ongoing under IO Rayaan."
"2761","202602761","Case registered at Ramanagara PS 15 regarding attempt to murder. Investigation ongoing under IO Nakul."
"2762","202602762","Case registered at Bengaluru Urban PS 41 regarding vehicle theft. Investigation ongoing under IO Ekani."
"2763","202402763","Case registered at Chikkamagaluru PS 27 regarding gambling. Investigation ongoing under IO Chandresh."
"2764","202502764","Case registered at Bengaluru Urban PS 83 regarding theft. Investigation ongoing under IO Waida."
"2765","202402765","Case registered at Chikkamagaluru PS 1 regarding vehicle theft. Investigation ongoing under IO Om."
"2766","202402766","Case registered at Haveri PS 15 regarding cheating. Investigation ongoing under IO Udant."
"2767","202502767","Case registered at Mysuru PS 57 regarding gambling. Investigation ongoing under IO Gautami."
"2768","202302768","Case registered at Yadgir PS 5 regarding grievous hurt. Investigation ongoing under IO Faqid."
"2769","202502769","Case registered at Chitradurga PS 7 regarding grievous hurt. Investigation ongoing under IO Jalsa."
"2770","202302770","Case registered at Kodagu PS 14 regarding cheating. Investigation ongoing under IO Pranav."
"2771","202402771","Case registered at Chikkamagaluru PS 26 regarding sexual assault. Investigation ongoing under IO Bachittar."
"2772","202302772","Case registered at Dakshina Kannada PS 54 regarding burglary. Investigation ongoing under IO Gabriel."
"2773","202502773","Case registered at Mysuru PS 30 regarding sexual assault. Investigation ongoing under IO Ladli."
"2774","202502774","Case registered at Dharwad PS 6 regarding gambling. Investigation ongoing under IO Widisha."
"2775","202402775","Case registered at Ballari PS 22 regarding gambling. Investigation ongoing under IO Shaurya."
"2776","202302776","Case registered at Bengaluru Urban PS 32 regarding robbery. Investigation ongoing under IO Kiaan."
"2777","202502777","Case registered at Davanagere PS 10 regarding identity theft. Investigation ongoing under IO Bimala."
"2778","202302778","Case registered at Bengaluru Urban PS 94 regarding dowry harassment. Investigation ongoing under IO Arin."
"2779","202502779","Case registered at Chamarajanagar PS 11 regarding burglary. Investigation ongoing under IO Darsh."
"2780","202502780","Case registered at Shivamogga PS 12 regarding domestic violence. Investigation ongoing under IO Ryan."
"2781","202302781","Case registered at Raichur PS 16 regarding identity theft. Investigation ongoing under IO Xiti."
"2782","202502782","Case registered at Bengaluru Urban PS 101 regarding gambling. Investigation ongoing under IO Jagrati."
"2783","202502783","Case registered at Kolar PS 5 regarding gambling. Investigation ongoing under IO Devika."
"2784","202302784","Case registered at Hassan PS 5 regarding online fraud. Investigation ongoing under IO Lakshmi."
"2785","202602785","Case registered at Uttara Kannada PS 29 regarding criminal breach of trust. Investigation ongoing under IO Qabil."
"2786","202302786","Case registered at Dakshina Kannada PS 4 regarding cheating. Investigation ongoing under IO Banjeet."
"2787","202502787","Case registered at Bengaluru Urban PS 59 regarding domestic violence. Investigation ongoing under IO Shaurya."
"2788","202402788","Case registered at Vijayanagara PS 6 regarding gambling. Investigation ongoing under IO Nilima."
"2789","202302789","Case registered at Dakshina Kannada PS 53 regarding public nuisance. Investigation ongoing under IO Victor."
"2790","202502790","Case registered at Belagavi PS 1 regarding sexual assault. Investigation ongoing under IO Jagvi."
"2791","202502791","Case registered at Kodagu PS 29 regarding criminal breach of trust. Investigation ongoing under IO Vihaan."
"2792","202402792","Case registered at Chamarajanagar PS 14 regarding murder. Investigation ongoing under IO Waida."
"2793","202302793","Case registered at Gadag PS 28 regarding gambling. Investigation ongoing under IO Mitesh."
"2794","202502794","Case registered at Koppal PS 15 regarding attempt to murder. Investigation ongoing under IO Gautami."
"2795","202402795","Case registered at Kalaburagi PS 37 regarding dowry harassment. Investigation ongoing under IO Daksha."
"2796","202502796","Case registered at Uttara Kannada PS 22 regarding identity theft. Investigation ongoing under IO Kamya."
"2797","202302797","Case registered at Kalaburagi PS 44 regarding attempt to murder. Investigation ongoing under IO Yauvani."
"2798","202302798","Case registered at Davanagere PS 18 regarding public nuisance. Investigation ongoing under IO George."
"2799","202502799","Case registered at Raichur PS 24 regarding sexual assault. Investigation ongoing under IO Naveen."
"2800","202502800","Case registered at Tumakuru PS 24 regarding robbery. Investigation ongoing under IO Ojas."
"2801","202602801","Case registered at Vijayanagara PS 9 regarding attempt to murder. Investigation ongoing under IO Eiravati."
"2802","202402802","Case registered at Bengaluru Urban PS 63 regarding identity theft. Investigation ongoing under IO Balvan."
"2803","202302803","Case registered at Kalaburagi PS 5 regarding attempt to murder. Investigation ongoing under IO Raagini."
"2804","202602804","Case registered at Ballari PS 55 regarding public nuisance. Investigation ongoing under IO Timothy."
"2805","202302805","Case registered at Dharwad PS 14 regarding online fraud. Investigation ongoing under IO Urishilla."
"2806","202402806","Case registered at Bengaluru Urban PS 58 regarding identity theft. Investigation ongoing under IO Raksha."
"2807","202502807","Case registered at Chitradurga PS 16 regarding vehicle theft. Investigation ongoing under IO Jasmit."
"2808","202502808","Case registered at Ballari PS 22 regarding public nuisance. Investigation ongoing under IO Bimala."
"2809","202302809","Case registered at Chitradurga PS 7 regarding grievous hurt. Investigation ongoing under IO Kamala."
"2810","202502810","Case registered at Uttara Kannada PS 20 regarding burglary. Investigation ongoing under IO Timothy."
"2811","202402811","Case registered at Kolar PS 20 regarding domestic violence. Investigation ongoing under IO Om."
"2812","202502812","Case registered at Bengaluru Urban PS 68 regarding robbery. Investigation ongoing under IO George."
"2813","202602813","Case registered at Gadag PS 16 regarding attempt to murder. Investigation ongoing under IO Qadim."
"2814","202402814","Case registered at Bengaluru Urban PS 20 regarding robbery. Investigation ongoing under IO Krishna."
"2815","202302815","Case registered at Bagalkot PS 4 regarding vehicle theft. Investigation ongoing under IO Netra."
"2816","202302816","Case registered at Shivamogga PS 17 regarding identity theft. Investigation ongoing under IO Mitesh."
"2817","202502817","Case registered at Bengaluru Rural PS 5 regarding gambling. Investigation ongoing under IO Janya."
"2818","202502818","Case registered at Udupi PS 28 regarding vehicle theft. Investigation ongoing under IO Thomas."
"2819","202602819","Case registered at Dakshina Kannada PS 3 regarding attempt to murder. Investigation ongoing under IO Lajita."
"2820","202302820","Case registered at Ballari PS 20 regarding online fraud. Investigation ongoing under IO Abeer."
"2821","202402821","Case registered at Mysuru PS 7 regarding dowry harassment. Investigation ongoing under IO George."
"2822","202602822","Case registered at Davanagere PS 15 regarding gambling. Investigation ongoing under IO Tanvi."
"2823","202302823","Case registered at Udupi PS 25 regarding murder. Investigation ongoing under IO Nandini."
"2824","202502824","Case registered at Hassan PS 2 regarding identity theft. Investigation ongoing under IO Niharika."
"2825","202402825","Case registered at Yadgir PS 24 regarding criminal breach of trust. Investigation ongoing under IO Harish."
"2826","202302826","Case registered at Kolar PS 25 regarding gambling. Investigation ongoing under IO Diya."
"2827","202502827","Case registered at Udupi PS 24 regarding theft. Investigation ongoing under IO Ayushman."
"2828","202602828","Case registered at Gadag PS 20 regarding gambling. Investigation ongoing under IO Rudra."
"2829","202402829","Case registered at Kolar PS 19 regarding criminal breach of trust. Investigation ongoing under IO Tripti."
"2830","202302830","Case registered at Ballari PS 20 regarding vehicle theft. Investigation ongoing under IO Raagini."
"2831","202302831","Case registered at Dharwad PS 7 regarding domestic violence. Investigation ongoing under IO Patrick."
"2832","202602832","Case registered at Belagavi PS 28 regarding identity theft. Investigation ongoing under IO Ayushman."
"2833","202402833","Case registered at Udupi PS 7 regarding robbery. Investigation ongoing under IO Ayaan."
"2834","202302834","Case registered at Belagavi PS 4 regarding identity theft. Investigation ongoing under IO Manya."
"2835","202402835","Case registered at Haveri PS 20 regarding robbery. Investigation ongoing under IO Aahana."
"2836","202502836","Case registered at Ballari PS 50 regarding identity theft. Investigation ongoing under IO Avni."
"2837","202502837","Case registered at Kodagu PS 3 regarding public nuisance. Investigation ongoing under IO Zarna."
"2838","202402838","Case registered at Uttara Kannada PS 25 regarding identity theft. Investigation ongoing under IO Gaurika."
"2839","202302839","Case registered at Uttara Kannada PS 4 regarding dowry harassment. Investigation ongoing under IO Jeet."
"2840","202402840","Case registered at Uttara Kannada PS 11 regarding cheating. Investigation ongoing under IO Wakeeta."
"2841","202502841","Case registered at Dakshina Kannada PS 15 regarding burglary. Investigation ongoing under IO Jacob."
"2842","202302842","Case registered at Vijayanagara PS 16 regarding vehicle theft. Investigation ongoing under IO Amara."
"2843","202302843","Case registered at Vijayapura PS 4 regarding criminal breach of trust. Investigation ongoing under IO Chakrika."
"2844","202402844","Case registered at Ramanagara PS 6 regarding identity theft. Investigation ongoing under IO Zaid."
"2845","202502845","Case registered at Ballari PS 52 regarding grievous hurt. Investigation ongoing under IO Yutika."
"2846","202402846","Case registered at Chamarajanagar PS 5 regarding identity theft. Investigation ongoing under IO Faraj."
"2847","202402847","Case registered at Bidar PS 18 regarding robbery. Investigation ongoing under IO Nikita."
"2848","202502848","Case registered at Shivamogga PS 27 regarding public nuisance. Investigation ongoing under IO Oviya."
"2849","202502849","Case registered at Gadag PS 22 regarding burglary. Investigation ongoing under IO Samuel."
"2850","202302850","Case registered at Dakshina Kannada PS 3 regarding public nuisance. Investigation ongoing under IO Omaja."
"2851","202402851","Case registered at Ballari PS 30 regarding dowry harassment. Investigation ongoing under IO Qushi."
"2852","202302852","Case registered at Kalaburagi PS 50 regarding public nuisance. Investigation ongoing under IO Bhavna."
"2853","202402853","Case registered at Hassan PS 28 regarding attempt to murder. Investigation ongoing under IO Avni."
"2854","202502854","Case registered at Bidar PS 3 regarding murder. Investigation ongoing under IO Harrison."
"2855","202402855","Case registered at Yadgir PS 7 regarding criminal breach of trust. Investigation ongoing under IO Mugdha."
"2856","202402856","Case registered at Tumakuru PS 6 regarding theft. Investigation ongoing under IO Zayan."
"2857","202602857","Case registered at Dharwad PS 27 regarding gambling. Investigation ongoing under IO Aishani."
"2858","202302858","Case registered at Udupi PS 26 regarding theft. Investigation ongoing under IO Udyati."
"2859","202302859","Case registered at Bengaluru Rural PS 26 regarding domestic violence. Investigation ongoing under IO Varsha."
"2860","202302860","Case registered at Dharwad PS 9 regarding online fraud. Investigation ongoing under IO Gayathri."
"2861","202602861","Case registered at Kodagu PS 13 regarding criminal breach of trust. Investigation ongoing under IO Janya."
"2862","202402862","Case registered at Mysuru PS 35 regarding identity theft. Investigation ongoing under IO Harsh."
"2863","202602863","Case registered at Chikkamagaluru PS 8 regarding cheating. Investigation ongoing under IO Yashasvi."
"2864","202302864","Case registered at Bengaluru Urban PS 63 regarding attempt to murder. Investigation ongoing under IO Guneet."
"2865","202302865","Case registered at Chikkaballapur PS 18 regarding vehicle theft. Investigation ongoing under IO Ryan."
"2866","202502866","Case registered at Udupi PS 16 regarding public nuisance. Investigation ongoing under IO Guneet."
"2867","202602867","Case registered at Davanagere PS 9 regarding sexual assault. Investigation ongoing under IO Vaishnavi."
"2868","202402868","Case registered at Haveri PS 18 regarding attempt to murder. Investigation ongoing under IO Laksh."
"2869","202502869","Case registered at Ballari PS 52 regarding criminal breach of trust. Investigation ongoing under IO Anusha."
"2870","202502870","Case registered at Bagalkot PS 12 regarding sexual assault. Investigation ongoing under IO Parth."
"2871","202302871","Case registered at Uttara Kannada PS 12 regarding domestic violence. Investigation ongoing under IO Megha."
"2872","202502872","Case registered at Ramanagara PS 23 regarding attempt to murder. Investigation ongoing under IO Yagnesh."
"2873","202602873","Case registered at Ramanagara PS 25 regarding sexual assault. Investigation ongoing under IO Libni."
"2874","202602874","Case registered at Kalaburagi PS 10 regarding robbery. Investigation ongoing under IO Ekansh."
"2875","202302875","Case registered at Chamarajanagar PS 11 regarding criminal breach of trust. Investigation ongoing under IO Sachi."
"2876","202302876","Case registered at Mysuru PS 56 regarding online fraud. Investigation ongoing under IO Odika."
"2877","202502877","Case registered at Kodagu PS 25 regarding identity theft. Investigation ongoing under IO Girish."
"2878","202302878","Case registered at Shivamogga PS 24 regarding criminal breach of trust. Investigation ongoing under IO Yashodhara."
"2879","202602879","Case registered at Udupi PS 29 regarding identity theft. Investigation ongoing under IO Vasudha."
"2880","202502880","Case registered at Vijayanagara PS 9 regarding public nuisance. Investigation ongoing under IO Ojasvi."
"2881","202302881","Case registered at Mysuru PS 2 regarding attempt to murder. Investigation ongoing under IO Tristan."
"2882","202302882","Case registered at Bengaluru Urban PS 97 regarding public nuisance. Investigation ongoing under IO Garima."
"2883","202602883","Case registered at Kolar PS 26 regarding online fraud. Investigation ongoing under IO Hemani."
"2884","202402884","Case registered at Mysuru PS 39 regarding public nuisance. Investigation ongoing under IO Vaishnavi."
"2885","202502885","Case registered at Bengaluru Urban PS 61 regarding theft. Investigation ongoing under IO Frederick."
"2886","202602886","Case registered at Bengaluru Urban PS 89 regarding public nuisance. Investigation ongoing under IO Krishna."
"2887","202602887","Case registered at Uttara Kannada PS 23 regarding cheating. Investigation ongoing under IO Kavya."
"2888","202402888","Case registered at Mandya PS 29 regarding public nuisance. Investigation ongoing under IO Ekantika."
"2889","202502889","Case registered at Bengaluru Rural PS 15 regarding murder. Investigation ongoing under IO Zinal."
"2890","202302890","Case registered at Mandya PS 5 regarding public nuisance. Investigation ongoing under IO Warhi."
"2891","202502891","Case registered at Vijayapura PS 25 regarding theft. Investigation ongoing under IO Farhan."
"2892","202302892","Case registered at Chamarajanagar PS 15 regarding criminal breach of trust. Investigation ongoing under IO Om."
"2893","202402893","Case registered at Dakshina Kannada PS 27 regarding online fraud. Investigation ongoing under IO Warinder."
"2894","202602894","Case registered at Bengaluru Urban PS 3 regarding identity theft. Investigation ongoing under IO Baljiwan."
"2895","202302895","Case registered at Mysuru PS 17 regarding criminal breach of trust. Investigation ongoing under IO Inaya."
"2896","202602896","Case registered at Davanagere PS 28 regarding criminal breach of trust. Investigation ongoing under IO Balveer."
"2897","202402897","Case registered at Bengaluru Urban PS 57 regarding cheating. Investigation ongoing under IO Christopher."
"2898","202302898","Case registered at Kodagu PS 22 regarding cheating. Investigation ongoing under IO Liam."
"2899","202602899","Case registered at Dakshina Kannada PS 51 regarding domestic violence. Investigation ongoing under IO Brijesh."
"2900","202502900","Case registered at Bidar PS 16 regarding attempt to murder. Investigation ongoing under IO Sanaya."
"2901","202602901","Case registered at Mysuru PS 56 regarding cheating. Investigation ongoing under IO Farhan."
"2902","202302902","Case registered at Yadgir PS 26 regarding cheating. Investigation ongoing under IO Neel."
"2903","202502903","Case registered at Kalaburagi PS 52 regarding gambling. Investigation ongoing under IO Kalpit."
"2904","202502904","Case registered at Kodagu PS 10 regarding identity theft. Investigation ongoing under IO Ryan."
"2905","202402905","Case registered at Chikkaballapur PS 29 regarding identity theft. Investigation ongoing under IO David."
"2906","202402906","Case registered at Chitradurga PS 9 regarding identity theft. Investigation ongoing under IO Rajeshri."
"2907","202502907","Case registered at Bagalkot PS 19 regarding online fraud. Investigation ongoing under IO Vasudha."
"2908","202302908","Case registered at Mysuru PS 45 regarding theft. Investigation ongoing under IO Vidhi."
"2909","202502909","Case registered at Belagavi PS 30 regarding public nuisance. Investigation ongoing under IO Vrinda."
"2910","202402910","Case registered at Chikkamagaluru PS 16 regarding identity theft. Investigation ongoing under IO Ryan."
"2911","202502911","Case registered at Mysuru PS 37 regarding online fraud. Investigation ongoing under IO Balhaar."
"2912","202502912","Case registered at Kolar PS 5 regarding identity theft. Investigation ongoing under IO Lakshit."
"2913","202402913","Case registered at Bengaluru Urban PS 55 regarding cheating. Investigation ongoing under IO Balhaar."
"2914","202302914","Case registered at Bagalkot PS 21 regarding online fraud. Investigation ongoing under IO Advaith."
"2915","202502915","Case registered at Ballari PS 25 regarding identity theft. Investigation ongoing under IO Tanay."
"2916","202402916","Case registered at Hassan PS 19 regarding vehicle theft. Investigation ongoing under IO Janaki."
"2917","202502917","Case registered at Koppal PS 17 regarding murder. Investigation ongoing under IO Lakshmi."
"2918","202602918","Case registered at Kalaburagi PS 31 regarding grievous hurt. Investigation ongoing under IO Andrew."
"2919","202402919","Case registered at Kalaburagi PS 11 regarding criminal breach of trust. Investigation ongoing under IO Irya."
"2920","202502920","Case registered at Bengaluru Urban PS 84 regarding criminal breach of trust. Investigation ongoing under IO Om."
"2921","202402921","Case registered at Bengaluru Urban PS 11 regarding murder. Investigation ongoing under IO Kevin."
"2922","202602922","Case registered at Bengaluru Urban PS 75 regarding criminal breach of trust. Investigation ongoing under IO Kevin."
"2923","202302923","Case registered at Hassan PS 23 regarding dowry harassment. Investigation ongoing under IO Ayush."
"2924","202502924","Case registered at Gadag PS 19 regarding cheating. Investigation ongoing under IO Triya."
"2925","202502925","Case registered at Kolar PS 3 regarding identity theft. Investigation ongoing under IO Sachi."
"2926","202402926","Case registered at Mysuru PS 27 regarding online fraud. Investigation ongoing under IO Janya."
"2927","202302927","Case registered at Shivamogga PS 27 regarding gambling. Investigation ongoing under IO Krishna."
"2928","202402928","Case registered at Bengaluru Urban PS 73 regarding public nuisance. Investigation ongoing under IO Faras."
"2929","202402929","Case registered at Shivamogga PS 2 regarding public nuisance. Investigation ongoing under IO Niharika."
"2930","202402930","Case registered at Tumakuru PS 16 regarding online fraud. Investigation ongoing under IO Krisha."
"2931","202302931","Case registered at Koppal PS 6 regarding vehicle theft. Investigation ongoing under IO Naveen."
"2932","202602932","Case registered at Belagavi PS 20 regarding online fraud. Investigation ongoing under IO Ishaan."
"2933","202502933","Case registered at Vijayanagara PS 11 regarding theft. Investigation ongoing under IO Girik."
"2934","202602934","Case registered at Belagavi PS 52 regarding sexual assault. Investigation ongoing under IO Ishwar."
"2935","202402935","Case registered at Bengaluru Urban PS 111 regarding public nuisance. Investigation ongoing under IO Hemal."
"2936","202402936","Case registered at Dakshina Kannada PS 13 regarding online fraud. Investigation ongoing under IO Hamsini."
"2937","202302937","Case registered at Gadag PS 27 regarding domestic violence. Investigation ongoing under IO Arya."
"2938","202502938","Case registered at Udupi PS 17 regarding public nuisance. Investigation ongoing under IO Harinakshi."
"2939","202302939","Case registered at Mysuru PS 46 regarding dowry harassment. Investigation ongoing under IO Rohan."
"2940","202502940","Case registered at Bengaluru Urban PS 5 regarding murder. Investigation ongoing under IO Darpan."
"2941","202402941","Case registered at Vijayapura PS 9 regarding gambling. Investigation ongoing under IO Reyansh."
"2942","202502942","Case registered at Chikkamagaluru PS 12 regarding public nuisance. Investigation ongoing under IO Mason."
"2943","202302943","Case registered at Ballari PS 8 regarding vehicle theft. Investigation ongoing under IO Faris."
"2944","202302944","Case registered at Vijayanagara PS 15 regarding murder. Investigation ongoing under IO Nicholas."
"2945","202302945","Case registered at Ramanagara PS 21 regarding robbery. Investigation ongoing under IO Irya."
"2946","202402946","Case registered at Kodagu PS 27 regarding public nuisance. Investigation ongoing under IO Veda."
"2947","202302947","Case registered at Bengaluru Rural PS 7 regarding dowry harassment. Investigation ongoing under IO Niharika."
"2948","202402948","Case registered at Vijayanagara PS 11 regarding murder. Investigation ongoing under IO Chanchal."
"2949","202302949","Case registered at Kolar PS 29 regarding online fraud. Investigation ongoing under IO Manya."
"2950","202302950","Case registered at Chitradurga PS 1 regarding cheating. Investigation ongoing under IO Arjun."
"2951","202602951","Case registered at Kalaburagi PS 35 regarding online fraud. Investigation ongoing under IO Urvashi."
"2952","202402952","Case registered at Uttara Kannada PS 27 regarding murder. Investigation ongoing under IO Kala."
"2953","202502953","Case registered at Gadag PS 21 regarding dowry harassment. Investigation ongoing under IO Upkaar."
"2954","202502954","Case registered at Belagavi PS 13 regarding gambling. Investigation ongoing under IO Yashica."
"2955","202302955","Case registered at Mysuru PS 3 regarding identity theft. Investigation ongoing under IO Edhitha."
"2956","202602956","Case registered at Kolar PS 1 regarding online fraud. Investigation ongoing under IO Jagrati."
"2957","202502957","Case registered at Chitradurga PS 10 regarding attempt to murder. Investigation ongoing under IO Ekavir."
"2958","202502958","Case registered at Bagalkot PS 12 regarding grievous hurt. Investigation ongoing under IO Gaurang."
"2959","202302959","Case registered at Gadag PS 9 regarding attempt to murder. Investigation ongoing under IO Omkaar."
"2960","202502960","Case registered at Bengaluru Rural PS 29 regarding public nuisance. Investigation ongoing under IO Manbir."
"2961","202502961","Case registered at Kodagu PS 2 regarding criminal breach of trust. Investigation ongoing under IO Radhika."
"2962","202402962","Case registered at Mandya PS 7 regarding attempt to murder. Investigation ongoing under IO Ubika."
"2963","202502963","Case registered at Bengaluru Rural PS 15 regarding identity theft. Investigation ongoing under IO Kalpit."
"2964","202402964","Case registered at Dakshina Kannada PS 22 regarding online fraud. Investigation ongoing under IO Rehaan."
"2965","202302965","Case registered at Hassan PS 28 regarding online fraud. Investigation ongoing under IO Ati."
"2966","202602966","Case registered at Bengaluru Urban PS 25 regarding criminal breach of trust. Investigation ongoing under IO Ronith."
"2967","202602967","Case registered at Ballari PS 19 regarding burglary. Investigation ongoing under IO Manbir."
"2968","202302968","Case registered at Bengaluru Urban PS 59 regarding dowry harassment. Investigation ongoing under IO Urvashi."
"2969","202302969","Case registered at Bengaluru Urban PS 114 regarding public nuisance. Investigation ongoing under IO Noah."
"2970","202302970","Case registered at Haveri PS 22 regarding robbery. Investigation ongoing under IO Yutika."
"2971","202402971","Case registered at Vijayapura PS 17 regarding burglary. Investigation ongoing under IO Amara."
"2972","202602972","Case registered at Chikkaballapur PS 7 regarding public nuisance. Investigation ongoing under IO Libni."
"2973","202502973","Case registered at Koppal PS 3 regarding attempt to murder. Investigation ongoing under IO Guneet."
"2974","202402974","Case registered at Bengaluru Urban PS 34 regarding grievous hurt. Investigation ongoing under IO Shivani."
"2975","202502975","Case registered at Chikkaballapur PS 3 regarding gambling. Investigation ongoing under IO Barkha."
"2976","202602976","Case registered at Shivamogga PS 14 regarding gambling. Investigation ongoing under IO Vidhi."
"2977","202502977","Case registered at Bengaluru Urban PS 22 regarding robbery. Investigation ongoing under IO Onkar."
"2978","202402978","Case registered at Davanagere PS 24 regarding sexual assault. Investigation ongoing under IO Ekta."
"2979","202602979","Case registered at Belagavi PS 5 regarding theft. Investigation ongoing under IO Wridesh."
"2980","202602980","Case registered at Dharwad PS 10 regarding gambling. Investigation ongoing under IO Yachana."
"2981","202402981","Case registered at Vijayanagara PS 24 regarding dowry harassment. Investigation ongoing under IO Gayathri."
"2982","202402982","Case registered at Dharwad PS 19 regarding robbery. Investigation ongoing under IO Saanvi."
"2983","202502983","Case registered at Ramanagara PS 27 regarding criminal breach of trust. Investigation ongoing under IO Isaiah."
"2984","202502984","Case registered at Bagalkot PS 16 regarding grievous hurt. Investigation ongoing under IO Mekhala."
"2985","202402985","Case registered at Belagavi PS 28 regarding identity theft. Investigation ongoing under IO Mohini."
"2986","202302986","Case registered at Udupi PS 7 regarding online fraud. Investigation ongoing under IO Amol."
"2987","202502987","Case registered at Uttara Kannada PS 20 regarding domestic violence. Investigation ongoing under IO Hredhaan."
"2988","202502988","Case registered at Chamarajanagar PS 16 regarding vehicle theft. Investigation ongoing under IO Samar."
"2989","202402989","Case registered at Tumakuru PS 21 regarding identity theft. Investigation ongoing under IO Vasatika."
"2990","202302990","Case registered at Hassan PS 13 regarding dowry harassment. Investigation ongoing under IO Gavin."
"2991","202402991","Case registered at Ballari PS 22 regarding gambling. Investigation ongoing under IO Yutika."
"2992","202402992","Case registered at Kodagu PS 13 regarding cheating. Investigation ongoing under IO Vritti."
"2993","202402993","Case registered at Bidar PS 13 regarding cheating. Investigation ongoing under IO Oeshi."
"2994","202502994","Case registered at Udupi PS 17 regarding attempt to murder. Investigation ongoing under IO Faqid."
"2995","202502995","Case registered at Gadag PS 20 regarding dowry harassment. Investigation ongoing under IO Tejas."
"2996","202402996","Case registered at Belagavi PS 20 regarding cheating. Investigation ongoing under IO Yashodhara."
"2997","202402997","Case registered at Dakshina Kannada PS 23 regarding gambling. Investigation ongoing under IO Brinda."
"2998","202402998","Case registered at Udupi PS 13 regarding online fraud. Investigation ongoing under IO Farhan."
"2999","202402999","Case registered at Kalaburagi PS 7 regarding identity theft. Investigation ongoing under IO Aadi."
"3000","202503000","Case registered at Chikkaballapur PS 3 regarding criminal breach of trust. Investigation ongoing under IO Owen."
