AccusedMasterID,CaseMasterID,AccusedName,AgeYear,GenderID,PersonID
1,1,Pranav Hayre,60,F,A1
2,1,Patrick Lala,44,F,A2
3,2,Kala Pradhan,43,F,A1
4,2,Radha Bhattacharyya,23,T,A2
5,2,Maanas De,58,T,A3
6,2,Rehaan Walia,51,T,A4
7,3,Yug Bera,24,M,A1
8,4,Yashodhara Prasad,50,F,A1
9,4,Zilmil Shetty,18,F,A2
10,4,Ekanta Prakash,37,M,A3
11,5,Theodore Jain,41,M,A1
12,5,Wahab Randhawa,43,M,A2
13,6,Frado Desai,57,M,A1
14,6,Chakrika Saxena,46,M,A2
15,6,Victor Barman,22,M,A3
16,7,Edhitha Mahajan,46,T,A1
17,8,Yachana Varghese,29,M,A1
18,8,Aradhana Kari,28,T,A2
19,8,Jagat Bora,56,F,A3
20,8,Balvan Iyer,65,T,A4
21,9,Netra Ravi,51,T,A1
22,9,Urmi Vala,62,F,A2
23,9,Mitali Kari,23,T,A3
24,9,Shaurya Som,18,T,A4
25,10,Raghav Sanghvi,39,M,A1
26,11,Xalak Pant,33,T,A1
27,11,Umang Saini,19,M,A2
28,11,Netra Yogi,20,M,A3
29,12,Raghav Soman,55,T,A1
30,12,Falguni Seth,40,M,A2
31,13,Samesh Kaul,59,F,A1
32,14,Onveer Narain,58,T,A1
33,14,Mahika Dugar,31,F,A2
34,15,Dayita Sankaran,46,F,A1
35,15,Nathan Mukherjee,33,M,A2
36,15,Yadavi Shanker,46,M,A3
37,16,Yatin Vora,64,T,A1
38,16,Vritti Sharma,51,T,A2
39,17,Tanvi Rajagopalan,31,F,A1
40,17,Girish Ramaswamy,18,F,A2
41,18,Yamini Nanda,32,M,A1
42,19,Triya Raj,52,F,A1
43,19,Mohini Hayer,16,F,A2
44,20,Raksha Dey,59,F,A1
45,20,Arya Edwin,25,T,A2
46,20,Andrew Chaudhry,20,M,A3
47,21,Ishita Gokhale,32,T,A1
48,21,Bakhshi Walia,29,T,A2
49,21,Riya Batta,65,M,A3
50,22,Krishna Jaggi,37,T,A1
51,23,Rehaan Bhatnagar,62,M,A1
52,24,Jai Kata,50,M,A1
53,25,Dominic Mallick,41,F,A1
54,25,Caleb Bhavsar,52,M,A2
55,26,Parth Nadkarni,33,M,A1
56,27,Yahvi Arya,55,T,A1
57,27,Ansh Dash,34,T,A2
58,27,Warjas Sangha,26,T,A3
59,27,Fariq Bhasin,52,T,A4
60,28,Arunima Nadkarni,46,F,A1
61,29,Ekanta Goswami,34,M,A1
62,30,Warinder Tripathi,24,F,A1
63,30,Pooja Sibal,57,F,A2
64,31,Chavvi Mangal,37,F,A1
65,32,Ridhi Sami,54,M,A1
66,32,Nachiket Subramaniam,23,T,A2
67,32,Lakshmi Sane,56,T,A3
68,33,Ekbal Nath,47,F,A1
69,33,Upasna Hayre,43,F,A2
70,34,Nidhi Sagar,37,F,A1
71,34,Kashvi Rajagopalan,19,F,A2
72,34,Darika Bobal,48,T,A3
73,35,Aadhya Pall,19,M,A1
74,36,Tamanna Din,25,T,A1
75,36,Yug Edwin,39,T,A2
76,36,Jackson Chanda,40,T,A3
77,37,Ikbal Padmanabhan,17,T,A1
78,37,Amruta Kadakia,44,M,A2
79,37,Darika Ahuja,63,M,A3
80,37,Vyanjana Agarwal,35,T,A4
81,38,Qabil Thakkar,42,T,A1
82,38,Shravya Kala,20,M,A2
83,38,Sai Bhargava,16,T,A3
84,39,Fariq Memon,16,T,A1
85,40,Amaira Amble,19,F,A1
86,40,Gunbir Kakar,42,M,A2
87,40,Keya Venkatesh,56,T,A3
88,41,Jalsa Rastogi,62,T,A1
89,41,Dakshesh Parekh,46,F,A2
90,41,Harish Aggarwal,19,M,A3
91,41,Neelima Dewan,52,T,A4
92,42,Vaishnavi Varma,64,F,A1
93,42,Raghav Aggarwal,31,T,A2
94,43,Ijaya Sangha,22,F,A1
95,43,Harish Rajan,46,T,A2
96,43,Robert Dhar,22,M,A3
97,44,Onkar Chakraborty,42,M,A1
98,44,Radhika Balakrishnan,37,M,A2
99,44,Eta Rajagopal,52,F,A3
100,45,Gautam Natarajan,21,F,A1
101,45,Dhruv Oza,59,T,A2
102,46,Bina Chahal,50,M,A1
103,46,Gaurav Oak,26,M,A2
104,46,Jack Pillai,18,F,A3
105,47,Janya Date,64,M,A1
106,47,Hredhaan Rana,60,T,A2
107,47,Triveni Mutti,44,M,A3
108,47,Chaman Kanda,38,M,A4
109,48,Anusha Sridhar,57,T,A1
110,49,Praneel Sura,32,M,A1
111,49,Chandani Dutta,49,F,A2
112,49,Manya Nazareth,45,T,A3
113,50,Chatura Modi,41,T,A1
114,50,Nihal Devan,30,T,A2
115,51,Om Bhalla,59,T,A1
116,52,Radha Dixit,22,M,A1
117,52,Yash Bandi,62,M,A2
118,53,Anvi Saxena,60,T,A1
119,54,Pratyush Rajagopalan,26,M,A1
120,54,Radha Misra,47,T,A2
121,54,Hardik Nanda,37,T,A3
122,55,Pranit Ahluwalia,20,M,A1
123,55,Dipta Das,16,F,A2
124,55,Kabir Jhaveri,37,F,A3
125,56,Chakradhar Venkataraman,39,F,A1
126,56,Sai Dey,29,M,A2
127,57,Chaitanya Khalsa,38,M,A1
128,57,Raghav Dhar,50,M,A2
129,57,Tanveer Desai,65,F,A3
130,57,Jagrati Mall,41,T,A4
131,58,Mugdha Shan,28,F,A1
132,58,Aachal Sandal,61,T,A2
133,59,Yug Brahmbhatt,60,M,A1
134,59,Jeet Wali,52,T,A2
135,59,Niharika Bhatti,29,F,A3
136,60,Anusha Anne,44,M,A1
137,60,Krishna Kapadia,26,M,A2
138,61,Eesha Ramachandran,64,T,A1
139,61,Hemani Wali,47,T,A2
140,61,Vansha Datta,59,F,A3
141,62,Amara Bera,26,M,A1
142,62,Zaid Sahota,62,T,A2
143,62,Qadim Sarna,21,M,A3
144,63,Dalaja Chahal,19,T,A1
145,63,Niharika Munshi,25,T,A2
146,63,Fariq Bose,25,M,A3
147,63,Girik Gandhi,29,M,A4
148,64,Varsha Tank,18,F,A1
149,64,Nidra Atwal,52,M,A2
150,65,Parth Borde,38,T,A1
151,65,Kiaan Varkey,40,M,A2
152,65,Charan Sami,63,T,A3
153,66,Jacob Mannan,63,M,A1
154,67,Ubika Sura,24,F,A1
155,67,Ishani Ahuja,49,T,A2
156,68,Vyanjana Hora,43,M,A1
157,68,Yoshita Dube,31,F,A2
158,68,Jatin Sura,46,M,A3
159,69,Ikbal Sarna,25,T,A1
160,70,Bhavani Baria,61,M,A1
161,71,Oviya Suresh,21,F,A1
162,71,Joshua Nair,53,M,A2
163,72,Charles Oommen,52,M,A1
164,72,Abhiram Saraf,36,M,A2
165,72,Bimala Manda,58,T,A3
166,73,Zaid Mand,25,M,A1
167,74,Yadavi Golla,48,F,A1
168,75,Pooja Badami,58,T,A1
169,75,Gavin Behl,17,M,A2
170,75,Nikita Vohra,50,F,A3
171,76,Daksha Choudhary,35,T,A1
172,77,Champak Gopal,61,M,A1
173,77,Aadi Ben,32,M,A2
174,78,Isaac Chatterjee,62,F,A1
175,78,Kalpit Narula,55,F,A2
176,79,Rayaan Hans,64,T,A1
177,79,Hardik Borde,44,T,A2
178,80,Jacob Sarin,36,T,A1
179,80,Vasudha Saini,48,M,A2
180,80,Ojas Mahal,41,F,A3
181,81,Madhavi Rattan,41,F,A1
182,82,Amrita Dani,60,M,A1
183,82,Udarsh Bath,36,F,A2
184,82,Bishakha Baral,53,F,A3
185,83,Jack Agarwal,22,T,A1
186,83,Jyoti Nair,53,F,A2
187,84,Advaith Parekh,26,M,A1
188,84,Ati Goda,35,F,A2
189,84,Amol Yogi,43,F,A3
190,85,Amruta Jani,54,T,A1
191,85,Nachiket Sehgal,38,M,A2
192,85,Radha Pillay,19,M,A3
193,86,Pranit Manda,19,M,A1
194,86,Dayita Gaba,64,T,A2
195,86,Meera Guha,16,M,A3
196,86,Luke Bora,46,T,A4
197,87,Agastya Bassi,64,T,A1
198,87,Yuvraj Chacko,19,F,A2
199,87,Luke Arya,51,F,A3
200,87,Hitesh Nigam,56,M,A4
201,88,Garima Srinivas,59,T,A1
202,88,Yagnesh Bhalla,62,M,A2
203,88,Jatin Bail,44,F,A3
204,88,Harshil Minhas,65,F,A4
205,89,Utkarsh Sane,36,T,A1
206,89,Manan Pandit,50,T,A2
207,90,Ishanvi Bose,43,M,A1
208,90,Jagat Patel,50,M,A2
209,90,Caleb Dora,50,F,A3
210,91,Jyoti Lanka,46,M,A1
211,91,Aarnav Dixit,33,F,A2
212,92,Isaiah Sane,27,T,A1
213,92,Maanav Chana,48,M,A2
214,93,Panini Srivastava,51,F,A1
215,93,Gauri Devi,36,T,A2
216,94,Janaki Agate,37,T,A1
217,94,Anay Patil,53,F,A2
218,94,Kiaan Choudhary,44,M,A3
219,95,Jacob Dhar,34,T,A1
220,95,Atharv Samra,25,F,A2
221,96,Manan Pau,17,T,A1
222,96,Farhan Konda,54,M,A2
223,96,Advik Saha,24,M,A3
224,96,Qabil Singhal,21,M,A4
225,97,Yahvi Dyal,21,T,A1
226,97,Meghana Sampath,61,T,A2
227,97,Aarna Thaker,41,M,A3
228,98,Jeremiah Kakar,20,T,A1
229,99,Vansha Munshi,31,M,A1
230,99,Lajita Gala,24,F,A2
231,99,Kamya Samra,20,F,A3
232,99,Anamika Chopra,50,F,A4
233,100,Siddharth Apte,16,F,A1
234,101,Chanakya Murty,46,M,A1
235,101,Dayamai Anand,35,T,A2
236,102,Nikita Thakur,33,T,A1
237,102,Yadavi Doctor,43,M,A2
238,102,Lavanya Sood,63,F,A3
239,102,Bina Edwin,44,M,A4
240,103,Sara Deep,52,M,A1
241,103,Bina Parsa,62,M,A2
242,104,Wishi Chandra,19,T,A1
243,104,Dipta Gara,60,M,A2
244,104,Neel Bir,26,T,A3
245,104,Januja Pandit,17,F,A4
246,105,Bhavini Rattan,18,F,A1
247,105,Kai Sastry,34,M,A2
248,105,Yauvani Murthy,47,M,A3
249,106,Yash Anand,20,M,A1
250,106,Henry Mannan,50,F,A2
251,106,Nathan Rastogi,56,T,A3
252,107,Hritik Ranganathan,18,T,A1
253,107,Ryan Ratti,31,F,A2
254,107,Dhruv Nadig,48,F,A3
255,108,Balvan Dugal,24,F,A1
256,108,Madhav Kala,27,F,A2
257,108,Azad Rai,22,F,A3
258,109,Arin Sampath,40,F,A1
259,110,Siya Saini,42,T,A1
260,110,Aashi Gour,27,M,A2
261,111,Rajeshri Pant,43,M,A1
262,112,Akshay Dora,48,T,A1
263,112,Manbir Tata,46,M,A2
264,113,Tejas Guha,57,M,A1
265,113,Ojas Purohit,62,M,A2
266,113,Ijaya Kadakia,63,T,A3
267,114,Yadavi Dash,18,M,A1
268,114,Tamanna Sachdev,48,M,A2
269,115,Lakshmi Mane,40,T,A1
270,115,Bhanumati Chaudhary,18,M,A2
271,115,Hemang Chakraborty,53,T,A3
272,116,Bimala Salvi,25,M,A1
273,116,Udant Sha,52,T,A2
274,116,Ishwar Hayre,41,F,A3
275,116,Jeet Panchal,39,M,A4
276,117,Amrita Lalla,34,M,A1
277,118,Atharv Dube,61,M,A1
278,118,Zilmil Nadkarni,58,T,A2
279,118,Onkar Sani,52,T,A3
280,119,Madhavi Ghose,41,M,A1
281,119,Eesha Varughese,39,T,A2
282,119,Rajeshri Kashyap,33,F,A3
283,119,Jonathan Thaman,45,T,A4
284,120,Advay Dua,39,M,A1
285,120,Farhan Raja,50,T,A2
286,120,Kalpit Setty,16,T,A3
287,121,Kritika Lad,57,T,A1
288,121,Anvi Butala,53,M,A2
289,121,Arin Chauhan,31,M,A3
290,122,Pranit Chander,62,T,A1
291,122,Warda Pathak,44,M,A2
292,122,Mahika Chaudhuri,51,F,A3
293,123,Shravya Dyal,24,T,A1
294,123,Chanchal Anne,43,F,A2
295,123,Azad Dalal,59,F,A3
296,123,Idika Sule,42,M,A4
297,124,Tarak Patla,30,T,A1
298,124,Teerth Balan,60,M,A2
299,124,Lakshit Kannan,65,M,A3
300,125,Reyansh Krishna,26,M,A1
301,125,Rudra Mand,56,T,A2
302,126,Sanaya Sampath,54,F,A1
303,126,Eiravati Chokshi,23,T,A2
304,126,Pushti Iyengar,26,M,A3
305,126,Kashvi Bhatt,40,M,A4
306,127,Mitali Balan,61,T,A1
307,127,Pranit Naidu,17,T,A2
308,128,Advay Narasimhan,31,M,A1
309,129,Simon Vyas,46,M,A1
310,129,Harshil Mall,39,F,A2
311,129,Oviya Saran,32,T,A3
312,130,Jagdish Dash,46,M,A1
313,131,Bhavani Deep,20,M,A1
314,131,Balhaar Walla,43,F,A2
315,132,Charvi Maharaj,56,F,A1
316,133,Wakeeta Dara,42,T,A1
317,133,Harshil Balakrishnan,45,F,A2
318,134,Rayaan Pillay,18,T,A1
319,134,Charles Lad,63,F,A2
320,135,Lakshit Sharma,31,M,A1
321,135,Jonathan Nagar,36,T,A2
322,135,Odika Sekhon,34,T,A3
323,136,Xavier Jha,17,T,A1
324,136,Falan Talwar,64,T,A2
325,136,Simon Arya,58,T,A3
326,137,Yamini Cherian,46,T,A1
327,137,Theodore Patla,24,M,A2
328,137,Sneha Varghese,18,M,A3
329,138,Damyanti Chaudry,56,T,A1
330,138,Triya Chhabra,46,M,A2
331,138,Wridesh Babu,51,F,A3
332,139,Indira Lanka,28,F,A1
333,139,Frado Pandya,45,F,A2
334,140,Lavanya Sami,20,F,A1
335,140,Chaitaly Gulati,32,M,A2
336,140,Patrick Majumdar,18,F,A3
337,141,Theodore Contractor,29,M,A1
338,142,Manya Ramaswamy,57,F,A1
339,142,Thomas Loyal,29,M,A2
340,142,Samesh Garg,21,M,A3
341,143,Yahvi Sood,32,T,A1
342,143,William Garde,50,F,A2
343,143,Ekaraj Ganesan,62,M,A3
344,143,Gaurangi Shah,46,T,A4
345,144,Aishani Bose,53,T,A1
346,145,Urmi Choudhary,48,M,A1
347,145,Anay Mannan,31,T,A2
348,145,Yahvi Ganesh,38,T,A3
349,145,Girindra Chaudhry,51,F,A4
350,146,Agastya Pandit,51,F,A1
351,146,Gauri Vasa,27,M,A2
352,147,Azaan Konda,48,T,A1
353,147,Jagvi Jhaveri,53,F,A2
354,147,Rishi Purohit,16,F,A3
355,147,Anusha Sengupta,45,M,A4
356,148,Zinal Oza,38,T,A1
357,148,Rachita Sha,25,M,A2
358,149,Nicholas Mitter,58,M,A1
359,149,Bhavya Bhattacharyya,18,F,A2
360,149,Alexander Setty,40,M,A3
361,150,Abdul Sani,48,T,A1
362,150,Aadi Bedi,23,T,A2
363,150,Lakshit Palla,39,T,A3
364,151,Isha Kothari,65,T,A1
365,151,Pahal Rastogi,23,T,A2
366,151,Advika Mittal,43,T,A3
367,152,Krishna Saha,52,T,A1
368,152,Charvi Mody,49,M,A2
369,152,Chameli Shenoy,57,M,A3
370,153,Dhriti Thakur,38,T,A1
371,154,Chasmum Kibe,56,M,A1
372,154,Joshua Memon,56,T,A2
373,154,Maya Dass,64,F,A3
374,155,Garima Bhat,47,F,A1
375,155,Yasti Bera,22,T,A2
376,155,Zaitra Dhawan,18,F,A3
377,155,Laban Kapoor,64,T,A4
378,156,Yug Jayaraman,60,F,A1
379,156,Urvi Bakshi,50,F,A2
380,156,Mahika Bhakta,64,M,A3
381,157,Lucky Khosla,47,M,A1
382,157,Yasti Iyer,51,M,A2
383,157,Varsha Mann,51,T,A3
384,157,Harish Tailor,45,F,A4
385,158,Pavani Divan,16,F,A1
386,158,Bhanumati Shankar,26,M,A2
387,158,Lopa Apte,18,M,A3
388,158,Bahadurjit Saxena,41,M,A4
389,159,Nathan Parmar,19,M,A1
390,160,Tripti Dey,62,M,A1
391,160,Chavvi Ramesh,57,M,A2
392,160,Veda Puri,49,F,A3
393,160,Pranit Tripathi,26,F,A4
394,161,Gopal Cherian,36,F,A1
395,161,Vamakshi Naik,65,M,A2
396,162,David Krishna,16,F,A1
397,162,Baljiwan Bora,21,M,A2
398,162,Kavya Balan,34,F,A3
399,163,Saksham Edwin,26,T,A1
400,163,Rehaan Chadha,38,M,A2
401,163,Gopal Jani,61,F,A3
402,164,Ranveer Johal,28,F,A1
403,164,Xiti Pandey,34,T,A2
404,164,Lakshit Bhavsar,29,M,A3
405,164,Prisha Puri,37,M,A4
406,165,Vihaan Behl,27,F,A1
407,165,Arin Kapur,59,M,A2
408,165,Zayan Ramakrishnan,36,M,A3
409,165,Ekansh Dugar,23,F,A4
410,166,Mohini Bhandari,53,T,A1
411,166,Urishilla Lall,52,F,A2
412,167,Wakeeta Bora,40,F,A1
413,167,Hiral Bobal,63,T,A2
414,167,Faris Srinivas,65,T,A3
415,168,Christopher Bal,56,T,A1
416,168,Ladli Badami,44,M,A2
417,169,Lakshit D’Alia,64,F,A1
418,169,Jacob Pillai,50,M,A2
419,169,Rishi Oza,65,M,A3
420,170,Alexander Krish,56,T,A1
421,171,Mitali Srinivas,31,T,A1
422,172,Amara Nagar,21,M,A1
423,172,Chatura Pal,60,F,A2
424,172,Vedika Mammen,48,T,A3
425,172,Samar Devan,54,F,A4
426,173,Wahab Sarraf,41,T,A1
427,173,Ishaan Bail,55,M,A2
428,174,Darpan Mallick,36,T,A1
429,174,Warhi Bahl,29,F,A2
430,174,Leena Sawhney,50,T,A3
431,174,Udarsh Jha,35,F,A4
432,175,Radha Sane,52,M,A1
433,176,Nicholas Raj,22,F,A1
434,177,Zaid Merchant,61,M,A1
435,177,Megha Barad,54,M,A2
436,178,Sachi Shere,17,M,A1
437,179,Devansh Sastry,29,M,A1
438,179,Aarna Majumdar,27,F,A2
439,179,Warda Datta,21,F,A3
440,179,Owen Din,35,M,A4
441,180,Amol Pandit,28,F,A1
442,180,Wahab Palla,50,T,A2
443,180,Faras Tripathi,17,M,A3
444,181,Kamya Sagar,27,M,A1
445,181,Pooja Mandal,17,F,A2
446,182,Upma Menon,57,F,A1
447,183,Tanveer Radhakrishnan,21,T,A1
448,183,Mason Raj,45,T,A2
449,183,Faras Kapur,35,T,A3
450,183,Jairaj Wable,51,M,A4
451,184,Tamanna Murty,48,T,A1
452,185,Omya Karpe,30,F,A1
453,185,Yash Reddy,50,F,A2
454,185,Abha Mangat,48,F,A3
455,186,Warda Hora,31,F,A1
456,186,Sudiksha Aurora,63,T,A2
457,186,Jai Sahota,41,F,A3
458,186,Upma Chaudhuri,31,T,A4
459,187,Pahal Pandya,51,F,A1
460,188,Shivani Sarin,17,M,A1
461,188,Vansha Desai,56,F,A2
462,189,Patrick Trivedi,24,T,A1
463,189,Gunbir Kata,30,T,A2
464,190,Bhavika Naidu,55,M,A1
465,190,Eiravati Gokhale,65,T,A2
466,191,Hardik Palan,49,M,A1
467,191,Noah Dani,45,M,A2
468,192,Arya Dhaliwal,62,M,A1
469,192,Samuel Trivedi,35,T,A2
470,192,Ayaan Baral,27,M,A3
471,192,Abeer Suresh,44,F,A4
472,193,Wakeeta Lall,61,F,A1
473,193,Laksh Mallick,38,T,A2
474,193,Irya Brar,41,M,A3
475,193,Falan Narain,24,F,A4
476,194,Harish Verma,29,F,A1
477,194,Ranveer Banik,19,F,A2
478,194,Yatan Devan,62,F,A3
479,195,Rachit Taneja,49,M,A1
480,196,Sathvik Gokhale,18,M,A1
481,197,Pranit Mital,19,M,A1
482,198,Sanya Nanda,65,T,A1
483,199,Idika Rao,37,T,A1
484,199,Veda Suresh,26,T,A2
485,200,Mahika Sathe,32,F,A1
486,200,Mohini Lad,47,M,A2
487,200,Amrita Sunder,50,M,A3
488,200,Harinakshi Bath,47,F,A4
489,201,Anmol Bail,51,F,A1
490,201,Gautam Nath,45,F,A2
491,201,Dev Bawa,41,T,A3
492,201,Janaki Wason,46,M,A4
493,202,Kashvi Narula,55,T,A1
494,203,Brijesh Dugar,60,F,A1
495,203,Charvi Bajwa,41,T,A2
496,203,Yug Bandi,31,M,A3
497,203,Jatin Purohit,58,T,A4
498,204,Devika Naik,32,M,A1
499,204,Yauvani Bajaj,40,T,A2
500,204,Anusha Shanker,18,T,A3
501,205,Arya Subramanian,29,M,A1
502,206,Kashish Chokshi,18,F,A1
503,206,Udarsh Bakshi,42,F,A2
504,206,Vincent Sekhon,32,M,A3
505,207,Lohit Rau,27,M,A1
506,207,Viraj Bhargava,60,F,A2
507,208,Xalak Munshi,20,T,A1
508,208,Ekanta Shenoy,61,M,A2
509,208,Yoshita Bumb,31,T,A3
510,208,Pavani Brahmbhatt,32,M,A4
511,209,Rudra Sarma,52,T,A1
512,209,Balvan Samra,30,M,A2
513,209,Onkar Vohra,39,M,A3
514,209,Logan Sahota,22,F,A4
515,210,Lohit Mannan,18,F,A1
516,211,Omaja Gola,22,T,A1
517,211,Upma Bhavsar,54,M,A2
518,211,Devika Guha,63,T,A3
519,212,Inaya Kara,53,F,A1
520,212,Akshay Hans,32,T,A2
521,213,Harshil Kalita,50,T,A1
522,213,Pranav Lall,18,T,A2
523,213,Jonathan Vig,30,M,A3
524,214,Vaishnavi Acharya,31,F,A1
525,214,Faras Ben,26,T,A2
526,214,Yasti Sarraf,43,M,A3
527,215,Maya Purohit,20,F,A1
528,215,Urvi Pant,45,F,A2
529,216,Luke Sarkar,36,M,A1
530,216,Vrishti Krishna,58,T,A2
531,216,Radhika Pall,56,F,A3
532,216,Aryan Pau,32,F,A4
533,217,Praneel Anne,35,M,A1
534,218,Bahadurjit Maharaj,63,M,A1
535,218,Mitali Bassi,35,T,A2
536,219,Michael Goel,24,F,A1
537,219,Fitan Saini,27,M,A2
538,219,Daksh Sawhney,63,T,A3
539,219,Dipta Chatterjee,33,F,A4
540,220,Omaja Bhat,53,F,A1
541,220,Reyansh Thaker,27,T,A2
542,221,Oscar Aggarwal,57,M,A1
543,221,Anusha Panchal,17,T,A2
544,221,Harita Shukla,30,T,A3
545,222,Omkaar Anne,23,T,A1
546,222,Kavya Sharma,63,F,A2
547,222,Yatin Morar,19,F,A3
548,222,Kevin Mukherjee,43,M,A4
549,223,Anjali Iyengar,61,M,A1
550,223,Chakrika Lad,40,F,A2
551,224,Lekha Dugal,17,M,A1
552,224,Radha Palan,47,T,A2
553,224,Sarthak Oommen,55,T,A3
554,224,Gautam Varghese,28,M,A4
555,225,Kashish Purohit,49,F,A1
556,225,Ekantika Cheema,62,T,A2
557,226,Damini Gaba,34,M,A1
558,227,Kashvi Nazareth,49,T,A1
559,227,Nandini Mital,54,T,A2
560,227,Vivaan Tripathi,18,M,A3
561,228,Rushil Dewan,29,M,A1
562,228,Gauri Bhagat,41,F,A2
563,229,Sai Gera,40,F,A1
564,230,Nathaniel Padmanabhan,41,M,A1
565,230,Urishilla Ramesh,27,M,A2
566,230,Urmi Puri,64,M,A3
567,230,Xavier Char,41,M,A4
568,231,Tristan Gokhale,29,T,A1
569,232,Faras Karpe,54,T,A1
570,232,Xalak Guha,26,F,A2
571,232,Siddharth Mittal,30,T,A3
572,233,Bhavani Mukhopadhyay,65,T,A1
573,233,Vasana Banerjee,62,T,A2
574,233,Oviya Gola,25,T,A3
575,234,Naveen Nagar,45,M,A1
576,235,Shravya Thakkar,56,M,A1
577,236,Rudra Varma,54,M,A1
578,236,Radhika Bava,53,M,A2
579,236,Baghyawati Baral,25,M,A3
580,236,Vrishti Sharma,45,F,A4
581,237,Chaaya Parikh,60,F,A1
582,237,Anay Sekhon,48,T,A2
583,237,Chameli Banik,25,M,A3
584,237,Ishanvi Bansal,38,T,A4
585,238,Wakeeta Sankar,26,F,A1
586,238,Hemani Shanker,52,T,A2
587,239,Chasmum Sami,23,M,A1
588,239,Anthony Gour,32,T,A2
589,239,Fariq Sant,27,M,A3
590,240,Tanveer Sarkar,29,F,A1
591,241,Anjali Ahluwalia,19,T,A1
592,241,Sarthak Bahl,27,M,A2
593,242,Bhavna Sharma,49,F,A1
594,243,Max Shere,20,F,A1
595,243,Shivansh Walia,38,M,A2
596,244,Kala Modi,43,M,A1
597,244,Divya Seth,44,T,A2
598,244,Ayushman Dugal,50,F,A3
599,244,Indira Sankar,24,M,A4
600,245,Meghana Kamdar,36,F,A1
601,246,Indira Kalla,27,M,A1
602,246,Arya Nagarajan,50,M,A2
603,247,Ucchal Mangat,61,T,A1
604,247,Naksh Goel,29,M,A2
605,247,Bhavya Aggarwal,62,M,A3
606,247,Ucchal Gera,37,T,A4
607,248,Udarsh Devi,40,F,A1
608,248,Nilima Bajaj,22,M,A2
609,249,Neel Shankar,56,M,A1
610,249,Wriddhish Gill,21,F,A2
611,250,Samuel Shenoy,17,M,A1
612,250,Yash Sawhney,39,F,A2
613,250,Peter Shenoy,51,F,A3
614,251,Bachittar Ray,53,M,A1
615,252,Arjun Sarna,41,M,A1
616,252,Darpan Master,19,T,A2
617,253,Jeet Chawla,61,T,A1
618,254,Lucky Kibe,42,M,A1
619,255,Ganga Seshadri,38,T,A1
620,256,Nathan Mody,43,T,A1
621,256,Ria Menon,35,T,A2
622,256,Kabir Din,41,T,A3
623,256,Leena Kurian,29,F,A4
624,257,Januja Trivedi,31,M,A1
625,257,Vansha Garde,28,M,A2
626,257,Nachiket Thaker,60,T,A3
627,257,Kavya Radhakrishnan,54,T,A4
628,258,Udarsh Doctor,32,T,A1
629,259,Bachittar Rastogi,36,F,A1
630,259,Forum Tripathi,52,T,A2
631,259,Anika Warrior,54,T,A3
632,259,Daksh Sekhon,20,M,A4
633,260,Peter Baria,51,F,A1
634,260,Arunima Chand,19,M,A2
635,261,Guneet Yadav,24,F,A1
636,261,Eiravati Bora,52,M,A2
637,261,Vanya Dada,43,M,A3
638,261,Fiyaz Soni,16,M,A4
639,262,Niharika Madan,36,M,A1
640,262,Patrick Narasimhan,34,T,A2
641,262,Yoshita Mander,60,T,A3
642,263,Vinaya Ahuja,43,T,A1
643,263,Yashodhara Singhal,60,M,A2
644,263,Nihal Gola,24,M,A3
645,263,Rachana Modi,53,T,A4
646,264,Harshil Mital,41,F,A1
647,264,Mohammed Naik,45,T,A2
648,264,Rehaan Randhawa,52,T,A3
649,265,Amruta Karnik,16,M,A1
650,265,Urmi Mitter,42,F,A2
651,266,Christopher Rege,38,F,A1
652,266,Logan Shan,36,M,A2
653,266,Anirudh Jain,25,M,A3
654,266,Aahana Menon,32,F,A4
655,267,Tanveer Thakur,62,M,A1
656,267,Anusha Chhabra,50,T,A2
657,267,Xavier Dyal,63,T,A3
658,268,Anya Yogi,49,M,A1
659,268,Raksha Mane,35,F,A2
660,268,Urmi Desai,18,F,A3
661,269,Gaurang Sarma,37,T,A1
662,269,Falak Lad,33,T,A2
663,270,Janaki Nath,52,F,A1
664,271,Prisha Randhawa,40,F,A1
665,272,Vyanjana Mandal,31,M,A1
666,272,Ekalinga Borra,45,T,A2
667,273,Aradhana Shroff,20,T,A1
668,273,Max Narayanan,44,F,A2
669,273,Qabil Nori,47,F,A3
670,274,Aashi Kapoor,25,M,A1
671,275,Samuel Morar,40,T,A1
672,275,Harrison Bal,64,T,A2
673,275,Joshua Zachariah,18,M,A3
674,275,Ekapad Narang,19,F,A4
675,276,Ria Dasgupta,65,M,A1
676,277,Reva Rastogi,35,F,A1
677,278,Vrinda Parmar,56,F,A1
678,278,Ojasvi Halder,65,T,A2
679,279,Lajita Salvi,54,T,A1
680,279,Harish Pant,58,M,A2
681,280,Lohit Kothari,45,M,A1
682,281,Darsh Kadakia,26,M,A1
683,281,Kamya Sachdeva,48,T,A2
684,282,Damini Raval,28,M,A1
685,282,Alka Nagi,25,F,A2
686,283,Omkaar Dugar,59,T,A1
687,283,Alexander Palla,30,F,A2
688,284,Krish Acharya,65,F,A1
689,284,Vamakshi Singh,20,F,A2
690,285,Umang Butala,54,M,A1
691,285,Netra Mandal,17,M,A2
692,285,Zaid Kara,51,F,A3
693,286,Kavya Dhillon,25,F,A1
694,286,Lekha Bava,21,M,A2
695,287,Mekhala Naidu,21,F,A1
696,287,Vasana Sule,29,T,A2
697,288,Yoshita Nazareth,25,F,A1
698,289,Atharv Date,25,M,A1
699,289,Utkarsh Shankar,41,F,A2
700,289,Jai Merchant,46,M,A3
701,290,Mitali Vaidya,20,M,A1
702,291,Victor Wali,35,F,A1
703,291,Kavya Dutt,55,F,A2
704,291,Noah Kara,43,M,A3
705,291,Panini Jain,27,F,A4
706,292,Laban Mital,26,F,A1
707,292,Falan Krishnamurthy,31,T,A2
708,292,Sathvik Bhavsar,48,M,A3
709,292,Nirja Dey,55,F,A4
710,293,Inaya Bobal,35,M,A1
711,293,Anya Dey,37,F,A2
712,294,Deepa Viswanathan,52,F,A1
713,294,Urishilla Kata,53,T,A2
714,294,Chanchal Dash,31,T,A3
715,295,Pooja Ganguly,40,T,A1
716,295,Bishakha Kar,33,T,A2
717,296,Anya Krishnamurthy,16,M,A1
718,296,Oni Krishnamurthy,41,T,A2
719,296,Fiyaz Arya,32,T,A3
720,297,Zilmil Raja,52,T,A1
721,297,Hritik Chaudhari,33,T,A2
722,298,Idika Sarraf,22,F,A1
723,299,Tanmayi Kulkarni,65,M,A1
724,300,Ekta Shanker,60,M,A1
725,301,Edhitha Mohan,47,F,A1
726,301,Gautam Ravi,34,F,A2
727,301,Widisha Grewal,28,T,A3
728,302,Ekantika Babu,42,T,A1
729,303,Nidhi Lall,19,M,A1
730,303,Harini Walia,39,M,A2
731,304,Banjeet Korpal,48,T,A1
732,304,Anusha Bal,42,M,A2
733,304,Udarsh Kanda,32,M,A3
734,304,Upkaar Sarraf,60,T,A4
735,305,Lila Lal,50,F,A1
736,306,Ekanta Koshy,65,T,A1
737,306,Gopal Tripathi,49,T,A2
738,307,Dhruv Garg,57,F,A1
739,308,Raagini Deol,32,M,A1
740,308,Tanveer Seth,62,F,A2
741,308,Daksha Narayanan,54,T,A3
742,308,Yashoda Ray,16,F,A4
743,309,Devansh Wagle,40,F,A1
744,310,Lila Reddy,55,T,A1
745,310,Urvi Devi,26,T,A2
746,310,Qadim Char,55,F,A3
747,310,Isha Goel,34,F,A4
748,311,Finn Nori,27,F,A1
749,311,Girindra Viswanathan,52,F,A2
750,311,Anmol Bhat,16,M,A3
751,311,Kashvi Chandran,33,M,A4
752,312,Ekaraj Gera,54,M,A1
753,312,Wishi Gopal,24,M,A2
754,313,Sai Balasubramanian,18,F,A1
755,313,Jai Muni,22,T,A2
756,314,Sara Dada,30,M,A1
757,314,Hamsini Koshy,34,F,A2
758,315,Ishita Bhargava,42,T,A1
759,315,Hardik Venkatesh,43,F,A2
760,315,Ekani Vyas,19,F,A3
761,315,Sai Mandal,27,T,A4
762,316,Radhika Purohit,25,M,A1
763,316,Vritti Bajwa,59,F,A2
764,317,Oscar Murthy,32,F,A1
765,317,Ayaan Batta,38,T,A2
766,318,Tanish Chaudhary,41,F,A1
767,318,Quincy Kant,27,F,A2
768,318,Elijah Jani,44,M,A3
769,318,Samuel Aurora,39,M,A4
770,319,Ganga Goel,36,M,A1
771,319,Vedant Prabhu,42,T,A2
772,320,Dayita Jayaraman,35,F,A1
773,321,Ranveer Sura,65,M,A1
774,321,Advaith Rana,28,F,A2
775,322,Nathan Suresh,62,T,A1
776,323,Bhavani Lal,43,T,A1
777,323,Jagdish Rana,24,M,A2
778,323,Gabriel Tank,51,F,A3
779,324,Ekansh Khurana,19,F,A1
780,325,Shivansh Nadkarni,22,F,A1
781,326,Turvi Iyer,43,T,A1
782,326,Mahika Rai,43,M,A2
783,326,Bishakha Tiwari,21,T,A3
784,326,Umang Gour,52,F,A4
785,327,Eesha Bhandari,34,M,A1
786,327,Dhruv Rout,40,F,A2
787,328,Aarush Bhardwaj,32,F,A1
788,328,Jagdish Kapur,20,T,A2
789,329,Varenya Dua,23,T,A1
790,330,Maanas Basak,60,T,A1
791,330,Nirja Karan,44,F,A2
792,330,Jeremiah Pandit,22,T,A3
793,330,Nidra Sama,61,F,A4
794,331,Kiaan Wagle,53,M,A1
795,332,Nilima Prasad,42,M,A1
796,332,Tanay Ramaswamy,17,T,A2
797,333,Naksh Rajagopalan,61,T,A1
798,333,Pranit Savant,42,T,A2
799,334,Kalpit Sur,60,T,A1
800,335,Chatresh Narula,40,T,A1
801,335,Dhriti Parikh,61,M,A2
802,336,Parth Mann,55,T,A1
803,337,Manan Saxena,65,F,A1
804,337,Balveer Deshmukh,16,F,A2
805,337,Urvashi Raghavan,61,M,A3
806,338,Harinakshi Chada,64,T,A1
807,339,Warda Babu,43,F,A1
808,339,Omkaar Patla,43,F,A2
809,340,William Mohan,40,F,A1
810,340,Saumya Sant,17,T,A2
811,340,Banjeet Mahajan,28,T,A3
812,340,Faris Natarajan,39,T,A4
813,341,Upma Rai,18,M,A1
814,341,Balendra Madan,57,F,A2
815,341,Gautami Peri,65,M,A3
816,341,Niharika Oommen,16,T,A4
817,342,Eiravati Upadhyay,25,M,A1
818,342,Arin Dave,26,M,A2
819,342,Xavier Borde,28,F,A3
820,343,Ganga Cherian,42,T,A1
821,343,Daksh Dewan,65,F,A2
822,343,Finn Grewal,32,M,A3
823,344,Warhi Grewal,41,F,A1
824,344,Bhavna Bhat,49,F,A2
825,344,Qasim Tripathi,31,M,A3
826,344,Fariq Goda,17,T,A4
827,345,Nitara Toor,28,F,A1
828,345,Tejas Sandhu,27,T,A2
829,345,Hemani Khosla,64,M,A3
830,345,Zayan Manda,52,M,A4
831,346,Janaki Bhatti,20,M,A1
832,346,Eiravati Seshadri,45,T,A2
833,347,Ranveer Kari,27,T,A1
834,347,Brijesh Pandit,38,M,A2
835,347,Udyati Shenoy,60,M,A3
836,347,Neha Sheth,49,F,A4
837,348,Liam Nadig,45,M,A1
838,348,Manthan Ratta,31,F,A2
839,348,Akshay Saraf,32,F,A3
840,348,Matthew Gour,22,M,A4
841,349,Widisha Ramanathan,31,M,A1
842,349,Chavvi Mall,31,T,A2
843,349,Ranveer Sur,54,F,A3
844,349,Rachita Saran,20,F,A4
845,350,Vansha Mann,19,M,A1
846,350,Wahab Venkataraman,39,T,A2
847,351,Harita Prakash,49,T,A1
848,352,Vamakshi Mand,29,M,A1
849,352,Garima Hayer,48,M,A2
850,352,Ekanta Karnik,43,M,A3
851,352,Zaid Suresh,59,T,A4
852,353,Turvi Lata,33,F,A1
853,353,Shivani Ramachandran,19,M,A2
854,353,Anya Dhar,27,M,A3
855,354,Anjali Nagarajan,50,T,A1
856,355,Advay Misra,39,M,A1
857,355,Samarth Dhawan,27,M,A2
858,356,Hritik Mahal,57,F,A1
859,356,Anya Hora,43,F,A2
860,356,Bhavani Gaba,27,M,A3
861,357,Ekiya Randhawa,54,F,A1
862,357,Eta Banerjee,25,T,A2
863,357,Ekiya Baral,41,F,A3
864,357,Kevin Taneja,37,F,A4
865,358,Ishanvi Nigam,28,T,A1
866,359,Omaja Randhawa,39,M,A1
867,360,Varenya Basak,47,T,A1
868,360,Theodore Kaul,54,T,A2
869,361,Waida Bajwa,21,T,A1
870,362,Mekhala Kala,36,M,A1
871,363,Gaurika Hayre,26,T,A1
872,364,Benjamin Ram,43,F,A1
873,365,Zayyan Kalla,54,F,A1
874,365,Dayita Arora,63,F,A2
875,366,Vyanjana Srinivasan,56,T,A1
876,367,Chavvi Saxena,16,F,A1
877,367,Nathaniel Chatterjee,54,F,A2
878,368,Ati Sahni,28,F,A1
879,368,Chameli Banerjee,44,M,A2
880,368,Chasmum Dhar,46,T,A3
881,368,Tanmayi Jayaraman,24,M,A4
882,369,Dev Dua,25,T,A1
883,369,Dhruv Rao,58,M,A2
884,369,Ayushman Barad,26,T,A3
885,370,Varenya Jain,21,T,A1
886,370,Arjun Magar,56,T,A2
887,370,Wahab Sem,19,T,A3
888,371,Kashvi Prabhu,30,T,A1
889,371,Ekani Palan,40,M,A2
890,372,Jagvi Sankaran,29,F,A1
891,372,Zehaan Devan,39,M,A2
892,372,Jagrati Shukla,63,T,A3
893,373,Isaac Thaker,34,F,A1
894,373,Zinal Chawla,29,F,A2
895,373,Aachal Gala,54,M,A3
896,373,Gaurika Suresh,46,F,A4
897,374,Aadi Thaman,32,T,A1
898,375,Azaan Merchant,58,F,A1
899,375,Sarthak Grewal,32,T,A2
900,375,Ekalinga Kulkarni,62,T,A3
901,375,Jagat Sami,27,M,A4
902,376,Sathvik Modi,37,F,A1
903,376,Vanya Barman,23,F,A2
904,377,Avi Rai,30,M,A1
905,377,Vinaya Chadha,62,M,A2
906,377,Zayyan Chanda,17,M,A3
907,378,Upasna Banerjee,35,T,A1
908,378,Dayita Seth,34,M,A2
909,378,Nirja Chandran,56,T,A3
910,379,Ubika Maharaj,31,F,A1
911,379,Chanakya Kulkarni,44,T,A2
912,379,Zansi Swaminathan,36,T,A3
913,379,Siya Memon,18,T,A4
914,380,Vedika Krish,32,M,A1
915,381,Veer Saxena,63,F,A1
916,381,Harrison Gala,62,F,A2
917,382,Ansh Vohra,20,M,A1
918,383,Gagan Lall,46,F,A1
919,383,Vaishnavi Rattan,43,M,A2
920,383,Laksh Dara,48,T,A3
921,384,Qasim Sachdev,16,T,A1
922,384,Balveer Kata,27,T,A2
923,385,Isaiah Vohra,32,F,A1
924,386,Vanya Srinivas,29,M,A1
925,387,Vanya Varghese,52,T,A1
926,388,Ayaan Hans,40,M,A1
927,388,Mahika Sengupta,32,M,A2
928,388,Joshua Srinivas,61,T,A3
929,389,Azaan Sahni,30,M,A1
930,389,Frado Dhingra,28,M,A2
931,389,Kala Mall,35,F,A3
932,390,Darika Singhal,37,M,A1
933,390,Libni Devan,19,F,A2
934,390,Geetika Chand,35,T,A3
935,391,Bhavya Varghese,38,T,A1
936,391,Dhriti Naik,41,M,A2
937,391,Rayaan Pall,57,F,A3
938,391,Rehaan Nayak,55,T,A4
939,392,Jacob Manne,23,M,A1
940,392,Samesh Nazareth,55,F,A2
941,392,Watika Prasad,21,F,A3
942,392,Manya Sule,37,M,A4
943,393,Maya Aggarwal,32,M,A1
944,394,Rushil Lata,42,T,A1
945,395,Dhriti Dar,49,T,A1
946,395,Pratyush Das,64,F,A2
947,395,Chatura Barman,62,M,A3
948,396,Aradhana Mane,48,T,A1
949,396,Wridesh Kashyap,41,T,A2
950,396,Amara Pandya,49,T,A3
951,397,Gavin Madan,47,F,A1
952,397,Jeet Chandran,56,F,A2
953,397,Niharika Kant,48,M,A3
954,397,Tripti Gandhi,55,F,A4
955,398,Finn Rege,55,T,A1
956,399,Xalak Tripathi,21,T,A1
957,400,Nidhi Mahal,51,M,A1
958,400,Bina Kashyap,20,F,A2
959,400,Upasna Bajwa,30,F,A3
960,401,Lakshmi Bahri,63,M,A1
961,401,Rajata Sehgal,41,T,A2
962,401,Gaurav Sarkar,35,T,A3
963,402,Nakul Ganguly,42,F,A1
964,402,Zansi Wali,29,T,A2
965,403,Zashil Buch,59,M,A1
966,403,Sneha Dixit,43,F,A2
967,404,Patrick Mani,50,F,A1
968,404,Pallavi Ganesh,58,F,A2
969,404,Anay Hayre,22,F,A3
970,404,Ekalinga Chaudhuri,42,T,A4
971,405,Yatan Anand,60,T,A1
972,405,Onveer Magar,46,M,A2
973,405,Xiti Thaman,27,F,A3
974,406,Suhani Gill,48,M,A1
975,406,Yuvraj Edwin,57,F,A2
976,406,Ekalinga Purohit,41,M,A3
977,407,Unnati Venkatesh,52,F,A1
978,407,Nidhi Krishnamurthy,18,T,A2
979,407,Ojas Thakur,61,M,A3
980,408,Arjun Murty,41,T,A1
981,409,Logan Mittal,24,M,A1
982,409,Yash Dhar,50,T,A2
983,409,Utkarsh Sarna,29,F,A3
984,409,Vidhi Rastogi,65,M,A4
985,410,Harrison Merchant,28,T,A1
986,411,Indira Narula,21,M,A1
987,412,Yashodhara Kamdar,40,F,A1
988,412,Arjun Sen,60,M,A2
989,412,Gaurika Sharma,27,F,A3
990,413,Yoshita Bansal,47,M,A1
991,413,Mitesh Purohit,32,F,A2
992,413,Ria Loke,58,M,A3
993,414,Chavvi Arora,65,F,A1
994,414,Robert Sahota,40,M,A2
995,415,Alka Subramanian,55,F,A1
996,415,Theodore Sidhu,45,F,A2
997,415,Wakeeta Comar,22,T,A3
998,416,Upkaar Bains,41,T,A1
999,416,Vasudha Magar,25,T,A2
1000,417,Aarini Chhabra,50,M,A1
1001,417,Udant Kanda,64,T,A2
1002,417,Ucchal Dua,35,M,A3
1003,418,Nicholas Srivastava,52,T,A1
1004,418,Dipta Bhandari,16,M,A2
1005,418,Nidra Sankaran,37,T,A3
1006,418,Oeshi Solanki,45,M,A4
1007,419,Nidra Sani,64,F,A1
1008,419,Bhavini Kohli,45,F,A2
1009,419,Gayathri Dutta,58,F,A3
1010,419,Krisha Butala,19,M,A4
1011,420,Charan Agate,50,M,A1
1012,420,Peter Bali,53,F,A2
1013,420,Bishakha Peri,60,F,A3
1014,421,Mahika Swaminathan,25,M,A1
1015,421,Amara Manne,40,T,A2
1016,421,Bhavani Devi,52,M,A3
1017,421,Turvi Lad,34,T,A4
1018,422,Yashodhara Mohan,25,F,A1
1019,422,Nandini Sahota,30,F,A2
1020,422,Dayamai Narain,45,T,A3
1021,422,Wridesh Shenoy,27,T,A4
1022,423,Manthan Borah,40,T,A1
1023,424,Urvashi Bandi,49,T,A1
1024,424,Naksh Raman,37,F,A2
1025,424,Hemani Bhatti,50,F,A3
1026,425,Divya Gour,26,M,A1
1027,425,Nitesh Krishna,31,M,A2
1028,426,Omisha Barad,35,F,A1
1029,426,Jalsa Oza,23,F,A2
1030,426,Geetika Agate,16,M,A3
1031,426,Vasudha Thaker,28,M,A4
1032,427,Suhani Mannan,57,T,A1
1033,427,Chaitanya Mane,17,M,A2
1034,427,Andrew Reddy,38,M,A3
1035,428,Balvan Karnik,54,M,A1
1036,428,Megha Lanka,30,M,A2
1037,428,Veer Baria,41,F,A3
1038,428,Shivani Khare,20,F,A4
1039,429,Amol Thaker,64,F,A1
1040,429,Charan Taneja,53,F,A2
1041,430,Varsha Bail,53,F,A1
1042,430,Kai Kuruvilla,26,F,A2
1043,431,Faraj Dugal,41,T,A1
1044,431,Aarush Khatri,35,M,A2
1045,431,Anamika Gola,49,T,A3
1046,432,Yasti Das,40,T,A1
1047,432,Arunima Chacko,65,T,A2
1048,432,George Pandit,24,M,A3
1049,432,Lipika Gulati,39,F,A4
1050,433,Varenya Panchal,49,F,A1
1051,434,Warda Shankar,26,M,A1
1052,435,Anay Pradhan,63,T,A1
1053,435,Ojasvi Amble,36,F,A2
1054,436,Harini Dar,27,T,A1
1055,436,Edhitha Korpal,46,T,A2
1056,436,Pavani Memon,60,M,A3
1057,437,Falan Tara,31,M,A1
1058,438,Girish Lalla,35,M,A1
1059,438,Eesha Dasgupta,21,T,A2
1060,438,Simon Brar,55,M,A3
1061,438,Chandran Malhotra,39,F,A4
1062,439,Gauri Luthra,30,M,A1
1063,439,Laksh Biswas,48,T,A2
1064,439,Aayush Chhabra,57,M,A3
1065,439,Brijesh Singh,33,F,A4
1066,440,Tejas Date,60,F,A1
1067,440,Yashodhara Khare,17,T,A2
1068,441,Daniel Sani,42,T,A1
1069,442,Nisha Mani,26,M,A1
1070,442,Zaid Dash,62,T,A2
1071,442,Aadhya Tank,51,M,A3
1072,442,Ishwar Ravi,59,T,A4
1073,443,Chakradhar Bora,43,F,A1
1074,444,Indrajit Atwal,62,M,A1
1075,445,Nirja Radhakrishnan,59,M,A1
1076,445,Sachi Jaggi,16,M,A2
1077,445,Samuel Ramachandran,25,F,A3
1078,445,Raghav Kibe,58,M,A4
1079,446,Darsh Bhasin,49,M,A1
1080,446,Bimala Jani,65,T,A2
1081,447,Pooja Atwal,26,M,A1
1082,447,Dhruv Sha,37,M,A2
1083,447,Chavvi Kapur,44,F,A3
1084,447,Sai Majumdar,56,F,A4
1085,448,Kiaan Badal,29,T,A1
1086,448,Vedika Rajagopalan,24,F,A2
1087,449,Netra Bahri,31,F,A1
1088,450,Watika Wadhwa,32,F,A1
1089,451,Vasana Hari,64,M,A1
1090,451,Ikbal Mohan,49,M,A2
1091,452,Lajita Sodhi,34,T,A1
1092,453,Waida Kari,16,T,A1
1093,453,Amol Bose,30,M,A2
1094,453,Laksh Kashyap,54,M,A3
1095,453,Caleb Jayaraman,61,M,A4
1096,454,Timothy Kala,18,F,A1
1097,454,Kamala Chatterjee,34,M,A2
1098,454,Aahana Apte,19,F,A3
1099,454,Jai Mand,44,F,A4
1100,455,Oliver Ahuja,20,F,A1
1101,456,Arunima Acharya,58,T,A1
1102,456,Ikshita Parikh,62,F,A2
1103,456,Nitesh Bala,60,F,A3
1104,457,Chakrika Sharma,64,F,A1
1105,457,Shivani Kara,60,M,A2
1106,457,Azad Dalal,33,T,A3
1107,458,Onveer Prasad,51,T,A1
1108,458,Parth Salvi,22,F,A2
1109,458,Frado Dugar,30,F,A3
1110,459,Ojas Lata,46,T,A1
1111,459,Sneha Dugar,22,T,A2
1112,460,Abha Kala,28,T,A1
1113,460,Rohan Ravi,32,F,A2
1114,460,Keya Wason,65,T,A3
1115,460,Gavin D’Alia,55,T,A4
1116,461,Vincent Date,39,F,A1
1117,461,Chandresh Trivedi,62,F,A2
1118,461,Wyatt Yohannan,20,T,A3
1119,461,Harinakshi Vohra,24,M,A4
1120,462,Logan Kannan,33,M,A1
1121,462,Zarna Divan,31,M,A2
1122,462,Ekbal Sami,30,T,A3
1123,462,Ekanta Sharma,58,M,A4
1124,463,Ekantika Gala,63,T,A1
1125,463,Fitan Gupta,43,T,A2
1126,464,Ishwar Thaman,60,M,A1
1127,464,Brinda Lal,65,F,A2
1128,464,Frederick Divan,49,F,A3
1129,464,Bhavna Swaminathan,55,M,A4
1130,465,Yashica Saran,54,F,A1
1131,465,Atharv Basu,47,T,A2
1132,466,Gaurang Pathak,51,F,A1
1133,466,Mason Ravel,62,M,A2
1134,466,Jason Keer,29,M,A3
1135,467,Jasmit Mukherjee,50,F,A1
1136,467,Keya Barman,25,M,A2
1137,467,Upma Bera,16,F,A3
1138,468,Jason Ramanathan,24,F,A1
1139,468,Jeet Wadhwa,27,M,A2
1140,469,Mugdha Loyal,43,F,A1
1141,470,Nathan Bail,62,T,A1
1142,470,Oni De,22,F,A2
1143,470,Raagini Kala,42,F,A3
1144,471,Brijesh Grover,24,T,A1
1145,471,Veer Pillay,51,M,A2
1146,472,Krishna Morar,36,T,A1
1147,472,Ati Mannan,59,F,A2
1148,472,Upkaar Chopra,27,F,A3
1149,473,Baljiwan Mann,54,M,A1
1150,473,Bishakha Khare,18,F,A2
1151,473,Tarak Joshi,63,F,A3
1152,474,Tristan Dhaliwal,27,M,A1
1153,474,Gautam Chandra,65,M,A2
1154,475,Upkaar Baral,56,F,A1
1155,476,Advaith Goyal,47,T,A1
1156,476,Avi Balan,34,T,A2
1157,477,Bhanumati Dar,56,T,A1
1158,477,Aarush Kala,61,T,A2
1159,477,Jhalak Pal,63,M,A3
1160,478,Upkaar Kashyap,22,T,A1
1161,478,Vansha Oza,56,M,A2
1162,478,Liam Reddy,36,T,A3
1163,478,Onkar Dugar,17,T,A4
1164,479,Faraj Chanda,25,F,A1
1165,479,Balhaar Menon,54,T,A2
1166,479,Zinal Wason,19,M,A3
1167,479,Brijesh Peri,24,M,A4
1168,480,Jackson Dave,58,T,A1
1169,480,Andrew Basak,21,T,A2
1170,481,Mitesh Shah,31,T,A1
1171,481,Ekani Kala,16,F,A2
1172,481,Parth Kamdar,39,F,A3
1173,482,Shivansh Vohra,27,T,A1
1174,483,Sara Hari,35,T,A1
1175,483,Chanchal Khanna,18,F,A2
1176,483,Laban Reddy,43,T,A3
1177,484,Champak Tripathi,48,M,A1
1178,484,Dhruv Mann,57,F,A2
1179,485,Maanav Wason,39,T,A1
1180,485,Leena Kothari,53,F,A2
1181,485,Ganga Chauhan,24,T,A3
1182,485,Ansh Tella,33,F,A4
1183,486,Arin Solanki,43,M,A1
1184,487,Owen Kalita,47,M,A1
1185,487,Vedant Venkatesh,57,T,A2
1186,488,Bhavani Aggarwal,52,T,A1
1187,489,Girik Raja,43,T,A1
1188,489,Hemangini Ray,53,F,A2
1189,490,Gayathri Dara,52,F,A1
1190,490,Rehaan Loke,26,T,A2
1191,490,Manthan Khosla,64,T,A3
1192,491,Udarsh Agarwal,58,T,A1
1193,491,Yoshita Saraf,59,T,A2
1194,491,Lopa Bhatnagar,64,T,A3
1195,491,Jackson Ram,32,T,A4
1196,492,Elijah Nagy,45,F,A1
1197,493,Thomas Mammen,29,M,A1
1198,493,Anay Tandon,32,F,A2
1199,493,Saanvi Manda,64,M,A3
1200,493,Nicholas Bhardwaj,36,M,A4
1201,494,Naveen Bhavsar,60,T,A1
1202,494,Arin Ranganathan,16,M,A2
1203,494,Ekalinga Hayer,25,M,A3
1204,495,Hemani Rattan,53,M,A1
1205,495,Unni Buch,45,M,A2
1206,496,Yochana Nadkarni,37,T,A1
1207,496,Unni Tandon,32,F,A2
1208,496,Krisha Dara,64,F,A3
1209,497,Chandran Ganguly,34,F,A1
1210,497,Champak Dhaliwal,54,M,A2
1211,497,Chaitaly Uppal,43,T,A3
1212,498,Siya Jayaraman,31,M,A1
1213,498,Harsh Rao,19,M,A2
1214,498,Hritik Dhar,44,T,A3
1215,499,Advika Venkataraman,60,F,A1
1216,499,Onveer Oak,38,T,A2
1217,499,Raksha Kaur,48,F,A3
1218,500,Eiravati Rege,60,T,A1
1219,500,Hamsini Karnik,34,F,A2
1220,501,Zarna Din,27,F,A1
1221,501,Janya Agate,25,T,A2
1222,501,Maanas Chad,45,T,A3
1223,502,Gautami Zacharia,57,T,A1
1224,502,Henry Lanka,65,M,A2
1225,502,Mason Bora,19,F,A3
1226,502,Elijah Dewan,37,M,A4
1227,503,Bahadurjit Karpe,22,F,A1
1228,504,Yashica Shankar,55,M,A1
1229,504,Ridhi Chand,60,M,A2
1230,505,Rohan Zacharia,56,T,A1
1231,506,Triya Talwar,23,F,A1
1232,507,Wakeeta Barad,37,T,A1
1233,507,Aadi Rastogi,37,T,A2
1234,507,Wazir Pillay,52,F,A3
1235,507,Amruta Balan,39,M,A4
1236,508,Jeet Ganesh,21,F,A1
1237,508,Patrick Oommen,39,F,A2
1238,509,Kiaan Walia,65,F,A1
1239,509,Mahika Kapadia,30,F,A2
1240,510,Vasudha Gokhale,23,M,A1
1241,511,Hemal Wagle,60,T,A1
1242,512,Libni Nair,59,T,A1
1243,513,Vasana Sule,48,F,A1
1244,514,Meera Mohanty,61,F,A1
1245,515,Oni Soni,43,F,A1
1246,516,Irya Goel,28,M,A1
1247,516,Leela Wadhwa,27,M,A2
1248,516,Urvashi Bhasin,35,M,A3
1249,516,Vanya Ahuja,17,F,A4
1250,517,Neelima Gaba,17,M,A1
1251,517,Ganga Sangha,35,T,A2
1252,517,Dalbir Nair,26,M,A3
1253,517,Shivani Yohannan,43,F,A4
1254,518,Yashvi Nazareth,65,M,A1
1255,518,Harinakshi Sami,24,M,A2
1256,518,Edhitha Mani,41,M,A3
1257,518,Yadavi Dave,22,F,A4
1258,519,Nachiket Mohanty,41,T,A1
1259,519,Victor Kata,63,M,A2
1260,520,Sathvik Ahluwalia,56,T,A1
1261,520,Harini Srivastava,36,F,A2
1262,520,Samar Sandal,37,T,A3
1263,521,Saumya Sastry,59,T,A1
1264,521,Odika Doctor,44,M,A2
1265,521,Kai Peri,53,M,A3
1266,522,Ryan Dhar,32,F,A1
1267,522,Dalaja Chanda,55,T,A2
1268,522,Krishna Anand,40,F,A3
1269,523,Arjun Walia,60,F,A1
1270,523,Urishilla Raval,53,M,A2
1271,523,Tamanna Goel,30,F,A3
1272,524,Ladli Dubey,65,T,A1
1273,524,Eshana Dhar,35,T,A2
1274,524,Yasti Setty,34,M,A3
1275,525,Jai Singh,33,T,A1
1276,525,Dev Shankar,45,T,A2
1277,525,Rushil Savant,46,M,A3
1278,525,Quincy Balakrishnan,21,F,A4
1279,526,Maanas Khalsa,27,T,A1
1280,526,Ekta Patla,65,F,A2
1281,526,Samar Nagarajan,47,M,A3
1282,527,Bimala Kota,58,F,A1
1283,527,Gaurangi Lal,42,T,A2
1284,527,Wishi Dada,17,M,A3
1285,527,Sanya Sarna,50,F,A4
1286,528,Vritti Narain,64,T,A1
1287,528,Zilmil Kibe,30,M,A2
1288,528,Manthan Bala,18,F,A3
1289,528,Krish Patla,64,T,A4
1290,529,Vrinda Shroff,39,T,A1
1291,529,Ikshita Kade,33,M,A2
1292,529,Yoshita Parikh,65,T,A3
1293,529,Warjas Warrior,48,M,A4
1294,530,Warinder Rama,45,F,A1
1295,531,Manthan Ganesh,47,F,A1
1296,531,Arjun Chanda,30,M,A2
1297,532,Ronith Ahluwalia,29,T,A1
1298,533,Matthew Doshi,64,T,A1
1299,533,Sarthak Dugar,59,M,A2
1300,533,Triveni Rout,46,F,A3
1301,534,Jai Balay,32,T,A1
1302,534,Laban Oza,24,T,A2
1303,535,Sathvik Yadav,56,T,A1
1304,535,Praneel Shah,65,M,A2
1305,535,Hemang Doctor,41,T,A3
1306,535,Patrick Chaudhry,45,M,A4
1307,536,Eta Desai,54,F,A1
1308,536,Bhavini Prashad,16,M,A2
1309,536,Anay Hari,51,T,A3
1310,537,Kabir Taneja,34,T,A1
1311,537,Gunbir Karnik,44,F,A2
1312,538,Lila Mohanty,58,F,A1
1313,538,Simon Bala,48,F,A2
1314,539,Neel Srinivas,60,M,A1
1315,539,Warda Mall,50,F,A2
1316,540,Hredhaan Oommen,19,M,A1
1317,540,Advika Dutt,31,M,A2
1318,540,Tristan Mangal,48,T,A3
1319,541,Watika Seth,29,F,A1
1320,542,Kamya Mane,64,M,A1
1321,543,Daniel Dani,46,M,A1
1322,543,Balvan Johal,49,M,A2
1323,543,Nitara Karpe,22,M,A3
1324,544,Jeevika Sem,21,T,A1
1325,544,Manbir Balasubramanian,43,T,A2
1326,544,Hema Bhat,47,M,A3
1327,544,Frado Hayre,46,M,A4
1328,545,Veer Natarajan,18,T,A1
1329,545,Champak Mani,19,M,A2
1330,545,Anya Swamy,46,T,A3
1331,546,Anay Saran,19,T,A1
1332,546,Ikshita Wali,20,T,A2
1333,546,Sanya Sandhu,21,M,A3
1334,546,Zehaan Taneja,58,T,A4
1335,547,Rajeshri Dixit,56,M,A1
1336,547,Ira Bhatt,52,F,A2
1337,547,Lakshit Soman,51,M,A3
1338,547,Azad Bhandari,34,F,A4
1339,548,Chandresh Sekhon,16,T,A1
1340,548,Unni Dash,59,T,A2
1341,548,Baljiwan Bahri,37,T,A3
1342,548,Warinder Bir,18,F,A4
1343,549,Waida Kapur,54,F,A1
1344,550,Tarak Sundaram,65,T,A1
1345,550,Chandran Sundaram,50,F,A2
1346,551,Qadim Kade,33,M,A1
1347,551,Ishaan Sehgal,28,F,A2
1348,552,Yutika Sharma,48,F,A1
1349,553,Manan Choudhury,32,T,A1
1350,553,Sai Bains,28,T,A2
1351,554,Siya Parekh,29,T,A1
1352,554,Ria Tripathi,37,F,A2
1353,554,Raksha Apte,48,F,A3
1354,554,David Bal,44,F,A4
1355,555,Pranit Gulati,39,M,A1
1356,555,Frederick Mistry,51,T,A2
1357,555,Gavin Chad,49,M,A3
1358,556,Isha Karnik,22,F,A1
1359,556,Aarna Chakrabarti,65,T,A2
1360,557,Udarsh Nath,22,M,A1
1361,557,Irya Chhabra,59,F,A2
1362,557,Mitali Gopal,30,M,A3
1363,557,Chakradev Sama,31,F,A4
1364,558,Max Bhattacharyya,48,M,A1
1365,558,Advay Dua,47,F,A2
1366,559,Niharika Maharaj,41,F,A1
1367,559,Aadi Thakkar,42,F,A2
1368,560,Rajata Devan,54,M,A1
1369,560,Megha Srinivasan,28,M,A2
1370,561,Nihal Jayaraman,22,M,A1
1371,561,Hritik Kaul,32,M,A2
1372,561,Vaishnavi Reddy,23,M,A3
1373,562,Yasti Chandra,22,M,A1
1374,562,Gaurangi Bains,64,F,A2
1375,563,Bimala Mahal,28,T,A1
1376,563,Omaja Ratti,54,M,A2
1377,564,Benjamin Agate,61,T,A1
1378,564,Triya Dhillon,17,F,A2
1379,564,Anita Buch,56,T,A3
1380,564,Anika Sachdev,54,T,A4
1381,565,Pahal Yohannan,22,T,A1
1382,565,Meghana Sarraf,64,T,A2
1383,565,Yashawini Raj,39,F,A3
1384,565,Gautam Narang,59,F,A4
1385,566,Chaitanya Panchal,29,T,A1
1386,566,Ekavir Som,28,F,A2
1387,566,Pahal Bhatia,33,F,A3
1388,567,Falak Pradhan,57,M,A1
1389,567,Ladli Sunder,61,T,A2
1390,567,Chandran Bakshi,24,F,A3
1391,568,Radhika Sankar,41,T,A1
1392,568,Nirja Bedi,28,M,A2
1393,568,Rajata Lala,62,T,A3
1394,569,Saanvi Oak,49,M,A1
1395,569,Shravya Morar,50,F,A2
1396,569,Timothy Handa,56,T,A3
1397,570,Lakshmi De,19,M,A1
1398,571,Naveen Grover,29,F,A1
1399,571,Parth Doshi,44,T,A2
1400,571,Pratyush Seth,39,F,A3
1401,572,Ekalinga Ramakrishnan,22,M,A1
1402,572,Hemang Brar,52,M,A2
1403,572,Avni Chaudhry,24,M,A3
1404,572,Kashish Thakur,47,F,A4
1405,573,Hritik Som,47,M,A1
1406,574,Anjali Sehgal,55,M,A1
1407,575,Veer Srinivas,28,M,A1
1408,576,Jyoti Lanka,31,F,A1
1409,576,Dayita Datta,41,F,A2
1410,577,Champak Balay,64,T,A1
1411,578,Isaac Dey,33,T,A1
1412,578,Mitesh Sem,37,T,A2
1413,579,Rehaan Yohannan,37,F,A1
1414,580,Robert Bali,61,F,A1
1415,580,Victor Nair,18,M,A2
1416,580,Amara Karnik,37,M,A3
1417,580,Victor Mody,44,F,A4
1418,581,Yashasvi Mangat,25,F,A1
1419,581,Pavani Pai,63,T,A2
1420,581,Arya Kumar,31,F,A3
1421,581,Jagvi Lal,54,F,A4
1422,582,Alexander Nagi,32,T,A1
1423,582,Jatin Din,62,M,A2
1424,582,Yadavi Vala,40,F,A3
1425,582,Libni Sandal,23,M,A4
1426,583,Laksh Kulkarni,29,F,A1
1427,583,Viraj Bansal,58,F,A2
1428,584,Matthew Chowdhury,20,T,A1
1429,584,Ayushman Ramanathan,59,F,A2
1430,585,Alexander Goyal,61,M,A1
1431,585,Parth Agate,52,F,A2
1432,586,Yashoda Srivastava,50,M,A1
1433,587,David Keer,59,T,A1
1434,588,Robert Murty,16,M,A1
1435,588,Nilima Mutti,56,F,A2
1436,588,Bakhshi Aggarwal,53,M,A3
1437,589,Arya Narayan,29,T,A1
1438,590,Amruta Chanda,19,F,A1
1439,591,Sanya Naik,21,T,A1
1440,591,Mohini Luthra,48,F,A2
1441,592,Oni Jain,19,T,A1
1442,592,Lohit Purohit,21,T,A2
1443,592,Nathaniel Rama,32,M,A3
1444,593,Urmi Wadhwa,54,M,A1
1445,593,Elijah Patla,49,F,A2
1446,594,Suhani Purohit,46,T,A1
1447,594,Warjas Date,63,T,A2
1448,594,Gagan Deo,39,M,A3
1449,594,Jagrati Sha,30,M,A4
1450,595,Jalsa Nayak,28,F,A1
1451,595,Jacob Sharma,21,F,A2
1452,596,Lekha Goyal,36,F,A1
1453,597,Gaurika Vala,21,F,A1
1454,597,Shivani Bera,37,F,A2
1455,597,Jeevika Lata,19,F,A3
1456,598,Aarnav Dhaliwal,41,F,A1
1457,598,Jeevika Taneja,62,M,A2
1458,598,Andrew Bawa,30,F,A3
1459,599,Peter Thakur,51,T,A1
1460,599,Falak Mammen,30,M,A2
1461,600,Oni Bora,31,T,A1
1462,600,Kashvi Ahuja,57,M,A2
1463,601,Divya Grewal,27,M,A1
1464,601,Faris Bassi,46,T,A2
1465,601,Utkarsh Sastry,57,F,A3
1466,601,Laban Iyengar,43,M,A4
1467,602,Falak Memon,58,M,A1
1468,602,Lohit Vig,49,M,A2
1469,602,Odika Kala,38,T,A3
1470,602,Hemangini Deep,58,T,A4
1471,603,Balendra Kuruvilla,41,M,A1
1472,603,Chakradev Dube,62,T,A2
1473,603,Neha Kapadia,63,T,A3
1474,604,Darpan Ravi,50,M,A1
1475,604,Radhika Barad,39,F,A2
1476,605,Nidra Devi,36,T,A1
1477,606,Saumya Nayak,63,F,A1
1478,606,Fariq Patla,23,F,A2
1479,606,Nathaniel Jha,30,T,A3
1480,607,Harsh Kaur,29,F,A1
1481,607,Fiyaz Chaudhry,57,F,A2
1482,607,Yashica Rama,29,F,A3
1483,608,Arjun Ravi,36,M,A1
1484,608,Vivaan Murty,41,T,A2
1485,608,Fiyaz Goel,64,F,A3
1486,609,Ekaja Choudhry,44,F,A1
1487,609,Tanish Goswami,29,T,A2
1488,609,Aashi Sarraf,35,T,A3
1489,610,Jasmit Bala,16,F,A1
1490,610,Dominic Bava,21,F,A2
1491,610,Maya Mani,31,T,A3
1492,611,Tanish Sangha,56,T,A1
1493,611,Yashawini Mane,21,T,A2
1494,611,Ekbal Mital,27,M,A3
1495,612,Ekavir Bandi,44,T,A1
1496,613,Daniel Borah,29,T,A1
1497,614,Damyanti Prasad,50,M,A1
1498,614,Ansh Agate,60,T,A2
1499,614,Vritti Shanker,25,F,A3
1500,615,Ijaya Apte,41,T,A1
1501,615,Wakeeta Kala,65,M,A2
1502,615,Dhriti Kumer,31,F,A3
1503,616,Mason Kanda,35,M,A1
1504,617,Balveer Sama,39,M,A1
1505,618,Jackson Chakrabarti,30,T,A1
1506,618,Maya Sawhney,58,M,A2
1507,619,Devika Ganesh,59,T,A1
1508,619,Chakradhar Kashyap,53,M,A2
1509,619,Oni Gola,59,M,A3
1510,619,Lohit Shankar,57,M,A4
1511,620,Ubika Bakshi,36,T,A1
1512,621,Ranbir Sankar,58,T,A1
1513,621,Hardik Garg,38,M,A2
1514,622,Siddharth Wason,29,T,A1
1515,622,Gaurangi Bumb,50,M,A2
1516,623,Chandresh Nori,31,M,A1
1517,623,Varenya Warrior,17,T,A2
1518,624,Yashodhara Majumdar,35,M,A1
1519,624,Deepa Bera,61,F,A2
1520,625,Veer Deshmukh,35,F,A1
1521,625,Daniel Krishnan,24,M,A2
1522,626,Jonathan Arya,65,M,A1
1523,626,Balendra Johal,61,T,A2
1524,626,Aradhana Dixit,64,T,A3
1525,626,Karan De,64,T,A4
1526,627,Yahvi Chander,57,T,A1
1527,628,Tripti Parekh,54,M,A1
1528,628,Gopal Yogi,65,M,A2
1529,628,Kevin Bobal,53,M,A3
1530,629,Adya Kota,45,F,A1
1531,629,Ekalinga Ram,60,T,A2
1532,629,Nicholas Dora,49,T,A3
1533,629,Samaksh Dani,53,M,A4
1534,630,Meera Dua,33,M,A1
1535,630,Yauvani Ramesh,43,M,A2
1536,630,Janaki Bhasin,65,F,A3
1537,631,Hemangini Anand,48,M,A1
1538,631,Krisha Ganesh,45,F,A2
1539,632,Manan Kumer,39,T,A1
1540,632,Nirja Devan,21,F,A2
1541,632,Ekani Lata,19,M,A3
1542,632,Harrison Varma,31,F,A4
1543,633,Frado Rai,22,M,A1
1544,633,Thomas Iyer,63,F,A2
1545,633,Wriddhish Desai,57,T,A3
1546,633,Triveni Grover,29,M,A4
1547,634,Faras Brar,37,F,A1
1548,634,Xalak Ravi,29,F,A2
1549,634,Kashvi Loke,64,F,A3
1550,635,Rajeshri Prabhakar,47,T,A1
1551,636,Hemal Mangal,43,M,A1
1552,637,Harita Goyal,23,M,A1
1553,637,Luke Naidu,32,M,A2
1554,638,Wriddhish Arya,65,M,A1
1555,638,Anya Deshpande,29,M,A2
1556,638,Jhalak Dani,39,M,A3
1557,638,Pratyush Rajan,57,M,A4
1558,639,Edhitha More,62,M,A1
1559,639,Daksh Sethi,47,T,A2
1560,640,Jairaj Tandon,37,T,A1
1561,640,Oliver Dhar,39,M,A2
1562,640,Fariq Pillay,21,M,A3
1563,640,George Mand,51,F,A4
1564,641,Isaiah Tank,28,T,A1
1565,641,Nihal Bakshi,24,T,A2
1566,641,Harita Divan,44,T,A3
1567,641,Sai Shere,29,T,A4
1568,642,Robert Sidhu,20,T,A1
1569,642,Isaac Mallick,45,M,A2
1570,643,Aryan Pillai,58,F,A1
1571,643,Zilmil Bath,54,T,A2
1572,643,Aryan Doshi,60,M,A3
1573,643,Pranav Dave,49,M,A4
1574,644,Utkarsh Dasgupta,28,M,A1
1575,645,Kritika Pal,57,F,A1
1576,645,Mitesh Vasa,49,T,A2
1577,645,Patrick Bala,47,F,A3
1578,645,Vedhika Koshy,37,T,A4
1579,646,Aarav Mani,40,F,A1
1580,646,Urvi Kapadia,58,M,A2
1581,646,Umang Dayal,34,T,A3
1582,646,Pallavi Sane,28,T,A4
1583,647,Yasti Grover,55,M,A1
1584,647,Widisha Dara,57,T,A2
1585,647,Ryan Raj,44,T,A3
1586,647,Hardik Atwal,55,F,A4
1587,648,Radhika Lala,64,M,A1
1588,648,Neha Sridhar,65,M,A2
1589,649,Tarak Dua,27,F,A1
1590,649,Neel Trivedi,65,F,A2
1591,649,Hitesh Master,40,M,A3
1592,650,Kamya Bawa,62,F,A1
1593,650,Xavier Srinivas,17,T,A2
1594,650,Ekalinga Contractor,47,M,A3
1595,650,Anita Ranganathan,43,M,A4
1596,651,Ekbal Kannan,48,F,A1
1597,651,Owen Rattan,43,M,A2
1598,651,Yashoda Mangat,49,M,A3
1599,652,Aradhana Soni,16,F,A1
1600,653,Amrita Bora,52,M,A1
1601,653,Hema Narayan,22,F,A2
1602,654,Aadi Devan,20,F,A1
1603,654,Zehaan Ganguly,39,M,A2
1604,655,Qushi Raval,42,F,A1
1605,655,Sudiksha Ravi,28,T,A2
1606,655,Urvi Kale,18,M,A3
1607,656,Lopa Bala,20,F,A1
1608,656,Harinakshi Wali,28,F,A2
1609,656,Osha Pandey,54,F,A3
1610,657,Qabil Kaul,59,F,A1
1611,657,Maanav Bath,18,T,A2
1612,657,Jai Biswas,23,T,A3
1613,658,Tanmayi Mander,20,T,A1
1614,658,Abhimanyu Bedi,64,M,A2
1615,658,Logan Salvi,59,T,A3
1616,658,Meghana Mohan,36,T,A4
1617,659,Dayamai Chakraborty,59,F,A1
1618,659,Saksham Rajan,18,T,A2
1619,660,Niharika Konda,33,F,A1
1620,660,Divya Kannan,16,T,A2
1621,660,Rushil Barad,54,M,A3
1622,660,Anita Sandhu,63,M,A4
1623,661,Lajita Kapoor,47,F,A1
1624,661,Samesh Bawa,38,F,A2
1625,662,Neel Wadhwa,24,M,A1
1626,663,Farhan Murthy,23,T,A1
1627,663,Gautami Ramaswamy,54,M,A2
1628,663,Baghyawati Sachdev,25,F,A3
1629,663,Yug Misra,38,T,A4
1630,664,Yash Kibe,53,M,A1
1631,664,Anya Seshadri,32,M,A2
1632,664,Upkaar Madan,26,T,A3
1633,664,Aishani Badal,64,T,A4
1634,665,Kabir Sood,37,T,A1
1635,665,Anamika Chaudhry,62,F,A2
1636,666,Caleb Srinivas,37,M,A1
1637,666,Charvi Venkataraman,45,F,A2
1638,667,Kevin Dass,44,T,A1
1639,667,Yash Anne,36,M,A2
1640,668,Hredhaan Deshpande,20,F,A1
1641,668,Samar Shenoy,25,F,A2
1642,668,Maya Parekh,35,M,A3
1643,669,Ranbir Lad,24,T,A1
1644,669,Mekhala Rama,32,M,A2
1645,669,Frado Bora,45,F,A3
1646,669,Kamala Bava,59,T,A4
1647,670,Bahadurjit Kothari,59,T,A1
1648,670,Dayita Shankar,38,T,A2
1649,671,Charvi Kata,50,T,A1
1650,671,Ojasvi Thaman,54,T,A2
1651,671,Ayaan Bali,26,F,A3
1652,671,Lohit Mand,19,T,A4
1653,672,Sarthak Nagar,59,T,A1
1654,672,Mohammed Kari,59,T,A2
1655,673,Gayathri Dutta,42,T,A1
1656,673,Sai Deol,20,M,A2
1657,673,Vivaan Andra,57,M,A3
1658,673,Amol Desai,47,F,A4
1659,674,Ridhi Bir,21,M,A1
1660,674,Priya Shan,47,M,A2
1661,675,Shivansh Bhalla,64,M,A1
1662,675,Oscar Kashyap,34,F,A2
1663,676,Karan Batra,32,M,A1
1664,677,Nicholas Gade,50,M,A1
1665,678,Aashi Shere,22,T,A1
1666,679,Libni Parsa,55,T,A1
1667,680,Banjeet Oza,26,T,A1
1668,680,Meera Walla,34,F,A2
1669,680,Aachal Tripathi,47,F,A3
1670,681,Frado Chadha,52,M,A1
1671,681,Jagdish Wali,23,T,A2
1672,682,Umang Dora,58,F,A1
1673,683,Parth Dhar,52,M,A1
1674,684,Bimala Doctor,43,F,A1
1675,684,Isaiah Prashad,37,M,A2
1676,684,Krisha Nagi,46,F,A3
1677,684,Lavanya Handa,64,M,A4
1678,685,Chasmum Savant,27,F,A1
1679,685,Dalaja Thakkar,26,T,A2
1680,685,Yashoda Narayanan,54,M,A3
1681,685,Anika Shetty,29,T,A4
1682,686,Ekbal Munshi,51,T,A1
1683,687,Shaurya Dutta,21,F,A1
1684,687,Oeshi Kaul,41,T,A2
1685,688,Nathaniel Parmer,21,M,A1
1686,688,Anay Sahota,22,F,A2
1687,689,Bhavika Dada,34,M,A1
1688,689,Ekantika Roy,53,T,A2
1689,689,Brijesh Doshi,48,F,A3
1690,689,Diya Ratti,27,F,A4
1691,690,Raagini Purohit,63,M,A1
1692,690,Gautami Lad,20,M,A2
1693,690,Harinakshi Chatterjee,62,T,A3
1694,691,Girindra Ghose,49,F,A1
1695,692,Radhika Sahni,51,T,A1
1696,692,Neelima Misra,50,F,A2
1697,693,Kiaan Acharya,30,F,A1
1698,693,Lipika Goel,26,M,A2
1699,693,Riya Vohra,61,T,A3
1700,693,Yash Murthy,43,M,A4
1701,694,Radhika Dayal,18,F,A1
1702,695,Devansh Bath,41,M,A1
1703,695,Nihal Kulkarni,47,F,A2
1704,695,Isaiah Manda,21,M,A3
1705,695,Yasti Choudhury,21,M,A4
1706,696,Indrajit Bahri,59,F,A1
1707,696,Theodore Sankaran,65,F,A2
1708,696,Nimrat Bail,45,M,A3
1709,696,Aarnav Bhatia,47,F,A4
1710,697,Ekanta Batra,25,M,A1
1711,698,David Bhasin,42,M,A1
1712,698,Mitali Walla,35,M,A2
1713,698,Nihal Shankar,62,F,A3
1714,699,Nikita Chacko,40,M,A1
1715,700,Yug Saraf,62,M,A1
1716,701,Sai Kara,55,F,A1
1717,702,Vasatika Tailor,37,T,A1
1718,702,Girish Bassi,17,F,A2
1719,702,Kamala Ganesh,17,M,A3
1720,703,Indira Saini,38,M,A1
1721,703,Chandani Palla,58,M,A2
1722,704,Lakshit Naik,63,T,A1
1723,705,Sai Misra,64,F,A1
1724,705,Arin Saxena,54,T,A2
1725,705,Vaishnavi Dhar,38,M,A3
1726,705,Pallavi Modi,23,T,A4
1727,706,Damyanti Tank,18,T,A1
1728,706,Indira Mane,31,M,A2
1729,706,Anya Borra,42,M,A3
1730,706,Yamini Mittal,30,T,A4
1731,707,Lajita Master,63,F,A1
1732,707,Alka Mann,23,T,A2
1733,707,Advaith Ganesan,36,F,A3
1734,708,Mohini Dewan,28,M,A1
1735,708,Balveer Ranganathan,24,F,A2
1736,708,Bimala Bhat,39,M,A3
1737,708,Praneel Madan,48,M,A4
1738,709,Urvi Lala,32,T,A1
1739,710,Hemani Ramakrishnan,49,F,A1
1740,711,Brinda Chatterjee,46,M,A1
1741,711,Rehaan Sarma,17,M,A2
1742,712,Azaan Chowdhury,51,F,A1
1743,713,Veda Mahal,26,F,A1
1744,713,Pahal Rattan,36,T,A2
1745,714,Divya Sandal,19,T,A1
1746,714,Qarin Golla,31,M,A2
1747,714,Abhiram Narula,39,F,A3
1748,715,Kashish Kapoor,31,F,A1
1749,716,Dhriti Ahuja,53,F,A1
1750,716,Finn Devan,28,T,A2
1751,716,Gauri Pall,63,F,A3
1752,717,Luke Sheth,52,T,A1
1753,717,Naksh Sandal,57,T,A2
1754,718,Pratyush Mody,20,M,A1
1755,719,Jyoti Chad,38,F,A1
1756,720,Aarna Sem,61,T,A1
1757,720,Damyanti Luthra,19,F,A2
1758,721,Raksha Wadhwa,23,F,A1
1759,721,Isaac Shenoy,54,F,A2
1760,721,Ishani Mital,65,T,A3
1761,721,Ryan Lad,16,M,A4
1762,722,Tristan Hayer,52,F,A1
1763,722,Teerth Sama,47,M,A2
1764,722,Ekapad Iyer,49,M,A3
1765,723,Aditya Mangal,51,T,A1
1766,723,Qarin Mutti,61,F,A2
1767,724,Upkaar Subramanian,42,M,A1
1768,724,Harrison Vala,26,T,A2
1769,725,Lakshmi Taneja,46,T,A1
1770,726,Krisha Sani,44,F,A1
1771,726,Harita Ben,49,F,A2
1772,726,Balhaar Choudhury,23,T,A3
1773,726,Harini Srinivasan,57,M,A4
1774,727,Chaitaly Ramakrishnan,57,T,A1
1775,727,Yoshita Varughese,52,M,A2
1776,727,Tanvi Prabhakar,61,M,A3
1777,727,Onkar Prabhakar,49,F,A4
1778,728,Ridhi Shere,36,T,A1
1779,728,Laksh Mistry,43,M,A2
1780,728,Siya Bumb,31,T,A3
1781,728,Akshay Narasimhan,35,T,A4
1782,729,Teerth Balan,40,M,A1
1783,730,Arin Ganesan,52,M,A1
1784,731,Timothy Prakash,21,F,A1
1785,731,Dhriti Thaman,65,M,A2
1786,732,Yuvraj Walia,25,T,A1
1787,732,Urvi Mohanty,39,M,A2
1788,733,Harrison Thakkar,17,T,A1
1789,733,Brijesh Mander,34,F,A2
1790,734,Nandini Boase,59,M,A1
1791,734,Watika Jha,30,M,A2
1792,735,Darpan Amble,63,T,A1
1793,736,Libni Prashad,46,M,A1
1794,736,Vinaya Grewal,25,M,A2
1795,736,Idika D’Alia,43,F,A3
1796,737,Vedika Gopal,30,M,A1
1797,737,Ayaan Dutt,58,M,A2
1798,737,Kritika Rout,65,M,A3
1799,738,Bakhshi Cheema,51,M,A1
1800,738,Ekiya Jayaraman,23,M,A2
1801,738,Chandani Rout,42,T,A3
1802,738,Brijesh Prakash,43,M,A4
1803,739,Vidhi Saini,38,F,A1
1804,739,Pahal Desai,29,T,A2
1805,739,Adya Lad,53,T,A3
1806,739,Sudiksha D’Alia,33,M,A4
1807,740,Aarush Ghose,46,F,A1
1808,741,Laban Swaminathan,41,F,A1
1809,741,Sudiksha Lata,16,F,A2
1810,741,Ansh Sandal,24,M,A3
1811,741,Hitesh Rajagopal,41,F,A4
1812,742,Yauvani Kapadia,54,T,A1
1813,742,Tanish Ravel,37,F,A2
1814,742,Vaishnavi Sengupta,44,F,A3
1815,742,Zayan Chandra,24,T,A4
1816,743,Arin Grewal,28,M,A1
1817,743,Meghana Deol,54,T,A2
1818,743,Aishani Ganesan,45,M,A3
1819,744,Ati Bhatti,58,M,A1
1820,745,Dayamai Chaudhary,20,T,A1
1821,745,Maanas Malhotra,62,F,A2
1822,745,Ayaan Soman,52,T,A3
1823,745,Madhavi Kumer,22,F,A4
1824,746,Tanish Gera,17,T,A1
1825,746,Harish Chokshi,49,F,A2
1826,746,Balendra Hans,22,T,A3
1827,746,Lavanya Vora,60,F,A4
1828,747,Omkaar Bhalla,62,F,A1
1829,748,Advaith Nori,42,F,A1
1830,748,Vamakshi Munshi,56,F,A2
1831,749,Advik Bal,61,F,A1
1832,749,Tarak Shenoy,16,T,A2
1833,750,Ikbal Jayaraman,22,F,A1
1834,750,Benjamin Upadhyay,43,M,A2
1835,750,Faqid Ramakrishnan,63,F,A3
1836,750,Lucky Grewal,16,F,A4
1837,751,Suhani Kunda,19,F,A1
1838,751,Yash Ray,40,F,A2
1839,751,Maanav Kar,48,M,A3
1840,751,Chaaya Deep,57,M,A4
1841,752,Anamika Butala,63,T,A1
1842,752,Anay Magar,27,F,A2
1843,753,Diya Chandra,40,F,A1
1844,753,Kalpit Singhal,51,T,A2
1845,754,Hemani Parmer,57,M,A1
1846,754,Isaac Raja,36,T,A2
1847,754,Karan Cherian,41,T,A3
1848,754,Indrajit Nagarajan,25,F,A4
1849,755,Tanish Sheth,23,M,A1
1850,755,Daniel Andra,33,F,A2
1851,756,Raksha Chakrabarti,20,T,A1
1852,756,Bachittar Swaminathan,51,T,A2
1853,756,Kalpit Chada,33,M,A3
1854,756,Charita Bassi,65,T,A4
1855,757,Anamika Sen,37,M,A1
1856,758,Rachit Divan,43,F,A1
1857,758,Om Bhatti,43,F,A2
1858,758,Ryan Swamy,25,T,A3
1859,759,Yuvraj Manne,63,F,A1
1860,759,Sudiksha Khatri,39,F,A2
1861,759,Aayush Aggarwal,59,F,A3
1862,760,Saksham Shan,46,M,A1
1863,761,Lipika Konda,56,F,A1
1864,761,Chandresh Bajaj,25,T,A2
1865,761,Theodore Krish,56,F,A3
1866,762,Kala Lad,55,T,A1
1867,762,Yachana Dhaliwal,54,T,A2
1868,763,Nirja Balan,65,F,A1
1869,763,Ekanta Prashad,58,M,A2
1870,764,Chatresh Chandran,34,M,A1
1871,765,Bhavya Agarwal,64,F,A1
1872,765,Mahika Dhaliwal,46,F,A2
1873,765,Hiral Tella,65,M,A3
1874,766,Jagrati Hans,45,F,A1
1875,766,Devika Dutta,60,T,A2
1876,766,Hemangini Sha,60,T,A3
1877,767,Omya Boase,57,F,A1
1878,767,Falak Pal,49,T,A2
1879,767,Bhavini Rao,20,T,A3
1880,767,Azad Bhat,64,T,A4
1881,768,Tara Chadha,38,F,A1
1882,768,Gaurav Gill,65,T,A2
1883,768,Joshua Sane,55,F,A3
1884,768,Indali Chakraborty,59,F,A4
1885,769,Aarna Muni,44,M,A1
1886,769,Chakradhar Mody,56,T,A2
1887,769,Maanas Sarraf,58,M,A3
1888,769,Theodore Mital,58,T,A4
1889,770,Aashi Keer,32,M,A1
1890,770,Oviya Chacko,64,M,A2
1891,771,Meera Sethi,42,M,A1
1892,772,Riya Uppal,40,T,A1
1893,772,Chaaya Solanki,39,T,A2
1894,773,Balhaar Sachar,55,T,A1
1895,773,Yashvi Mitter,56,T,A2
1896,773,Charvi Dhingra,29,T,A3
1897,774,Damyanti Saini,19,F,A1
1898,775,Ishanvi Kunda,53,T,A1
1899,775,Anay Ratta,50,F,A2
1900,775,Barkha Chakrabarti,44,F,A3
1901,776,Ubika Krish,46,F,A1
1902,776,Pushti Kaur,42,M,A2
1903,777,Oni Yadav,60,F,A1
1904,777,Nidhi Ravel,39,M,A2
1905,778,Gavin Dyal,38,T,A1
1906,778,Deepa Hayre,57,F,A2
1907,779,Lucky Chaudhry,63,T,A1
1908,780,Faris Chakraborty,28,F,A1
1909,780,Bachittar Arya,56,F,A2
1910,780,Chameli Soman,40,F,A3
1911,780,Wridesh Chhabra,31,M,A4
1912,781,Yashica Kuruvilla,54,F,A1
1913,782,Noah Dar,62,M,A1
1914,782,Urmi Ganesan,40,F,A2
1915,782,Aarush Sinha,39,M,A3
1916,782,Upadhriti Bhalla,55,F,A4
1917,783,Mohammed Dayal,30,T,A1
1918,783,Leena Krishnamurthy,33,T,A2
1919,784,Hitesh Amble,40,F,A1
1920,784,Bhavini Aurora,51,F,A2
1921,785,Tanay Rana,36,T,A1
1922,785,Nicholas Dara,58,T,A2
1923,785,Baljiwan Rajagopalan,17,T,A3
1924,785,Indira Shah,41,M,A4
1925,786,Dominic Sarkar,48,F,A1
1926,786,Yatan Patla,37,M,A2
1927,786,Gaurav Nagy,64,M,A3
1928,786,Jack Ray,59,T,A4
1929,787,Teerth Hora,58,M,A1
1930,787,Chakradhar Virk,63,F,A2
1931,787,Naksh Manda,43,F,A3
1932,788,Hredhaan Sandal,37,T,A1
1933,788,Alexander Mutti,56,F,A2
1934,788,Chakradhar Din,25,F,A3
1935,788,Jyoti Bobal,49,M,A4
1936,789,Vihaan Narayan,35,M,A1
1937,789,Dayita Chana,30,F,A2
1938,790,Vritti Tiwari,46,F,A1
1939,790,Jason Nagarajan,39,F,A2
1940,790,Yatin Nazareth,52,F,A3
1941,790,Indrajit Devan,44,M,A4
1942,791,Kashish Tank,64,F,A1
1943,791,Harita Pathak,46,T,A2
1944,791,Mohammed Puri,25,M,A3
1945,792,Kala Mammen,44,T,A1
1946,792,Turvi Sidhu,57,F,A2
1947,792,Balhaar Parmar,18,M,A3
1948,793,Janaki Rajagopalan,36,T,A1
1949,793,Vasana Wali,63,M,A2
1950,793,Vasana Bhat,47,M,A3
1951,794,Elijah Mitra,59,T,A1
1952,795,Neha Divan,39,M,A1
1953,796,Samuel Dhawan,18,T,A1
1954,796,Ekansh Jhaveri,19,T,A2
1955,796,Sathvik Rattan,52,T,A3
1956,797,Yamini Soman,38,T,A1
1957,797,Niharika Balan,58,T,A2
1958,797,Zansi Virk,63,T,A3
1959,798,Urvi Iyengar,35,M,A1
1960,798,Fiyaz Narang,46,T,A2
1961,799,Nisha Seshadri,23,T,A1
1962,799,Urvi Tella,39,F,A2
1963,799,Xalak Nori,20,M,A3
1964,800,Vansha Kade,47,T,A1
1965,800,Kalpit Shah,22,T,A2
1966,801,Pooja Dara,33,T,A1
1967,801,Hredhaan Sampath,55,M,A2
1968,801,Dakshesh Menon,20,M,A3
1969,802,Hemang Sandal,44,T,A1
1970,802,Sarthak Gola,16,F,A2
1971,802,Ayushman Gole,31,F,A3
1972,802,Akshay Chandran,18,M,A4
1973,803,Pahal Bakshi,33,T,A1
1974,803,Shravya Shetty,31,T,A2
1975,803,Tarak Buch,46,T,A3
1976,804,Qadim Kulkarni,43,T,A1
1977,804,Krisha Kapur,22,M,A2
1978,805,Abha Bhat,23,F,A1
1979,805,Inaya Nair,18,F,A2
1980,806,Nathaniel Dalal,47,F,A1
1981,806,Tristan Pall,48,F,A2
1982,806,Chanchal Sanghvi,57,F,A3
1983,807,Onveer Setty,35,F,A1
1984,807,Daksha Parekh,54,F,A2
1985,807,Vrinda Lanka,45,T,A3
1986,807,Arin Sethi,19,M,A4
1987,808,Omkaar Basu,53,T,A1
1988,808,Harshil Garg,48,M,A2
1989,808,Noah Grewal,34,M,A3
1990,809,Bakhshi Kar,22,F,A1
1991,809,Naksh Pall,19,T,A2
1992,809,Yug Jhaveri,25,M,A3
1993,809,Abeer Ganesh,22,M,A4
1994,810,Upkaar Nazareth,39,M,A1
1995,810,Falguni Bandi,32,M,A2
1996,811,Reyansh Gaba,39,F,A1
1997,812,Avi Palan,23,M,A1
1998,812,Jason Date,20,F,A2
1999,812,Anamika Chana,26,T,A3
2000,813,Xavier Taneja,57,M,A1
2001,814,Alexander Rajagopalan,32,M,A1
2002,814,Amrita Chander,17,M,A2
2003,814,Sara Oommen,52,M,A3
2004,814,Kevin Golla,58,T,A4
2005,815,Eiravati Dora,30,M,A1
2006,815,Zayan Rajagopal,57,F,A2
2007,816,Amruta Murty,64,M,A1
2008,816,Anamika Bhat,22,F,A2
2009,817,Liam Chaudhry,44,T,A1
2010,817,Chandani Khanna,40,M,A2
2011,817,Zansi Sathe,23,T,A3
2012,818,Girik Thaker,32,M,A1
2013,819,Raagini Tailor,44,T,A1
2014,819,Rushil Joshi,25,F,A2
2015,819,Onkar Sani,41,T,A3
2016,820,Yahvi Parmer,64,M,A1
2017,821,Mitali Subramaniam,60,M,A1
2018,821,Om Patil,32,M,A2
2019,821,Tarak Nagar,28,F,A3
2020,821,Faris Ramanathan,27,F,A4
2021,822,Qadim Pandit,52,M,A1
2022,822,Om Mital,58,F,A2
2023,822,Orinder Sabharwal,30,T,A3
2024,823,Agastya Sahni,31,T,A1
2025,824,Aadi Lala,31,T,A1
2026,824,Charles Patel,64,F,A2
2027,824,Rishi Goyal,61,F,A3
2028,824,Vansha Mane,19,T,A4
2029,825,Yatan Prabhakar,50,F,A1
2030,825,Peter Desai,33,T,A2
2031,825,Chanchal Sheth,54,T,A3
2032,825,Gabriel Kapadia,51,M,A4
2033,826,Mugdha Choudhry,49,F,A1
2034,826,Christopher Som,19,M,A2
2035,827,Vedant Sheth,29,M,A1
2036,827,Ryan Madan,21,M,A2
2037,827,Gautam Saxena,52,M,A3
2038,827,Manan Kapoor,61,F,A4
2039,828,Hardik Ramachandran,18,F,A1
2040,828,Anya Mani,25,M,A2
2041,829,Janaki Sood,55,F,A1
2042,830,Harini Chaudhry,27,M,A1
2043,830,Anmol Chadha,36,F,A2
2044,830,Ranbir Gera,19,T,A3
2045,831,Darika Loke,40,T,A1
2046,832,Yachana Ramachandran,42,M,A1
2047,832,Saumya Apte,34,T,A2
2048,832,Jagrati Memon,53,T,A3
2049,833,Zaitra Saraf,22,F,A1
2050,833,Dev Arora,17,F,A2
2051,834,Arya Keer,34,F,A1
2052,834,Amol Bali,40,T,A2
2053,834,Vansha Walla,42,F,A3
2054,835,Anya Kala,35,T,A1
2055,835,Charan Randhawa,52,F,A2
2056,835,Fitan Seth,17,M,A3
2057,836,Vivaan Raval,36,M,A1
2058,837,Advay Varughese,24,F,A1
2059,837,Gaurika Baria,52,T,A2
2060,837,Lekha Bahri,57,T,A3
2061,838,Sachi Loke,18,F,A1
2062,838,Yashodhara Korpal,44,F,A2
2063,838,Avi Randhawa,19,M,A3
2064,839,Avni Bumb,61,F,A1
2065,840,Chakradhar Ram,31,F,A1
2066,841,Ekantika Bains,33,F,A1
2067,841,Lakshit Dewan,22,F,A2
2068,842,Darsh Boase,58,M,A1
2069,842,Nicholas Aurora,17,T,A2
2070,842,Rehaan Goel,20,M,A3
2071,842,Nathaniel Swaminathan,29,T,A4
2072,843,Gautam Shankar,51,F,A1
2073,843,Pallavi Morar,54,M,A2
2074,844,Wahab Chahal,62,F,A1
2075,844,Eta Mittal,38,T,A2
2076,845,Harini Yohannan,43,F,A1
2077,845,Ranveer Agate,55,T,A2
2078,846,Oeshi Sinha,47,T,A1
2079,846,Libni Puri,40,T,A2
2080,846,Tristan Comar,21,M,A3
2081,847,Falguni Agarwal,52,M,A1
2082,848,Nitara Misra,39,M,A1
2083,848,Sanaya Bava,20,T,A2
2084,849,Chaman Mistry,30,M,A1
2085,849,Ayushman Bahl,27,M,A2
2086,849,Manan Varty,61,T,A3
2087,849,Qarin Sibal,44,M,A4
2088,850,Urmi Ravi,31,F,A1
2089,850,Kevin Aurora,50,T,A2
2090,850,Kiaan Badal,18,F,A3
2091,851,Qarin Kulkarni,42,M,A1
2092,851,Vedhika Ahuja,36,F,A2
2093,851,Pranav Apte,48,F,A3
2094,851,Luke Misra,40,M,A4
2095,852,Yuvraj Andra,52,F,A1
2096,853,Eesha Deol,37,M,A1
2097,854,Jhalak Mallick,57,M,A1
2098,854,Xavier Ratta,18,F,A2
2099,854,Yashvi Din,50,M,A3
2100,854,Indira Seth,32,M,A4
2101,855,Lakshmi Rau,43,M,A1
2102,855,Nikita Mander,49,T,A2
2103,855,Kai Pradhan,43,F,A3
2104,855,Vedhika Ghosh,46,M,A4
2105,856,Leena Saha,59,M,A1
2106,856,Elijah Setty,38,T,A2
2107,857,Tanveer Nagi,20,F,A1
2108,858,Aachal Vohra,24,F,A1
2109,859,Ryan Wable,23,M,A1
2110,859,Frado Dubey,19,T,A2
2111,859,Neha Anne,16,F,A3
2112,860,Bhavani Bobal,45,T,A1
2113,860,Charita Dani,19,T,A2
2114,860,Samarth Varty,36,T,A3
2115,861,Nathaniel Deshmukh,27,F,A1
2116,861,Advay Narayan,35,M,A2
2117,861,Christopher Venkataraman,40,M,A3
2118,862,Kala Ratti,21,T,A1
2119,862,Aayush Chada,17,F,A2
2120,862,Janya Korpal,63,M,A3
2121,863,Bina Ahuja,18,T,A1
2122,863,Yug Mohanty,25,T,A2
2123,864,Charles Taneja,35,M,A1
2124,864,Warhi Hegde,43,F,A2
2125,864,Ethan Taneja,59,T,A3
2126,864,David Kara,28,M,A4
2127,865,Rishi Kade,22,T,A1
2128,865,Banjeet Gupta,52,F,A2
2129,866,Raagini Bal,43,M,A1
2130,866,Ojasvi Dave,42,T,A2
2131,866,Divya Bhatti,17,F,A3
2132,866,Upma Sachdev,29,F,A4
2133,867,Indira Rajagopal,16,M,A1
2134,867,Aadhya Bansal,40,F,A2
2135,867,Irya Upadhyay,48,T,A3
2136,867,Hemangini Pal,49,M,A4
2137,868,Urvashi Agate,33,T,A1
2138,869,Andrew Kothari,30,T,A1
2139,869,Pranav Bumb,17,T,A2
2140,869,Shaurya Raja,47,T,A3
2141,870,Ekanta Dugar,40,M,A1
2142,870,Gautam Raja,33,F,A2
2143,870,Rajeshri Jhaveri,54,T,A3
2144,871,Adya Bail,54,T,A1
2145,872,Tristan Brar,22,F,A1
2146,873,Nicholas Rastogi,43,M,A1
2147,873,Quincy Dar,19,M,A2
2148,873,Neha Bali,39,F,A3
2149,873,Suhani Dutt,39,F,A4
2150,874,Vansha Mahajan,43,F,A1
2151,875,Ronith Buch,37,T,A1
2152,875,Devansh Mann,59,T,A2
2153,876,Lila Reddy,17,F,A1
2154,877,Charvi Babu,60,T,A1
2155,877,Kashvi Sunder,38,M,A2
2156,877,Abeer Kalita,61,T,A3
2157,878,Abhiram Prabhakar,34,T,A1
2158,878,Kai Wali,65,F,A2
2159,878,Pushti Lata,30,M,A3
2160,879,Arin Lala,44,T,A1
2161,879,Nakul Iyengar,58,M,A2
2162,879,Kamala Sibal,17,M,A3
2163,879,Vihaan Choudhury,54,T,A4
2164,880,Ubika Palla,40,F,A1
2165,880,Chakrika Nagy,23,T,A2
2166,880,Anjali Devan,25,M,A3
2167,881,Ijaya Palla,56,M,A1
2168,882,Charles Murty,41,M,A1
2169,882,Lajita Arora,32,T,A2
2170,882,Nilima Chauhan,58,M,A3
2171,882,Liam Mukherjee,24,F,A4
2172,883,Karan Hegde,48,F,A1
2173,883,Dev Pau,44,T,A2
2174,884,Ridhi Karpe,52,M,A1
2175,884,Pallavi Taneja,20,T,A2
2176,884,Diya Sampath,29,T,A3
2177,884,Idika Vyas,35,F,A4
2178,885,Alka Bhalla,47,F,A1
2179,885,Aishani Pau,54,M,A2
2180,886,Tanish Sanghvi,62,M,A1
2181,886,Lipika Dasgupta,35,T,A2
2182,887,Chandran Grewal,16,T,A1
2183,887,Vanya Som,44,M,A2
2184,887,Alka Konda,36,T,A3
2185,888,Vrinda Khurana,16,M,A1
2186,888,Ranveer Dhawan,16,M,A2
2187,888,Simon Deol,41,T,A3
2188,889,Ekanta Khatri,43,T,A1
2189,889,Megha Sharma,27,M,A2
2190,889,Rachit Kuruvilla,35,T,A3
2191,890,Girindra Krishnamurthy,19,F,A1
2192,890,Dhruv Sampath,23,M,A2
2193,890,Vedant Gill,43,F,A3
2194,891,Falguni Luthra,25,T,A1
2195,891,Jonathan Ramachandran,48,M,A2
2196,892,Tanay Dubey,20,F,A1
2197,892,Rachana Dora,32,F,A2
2198,892,Waida Sengupta,37,T,A3
2199,892,Unni Kamdar,38,M,A4
2200,893,Charles Khanna,58,T,A1
2201,893,Bakhshi Nayak,26,T,A2
2202,893,Omkaar Thakur,29,T,A3
2203,894,Urvashi Peri,22,T,A1
2204,894,Priya Setty,64,M,A2
2205,894,Lakshit Prabhu,55,F,A3
2206,895,Netra Lala,46,F,A1
2207,896,Aarini Toor,28,M,A1
2208,897,Luke Saha,21,M,A1
2209,898,Harrison Dugar,21,M,A1
2210,898,Hemang Narayan,49,T,A2
2211,899,Qabil Seshadri,26,F,A1
2212,899,Nihal Devan,25,T,A2
2213,899,Daksha Tank,61,M,A3
2214,900,Kabir Jayaraman,59,T,A1
2215,900,Vasudha Bhardwaj,26,T,A2
2216,900,Bina Bir,40,M,A3
2217,900,Chandran Rajagopalan,39,T,A4
2218,901,Ekta Varma,39,M,A1
2219,902,Sai Dube,16,T,A1
2220,902,Megha Dar,17,T,A2
2221,902,Daniel Dhaliwal,37,M,A3
2222,902,Fiyaz Rajagopalan,48,M,A4
2223,903,Eiravati Sengupta,33,F,A1
2224,903,Arunima Narayanan,32,T,A2
2225,904,Harish Gera,16,F,A1
2226,904,Upma Sankar,60,M,A2
2227,904,Abdul Amble,47,T,A3
2228,904,Libni Viswanathan,39,T,A4
2229,905,Ishanvi Bora,16,F,A1
2230,906,Parth Kunda,47,F,A1
2231,906,Abha Biswas,29,T,A2
2232,906,Chaman Ahluwalia,30,M,A3
2233,906,Saksham Jaggi,61,T,A4
2234,907,Chakradev Misra,22,M,A1
2235,907,Mitesh Kala,26,F,A2
2236,908,Rachita Bhatti,40,F,A1
2237,909,Agastya Misra,58,F,A1
2238,909,Brijesh Shetty,18,M,A2
2239,910,Chakradev Dey,43,T,A1
2240,911,Logan Natarajan,58,M,A1
2241,911,Anay Sidhu,62,F,A2
2242,911,Devika Dube,22,M,A3
2243,912,Rajeshri Sharma,46,F,A1
2244,912,Jasmit Comar,28,M,A2
2245,912,Ekalinga Varghese,54,M,A3
2246,913,Osha Dutt,48,M,A1
2247,914,Zaitra Kadakia,58,M,A1
2248,914,Sachi Hans,59,T,A2
2249,915,Upadhriti Zachariah,62,T,A1
2250,915,Chaitaly Din,63,F,A2
2251,916,Triveni Dhawan,53,F,A1
2252,916,Urvi Dani,29,F,A2
2253,917,Diya Mahajan,39,M,A1
2254,917,Christopher Mand,37,F,A2
2255,918,Samaksh Vohra,44,M,A1
2256,919,Wakeeta Bhardwaj,32,F,A1
2257,919,Kala Uppal,51,F,A2
2258,919,Oliver Ravel,40,M,A3
2259,919,Yashasvi Lall,37,M,A4
2260,920,Wazir Rastogi,59,T,A1
2261,920,Pranit Contractor,50,F,A2
2262,921,Guneet Vaidya,56,F,A1
2263,921,Avi Suresh,45,F,A2
2264,921,Neelima Rama,53,M,A3
2265,921,Jagat Batta,60,T,A4
2266,922,Yasti Sarkar,65,T,A1
2267,923,Rayaan Nigam,32,M,A1
2268,924,Onkar Kamdar,27,M,A1
2269,924,Ekantika Narayan,43,T,A2
2270,924,Brijesh Nadkarni,31,F,A3
2271,925,Ati Lall,35,M,A1
2272,925,Deepa Pillai,33,F,A2
2273,925,Henry Bose,38,F,A3
2274,926,Utkarsh Naidu,59,F,A1
2275,927,Falan Barad,32,T,A1
2276,928,Nisha Solanki,51,M,A1
2277,928,Aryan Kata,29,M,A2
2278,928,Prisha Misra,62,F,A3
2279,928,Dominic Sankaran,57,M,A4
2280,929,Jagat Pant,41,M,A1
2281,929,Jasmit Sethi,25,T,A2
2282,929,Manan Sarna,47,F,A3
2283,929,Hemang Upadhyay,54,M,A4
2284,930,Daksha Gade,44,T,A1
2285,930,Utkarsh Gill,49,M,A2
2286,931,Yug Sant,20,T,A1
2287,932,Ishanvi Mander,60,M,A1
2288,932,Vidhi Loyal,46,M,A2
2289,932,Panini Bhatt,24,F,A3
2290,932,Aarush Nayar,45,F,A4
2291,933,Varsha Raju,37,F,A1
2292,933,Aadhya Jani,44,F,A2
2293,934,Ayush Doshi,56,M,A1
2294,934,Ijaya Balan,25,M,A2
2295,934,Rachit Dada,46,T,A3
2296,934,Ojasvi Purohit,27,T,A4
2297,935,Arunima Ghosh,65,M,A1
2298,935,Krish Dave,55,T,A2
2299,935,Thomas Luthra,45,M,A3
2300,935,Elijah Joshi,47,T,A4
2301,936,Girindra Som,37,F,A1
2302,937,Avi Gala,60,F,A1
2303,937,Yatan Palla,40,T,A2
2304,937,Tanvi Modi,45,T,A3
2305,938,Tejas Bhavsar,40,T,A1
2306,938,Lakshmi Natt,19,T,A2
2307,938,Nakul Goswami,61,T,A3
2308,938,Reva Prashad,59,M,A4
2309,939,Hemal Bhatt,33,T,A1
2310,939,Anika Mani,36,F,A2
2311,940,Aadi Mital,46,F,A1
2312,940,Wridesh Kaur,47,T,A2
2313,940,Zayyan Patel,39,T,A3
2314,940,Kritika Chacko,58,T,A4
2315,941,Zansi Shukla,23,M,A1
2316,941,Tanay Bhatt,59,F,A2
2317,941,Abhiram Mann,40,F,A3
2318,942,Charles Wadhwa,44,M,A1
2319,943,Samuel Chad,51,M,A1
2320,943,George Bhattacharyya,30,F,A2
2321,944,Nidra Vohra,20,T,A1
2322,944,Pallavi Mitra,41,M,A2
2323,944,Ganga Sha,42,F,A3
2324,944,Niharika Agate,62,F,A4
2325,945,Netra Bandi,33,M,A1
2326,945,Qasim Hayer,32,T,A2
2327,945,Qasim Thakkar,57,F,A3
2328,946,Netra Rege,54,M,A1
2329,947,Neelima Samra,31,F,A1
2330,947,Samesh Venkataraman,43,T,A2
2331,948,Kashish Purohit,56,F,A1
2332,948,Ayaan Chandran,39,T,A2
2333,948,Faqid Comar,39,F,A3
2334,949,Januja Golla,27,F,A1
2335,949,Jackson Kala,56,T,A2
2336,949,Yagnesh Kumar,43,M,A3
2337,950,Priya Ahluwalia,61,F,A1
2338,950,Aishani Vala,20,M,A2
2339,950,Pushti Hans,19,F,A3
2340,950,Owen Bhagat,55,M,A4
2341,951,Vincent Parekh,22,T,A1
2342,951,George Natt,38,M,A2
2343,952,Omaja Saha,38,T,A1
2344,952,Henry Lata,44,T,A2
2345,952,Kala Kanda,60,M,A3
2346,952,Nidhi Prabhakar,30,T,A4
2347,953,Zaid Dube,41,T,A1
2348,953,Samaksh Rama,60,T,A2
2349,953,Matthew Mishra,17,F,A3
2350,954,Nirja Narasimhan,32,T,A1
2351,954,Yatin Bal,32,F,A2
2352,954,Harrison Ramaswamy,47,M,A3
2353,954,Chaman Singhal,55,M,A4
2354,955,Harrison Ramesh,42,T,A1
2355,955,Triya Chakrabarti,42,F,A2
2356,955,Yash Bajaj,46,M,A3
2357,955,Sathvik Som,17,F,A4
2358,956,Vasatika Bahl,17,F,A1
2359,956,Libni Maharaj,25,T,A2
2360,956,Jacob Deep,58,M,A3
2361,956,Bhavika Rao,22,F,A4
2362,957,Samesh Halder,57,M,A1
2363,958,Leela Master,65,F,A1
2364,958,Gaurang Rout,54,M,A2
2365,958,Atharv Sabharwal,17,T,A3
2366,959,Lopa Chokshi,43,M,A1
2367,960,Anita Kale,22,M,A1
2368,961,Radha Tak,37,M,A1
2369,962,Neel Barad,34,M,A1
2370,962,Omisha Sahni,37,M,A2
2371,962,Netra Bali,36,F,A3
2372,962,Balveer Koshy,44,F,A4
2373,963,Rudra Borde,25,F,A1
2374,963,Darsh Sridhar,61,T,A2
2375,963,Vedika Chaudhry,42,M,A3
2376,963,Lavanya Bhargava,60,M,A4
2377,964,Samar Deshmukh,38,M,A1
2378,965,Bimala Chanda,31,M,A1
2379,965,Kevin Walla,55,F,A2
2380,965,Chandani Nadig,34,F,A3
2381,966,Priya Guha,49,M,A1
2382,966,William Buch,24,T,A2
2383,966,Xalak Mitra,65,T,A3
2384,967,Jagat Pall,39,T,A1
2385,967,Chanakya Borra,58,M,A2
2386,968,Rachita Goyal,18,F,A1
2387,968,Ekalinga Ray,50,M,A2
2388,968,Hemangini Nazareth,28,F,A3
2389,968,Ekantika Gill,54,F,A4
2390,969,Vidhi Bhattacharyya,18,T,A1
2391,970,Azaan Pingle,60,M,A1
2392,970,Harini Sant,36,F,A2
2393,970,Ijaya Ratti,57,T,A3
2394,970,Jasmit Patla,37,M,A4
2395,971,Janaki Ravel,56,F,A1
2396,971,Atharv Lad,51,F,A2
2397,971,Abhiram Soni,24,T,A3
2398,971,Brijesh Butala,16,M,A4
2399,972,Abdul Aggarwal,20,M,A1
2400,972,Nilima Bhargava,50,M,A2
2401,972,Harish Sunder,64,F,A3
2402,972,Lohit Amble,52,T,A4
2403,973,Indali Edwin,35,T,A1
2404,973,Veer Dhar,26,T,A2
2405,974,Azad Agarwal,38,F,A1
2406,975,Dipta Hari,48,F,A1
2407,975,Saanvi Dhingra,37,T,A2
2408,976,Wridesh Balakrishnan,29,T,A1
2409,976,Anay Bora,58,F,A2
2410,976,Charita Chaudry,44,F,A3
2411,977,Yashvi Chandran,34,T,A1
2412,977,Bhavna Singh,57,T,A2
2413,978,Lekha Kapadia,37,F,A1
2414,978,Widisha Bakshi,24,T,A2
2415,979,Ekantika Padmanabhan,48,F,A1
2416,979,Kashish Mohan,40,F,A2
2417,980,Chanchal Parmer,41,T,A1
2418,980,Zinal Sanghvi,32,F,A2
2419,980,Krishna Bhavsar,31,M,A3
2420,981,Mohini Nadkarni,28,T,A1
2421,982,Yauvani Mand,32,T,A1
2422,983,Charvi Sharaf,60,T,A1
2423,984,Lohit Krishna,17,F,A1
2424,984,Simon Mitra,36,T,A2
2425,984,Azad Mahal,47,F,A3
2426,984,Suhani Date,19,M,A4
2427,985,Ayush Rajagopalan,34,F,A1
2428,985,Wishi Radhakrishnan,36,F,A2
2429,986,Jagrati Golla,16,T,A1
2430,986,Fitan Nagy,47,F,A2
2431,986,Lila Kara,30,F,A3
2432,986,Ati Bahri,33,M,A4
2433,987,Avi Mittal,58,F,A1
2434,987,Nikita Shetty,48,F,A2
2435,988,Shaurya Soman,23,M,A1
2436,989,Xiti Bath,49,M,A1
2437,990,Kashvi Kara,32,F,A1
2438,990,Vidhi Chad,39,M,A2
2439,990,Aarnav Bhardwaj,22,F,A3
2440,991,Yoshita Pillay,40,M,A1
2441,991,Dayamai Agate,37,T,A2
2442,992,Faqid Mane,26,F,A1
2443,992,Krisha Mann,31,M,A2
2444,993,Priya Salvi,40,M,A1
2445,993,Harini Bhardwaj,56,F,A2
2446,993,Peter Sinha,42,M,A3
2447,994,Vansha Bhakta,23,T,A1
2448,994,Ethan Bhasin,37,F,A2
2449,995,Gautami Korpal,26,M,A1
2450,995,Matthew Issac,26,T,A2
2451,996,Kritika Varughese,27,T,A1
2452,996,Yauvani Pillai,25,F,A2
2453,997,Devika Hans,29,T,A1
2454,997,Banjeet Balakrishnan,49,F,A2
2455,998,Sarthak Dhar,16,M,A1
2456,998,Rajeshri Padmanabhan,46,M,A2
2457,999,Ekbal Om,37,M,A1
2458,999,Liam Barman,59,T,A2
2459,1000,Thomas Pillay,35,F,A1
2460,1000,Maanas Sura,18,M,A2
2461,1000,Ati Mutti,28,F,A3
2462,1000,Thomas Kothari,33,M,A4
2463,1001,Yasti Memon,55,T,A1
2464,1002,Odika Dayal,45,T,A1
2465,1003,Oviya Date,19,T,A1
2466,1004,Karan Choudhary,16,M,A1
2467,1004,Rajeshri Prabhu,21,F,A2
2468,1004,Quincy Din,62,T,A3
2469,1005,Waida Sheth,23,M,A1
2470,1005,Kashvi Dada,37,M,A2
2471,1005,Charles Shanker,23,M,A3
2472,1005,Samar Karpe,61,F,A4
2473,1006,Sai Dugal,36,T,A1
2474,1006,Anamika Nadig,18,T,A2
2475,1007,Sai Agrawal,62,T,A1
2476,1007,Ekalinga Devi,44,T,A2
2477,1008,Lipika Kulkarni,57,M,A1
2478,1008,Samarth Kala,46,M,A2
2479,1008,Siya Raj,50,T,A3
2480,1009,Zehaan Mangal,45,F,A1
2481,1009,Kiaan Bajwa,48,M,A2
2482,1009,Oni Mammen,16,F,A3
2483,1009,Ishaan Guha,16,T,A4
2484,1010,Aadi Brahmbhatt,59,M,A1
2485,1011,Tarak Viswanathan,30,M,A1
2486,1011,Bhavika Kumer,29,T,A2
2487,1011,Darsh Manda,54,T,A3
2488,1011,Anita Khurana,38,M,A4
2489,1012,Tanay Narayanan,42,M,A1
2490,1012,Harshil Maharaj,41,M,A2
2491,1013,Ronith Basak,33,T,A1
2492,1013,Harshil Rau,60,M,A2
2493,1013,Lakshmi Manda,23,F,A3
2494,1013,Imaran Sur,43,F,A4
2495,1014,Harshil Ravel,51,F,A1
2496,1014,Veda Chauhan,44,F,A2
2497,1014,Girik Chhabra,41,F,A3
2498,1015,Frederick Singhal,56,M,A1
2499,1015,Reva Parekh,16,T,A2
2500,1016,Sarthak Prasad,61,M,A1
2501,1016,Aadhya Parikh,43,T,A2
2502,1016,Ijaya Sami,25,M,A3
2503,1016,Ria Doctor,60,M,A4
2504,1017,Mugdha Dhar,33,F,A1
2505,1017,Upadhriti Subramaniam,28,T,A2
2506,1017,Caleb Bhavsar,20,T,A3
2507,1017,Amrita Sandal,18,M,A4
2508,1018,Yutika Om,57,F,A1
2509,1018,Nakul Shere,27,T,A2
2510,1019,Ekaraj Prabhakar,43,F,A1
2511,1019,Nitesh Nagarajan,48,T,A2
2512,1019,Zarna Prabhakar,44,T,A3
2513,1019,Pooja Chhabra,59,M,A4
2514,1020,Udarsh Ganesan,54,T,A1
2515,1020,Vaishnavi Singh,41,M,A2
2516,1020,Jack Dara,24,T,A3
2517,1021,Abhiram Savant,54,T,A1
2518,1021,Madhav Bora,63,F,A2
2519,1022,Upasna Chandra,65,F,A1
2520,1023,Tamanna Ray,61,M,A1
2521,1023,Banjeet Purohit,57,F,A2
2522,1023,Robert Mani,48,T,A3
2523,1023,Amol Badal,26,T,A4
2524,1024,Rohan Shanker,36,F,A1
2525,1024,Qabil Datta,59,T,A2
2526,1025,Janaki Mane,65,M,A1
2527,1026,Ekapad Ranganathan,37,M,A1
2528,1026,Oni Andra,41,T,A2
2529,1026,Yamini Bali,35,T,A3
2530,1027,Eiravati Mani,62,M,A1
2531,1027,Ishita Swamy,49,F,A2
2532,1027,Rachit Chokshi,20,F,A3
2533,1028,Arin Johal,32,T,A1
2534,1028,Warda Dewan,27,F,A2
2535,1029,Maya Yohannan,41,F,A1
2536,1030,Balveer Banerjee,57,T,A1
2537,1030,Ansh Raman,43,F,A2
2538,1030,Gabriel Modi,18,T,A3
2539,1030,Anay Nagarajan,45,M,A4
2540,1031,Dakshesh Hora,49,M,A1
2541,1031,Ekaja Salvi,27,M,A2
2542,1031,Lakshmi Iyer,51,M,A3
2543,1032,Dominic Sawhney,62,M,A1
2544,1032,Aarush Mukherjee,18,M,A2
2545,1033,Gautami Gole,39,T,A1
2546,1033,Victor Bawa,28,M,A2
2547,1034,Logan Devan,42,F,A1
2548,1034,Zinal Bhavsar,64,M,A2
2549,1035,Thomas Borah,48,F,A1
2550,1035,Balhaar Palla,24,M,A2
2551,1036,Yahvi Mannan,62,T,A1
2552,1037,Urvi Reddy,28,M,A1
2553,1037,Ayush Chawla,22,T,A2
2554,1037,Vedika Sane,22,M,A3
2555,1038,Tarak Rege,50,T,A1
2556,1038,Rachana Vora,29,F,A2
2557,1038,Aryan Chahal,17,T,A3
2558,1039,Pavani Sankaran,37,M,A1
2559,1039,Sachi Varma,56,M,A2
2560,1040,Eesha Wason,64,T,A1
2561,1040,Krishna Naik,44,T,A2
2562,1040,Vansha Srinivasan,34,M,A3
2563,1041,Elijah Mannan,48,T,A1
2564,1042,Ridhi Buch,49,F,A1
2565,1042,Darika Vora,51,M,A2
2566,1042,Balveer Bhalla,28,F,A3
2567,1043,Sanya Swamy,26,F,A1
2568,1043,Ubika Bawa,36,M,A2
2569,1043,Anay Dhaliwal,60,T,A3
2570,1044,Devansh Tripathi,54,F,A1
2571,1045,Neel Karan,56,F,A1
2572,1045,Nikita Kade,57,F,A2
2573,1045,Amol Rajagopalan,31,M,A3
2574,1046,Pallavi Dewan,43,T,A1
2575,1047,Aradhana Mody,53,F,A1
2576,1047,Jhalak Reddy,61,F,A2
2577,1047,Aadhya Bawa,26,T,A3
2578,1048,Theodore Kumar,47,T,A1
2579,1048,Dominic Mand,64,M,A2
2580,1048,Pushti Yadav,31,M,A3
2581,1049,Pushti Dutta,17,T,A1
2582,1049,Warda Kalita,24,F,A2
2583,1049,Manya Mistry,19,T,A3
2584,1049,Wridesh Dube,35,T,A4
2585,1050,Yagnesh Sani,47,F,A1
2586,1050,Azad Parekh,19,T,A2
2587,1050,Dalaja Nagar,65,F,A3
2588,1051,Noah Anand,41,T,A1
2589,1051,Tanvi Hegde,55,T,A2
2590,1051,Orinder Hayre,46,F,A3
2591,1051,Unni Sekhon,59,F,A4
2592,1052,Wyatt Balakrishnan,29,F,A1
2593,1052,Oviya Devi,27,T,A2
2594,1053,Shaurya Oza,32,T,A1
2595,1053,Dhruv Dewan,54,F,A2
2596,1053,Alka Kaul,26,F,A3
2597,1053,Vyanjana Narayanan,35,M,A4
2598,1054,Triveni Lalla,57,T,A1
2599,1054,Radha Rai,56,M,A2
2600,1055,Brinda Oommen,20,F,A1
2601,1056,Daksha Padmanabhan,47,F,A1
2602,1057,Urvi Grewal,52,F,A1
2603,1057,Ojasvi Shah,18,F,A2
2604,1057,Yug Sathe,26,F,A3
2605,1058,Kavya Sampath,43,T,A1
2606,1059,Yoshita Kurian,47,F,A1
2607,1059,Yasti Sathe,63,M,A2
2608,1059,Nathaniel Atwal,35,M,A3
2609,1059,Panini Kaur,42,M,A4
2610,1060,Forum Zacharia,32,T,A1
2611,1060,Jeremiah Sahota,54,F,A2
2612,1060,Vedant Chaudhry,48,T,A3
2613,1060,Tanveer Mand,28,T,A4
2614,1061,Xavier Rattan,37,M,A1
2615,1061,Jeevika Batra,33,F,A2
2616,1061,Parth Khanna,49,M,A3
2617,1061,Yatin Kumer,41,T,A4
2618,1062,Garima Master,35,F,A1
2619,1063,Chandani Kothari,31,F,A1
2620,1063,Kashish Kar,27,F,A2
2621,1064,Jonathan Ramakrishnan,27,F,A1
2622,1065,Prisha Dhaliwal,59,F,A1
2623,1065,Chatresh Thakur,26,M,A2
2624,1065,Veer Dugal,58,F,A3
2625,1066,Veda Comar,53,F,A1
2626,1066,Jagrati Devan,42,F,A2
2627,1066,Vinaya Agarwal,31,M,A3
2628,1066,Brinda Pal,17,M,A4
2629,1067,Yagnesh Talwar,47,F,A1
2630,1067,Tanay Mukherjee,63,M,A2
2631,1068,Samesh Mahajan,32,M,A1
2632,1069,Wriddhish Samra,25,F,A1
2633,1069,Chaitanya Borra,19,M,A2
2634,1070,Harish Mukherjee,25,T,A1
2635,1070,Manthan Agate,52,F,A2
2636,1070,Wahab Wason,41,T,A3
2637,1071,Lila Virk,57,F,A1
2638,1071,Nirja Kapadia,38,T,A2
2639,1071,Aditya Khanna,55,T,A3
2640,1071,Varenya Korpal,20,T,A4
2641,1072,Arin Pandya,25,M,A1
2642,1072,Faris Kurian,25,M,A2
2643,1072,Chandresh Som,27,T,A3
2644,1073,Ayaan Walia,31,M,A1
2645,1073,Hemang Gole,46,M,A2
2646,1074,Aashi Patla,32,M,A1
2647,1074,Urmi Dhar,31,T,A2
2648,1074,Hemangini Nigam,56,T,A3
2649,1075,Lohit Sandal,39,F,A1
2650,1075,Irya Rattan,54,T,A2
2651,1076,Sarthak Shanker,46,T,A1
2652,1077,Logan Kalla,19,F,A1
2653,1077,Lajita Biswas,21,T,A2
2654,1078,Chaman Choudhry,16,F,A1
2655,1078,Tanvi Saha,41,M,A2
2656,1078,Chanchal Ghosh,43,M,A3
2657,1079,Varenya Bala,29,T,A1
2658,1080,Arunima Kannan,61,T,A1
2659,1080,Vedant Ratti,52,M,A2
2660,1080,Farhan Padmanabhan,25,F,A3
2661,1080,Maanav Comar,61,T,A4
2662,1081,Devansh Bassi,61,M,A1
2663,1081,Chandresh Purohit,49,F,A2
2664,1081,Girindra Bumb,36,T,A3
2665,1081,Onkar Dave,56,F,A4
2666,1082,Sanya Rattan,56,T,A1
2667,1082,Varsha Natt,45,M,A2
2668,1082,Zayyan Sood,28,F,A3
2669,1082,Saumya Bhandari,32,F,A4
2670,1083,Harsh Andra,64,T,A1
2671,1084,Girindra Ganguly,38,F,A1
2672,1084,Jeevika Pandey,60,F,A2
2673,1084,Pranav Sachdeva,36,F,A3
2674,1084,Omya Mody,50,F,A4
2675,1085,Agastya Tata,23,F,A1
2676,1085,Pooja Tak,59,F,A2
2677,1085,Ranbir Garg,63,T,A3
2678,1086,Amrita Bansal,50,M,A1
2679,1087,Yahvi Kar,38,F,A1
2680,1087,Oviya Keer,65,F,A2
2681,1088,Raksha Magar,57,M,A1
2682,1089,Praneel Cherian,41,T,A1
2683,1089,Raghav Ravi,55,T,A2
2684,1089,Jairaj Rana,61,M,A3
2685,1089,Advika Parmar,31,T,A4
2686,1090,Dipta Ramachandran,45,F,A1
2687,1090,Charles Kibe,55,T,A2
2688,1090,Upma Ratta,19,M,A3
2689,1090,Chakradhar Sangha,38,F,A4
2690,1091,Girik Sahota,38,M,A1
2691,1091,Yashoda Bhatt,45,F,A2
2692,1092,Chaaya Apte,35,M,A1
2693,1092,Dalaja Deo,64,F,A2
2694,1092,Onkar Madan,47,F,A3
2695,1093,Radha Munshi,19,F,A1
2696,1093,Akshay Chandra,45,T,A2
2697,1093,Dayita Mannan,62,T,A3
2698,1094,Ati Konda,48,F,A1
2699,1094,Abhimanyu Morar,18,T,A2
2700,1095,Harshil More,34,T,A1
2701,1096,Daksh Trivedi,25,M,A1
2702,1096,Lekha Borra,51,T,A2
2703,1096,Avi Iyengar,46,T,A3
2704,1097,Pallavi Ghose,57,F,A1
2705,1097,Idika Kaur,19,M,A2
2706,1097,Leela Chander,61,F,A3
2707,1097,Girik Bhattacharyya,55,F,A4
2708,1098,Chaitaly Agate,52,M,A1
2709,1099,Saksham Mital,40,T,A1
2710,1099,Wazir Kurian,36,F,A2
2711,1100,Baljiwan Tripathi,38,M,A1
2712,1100,Janaki Mani,58,M,A2
2713,1101,Anthony Palan,61,T,A1
2714,1101,Kashvi Magar,47,M,A2
2715,1101,Abhiram Kothari,23,T,A3
2716,1101,Pahal Mander,49,M,A4
2717,1102,Aayush Barad,48,M,A1
2718,1103,Neelima Purohit,26,M,A1
2719,1103,Qushi Sengupta,33,M,A2
2720,1103,Tanmayi Babu,47,M,A3
2721,1104,Abha Sem,30,F,A1
2722,1105,Eshana Acharya,22,M,A1
2723,1105,Faraj Tiwari,33,M,A2
2724,1106,Zansi Narang,38,F,A1
2725,1106,Arunima Naik,58,T,A2
2726,1106,Gautami Rege,53,F,A3
2727,1107,Ekbal Sinha,26,F,A1
2728,1107,Garima Sehgal,24,T,A2
2729,1107,Charita Bandi,48,T,A3
2730,1108,Yoshita Bora,63,M,A1
2731,1108,Zaid Varughese,39,F,A2
2732,1108,Yash Ray,25,M,A3
2733,1108,Lekha Hayre,32,M,A4
2734,1109,Fariq Dhaliwal,26,M,A1
2735,1109,Krishna Nath,54,T,A2
2736,1110,Tarak Ram,49,M,A1
2737,1111,Zehaan Modi,61,M,A1
2738,1111,Siddharth Kuruvilla,65,T,A2
2739,1111,Yashoda Purohit,44,M,A3
2740,1111,Viraj Cheema,56,M,A4
2741,1112,Gaurang Sood,48,M,A1
2742,1112,Saumya Kannan,52,T,A2
2743,1112,Sanya Mitra,17,F,A3
2744,1112,Ishanvi Shenoy,23,M,A4
2745,1113,Manya Saxena,47,T,A1
2746,1113,Benjamin Upadhyay,52,F,A2
2747,1113,Warhi Lanka,22,F,A3
2748,1113,Kavya Mahajan,41,F,A4
2749,1114,Ayaan Khatri,53,F,A1
2750,1114,Lopa Shroff,57,M,A2
2751,1115,Varsha Sama,24,T,A1
2752,1116,Chanchal Chakrabarti,34,F,A1
2753,1116,Edhitha Sinha,37,T,A2
2754,1116,Sarthak Bhargava,59,F,A3
2755,1117,Mitali Parikh,40,M,A1
2756,1117,Wyatt Mannan,47,F,A2
2757,1117,Hemal Konda,57,F,A3
2758,1117,Pahal Pau,53,M,A4
2759,1118,Farhan Boase,38,F,A1
2760,1119,Eesha Thakkar,37,T,A1
2761,1119,Sara Malhotra,61,T,A2
2762,1120,Pavani Chander,62,F,A1
2763,1121,Mugdha Rajagopal,49,M,A1
2764,1121,Amol Pradhan,50,F,A2
2765,1121,Jyoti Raval,44,T,A3
2766,1122,Bhavika Badal,44,M,A1
2767,1122,Arunima Srivastava,39,M,A2
2768,1122,Pahal Ghosh,27,M,A3
2769,1123,Krisha Bali,17,T,A1
2770,1123,Vedhika Mohanty,45,M,A2
2771,1123,Yagnesh Kala,49,F,A3
2772,1123,Zehaan Setty,42,F,A4
2773,1124,Aarnav Guha,48,M,A1
2774,1125,Yamini Srivastava,62,M,A1
2775,1125,Ishanvi Butala,26,T,A2
2776,1126,Samar Chana,55,F,A1
2777,1126,Jeevika Bose,21,M,A2
2778,1126,Abhiram Dhaliwal,65,F,A3
2779,1127,Janya Ganesh,61,M,A1
2780,1127,Vrinda Narang,49,T,A2
2781,1128,Pranav Kale,23,T,A1
2782,1128,Gunbir Kannan,28,M,A2
2783,1128,Gavin Barman,16,M,A3
2784,1128,Rohan Walia,17,F,A4
2785,1129,Devika Dugar,41,F,A1
2786,1129,Kala Sheth,64,F,A2
2787,1129,Charles Chaudry,27,T,A3
2788,1129,Dev Varma,40,M,A4
2789,1130,Ronith Krish,23,F,A1
2790,1130,Gaurangi Parekh,28,F,A2
2791,1130,Rohan Bhagat,26,F,A3
2792,1130,Ekani Kapoor,48,T,A4
2793,1131,Ridhi Walia,25,T,A1
2794,1132,Eshana Mitter,58,F,A1
2795,1132,Qarin Chaudhari,35,T,A2
2796,1132,Niharika Loke,56,M,A3
2797,1132,Michael Bhakta,58,M,A4
2798,1133,Anay Bhargava,23,F,A1
2799,1134,Omisha Thakur,34,M,A1
2800,1134,Max Chacko,16,M,A2
2801,1134,Ishani Ratti,24,F,A3
2802,1135,Aarush Apte,30,T,A1
2803,1135,Victor Dewan,48,F,A2
2804,1135,Waida Dayal,21,F,A3
2805,1136,Aachal Halder,38,T,A1
2806,1137,Yauvani Bajaj,17,M,A1
2807,1138,Adweta Arya,29,M,A1
2808,1138,Jagrati Mital,52,F,A2
2809,1139,Aarini Chacko,18,M,A1
2810,1139,Rajata Ramanathan,30,M,A2
2811,1139,Samarth Banik,63,M,A3
2812,1139,Lopa Narayan,20,F,A4
2813,1140,Lakshmi Palan,37,F,A1
2814,1140,Wazir Borah,26,T,A2
2815,1141,Gaurang Chaudhari,24,M,A1
2816,1141,Lavanya Andra,60,T,A2
2817,1141,Vasatika Malhotra,44,T,A3
2818,1141,Fariq Aurora,38,M,A4
2819,1142,Bimala Morar,61,T,A1
2820,1142,Jairaj Lad,58,M,A2
2821,1142,Champak Pathak,61,M,A3
2822,1142,Darika Sastry,64,F,A4
2823,1143,Abhiram Kumer,23,T,A1
2824,1143,Odika Narula,34,F,A2
2825,1143,Manthan Ganesan,63,F,A3
2826,1144,Shaurya Barman,17,T,A1
2827,1144,Yashvi Varkey,39,T,A2
2828,1144,Prisha Wason,25,F,A3
2829,1145,Theodore Srinivasan,20,T,A1
2830,1146,Hemangini Narayan,45,T,A1
2831,1147,Devansh Manne,43,F,A1
2832,1147,Naksh Sangha,63,M,A2
2833,1147,Ekantika Dara,47,F,A3
2834,1147,Waida Samra,28,M,A4
2835,1148,Deepa Choudhury,46,M,A1
2836,1148,Ridhi Wagle,65,F,A2
2837,1149,Falak Soman,23,T,A1
2838,1149,Orinder Mand,47,M,A2
2839,1150,Varsha Raj,36,T,A1
2840,1150,Chanakya Venkatesh,42,T,A2
2841,1150,Rajata Bawa,52,F,A3
2842,1150,Yashawini Bandi,60,T,A4
2843,1151,Gauri Kanda,56,M,A1
2844,1151,Wyatt Prasad,31,T,A2
2845,1151,Mugdha Sunder,30,M,A3
2846,1151,Hiral Narain,40,F,A4
2847,1152,Maya Baria,21,T,A1
2848,1152,Vedhika Loke,16,F,A2
2849,1153,Nilima Saxena,45,T,A1
2850,1154,Anmol Tank,25,M,A1
2851,1154,Harini Nagarajan,17,M,A2
2852,1154,Gaurav Dutt,27,F,A3
2853,1155,Vanya Vala,17,T,A1
2854,1156,Hemal Butala,56,F,A1
2855,1156,Yamini Bhattacharyya,41,M,A2
2856,1156,Vasudha Prasad,33,T,A3
2857,1157,Pranav Venkatesh,47,T,A1
2858,1157,Zansi Nayar,31,M,A2
2859,1158,Eiravati Bansal,24,F,A1
2860,1158,Anirudh Pathak,33,T,A2
2861,1158,Chavvi Lall,65,M,A3
2862,1158,Damini Kapadia,21,T,A4
2863,1159,Chatura Sur,46,M,A1
2864,1159,Wridesh Misra,43,F,A2
2865,1159,Hiral Kade,60,T,A3
2866,1160,Jatin Nath,52,F,A1
2867,1160,Turvi Sha,65,M,A2
2868,1160,Bhavna Lall,63,F,A3
2869,1160,Ekbal Lala,35,F,A4
2870,1161,Vinaya More,62,T,A1
2871,1161,Maya Walla,25,M,A2
2872,1162,Maanav Yadav,38,F,A1
2873,1162,Kashish Palla,39,M,A2
2874,1163,Nachiket Wali,59,T,A1
2875,1163,Jacob Hari,19,F,A2
2876,1164,Sai Char,51,T,A1
2877,1164,Waida Suresh,41,T,A2
2878,1165,Zarna Kalita,53,T,A1
2879,1166,Harrison Bahl,27,T,A1
2880,1166,Triveni Pall,21,M,A2
2881,1166,Balveer Cheema,44,F,A3
2882,1166,Balendra Rajagopal,44,F,A4
2883,1167,Nachiket Choudhary,31,M,A1
2884,1167,Warjas Samra,33,T,A2
2885,1168,Nikita Bath,16,F,A1
2886,1169,Rishi Amble,33,T,A1
2887,1170,Rachana Ravel,35,F,A1
2888,1170,Dipta Srinivasan,62,T,A2
2889,1170,Riya Bhatnagar,21,F,A3
2890,1170,Zinal Bains,31,M,A4
2891,1171,Hema Golla,47,F,A1
2892,1172,Pushti Chawla,35,T,A1
2893,1173,Vrinda Din,29,F,A1
2894,1173,Damini Ramesh,23,T,A2
2895,1173,Siya Lalla,20,M,A3
2896,1173,Krishna Pradhan,49,F,A4
2897,1174,Hema Chada,36,F,A1
2898,1175,Pushti Varghese,47,T,A1
2899,1175,Harish Yadav,19,T,A2
2900,1176,Yagnesh Issac,17,F,A1
2901,1176,Ekiya Loke,55,M,A2
2902,1176,Gunbir Choudhry,48,F,A3
2903,1177,Vasudha Batra,24,F,A1
2904,1178,Aarnav Subramanian,31,M,A1
2905,1178,Vasudha Bhatti,55,T,A2
2906,1179,Tristan Basu,18,M,A1
2907,1180,Balhaar Naidu,34,T,A1
2908,1181,Gayathri Contractor,34,F,A1
2909,1181,Chatresh Dasgupta,58,F,A2
2910,1181,Kashvi Chaudhry,31,T,A3
2911,1182,Gaurangi Koshy,22,F,A1
2912,1182,Yuvraj Rao,40,M,A2
2913,1182,Harita Garg,51,T,A3
2914,1182,Aarush Dey,30,F,A4
2915,1183,Anya Varkey,20,T,A1
2916,1183,Lohit Kata,60,F,A2
2917,1183,Jhalak Kashyap,51,M,A3
2918,1183,Rehaan Butala,26,F,A4
2919,1184,Zehaan Purohit,40,M,A1
2920,1185,Champak Chakrabarti,19,T,A1
2921,1185,Yash Gulati,58,F,A2
2922,1185,Ganga Pillai,32,T,A3
2923,1185,Advik Kannan,23,F,A4
2924,1186,Dakshesh Mitter,52,F,A1
2925,1187,Ekani Joshi,49,M,A1
2926,1188,Darsh Andra,40,T,A1
2927,1189,Fariq Sodhi,55,F,A1
2928,1189,Chaitanya Kari,19,F,A2
2929,1189,Peter Lalla,29,M,A3
2930,1189,Siya Nath,57,F,A4
2931,1190,Teerth Dada,19,T,A1
2932,1190,Hemangini Ram,17,T,A2
2933,1190,Harita Mann,51,T,A3
2934,1190,Veda Behl,61,F,A4
2935,1191,Hritik Behl,29,F,A1
2936,1191,Urvashi Ramanathan,45,T,A2
2937,1191,Shivani Pathak,55,M,A3
2938,1192,Shivansh Minhas,19,M,A1
2939,1192,Amrita Bakshi,21,T,A2
2940,1192,Advaith Tripathi,16,M,A3
2941,1192,Lajita Wadhwa,26,M,A4
2942,1193,Saanvi Sastry,55,M,A1
2943,1194,Maanas Puri,42,M,A1
2944,1194,Watika Sidhu,17,T,A2
2945,1194,Sachi Boase,18,T,A3
2946,1195,Bachittar Ray,23,F,A1
2947,1195,Bhavna Jaggi,32,F,A2
2948,1196,Ladli Bajaj,29,M,A1
2949,1197,Hemangini De,43,F,A1
2950,1197,Harita Sarma,17,T,A2
2951,1197,Ekantika Dey,53,M,A3
2952,1198,Bhavna Wali,54,T,A1
2953,1199,Inaya Mukhopadhyay,50,T,A1
2954,1199,Abeer Naik,33,M,A2
2955,1199,Sachi Roy,20,M,A3
2956,1200,Pranit Basak,51,F,A1
2957,1200,Kalpit Ganguly,55,F,A2
2958,1200,Zaid Borde,54,M,A3
2959,1201,Samaksh Bose,16,T,A1
2960,1201,Nakul Mukherjee,21,T,A2
2961,1201,Nilima Ghose,31,T,A3
2962,1202,Urishilla Agrawal,45,F,A1
2963,1203,Mason Bail,54,F,A1
2964,1204,Jeevika Magar,29,M,A1
2965,1204,Mitali Majumdar,47,T,A2
2966,1204,Laksh Bir,46,M,A3
2967,1205,Onveer Ravi,20,M,A1
2968,1205,Zayyan Majumdar,38,M,A2
2969,1206,Brinda Gulati,56,F,A1
2970,1206,Agastya Pradhan,28,T,A2
2971,1206,Lucky Khanna,40,F,A3
2972,1206,Mitali Warrior,47,M,A4
2973,1207,Nandini Sunder,57,M,A1
2974,1207,Amrita Wali,38,M,A2
2975,1208,Chaitanya Chhabra,47,T,A1
2976,1208,Watika Subramanian,17,M,A2
2977,1209,Jonathan Khanna,46,T,A1
2978,1209,Manthan Sengupta,35,F,A2
2979,1209,Amruta Hora,46,T,A3
2980,1209,Harini Tiwari,27,F,A4
2981,1210,Pushti Kakar,38,F,A1
2982,1210,Fiyaz Mandal,23,F,A2
2983,1210,Anirudh Shukla,63,M,A3
2984,1210,Tripti Mittal,29,T,A4
2985,1211,Nathan Rajan,51,T,A1
2986,1212,Onveer Kuruvilla,25,M,A1
2987,1212,Rayaan Mohan,28,M,A2
2988,1212,Hema Modi,29,M,A3
2989,1212,Zilmil Tandon,39,T,A4
2990,1213,Anamika Walla,64,F,A1
2991,1213,Chaman Dass,37,M,A2
2992,1213,Urishilla Sahota,35,F,A3
2993,1213,Azaan Bedi,59,F,A4
2994,1214,Bhavna Ganesh,60,T,A1
2995,1215,Bachittar Kant,64,M,A1
2996,1215,Vihaan Bera,42,M,A2
2997,1215,Amrita Bhargava,59,F,A3
2998,1216,Triveni Gour,26,M,A1
2999,1216,Meghana Mukhopadhyay,42,T,A2
3000,1216,Aarna Swamy,37,T,A3
3001,1216,Oviya Arya,33,M,A4
3002,1217,Nakul Yohannan,22,T,A1
3003,1218,Ira Krish,24,T,A1
3004,1219,Warinder Rau,50,M,A1
3005,1219,Advaith Basak,35,F,A2
3006,1220,Siya Thakur,64,F,A1
3007,1220,Zaid Nair,35,F,A2
3008,1220,Abha Ben,52,F,A3
3009,1221,Darsh Sant,20,F,A1
3010,1221,Januja Loyal,16,F,A2
3011,1221,Ronith Mohan,60,M,A3
3012,1221,Mugdha Bahl,40,T,A4
3013,1222,Rudra Kothari,35,F,A1
3014,1222,Timothy Koshy,64,F,A2
3015,1223,Chandresh Golla,20,F,A1
3016,1224,Kavya Halder,40,F,A1
3017,1224,Nakul Bhakta,40,T,A2
3018,1224,Victor Palan,33,M,A3
3019,1225,Jasmit Parikh,24,F,A1
3020,1225,Wishi Bhagat,45,F,A2
3021,1225,Charles Mahajan,21,F,A3
3022,1226,Farhan Dugar,20,T,A1
3023,1227,Vedika Varughese,43,F,A1
3024,1227,Gavin Krish,63,M,A2
3025,1227,Ansh Palla,25,F,A3
3026,1228,Watika Dara,42,T,A1
3027,1229,Qushi Dara,50,T,A1
3028,1229,Krish Borde,62,M,A2
3029,1229,Rachana Khanna,58,T,A3
3030,1229,Karan Andra,32,M,A4
3031,1230,Mitesh Bhakta,52,M,A1
3032,1231,Tanveer Sami,59,T,A1
3033,1231,Yashasvi Basak,28,F,A2
3034,1231,Ikbal Basu,44,M,A3
3035,1231,Bhavani Sahni,29,F,A4
3036,1232,Sarthak Barad,52,T,A1
3037,1233,Indira Chakrabarti,25,T,A1
3038,1234,Lajita Srinivas,44,F,A1
3039,1235,Aarav Choudhury,46,F,A1
3040,1235,Sara Dubey,42,F,A2
3041,1235,Tara Kade,46,T,A3
3042,1235,Osha Mandal,33,F,A4
3043,1236,Zinal Prabhu,24,F,A1
3044,1236,Aadhya Pal,52,M,A2
3045,1236,Samarth Sabharwal,32,F,A3
3046,1237,Shivani Pradhan,58,T,A1
3047,1237,Geetika Swamy,20,M,A2
3048,1237,Frado Sandal,28,M,A3
3049,1237,Irya Sankar,49,T,A4
3050,1238,Gaurav Thakur,65,F,A1
3051,1238,Reva Kadakia,37,M,A2
3052,1238,Amol Bali,50,T,A3
3053,1239,Ryan Chaudhary,22,T,A1
3054,1240,Mitesh Arora,48,M,A1
3055,1241,Geetika Nagi,51,T,A1
3056,1242,Tara Khalsa,56,M,A1
3057,1243,Yuvraj Vora,27,F,A1
3058,1243,Daniel Bala,33,F,A2
3059,1243,Fariq Manne,40,M,A3
3060,1243,Dhriti Dugar,21,M,A4
3061,1244,Yauvani Taneja,47,F,A1
3062,1244,Jagrati Chaudhry,39,M,A2
3063,1244,Naksh Dhillon,55,M,A3
3064,1244,Mohammed Sethi,64,M,A4
3065,1245,Lavanya Sidhu,50,M,A1
3066,1245,Harsh Gour,20,T,A2
3067,1245,Farhan Pillay,43,T,A3
3068,1246,Raagini Bassi,45,F,A1
3069,1247,Anya Sunder,34,F,A1
3070,1247,Lakshmi Hari,54,T,A2
3071,1247,Fitan Narain,43,M,A3
3072,1247,Urvi Raman,52,F,A4
3073,1248,Zayan Yadav,51,F,A1
3074,1248,Rayaan Bobal,26,T,A2
3075,1249,Michael Rai,17,M,A1
3076,1249,Jairaj Lall,20,M,A2
3077,1249,Yuvraj Rege,23,T,A3
3078,1250,Yachana Dash,50,M,A1
3079,1250,Jeremiah Murty,32,F,A2
3080,1250,Luke Modi,38,T,A3
3081,1250,Nimrat Kakar,55,T,A4
3082,1251,Girik Hora,19,T,A1
3083,1251,Zaitra Chawla,60,T,A2
3084,1251,Hemang Muni,38,M,A3
3085,1251,Hema Chada,33,M,A4
3086,1252,Devika Seshadri,47,T,A1
3087,1252,Yadavi Patel,22,M,A2
3088,1252,Aarav Maharaj,64,F,A3
3089,1253,Rudra Cheema,43,M,A1
3090,1253,Irya Ramakrishnan,18,T,A2
3091,1253,Divya Som,57,M,A3
3092,1253,Michael Shankar,18,M,A4
3093,1254,Aarush Karpe,39,F,A1
3094,1254,Hredhaan Karnik,65,F,A2
3095,1254,Bhavya Chakraborty,45,F,A3
3096,1254,Nidhi Mital,22,T,A4
3097,1255,Shravya Panchal,63,F,A1
3098,1255,Dhruv Bath,36,F,A2
3099,1255,Vrinda Ranganathan,18,M,A3
3100,1255,Gagan Bansal,46,F,A4
3101,1256,Upkaar Randhawa,55,F,A1
3102,1256,Lipika Mani,16,T,A2
3103,1256,Darsh Mand,39,F,A3
3104,1256,Bina Verma,41,M,A4
3105,1257,Hredhaan Bakshi,53,F,A1
3106,1257,Tamanna Sidhu,33,T,A2
3107,1257,Ekbal Saxena,59,M,A3
3108,1258,Hredhaan Sampath,21,T,A1
3109,1258,Balhaar Mall,64,M,A2
3110,1259,Ishanvi Natt,18,M,A1
3111,1259,Sara Mammen,19,F,A2
3112,1259,Vincent Kaul,30,F,A3
3113,1260,Varsha Bala,22,F,A1
3114,1260,Vivaan Parsa,58,T,A2
3115,1261,Warinder Chawla,48,F,A1
3116,1261,Tarak Mitter,63,T,A2
3117,1261,Mohammed Mahajan,23,T,A3
3118,1262,Farhan Khurana,60,F,A1
3119,1262,Sai Dash,38,F,A2
3120,1262,Madhavi Sarraf,34,T,A3
3121,1262,Qushi Ahuja,62,F,A4
3122,1263,Lipika Deshpande,43,F,A1
3123,1263,Aryan Ramaswamy,51,T,A2
3124,1264,Vedika Ahluwalia,37,F,A1
3125,1264,Wazir Krishna,41,T,A2
3126,1264,Vaishnavi Chaudhary,64,M,A3
3127,1265,Chanakya Buch,23,T,A1
3128,1266,Ekavir Sharaf,26,T,A1
3129,1266,Aarna Krishnan,58,F,A2
3130,1266,Liam Chahal,19,M,A3
3131,1266,Aarav Batta,61,M,A4
3132,1267,Vanya Datta,18,F,A1
3133,1267,Tejas Borah,18,M,A2
3134,1267,Aishani Lala,35,F,A3
3135,1267,Wakeeta Shukla,22,T,A4
3136,1268,Jonathan Bora,40,M,A1
3137,1268,Logan Bail,30,T,A2
3138,1269,Odika Lala,20,F,A1
3139,1269,Rajata Khare,37,M,A2
3140,1269,Yashawini Gulati,33,F,A3
3141,1270,Ekansh Kari,27,F,A1
3142,1271,Parth Rai,24,T,A1
3143,1271,Triya Lad,43,F,A2
3144,1272,Yuvraj Sanghvi,47,F,A1
3145,1273,Aarini Bajwa,61,F,A1
3146,1273,Ekani Tata,38,T,A2
3147,1274,Charles Garg,41,M,A1
3148,1275,Upadhriti Ganguly,34,F,A1
3149,1276,Yashoda Mishra,40,T,A1
3150,1277,Jagrati Suresh,63,F,A1
3151,1278,Tamanna Arora,16,F,A1
3152,1278,Pavani Divan,64,F,A2
3153,1279,Janya Manne,59,F,A1
3154,1279,Samesh Johal,47,T,A2
3155,1279,Akshay Basak,21,M,A3
3156,1280,Zayyan Dewan,35,M,A1
3157,1280,Udant Garg,51,M,A2
3158,1281,Qarin Agate,40,M,A1
3159,1281,Kiaan Ahuja,17,T,A2
3160,1281,Saumya Bajaj,53,T,A3
3161,1281,Lakshit Singhal,61,F,A4
3162,1282,Garima Chand,52,T,A1
3163,1282,Andrew Patla,60,F,A2
3164,1283,Agastya Kadakia,38,T,A1
3165,1283,Advaith Seth,25,M,A2
3166,1284,Aarnav Gupta,23,M,A1
3167,1284,Lucky Maharaj,60,T,A2
3168,1285,Pahal Sandhu,51,M,A1
3169,1285,Urishilla Mody,27,F,A2
3170,1286,Lopa Chaudhary,33,F,A1
3171,1286,Mahika Lalla,54,T,A2
3172,1287,Vrishti Ray,61,M,A1
3173,1287,Luke Sachar,44,F,A2
3174,1288,Hardik Hayer,38,T,A1
3175,1288,Forum Gaba,38,T,A2
3176,1288,Kashish Dutta,50,M,A3
3177,1289,Tamanna Saxena,56,T,A1
3178,1289,Wahab Palla,23,F,A2
3179,1289,Dakshesh Mohan,63,F,A3
3180,1289,Nidhi Ghosh,24,M,A4
3181,1290,Pratyush Sheth,32,F,A1
3182,1290,Peter Ratti,38,T,A2
3183,1290,Timothy Butala,35,F,A3
3184,1291,Urishilla Dalal,53,T,A1
3185,1291,Ekansh More,19,F,A2
3186,1292,Ekani Saxena,63,T,A1
3187,1292,Gaurang Chhabra,19,M,A2
3188,1292,Saumya Kapoor,52,M,A3
3189,1292,Dalaja Narula,25,F,A4
3190,1293,Gagan Ramachandran,57,T,A1
3191,1293,Ishanvi Wali,19,M,A2
3192,1294,Samesh Jaggi,60,T,A1
3193,1294,Keya Bhat,30,F,A2
3194,1294,Yoshita Hayre,42,M,A3
3195,1295,Yatin Srinivas,43,T,A1
3196,1296,Zilmil Pandit,33,T,A1
3197,1296,Yochana Pau,61,F,A2
3198,1296,Yauvani Cheema,56,F,A3
3199,1297,Aradhana Munshi,27,M,A1
3200,1297,Zayyan Mukherjee,30,F,A2
3201,1297,Imaran Bassi,21,F,A3
3202,1298,Mahika Balasubramanian,56,T,A1
3203,1299,Yashawini Murthy,21,M,A1
3204,1299,Yashica Kapoor,28,T,A2
3205,1299,Forum Saha,54,F,A3
3206,1300,Saanvi Chaudhari,29,T,A1
3207,1300,Udyati Rama,38,T,A2
3208,1300,Reyansh Mutti,26,T,A3
3209,1301,Rayaan Hora,59,F,A1
3210,1301,Barkha Arya,56,T,A2
3211,1301,Ranbir Rege,34,F,A3
3212,1302,Lakshit Ramaswamy,33,M,A1
3213,1303,Jagat Mane,31,T,A1
3214,1304,Yatan Loyal,50,T,A1
3215,1304,Vidhi Borde,36,F,A2
3216,1304,Panini Narayan,16,F,A3
3217,1305,Banjeet Roy,61,F,A1
3218,1306,Alka Patel,51,M,A1
3219,1306,Upma Ramanathan,29,M,A2
3220,1306,Nathaniel Chokshi,24,M,A3
3221,1307,Mason Khalsa,58,M,A1
3222,1308,Harini Natarajan,43,F,A1
3223,1309,Xalak Tara,63,T,A1
3224,1309,Devika Kalita,57,T,A2
3225,1309,Laksh Sura,36,F,A3
3226,1309,Rehaan Bhatia,36,M,A4
3227,1310,Mugdha Purohit,65,T,A1
3228,1310,Panini Badal,27,T,A2
3229,1310,Qarin Doctor,38,F,A3
3230,1311,Tanvi Barad,54,F,A1
3231,1311,Turvi Bajwa,46,T,A2
3232,1312,Sathvik Krishnan,47,T,A1
3233,1312,Bachittar Shankar,64,F,A2
3234,1312,Vamakshi Gade,20,F,A3
3235,1312,Lavanya Gopal,60,F,A4
3236,1313,Geetika Kapur,43,F,A1
3237,1314,Sai Mammen,49,F,A1
3238,1314,Sudiksha Bhagat,35,F,A2
3239,1314,Bhavika Naik,51,M,A3
3240,1314,Sai Ganesan,36,F,A4
3241,1315,Chatresh Manne,59,F,A1
3242,1315,Ojasvi Saini,52,F,A2
3243,1315,Yahvi Naik,22,T,A3
3244,1316,Nachiket Kurian,59,F,A1
3245,1316,Peter Pathak,59,F,A2
3246,1317,Advika Atwal,29,F,A1
3247,1317,Aarush Mahajan,64,T,A2
3248,1318,Michael Mohan,55,F,A1
3249,1318,Mohini Vig,22,T,A2
3250,1318,Laban Vala,59,F,A3
3251,1319,Zaitra Samra,43,F,A1
3252,1319,Gaurika Ram,56,F,A2
3253,1319,Yutika Anne,28,M,A3
3254,1320,Adweta Deol,50,T,A1
3255,1320,Wazir Prakash,26,T,A2
3256,1320,Fiyaz Rastogi,26,M,A3
3257,1321,Vedika Chauhan,17,T,A1
3258,1321,Onkar Baral,19,F,A2
3259,1321,Unni Chauhan,49,T,A3
3260,1321,Urishilla Mangal,59,T,A4
3261,1322,Ladli Sethi,43,T,A1
3262,1322,Chaaya Sachar,58,F,A2
3263,1323,Ayaan Goda,40,M,A1
3264,1323,Kashish Bava,55,M,A2
3265,1323,Ijaya Mani,45,T,A3
3266,1323,Nihal Karpe,49,M,A4
3267,1324,Urvashi Luthra,56,F,A1
3268,1324,Gauri Karpe,37,T,A2
3269,1324,Ekanta Seth,41,F,A3
3270,1325,Fiyaz Ravel,16,T,A1
3271,1326,Jeevika Chander,22,M,A1
3272,1326,William Shanker,61,T,A2
3273,1327,Tanvi Mitra,56,M,A1
3274,1328,Yutika Bhardwaj,50,F,A1
3275,1329,Ishani Sawhney,60,F,A1
3276,1329,Alka Narayanan,26,M,A2
3277,1329,Rajeshri Kadakia,59,F,A3
3278,1329,Aarna Prakash,26,F,A4
3279,1330,Ekavir Warrior,32,T,A1
3280,1330,Nirja Samra,57,T,A2
3281,1331,Jacob Tella,50,M,A1
3282,1331,Charles Setty,23,T,A2
3283,1331,Anvi Wali,26,T,A3
3284,1331,Balveer Dugal,42,M,A4
3285,1332,Harsh Dhaliwal,35,M,A1
3286,1332,Baghyawati Singhal,42,F,A2
3287,1332,Ati Sekhon,51,F,A3
3288,1332,Libni Ahluwalia,44,T,A4
3289,1333,Urvi Gole,21,M,A1
3290,1333,Adweta Sani,41,M,A2
3291,1334,Priya Thakur,60,M,A1
3292,1334,Triya Singhal,19,M,A2
3293,1334,Chaaya Mallick,32,M,A3
3294,1335,Laban Kala,59,T,A1
3295,1335,Aarush Narasimhan,32,T,A2
3296,1335,Qabil Setty,23,F,A3
3297,1335,Devansh Joshi,63,T,A4
3298,1336,Niharika Dani,39,M,A1
3299,1336,Jagvi Rout,51,F,A2
3300,1336,Laban Deo,61,T,A3
3301,1336,David Shroff,55,F,A4
3302,1337,Shivani Mistry,32,F,A1
3303,1337,Yuvraj Bera,46,F,A2
3304,1337,Ria Goda,25,M,A3
3305,1338,Kalpit Bose,41,M,A1
3306,1338,Akshay Swamy,34,T,A2
3307,1339,Krisha Kata,28,F,A1
3308,1339,Rachita Nanda,55,M,A2
3309,1339,Fariq Virk,50,T,A3
3310,1339,Noah Vig,18,F,A4
3311,1340,Parth Yadav,28,F,A1
3312,1340,Bhavini Sen,53,T,A2
3313,1340,Falguni Dube,58,F,A3
3314,1341,Nathaniel Badal,18,T,A1
3315,1341,Rachana Raj,65,T,A2
3316,1341,Chaaya Date,37,T,A3
3317,1341,Vasana Ramachandran,37,T,A4
3318,1342,Saumya Kara,44,T,A1
3319,1342,Raksha Buch,25,M,A2
3320,1343,Reyansh Dayal,38,F,A1
3321,1343,Xalak Bansal,48,F,A2
3322,1344,Upma Kamdar,41,F,A1
3323,1344,Jeremiah Shere,21,F,A2
3324,1344,Jonathan Garde,51,M,A3
3325,1344,Sara Bajaj,48,T,A4
3326,1345,Udant Sengupta,53,F,A1
3327,1346,Bhavika Ratta,47,T,A1
3328,1347,Sarthak Grover,33,T,A1
3329,1347,Ekavir Gaba,62,T,A2
3330,1347,Ganga Pandey,42,T,A3
3331,1347,Raksha Balakrishnan,40,T,A4
3332,1348,Azad Sura,36,M,A1
3333,1348,Arjun Naidu,37,T,A2
3334,1349,Yasti Balakrishnan,63,T,A1
3335,1349,Wyatt Thaman,43,M,A2
3336,1350,Panini Bera,63,T,A1
3337,1351,Samuel Shankar,51,T,A1
3338,1351,Rudra Nanda,52,T,A2
3339,1352,Eiravati Raj,60,F,A1
3340,1352,Raagini Pillai,64,M,A2
3341,1353,Jhalak Bal,19,M,A1
3342,1353,Ekiya Khatri,53,F,A2
3343,1354,Hemani Dyal,36,T,A1
3344,1354,Karan Peri,58,F,A2
3345,1354,David Setty,25,M,A3
3346,1355,George Mistry,43,F,A1
3347,1356,Ubika Jain,49,F,A1
3348,1356,Yochana Dhaliwal,61,M,A2
3349,1357,Rajata Kaur,55,T,A1
3350,1357,Anthony Krishna,20,F,A2
3351,1357,Patrick Chakrabarti,59,T,A3
3352,1357,Janaki Gala,51,T,A4
3353,1358,Chasmum Ray,54,T,A1
3354,1358,Gabriel Chahal,50,M,A2
3355,1358,Samar Mittal,51,T,A3
3356,1359,Triya Sane,42,T,A1
3357,1359,Gagan Grewal,16,F,A2
3358,1359,William Mannan,33,M,A3
3359,1359,Jack Dada,37,M,A4
3360,1360,Udarsh Baral,36,F,A1
3361,1361,Raghav Dada,39,T,A1
3362,1361,Balendra Varghese,28,M,A2
3363,1361,Ekaraj Kalla,51,M,A3
3364,1362,Vivaan Sankar,28,M,A1
3365,1363,Advay Kalla,40,T,A1
3366,1363,Ishwar Toor,16,M,A2
3367,1363,Bina Banik,22,T,A3
3368,1363,Ayushman Choudhury,19,F,A4
3369,1364,Waida Bose,59,T,A1
3370,1365,Sudiksha Palan,27,F,A1
3371,1365,Ishita Sharaf,44,F,A2
3372,1366,Christopher Mutti,28,M,A1
3373,1367,Neha Ranganathan,60,M,A1
3374,1367,Yatan Devan,30,T,A2
3375,1367,Tejas Shenoy,57,F,A3
3376,1368,Anusha Bava,34,T,A1
3377,1368,Rudra Krish,45,F,A2
3378,1369,Reyansh Garg,32,F,A1
3379,1369,Upadhriti Nayak,42,M,A2
3380,1370,Geetika Mahal,30,F,A1
3381,1370,Diya Chowdhury,32,M,A2
3382,1371,Wahab Sangha,60,T,A1
3383,1371,Samuel Suresh,48,F,A2
3384,1371,Meghana Hans,44,T,A3
3385,1371,Wridesh Wali,32,F,A4
3386,1372,Odika Sama,33,M,A1
3387,1372,Zansi Sankar,38,F,A2
3388,1372,Amaira Chaudhari,20,T,A3
3389,1372,Vihaan Swaminathan,20,T,A4
3390,1373,Baljiwan Dara,30,M,A1
3391,1373,Ishita Varghese,51,T,A2
3392,1373,Aayush Varghese,23,M,A3
3393,1374,Pranav Chowdhury,44,M,A1
3394,1374,Tanish Raghavan,33,T,A2
3395,1374,Elijah Sachdeva,65,M,A3
3396,1374,Jagat Chaudry,63,T,A4
3397,1375,Zaitra Ganesan,18,F,A1
3398,1375,Anthony Natarajan,54,T,A2
3399,1375,Harinakshi Madan,29,F,A3
3400,1375,Indali Kuruvilla,18,T,A4
3401,1376,Vincent Tata,32,F,A1
3402,1376,Gaurav Loke,23,F,A2
3403,1376,Rushil Mannan,40,T,A3
3404,1376,Divya Mand,55,F,A4
3405,1377,Abhimanyu Chadha,20,T,A1
3406,1377,Odika Devan,52,T,A2
3407,1377,Watika Doctor,29,M,A3
3408,1377,Krisha Sinha,40,T,A4
3409,1378,Shravya Bail,41,M,A1
3410,1378,Aarna Balan,60,M,A2
3411,1378,Niharika Patel,18,F,A3
3412,1379,Wridesh Maharaj,52,T,A1
3413,1379,Anita Gulati,63,M,A2
3414,1379,Ubika Bandi,47,T,A3
3415,1379,Osha Gera,18,M,A4
3416,1380,Aadhya Mane,16,T,A1
3417,1380,Priya Narayan,34,F,A2
3418,1380,Lakshit Chad,46,F,A3
3419,1380,Irya Saran,61,M,A4
3420,1381,Isaac Sachdeva,43,T,A1
3421,1381,Sanya Jayaraman,45,T,A2
3422,1382,Dhriti Dalal,63,T,A1
3423,1382,Simon Kari,53,T,A2
3424,1382,Pahal Mallick,37,T,A3
3425,1382,Gavin Batra,59,T,A4
3426,1383,Nidhi Borde,35,F,A1
3427,1383,Banjeet Madan,32,M,A2
3428,1384,Urmi Parmer,65,T,A1
3429,1384,Vyanjana Dash,61,M,A2
3430,1384,Chanakya Devi,31,F,A3
3431,1384,Eshana Radhakrishnan,21,M,A4
3432,1385,Dhruv Vohra,65,T,A1
3433,1385,Baljiwan Vig,47,F,A2
3434,1386,Nandini Kurian,18,F,A1
3435,1387,Simon Varty,30,M,A1
3436,1387,Qasim Khosla,26,T,A2
3437,1387,Vasudha Master,49,F,A3
3438,1387,Tara Agrawal,34,M,A4
3439,1388,Gaurika Chandran,32,M,A1
3440,1389,Darpan Rege,48,M,A1
3441,1390,Dev Rout,55,M,A1
3442,1390,Neha Wagle,60,T,A2
3443,1391,Ansh Sekhon,41,F,A1
3444,1391,Yatan Sura,20,T,A2
3445,1391,Yauvani Saha,28,T,A3
3446,1392,Mohammed Saran,39,F,A1
3447,1393,Idika Bhargava,47,T,A1
3448,1393,Bhavini Luthra,37,T,A2
3449,1394,Yadavi Chauhan,53,M,A1
3450,1394,Anika Tara,50,T,A2
3451,1394,Inaya Aggarwal,48,F,A3
3452,1395,Quincy Sarkar,16,F,A1
3453,1395,Mekhala Kara,38,T,A2
3454,1395,Tarak Dass,28,T,A3
3455,1395,Aadhya Pai,63,M,A4
3456,1396,Gabriel Sant,16,F,A1
3457,1396,Manan Dixit,38,F,A2
3458,1396,Udyati Ratta,52,F,A3
3459,1397,Sathvik Hari,57,M,A1
3460,1397,Waida Saraf,53,F,A2
3461,1397,Teerth Kuruvilla,59,T,A3
3462,1397,Mason Walia,50,M,A4
3463,1398,Balendra Kaul,40,F,A1
3464,1398,Urishilla Bera,37,T,A2
3465,1399,Rudra Halder,53,T,A1
3466,1400,Fitan Datta,26,F,A1
3467,1401,Ishaan Sood,56,F,A1
3468,1402,Ishanvi Mohanty,42,F,A1
3469,1402,Maanas Char,65,M,A2
3470,1403,Samuel Dhillon,41,F,A1
3471,1403,Rudra Sangha,47,M,A2
3472,1404,Siddharth Buch,61,F,A1
3473,1404,Arin Khanna,24,F,A2
3474,1405,Rajata Saraf,17,F,A1
3475,1405,Balhaar Rau,37,M,A2
3476,1406,Yatin Dhar,42,M,A1
3477,1406,Gaurav Acharya,55,M,A2
3478,1406,Gaurika Goyal,20,M,A3
3479,1407,Wyatt Sathe,65,T,A1
3480,1407,Samesh Sachdeva,22,F,A2
3481,1407,Aarini Nayar,42,M,A3
3482,1407,Abhimanyu Iyer,62,T,A4
3483,1408,Teerth Balay,65,T,A1
3484,1408,Mason Chand,52,M,A2
3485,1409,Oliver Panchal,24,T,A1
3486,1410,Tanay Bhattacharyya,28,T,A1
3487,1410,Mahika Ahluwalia,27,M,A2
3488,1411,Sarthak Dube,40,T,A1
3489,1411,Dayamai Modi,36,M,A2
3490,1411,Rudra Singh,53,F,A3
3491,1412,Arin Hora,57,M,A1
3492,1413,Yatin Magar,22,M,A1
3493,1413,Radhika Mital,28,T,A2
3494,1413,Wakeeta Kala,41,F,A3
3495,1414,Garima Ramachandran,34,T,A1
3496,1415,Saanvi Chana,32,F,A1
3497,1416,Tanish Thakur,37,M,A1
3498,1416,Megha Dugar,62,T,A2
3499,1416,Dalbir Doctor,48,T,A3
3500,1416,Chakradev Vaidya,55,F,A4
3501,1417,Isaac Grover,16,M,A1
3502,1417,Ishani Ramachandran,60,T,A2
3503,1418,Shaurya Narayanan,22,F,A1
3504,1418,Oni Mannan,42,M,A2
3505,1418,Prisha Acharya,45,M,A3
3506,1419,Anya Sharaf,52,F,A1
3507,1419,Jason Bumb,37,F,A2
3508,1419,Finn Grewal,23,M,A3
3509,1419,Jack Nigam,65,M,A4
3510,1420,Jason Murthy,17,F,A1
3511,1420,Tanveer Kalita,26,T,A2
3512,1420,Karan Sagar,35,M,A3
3513,1420,Aarav Chaudhry,18,F,A4
3514,1421,Zilmil Apte,24,T,A1
3515,1422,Chakrika D’Alia,54,M,A1
3516,1422,Nandini Prakash,56,T,A2
3517,1423,Abhimanyu Yadav,31,T,A1
3518,1423,Deepa Divan,51,F,A2
3519,1423,Nicholas Pau,48,T,A3
3520,1424,Robert Mammen,37,M,A1
3521,1425,Tanay Sridhar,24,T,A1
3522,1425,Urishilla Tandon,38,T,A2
3523,1426,Karan Bali,59,T,A1
3524,1426,Daniel Rama,63,F,A2
3525,1426,Ethan Sanghvi,30,M,A3
3526,1426,Vritti Chander,55,T,A4
3527,1427,Timothy Hayre,54,M,A1
3528,1427,Qabil Nair,32,M,A2
3529,1428,Timothy Contractor,23,T,A1
3530,1428,Harita Sani,46,M,A2
3531,1428,Anmol Ram,56,T,A3
3532,1428,Nidhi Bava,26,F,A4
3533,1429,Lohit Bawa,26,F,A1
3534,1429,Pahal Ahuja,53,T,A2
3535,1429,Nidhi Mahal,61,M,A3
3536,1429,Agastya Kulkarni,54,M,A4
3537,1430,Pavani Nanda,33,M,A1
3538,1430,Avni Pandey,56,T,A2
3539,1431,Harini Rao,19,F,A1
3540,1431,Thomas Pall,41,F,A2
3541,1431,Vidhi Kuruvilla,31,M,A3
3542,1431,Anusha Brar,62,M,A4
3543,1432,Suhani Ravi,56,F,A1
3544,1432,Frederick Pai,65,M,A2
3545,1432,Chaitanya Char,24,T,A3
3546,1432,Bhavika Tandon,48,M,A4
3547,1433,Kai Sehgal,48,F,A1
3548,1433,Frado Dara,49,M,A2
3549,1433,Lila Devan,17,F,A3
3550,1433,Radhika Anand,26,F,A4
3551,1434,Vasudha Batra,24,M,A1
3552,1434,Meghana Pingle,63,M,A2
3553,1434,Nakul Tank,58,M,A3
3554,1434,Chakrika Basu,28,F,A4
3555,1435,Harini Doshi,33,F,A1
3556,1436,Madhavi Bhatnagar,19,M,A1
3557,1436,Pranit Chokshi,23,M,A2
3558,1436,Daksh Nori,42,T,A3
3559,1436,Abhiram Parsa,63,F,A4
3560,1437,Forum Karpe,40,T,A1
3561,1437,Manthan Kibe,65,F,A2
3562,1437,Jonathan Dasgupta,34,T,A3
3563,1437,Frederick Din,28,F,A4
3564,1438,Yauvani Kapadia,59,T,A1
3565,1438,Ronith Shroff,40,M,A2
3566,1439,Vedant Chanda,28,T,A1
3567,1439,Vyanjana Varughese,43,T,A2
3568,1439,Yadavi Chopra,34,F,A3
3569,1440,Yamini Solanki,41,T,A1
3570,1441,Divya Mukhopadhyay,47,F,A1
3571,1442,Ekansh Shukla,29,F,A1
3572,1442,Aryan Narula,28,M,A2
3573,1442,Zaid Krishnamurthy,52,F,A3
3574,1442,Jasmit Karpe,49,M,A4
3575,1443,Mekhala Solanki,17,F,A1
3576,1443,Ladli Radhakrishnan,59,M,A2
3577,1443,Kabir Zachariah,38,M,A3
3578,1443,Chandani Nagi,16,F,A4
3579,1444,Kamya Deshpande,29,F,A1
3580,1445,Aarush Dara,46,M,A1
3581,1445,Lila Bumb,25,M,A2
3582,1445,Bhavini Parekh,18,F,A3
3583,1445,Lavanya Mohan,40,T,A4
3584,1446,Varenya Chatterjee,31,M,A1
3585,1447,Nitesh Sankaran,29,F,A1
3586,1447,Ayush Chanda,35,F,A2
3587,1447,Chakradev Jha,23,T,A3
3588,1448,Chatresh De,60,F,A1
3589,1449,Rajeshri Kanda,53,M,A1
3590,1449,Vritti Mani,65,F,A2
3591,1449,Shivansh Kala,26,F,A3
3592,1450,Banjeet Sarna,60,F,A1
3593,1450,Bimala Seshadri,32,F,A2
3594,1451,Aadhya Ahuja,26,F,A1
3595,1451,Andrew Kant,38,F,A2
3596,1451,Lekha Roy,63,M,A3
3597,1451,Neelima Arora,65,F,A4
3598,1452,Jai Kala,46,M,A1
3599,1452,Nitesh Srivastava,47,T,A2
3600,1452,Ria Deol,27,F,A3
3601,1453,Balhaar Ratti,25,T,A1
3602,1453,Mekhala Bali,34,M,A2
3603,1454,Aishani Jha,21,M,A1
3604,1454,Aradhana Chand,53,F,A2
3605,1455,Pratyush Dani,54,F,A1
3606,1456,Zayyan Wadhwa,32,M,A1
3607,1456,Fiyaz Roy,27,F,A2
3608,1456,Inaya Pathak,61,T,A3
3609,1457,Rishi Ramesh,48,T,A1
3610,1457,Watika Goel,23,T,A2
3611,1458,Sathvik More,47,M,A1
3612,1459,Vyanjana De,61,T,A1
3613,1459,Sai Arya,34,F,A2
3614,1459,Nidra Contractor,28,T,A3
3615,1459,Ayaan Bali,53,M,A4
3616,1460,Qadim Issac,51,T,A1
3617,1460,Zayan Tata,28,T,A2
3618,1460,Falan Lal,47,F,A3
3619,1460,Gagan Agate,46,M,A4
3620,1461,Udarsh Wali,60,F,A1
3621,1461,Lakshmi Sha,35,M,A2
3622,1461,Triya Kashyap,42,F,A3
3623,1462,Pratyush Sankaran,58,M,A1
3624,1462,Udarsh Ghose,42,T,A2
3625,1462,Januja Upadhyay,19,M,A3
3626,1462,Reva Dutt,50,F,A4
3627,1463,Rohan Dugar,23,T,A1
3628,1463,Unni Amble,49,F,A2
3629,1464,Niharika Trivedi,25,F,A1
3630,1465,Chaaya Kala,28,F,A1
3631,1465,Nirja Mahal,57,F,A2
3632,1465,Watika Behl,33,F,A3
3633,1466,Panini Panchal,56,T,A1
3634,1466,Aishani Natt,56,M,A2
3635,1467,Ekaja Banik,21,F,A1
3636,1467,Zehaan Bajwa,31,F,A2
3637,1467,Wyatt Savant,31,F,A3
3638,1468,Aarna Natarajan,55,F,A1
3639,1468,Warjas Sastry,19,M,A2
3640,1468,Ati Bali,35,T,A3
3641,1469,Jai Kota,46,F,A1
3642,1470,Christopher Maharaj,34,M,A1
3643,1470,Indira Agarwal,58,T,A2
3644,1471,Chakradev Dhaliwal,23,F,A1
3645,1471,Jalsa Varty,33,M,A2
3646,1471,Siya Sankaran,34,M,A3
3647,1472,Baljiwan Kota,22,F,A1
3648,1473,Bhanumati Boase,51,M,A1
3649,1473,Gaurang Bail,36,M,A2
3650,1473,Vrinda Sarin,38,M,A3
3651,1473,Vasudha Walla,49,M,A4
3652,1474,Warinder Bains,28,F,A1
3653,1474,Gagan Lall,56,T,A2
3654,1474,Tanveer Nagy,29,M,A3
3655,1475,Ayush Raval,23,T,A1
3656,1476,William Rastogi,28,M,A1
3657,1476,Tejas Choudhary,43,F,A2
3658,1477,Harsh Johal,47,M,A1
3659,1477,Wishi Sabharwal,39,T,A2
3660,1478,Nidhi Patla,48,F,A1
3661,1478,Ayushman Sane,36,T,A2
3662,1479,Charvi Sastry,56,M,A1
3663,1480,Turvi Kala,27,F,A1
3664,1480,Falguni Mane,42,F,A2
3665,1480,Bishakha Lala,40,M,A3
3666,1480,Varenya Goyal,29,F,A4
3667,1481,Fitan Sangha,22,M,A1
3668,1482,Diya Kale,49,F,A1
3669,1482,Ryan Grewal,64,T,A2
3670,1482,Triya Prabhu,58,T,A3
3671,1482,Abdul Oommen,56,T,A4
3672,1483,Ansh Gandhi,33,F,A1
3673,1483,Ishita Ratta,35,F,A2
3674,1484,Nihal Bal,40,M,A1
3675,1484,Madhav Parikh,48,T,A2
3676,1484,Girik Narain,51,M,A3
3677,1484,Anthony Master,30,M,A4
3678,1485,Bachittar Khanna,21,F,A1
3679,1485,Hiral Mishra,27,M,A2
3680,1485,Saumya Kalla,44,F,A3
3681,1486,Warjas Vora,37,T,A1
3682,1486,Kavya Chad,59,M,A2
3683,1486,Vedika Dhillon,44,M,A3
3684,1487,Qasim Patil,16,M,A1
3685,1487,Unni Sahota,49,F,A2
3686,1487,Gayathri Nigam,62,M,A3
3687,1488,Alexander Menon,37,F,A1
3688,1489,Avi Sawhney,37,F,A1
3689,1490,Michael Sekhon,58,M,A1
3690,1490,Forum Mital,60,F,A2
3691,1490,Siya Taneja,52,F,A3
3692,1490,Anita Pradhan,34,M,A4
3693,1491,Manbir Mani,50,T,A1
3694,1491,Vasudha Singhal,59,M,A2
3695,1491,Anay Tak,18,M,A3
3696,1491,Bhavani Narayanan,50,M,A4
3697,1492,Rajata Sandhu,43,F,A1
3698,1493,Forum Patla,52,F,A1
3699,1493,Hemal Balan,49,M,A2
3700,1494,Charvi Dasgupta,29,T,A1
3701,1494,Michael Swaminathan,44,T,A2
3702,1495,Jhalak Chowdhury,18,M,A1
3703,1495,Anya Chauhan,53,M,A2
3704,1495,Chandran Bhalla,62,F,A3
3705,1496,Radhika Grover,49,F,A1
3706,1496,Panini Kala,51,M,A2
3707,1496,Kashish Sule,54,F,A3
3708,1496,Oeshi Upadhyay,33,T,A4
3709,1497,Charan Memon,17,M,A1
3710,1497,Fariq Som,20,F,A2
3711,1497,Kamala Narayan,58,M,A3
3712,1498,Xavier Biswas,40,M,A1
3713,1499,Kala Jayaraman,47,T,A1
3714,1499,Caleb Edwin,29,M,A2
3715,1500,Rachita Kibe,17,F,A1
3716,1500,Brijesh Goyal,57,T,A2
3717,1500,Warinder Sem,65,M,A3
3718,1501,Yuvraj Mahajan,33,T,A1
3719,1502,Radhika Master,54,F,A1
3720,1502,Arunima Dixit,36,F,A2
3721,1502,Damyanti Maharaj,45,F,A3
3722,1503,Niharika Khatri,62,F,A1
3723,1503,Falak Vasa,60,T,A2
3724,1503,Urvi Sawhney,24,M,A3
3725,1504,Leena Kalla,18,F,A1
3726,1505,Deepa Dhawan,60,M,A1
3727,1505,Arya Anne,58,T,A2
3728,1506,Jairaj Yogi,50,M,A1
3729,1507,Vritti Devan,35,T,A1
3730,1508,Devansh Jani,45,M,A1
3731,1508,Vyanjana Mitra,21,M,A2
3732,1508,Warhi Thaker,58,M,A3
3733,1508,Charan Lanka,25,M,A4
3734,1509,Triveni Thakkar,62,M,A1
3735,1509,Aarnav Bhagat,60,M,A2
3736,1509,Geetika Bhavsar,16,F,A3
3737,1509,Meghana Srinivas,61,T,A4
3738,1510,Aadhya Saraf,32,T,A1
3739,1510,Reyansh Krishnamurthy,63,M,A2
3740,1510,Peter Basak,48,F,A3
3741,1511,Jyoti Devan,64,T,A1
3742,1511,Zaid Nanda,63,F,A2
3743,1512,Chandran Chahal,16,F,A1
3744,1512,Raghav Grewal,19,M,A2
3745,1512,Xiti Soni,51,T,A3
3746,1512,Nirja Jayaraman,45,F,A4
3747,1513,Gopal Agarwal,43,M,A1
3748,1513,Banjeet Tiwari,50,T,A2
3749,1514,Ikshita Sharaf,54,T,A1
3750,1514,Niharika Pathak,42,F,A2
3751,1515,Yahvi Hari,35,M,A1
3752,1515,Devika Ahuja,62,M,A2
3753,1515,Varenya Peri,32,F,A3
3754,1516,Sai Sharaf,26,M,A1
3755,1517,Sachi Manda,40,T,A1
3756,1518,Gabriel Sachdev,32,M,A1
3757,1518,Harinakshi Uppal,39,F,A2
3758,1519,Tanmayi Dewan,34,T,A1
3759,1519,Wyatt Ravel,48,T,A2
3760,1519,Dakshesh Dhawan,44,M,A3
3761,1520,Aarnav Nagar,57,M,A1
3762,1520,Faqid Bobal,41,F,A2
3763,1520,Fiyaz Virk,24,M,A3
3764,1521,Raghav Karpe,37,T,A1
3765,1521,Anay Prabhakar,36,M,A2
3766,1521,Baghyawati Nagarajan,27,T,A3
3767,1521,Omya Narayanan,48,T,A4
3768,1522,Utkarsh Balay,19,T,A1
3769,1522,Anika Goda,46,T,A2
3770,1522,Alka Sachar,20,T,A3
3771,1523,Diya Chaudhari,56,T,A1
3772,1523,Timothy Gupta,23,F,A2
3773,1523,Mahika Patla,24,M,A3
3774,1524,Aarnav Zachariah,21,T,A1
3775,1525,Turvi Anne,20,M,A1
3776,1526,Lajita Wadhwa,36,F,A1
3777,1526,Sudiksha Radhakrishnan,48,T,A2
3778,1526,Kavya Bansal,33,F,A3
3779,1527,Fiyaz Radhakrishnan,63,M,A1
3780,1528,Xalak Bala,60,T,A1
3781,1529,Manthan Natt,39,T,A1
3782,1529,Jyoti Sibal,59,T,A2
3783,1529,Widisha Raja,24,F,A3
3784,1530,Qabil Sengupta,52,M,A1
3785,1530,Nathaniel Roy,38,F,A2
3786,1530,Kabir Rajagopal,50,T,A3
3787,1531,Unni Bawa,23,T,A1
3788,1531,Ronith Deshpande,38,T,A2
3789,1531,Nidra Ganguly,20,T,A3
3790,1532,Ucchal Desai,25,F,A1
3791,1532,Yashawini Dayal,30,T,A2
3792,1532,Henry Nayak,44,F,A3
3793,1533,Madhavi Choudhury,49,T,A1
3794,1533,Manthan Bansal,65,T,A2
3795,1533,Jai Jayaraman,27,F,A3
3796,1533,Nandini Khatri,30,F,A4
3797,1534,Panini Sibal,29,F,A1
3798,1534,Omaja Solanki,60,T,A2
3799,1534,Janani Dara,65,F,A3
3800,1535,Baghyawati Tata,32,F,A1
3801,1536,Maanav Banik,19,F,A1
3802,1536,Ryan Bhatia,37,M,A2
3803,1537,Isaac Chakraborty,64,F,A1
3804,1537,Ranbir Kade,52,M,A2
3805,1537,William Barad,61,F,A3
3806,1538,Yutika Sood,21,M,A1
3807,1538,Vincent Keer,30,M,A2
3808,1538,Garima Gokhale,58,F,A3
3809,1538,Onveer Bera,51,M,A4
3810,1539,Neha Hegde,17,M,A1
3811,1540,Laksh Kant,58,M,A1
3812,1541,Aradhana Sarna,61,M,A1
3813,1541,Christopher Mutti,20,M,A2
3814,1541,Vasatika Talwar,21,T,A3
3815,1542,Yug Thakkar,65,F,A1
3816,1542,Ekapad Narayanan,54,F,A2
3817,1543,Anita Varma,64,F,A1
3818,1543,Raghav Rai,63,M,A2
3819,1544,Divya Nair,62,T,A1
3820,1544,Mugdha Magar,27,T,A2
3821,1544,Anjali Lata,25,M,A3
3822,1545,Ishwar Agarwal,33,M,A1
3823,1546,Ekani Kade,33,F,A1
3824,1546,Yadavi Brahmbhatt,42,F,A2
3825,1547,Tara Pingle,21,F,A1
3826,1548,Ekiya Mander,31,F,A1
3827,1548,Nicholas Aggarwal,45,T,A2
3828,1548,Jatin Kashyap,28,T,A3
3829,1549,Sai Koshy,16,M,A1
3830,1549,Veer Majumdar,26,T,A2
3831,1549,Leela Bhatia,29,T,A3
3832,1550,Charan Sathe,44,F,A1
3833,1550,Hritik Raman,49,M,A2
3834,1550,Geetika Deol,43,T,A3
3835,1551,Bishakha Chhabra,17,M,A1
3836,1551,Hamsini Rastogi,60,T,A2
3837,1551,Leela Varkey,28,M,A3
3838,1552,Tejas Hegde,26,M,A1
3839,1552,Manya Parsa,21,M,A2
3840,1553,Onkar Bhargava,52,F,A1
3841,1553,Peter Modi,61,F,A2
3842,1553,Onkar Chada,62,F,A3
3843,1554,Abhimanyu Chad,39,F,A1
3844,1554,Yochana Pathak,62,M,A2
3845,1555,Shravya Mittal,43,F,A1
3846,1555,Max Behl,48,M,A2
3847,1556,Rachit Dash,41,M,A1
3848,1557,Atharv Chandran,52,M,A1
3849,1557,Rayaan Bhatia,53,T,A2
3850,1557,Laksh Kalla,63,M,A3
3851,1557,Jagrati Rau,47,T,A4
3852,1558,Manbir Krishnamurthy,21,T,A1
3853,1558,Owen Ramaswamy,37,T,A2
3854,1559,Wyatt Yadav,27,M,A1
3855,1559,Ridhi Baral,17,M,A2
3856,1559,Urvi Rajan,50,T,A3
3857,1560,Falan Baral,30,T,A1
3858,1560,Hamsini Gokhale,45,F,A2
3859,1560,Charles Bahri,22,M,A3
3860,1561,Qadim Sankaran,33,M,A1
3861,1561,Bimala Bhattacharyya,52,M,A2
3862,1561,Sarthak Gokhale,51,F,A3
3863,1561,Radha Kaur,36,F,A4
3864,1562,Tripti Sandhu,16,F,A1
3865,1562,Vanya Baral,33,M,A2
3866,1562,Pranit Kata,39,M,A3
3867,1563,Zaid Muni,27,M,A1
3868,1564,Rudra Pal,56,F,A1
3869,1564,Krishna Thaman,23,T,A2
3870,1565,Jagrati Bora,35,T,A1
3871,1566,Rohan Gulati,42,T,A1
3872,1566,Falak Bhavsar,62,F,A2
3873,1566,Chaitaly Char,55,T,A3
3874,1567,Widisha More,17,F,A1
3875,1567,Hredhaan Karpe,51,F,A2
3876,1568,Wazir Taneja,50,F,A1
3877,1568,Lohit Khalsa,49,M,A2
3878,1568,Krish Saini,55,M,A3
3879,1569,Isaac Dey,29,M,A1
3880,1569,Ridhi Bhatnagar,55,T,A2
3881,1569,Ira Mohanty,24,F,A3
3882,1570,Edhitha Sampath,60,M,A1
3883,1570,Widisha Kalla,65,T,A2
3884,1570,Gagan Mohan,65,F,A3
3885,1571,Avi Keer,48,M,A1
3886,1571,Yashodhara Bahl,25,T,A2
3887,1572,Arjun Chahal,62,T,A1
3888,1572,Chakradev Desai,64,M,A2
3889,1572,Pahal Bhatnagar,38,M,A3
3890,1573,Baghyawati Sridhar,16,F,A1
3891,1573,Shaurya Dave,58,T,A2
3892,1573,Ati Guha,39,F,A3
3893,1574,Nisha Patel,16,F,A1
3894,1574,Chakradev Bail,29,M,A2
3895,1574,Megha Agarwal,40,F,A3
3896,1575,Tamanna Mitter,20,F,A1
3897,1575,Champak Sodhi,63,M,A2
3898,1575,Joshua Kata,30,T,A3
3899,1576,Vamakshi Sarma,40,F,A1
3900,1576,Devansh Kalla,51,F,A2
3901,1576,Ucchal Bose,40,M,A3
3902,1577,Benjamin Mall,47,M,A1
3903,1578,Yashvi Chad,61,T,A1
3904,1579,Devika Baria,57,F,A1
3905,1579,Hredhaan Pall,48,M,A2
3906,1579,Eiravati Uppal,51,M,A3
3907,1580,Damini Halder,42,T,A1
3908,1580,Qadim Sem,52,M,A2
3909,1580,Diya Krishnamurthy,20,M,A3
3910,1581,Falan Pant,21,T,A1
3911,1581,Tara Mallick,64,M,A2
3912,1581,Christopher Pal,34,T,A3
3913,1581,Ijaya Nayar,17,T,A4
3914,1582,Krishna Cherian,37,T,A1
3915,1583,Dayita Talwar,49,M,A1
3916,1583,Jeet Ghose,42,M,A2
3917,1584,Deepa Sane,28,T,A1
3918,1584,Veda Bumb,36,F,A2
3919,1585,Fitan Contractor,39,F,A1
3920,1585,Jacob Thakkar,35,T,A2
3921,1585,Unnati Atwal,36,M,A3
3922,1586,Ubika Konda,40,M,A1
3923,1586,Darika Puri,42,T,A2
3924,1587,Ucchal Sathe,62,T,A1
3925,1587,Advika Raval,33,M,A2
3926,1588,Henry Handa,49,F,A1
3927,1588,Girik Vaidya,30,M,A2
3928,1588,Bhavya Konda,63,T,A3
3929,1589,Faris Soman,33,T,A1
3930,1589,Anthony Korpal,64,F,A2
3931,1589,Wyatt Sharma,65,F,A3
3932,1590,Ayush Narayanan,19,T,A1
3933,1590,Lajita Devi,17,T,A2
3934,1590,Gavin Dubey,45,F,A3
3935,1590,Jatin Bora,61,M,A4
3936,1591,Neelima Jani,44,T,A1
3937,1591,Bachittar Patel,21,T,A2
3938,1591,Patrick Borra,40,F,A3
3939,1592,Jatin Rout,22,T,A1
3940,1592,Dhriti Mukhopadhyay,18,F,A2
3941,1593,Mitesh Ratti,27,F,A1
3942,1593,Jyoti Bhasin,43,M,A2
3943,1593,Anamika Mukhopadhyay,18,M,A3
3944,1593,Qadim Handa,65,F,A4
3945,1594,Samuel Nath,60,M,A1
3946,1594,Yashoda Vasa,46,T,A2
3947,1595,Siddharth Patel,36,T,A1
3948,1595,Chaitaly Deep,63,T,A2
3949,1595,Pratyush Mand,61,M,A3
3950,1595,Waida Suresh,22,F,A4
3951,1596,Radhika Anand,52,M,A1
3952,1597,Vedant Pandey,16,F,A1
3953,1597,Ladli Bail,55,F,A2
3954,1598,Naksh Patel,28,M,A1
3955,1598,Irya Hora,41,T,A2
3956,1599,Laban Patel,17,M,A1
3957,1599,Vansha Minhas,23,T,A2
3958,1599,Jeet Ramesh,19,F,A3
3959,1599,Teerth Deep,26,F,A4
3960,1600,Ishita Dugal,52,F,A1
3961,1601,Oscar Sen,37,T,A1
3962,1601,Ikbal Tailor,64,M,A2
3963,1601,Maanas Sarna,39,T,A3
3964,1601,Veer Deo,53,M,A4
3965,1602,Harsh Shenoy,28,F,A1
3966,1603,Gayathri Peri,46,M,A1
3967,1603,Faris Gade,21,M,A2
3968,1603,Vihaan Thaman,41,T,A3
3969,1604,Bishakha Nigam,24,T,A1
3970,1604,Omkaar Vora,23,M,A2
3971,1604,Riya Salvi,51,M,A3
3972,1604,Vasatika Mahajan,28,M,A4
3973,1605,Ridhi Venkatesh,57,M,A1
3974,1605,Omya Grover,55,M,A2
3975,1606,Rishi Krishnamurthy,22,F,A1
3976,1606,Lavanya Oza,51,F,A2
3977,1606,Watika Bir,48,T,A3
3978,1606,Ishanvi Soni,42,F,A4
3979,1607,Dominic Setty,20,F,A1
3980,1607,Azaan Pathak,57,T,A2
3981,1607,Vamakshi Kadakia,31,F,A3
3982,1608,Reyansh Maharaj,33,T,A1
3983,1608,Deepa Varughese,52,F,A2
3984,1608,Charan Dutta,47,T,A3
3985,1608,Kashvi Bala,24,F,A4
3986,1609,Arya Palan,18,M,A1
3987,1609,Yatan Naik,65,T,A2
3988,1609,Baljiwan Deep,22,F,A3
3989,1610,Oliver Hegde,49,T,A1
3990,1610,Dakshesh Saraf,31,F,A2
3991,1611,Yochana Sampath,40,F,A1
3992,1612,Chaman Sarma,54,F,A1
3993,1612,Yuvraj Raman,28,T,A2
3994,1613,Bhavna Desai,42,T,A1
3995,1613,Darika Kara,22,M,A2
3996,1614,Vidhi Raju,63,T,A1
3997,1614,Rishi Merchant,42,F,A2
3998,1615,Sanya Madan,22,M,A1
3999,1615,Gabriel Bhagat,26,T,A2
4000,1615,Rajeshri Shankar,37,M,A3
4001,1616,Tarak Sha,39,M,A1
4002,1616,Charles Bora,35,M,A2
4003,1616,Arya Kala,32,F,A3
4004,1617,Balveer Subramanian,46,T,A1
4005,1618,Liam Bedi,43,F,A1
4006,1618,Nathan Singh,24,F,A2
4007,1618,Hema Taneja,20,M,A3
4008,1618,Lohit Patla,61,F,A4
4009,1619,Avi Om,36,F,A1
4010,1619,Yashawini Palla,19,T,A2
4011,1619,Jhalak Kaur,44,F,A3
4012,1619,Dalaja Golla,49,M,A4
4013,1620,Azaan Jain,23,F,A1
4014,1620,Elijah Korpal,17,M,A2
4015,1620,Hamsini Gulati,21,M,A3
4016,1620,Yutika Naidu,22,M,A4
4017,1621,Pooja Basu,42,T,A1
4018,1621,Wishi Magar,40,T,A2
4019,1621,Hardik Mall,41,M,A3
4020,1622,Ronith Ram,47,T,A1
4021,1622,Fitan Raj,56,F,A2
4022,1623,Abeer Nair,38,F,A1
4023,1624,Bina Zacharia,59,F,A1
4024,1624,Damyanti Bhavsar,52,F,A2
4025,1624,Onkar Suresh,61,F,A3
4026,1624,Vivaan Bhatt,36,T,A4
4027,1625,Aarna Gera,20,T,A1
4028,1625,Naveen Deshpande,19,T,A2
4029,1625,Theodore Viswanathan,60,M,A3
4030,1625,Jason Murthy,60,F,A4
4031,1626,Vasudha Bobal,33,T,A1
4032,1626,Amaira Choudhry,33,F,A2
4033,1627,Ria Rattan,62,M,A1
4034,1627,Shivani Ratta,51,T,A2
4035,1627,Urvi Sant,59,F,A3
4036,1627,Nandini Krishnamurthy,37,F,A4
4037,1628,Logan Sarin,21,M,A1
4038,1628,Forum Nagi,36,F,A2
4039,1629,Krish Thaker,57,M,A1
4040,1630,Oeshi Garde,53,T,A1
4041,1630,Vincent Vora,19,M,A2
4042,1631,Nicholas Chahal,28,M,A1
4043,1631,Yug Bhakta,34,F,A2
4044,1631,Gaurav Gupta,44,M,A3
4045,1631,Wyatt Bahri,52,F,A4
4046,1632,Ekaja Prabhu,47,M,A1
4047,1632,Bimala Parekh,16,F,A2
4048,1632,Maya Chawla,26,T,A3
4049,1633,Ryan Thaker,52,M,A1
4050,1633,Gaurav Khurana,51,F,A2
4051,1634,Isha Yogi,50,F,A1
4052,1634,Zashil Bir,47,M,A2
4053,1635,Oviya Ganguly,60,M,A1
4054,1636,Chanakya Chana,62,M,A1
4055,1637,Nathan Chaudhuri,25,F,A1
4056,1637,Jeet Pau,46,M,A2
4057,1637,Benjamin Mahal,24,M,A3
4058,1638,Mahika Nayar,62,T,A1
4059,1639,Ekantika Khosla,55,M,A1
4060,1639,Aradhana Atwal,42,F,A2
4061,1640,Darsh Dhaliwal,39,T,A1
4062,1640,Chameli Gupta,44,T,A2
4063,1640,Chandran Sura,56,M,A3
4064,1641,Udyati Bakshi,57,T,A1
4065,1642,Arjun Arora,28,T,A1
4066,1642,Veda Char,24,M,A2
4067,1642,Warinder Narasimhan,58,T,A3
4068,1642,Kai Suresh,57,M,A4
4069,1643,Ridhi Rao,43,T,A1
4070,1643,Raksha Datta,22,T,A2
4071,1643,Ishanvi Soni,26,T,A3
4072,1644,Harinakshi Koshy,65,M,A1
4073,1644,Joshua Lata,28,M,A2
4074,1644,Turvi Behl,31,T,A3
4075,1645,Ganga Thaman,49,M,A1
4076,1646,Karan Bassi,22,M,A1
4077,1646,Shivani Choudhury,55,T,A2
4078,1647,Oviya Grover,39,M,A1
4079,1648,Anya Krishnamurthy,37,M,A1
4080,1648,Meera Krishnamurthy,20,T,A2
4081,1648,Manya Loke,62,T,A3
4082,1649,Daksh Sheth,63,T,A1
4083,1649,Noah Sathe,29,F,A2
4084,1649,Xiti Khare,16,M,A3
4085,1650,Tejas Guha,16,M,A1
4086,1651,Pallavi Kakar,56,F,A1
4087,1651,Hema Varkey,25,M,A2
4088,1651,Vamakshi Sehgal,16,F,A3
4089,1652,Noah More,32,F,A1
4090,1652,Ayaan Khurana,43,T,A2
4091,1652,Anusha Sama,16,M,A3
4092,1652,Thomas Gour,41,T,A4
4093,1653,Chaman Roy,45,T,A1
4094,1653,Gaurangi Dara,35,F,A2
4095,1653,Dhriti Talwar,55,F,A3
4096,1653,Dipta Bir,61,T,A4
4097,1654,Theodore Sem,30,F,A1
4098,1654,Mitesh Gopal,26,M,A2
4099,1654,Anita Varty,57,F,A3
4100,1655,Eshana Chanda,27,M,A1
4101,1655,Hamsini Pandit,48,T,A2
4102,1656,Maanas Sanghvi,36,M,A1
4103,1656,Tanish Bhandari,41,F,A2
4104,1656,Urmi Batra,21,M,A3
4105,1656,Thomas Sur,41,F,A4
4106,1657,Manthan Mukhopadhyay,27,M,A1
4107,1658,Atharv Sharma,31,M,A1
4108,1659,Tanvi Bajwa,55,M,A1
4109,1659,Raksha Tiwari,27,T,A2
4110,1659,Deepa Mitter,44,T,A3
4111,1660,Ishani Babu,28,M,A1
4112,1660,Gautami Golla,40,M,A2
4113,1661,Falak Sem,56,F,A1
4114,1662,Urvashi Bhakta,42,F,A1
4115,1663,Harish Misra,37,F,A1
4116,1663,Gagan Bava,20,M,A2
4117,1663,Yochana Randhawa,35,F,A3
4118,1663,Yadavi Raju,42,M,A4
4119,1664,Victor Mistry,18,T,A1
4120,1665,Rayaan Loyal,60,F,A1
4121,1665,Osha Bir,53,F,A2
4122,1666,Nakul Dutta,46,T,A1
4123,1666,Faraj Rajan,60,F,A2
4124,1666,Gopal Thaker,56,T,A3
4125,1667,Elijah Hayer,60,T,A1
4126,1667,Megha Kalla,48,F,A2
4127,1667,Bishakha Agrawal,28,M,A3
4128,1667,Fariq Ganesh,16,F,A4
4129,1668,Yash Chaudhari,26,T,A1
4130,1668,Vedika Nagarajan,22,T,A2
4131,1669,Krisha Oommen,21,F,A1
4132,1669,Owen Menon,20,F,A2
4133,1669,William Kurian,24,F,A3
4134,1669,Yashvi Srivastava,44,F,A4
4135,1670,Radhika D’Alia,54,M,A1
4136,1670,Udyati Bhardwaj,26,T,A2
4137,1670,Advay Deol,33,F,A3
4138,1671,Praneel Jayaraman,36,M,A1
4139,1671,Isaiah Rai,45,F,A2
4140,1671,Aryan Prasad,47,T,A3
4141,1671,Pranav Lanka,58,T,A4
4142,1672,Naveen Patel,45,F,A1
4143,1673,Rajeshri Sibal,41,T,A1
4144,1673,Bina Gandhi,23,T,A2
4145,1673,Oliver Raju,42,F,A3
4146,1674,Praneel Nagarajan,34,T,A1
4147,1675,Onkar Garg,27,F,A1
4148,1676,Barkha Arora,65,M,A1
4149,1676,Rudra Brahmbhatt,49,M,A2
4150,1676,Falan Bhat,62,M,A3
4151,1677,Yachana Nagarajan,23,F,A1
4152,1678,Chandran Amble,35,T,A1
4153,1678,Arjun Sengupta,45,T,A2
4154,1679,Riya Ganesh,27,T,A1
4155,1679,Saanvi Kibe,47,M,A2
4156,1679,Rachit Bal,35,F,A3
4157,1680,Rohan Rajagopal,48,M,A1
4158,1680,Elijah Baral,30,M,A2
4159,1680,Ayushman Gola,58,T,A3
4160,1680,Benjamin Rattan,25,T,A4
4161,1681,Ria Sarin,63,M,A1
4162,1681,Robert Chakraborty,47,F,A2
4163,1681,Aachal Bhalla,60,M,A3
4164,1682,David Dash,46,M,A1
4165,1683,Hamsini Dayal,42,T,A1
4166,1683,Mohini Balakrishnan,60,F,A2
4167,1684,Damini Narula,51,F,A1
4168,1684,Vasudha Shukla,25,F,A2
4169,1685,Victor Mody,46,M,A1
4170,1685,Yamini Gaba,60,T,A2
4171,1685,Triveni Deshpande,39,T,A3
4172,1685,Ranveer Dixit,57,T,A4
4173,1686,Yadavi Tara,62,M,A1
4174,1687,Ayushman Kibe,28,F,A1
4175,1687,Pallavi Hayre,58,M,A2
4176,1688,Wriddhish Brahmbhatt,41,F,A1
4177,1689,Gauri Kara,53,T,A1
4178,1689,Devika Aggarwal,39,T,A2
4179,1689,Nakul Bhalla,16,M,A3
4180,1690,George Prasad,49,F,A1
4181,1690,Rohan Kumer,60,M,A2
4182,1690,Peter Sagar,25,M,A3
4183,1691,Janya Sharaf,42,F,A1
4184,1691,Bhanumati Majumdar,35,T,A2
4185,1691,Januja Patil,40,T,A3
4186,1691,Damini Jani,31,T,A4
4187,1692,Chaaya Natarajan,61,T,A1
4188,1692,Bhavya Ganesan,63,M,A2
4189,1692,Chandani Gola,45,T,A3
4190,1693,Indrajit Das,43,F,A1
4191,1693,Anjali Swaminathan,16,T,A2
4192,1693,Zayan Ram,32,F,A3
4193,1693,Pranav Thaker,35,F,A4
4194,1694,Jagvi Khatri,56,M,A1
4195,1694,Darsh Shetty,62,F,A2
4196,1695,Udyati Garg,25,F,A1
4197,1696,Leena Ganguly,25,F,A1
4198,1696,Samesh Batta,17,F,A2
4199,1696,Amruta Sagar,61,M,A3
4200,1697,Dayamai Chaudry,24,T,A1
4201,1697,Devansh Venkataraman,60,F,A2
4202,1697,Balhaar Raju,34,M,A3
4203,1697,Aditya Samra,25,T,A4
4204,1698,Finn Sagar,45,T,A1
4205,1698,Aarav Kumar,36,F,A2
4206,1698,Rachit Srivastava,21,F,A3
4207,1698,Ojasvi Vaidya,39,F,A4
4208,1699,Kamya Bansal,41,M,A1
4209,1699,Megha Rai,62,T,A2
4210,1699,Yashasvi Lal,37,T,A3
4211,1699,Bachittar Bhatia,22,M,A4
4212,1700,Yatin Walla,38,M,A1
4213,1700,Ekansh Pandya,37,T,A2
4214,1700,Omkaar Venkataraman,44,M,A3
4215,1701,Dipta Tara,41,T,A1
4216,1701,Upasna Warrior,37,M,A2
4217,1702,Harish Baria,64,T,A1
4218,1703,Harita Saraf,61,F,A1
4219,1704,Alexander Saini,65,T,A1
4220,1704,Ishanvi Mohanty,49,F,A2
4221,1704,Maya Badal,28,F,A3
4222,1704,Eta Bumb,54,F,A4
4223,1705,Ladli Mukhopadhyay,35,F,A1
4224,1706,Chaaya Bhat,26,T,A1
4225,1706,Vivaan Nagy,58,T,A2
4226,1706,Kashvi Khosla,47,T,A3
4227,1706,Nakul Malhotra,28,M,A4
4228,1707,Udant Sunder,32,T,A1
4229,1707,Ira Dubey,31,T,A2
4230,1707,Faqid Garde,21,T,A3
4231,1708,Anusha Sangha,64,F,A1
4232,1708,Neel Kadakia,20,F,A2
4233,1708,Watika Kumar,34,T,A3
4234,1708,Lucky Bhasin,32,M,A4
4235,1709,Barkha Dhar,25,T,A1
4236,1709,Ekaja Singhal,21,M,A2
4237,1710,Bhavani Sahni,19,F,A1
4238,1711,Lohit Bains,40,F,A1
4239,1711,Yatan Jayaraman,65,F,A2
4240,1712,Praneel Raja,39,M,A1
4241,1712,Ranbir Kamdar,29,M,A2
4242,1713,Chanakya Korpal,53,T,A1
4243,1713,Vihaan Bhat,30,M,A2
4244,1713,Bishakha Manda,47,T,A3
4245,1714,Tristan Sinha,59,F,A1
4246,1714,Nathan Bhavsar,63,F,A2
4247,1714,Wridesh Sagar,18,M,A3
4248,1715,Ijaya Misra,23,T,A1
4249,1715,Dalbir Joshi,50,M,A2
4250,1715,Yamini Choudhry,40,T,A3
4251,1716,Wahab Bawa,64,M,A1
4252,1717,Ekaraj Mukhopadhyay,48,F,A1
4253,1717,Gayathri Balakrishnan,49,T,A2
4254,1718,Hitesh Nagarajan,20,M,A1
4255,1718,Chameli Mohan,21,T,A2
4256,1718,Rajeshri Dugar,23,F,A3
4257,1719,Rajeshri Narang,48,T,A1
4258,1719,Om Pai,51,T,A2
4259,1719,Bahadurjit Dugar,24,M,A3
4260,1720,Charita Parmar,23,T,A1
4261,1720,Leena Nath,55,F,A2
4262,1720,Anya Murthy,21,M,A3
4263,1721,Omkaar Mitter,22,M,A1
4264,1721,Keya Tandon,56,F,A2
4265,1721,Ganga Kumer,57,F,A3
4266,1721,Aditya Biswas,55,T,A4
4267,1722,Siya Bassi,20,F,A1
4268,1722,Pallavi Suri,47,T,A2
4269,1722,Hemal Basu,22,M,A3
4270,1722,Yahvi Bala,60,T,A4
4271,1723,Brijesh Kothari,60,F,A1
4272,1724,Joshua Chahal,64,M,A1
4273,1724,Amrita Palla,60,M,A2
4274,1724,Ekiya Goel,33,F,A3
4275,1725,Mugdha Suri,60,M,A1
4276,1725,Gautam Pant,47,M,A2
4277,1725,Pallavi Raman,23,M,A3
4278,1726,Oviya Sachdeva,40,M,A1
4279,1726,Caleb Khatri,19,T,A2
4280,1727,Theodore Johal,52,M,A1
4281,1727,Ojasvi Guha,50,F,A2
4282,1727,Karan Lal,44,F,A3
4283,1728,Ekalinga Dave,43,M,A1
4284,1728,Maanav Sanghvi,17,F,A2
4285,1729,Frederick Sandal,64,F,A1
4286,1730,Pranit Palan,61,F,A1
4287,1730,Pahal Krishna,37,T,A2
4288,1730,Wahab Agrawal,51,T,A3
4289,1730,Krish Subramanian,46,M,A4
4290,1731,Janani Pal,30,F,A1
4291,1731,Lipika Agrawal,61,M,A2
4292,1731,Mason Ghose,50,M,A3
4293,1732,Bimala Ganesan,52,T,A1
4294,1733,Nathaniel Singh,38,F,A1
4295,1734,Sai Modi,34,M,A1
4296,1734,Samuel Nair,28,T,A2
4297,1735,Pushti Narayan,24,T,A1
4298,1736,Shaurya Raman,24,M,A1
4299,1736,Lekha Ramaswamy,31,F,A2
4300,1736,Manya Modi,33,M,A3
4301,1736,Parth Tripathi,59,F,A4
4302,1737,Gayathri Anne,47,F,A1
4303,1737,Sai Swamy,41,F,A2
4304,1737,Oscar Mall,24,M,A3
4305,1737,Umang Swaminathan,45,M,A4
4306,1738,Siya Chaudhari,23,M,A1
4307,1739,Max Mander,26,M,A1
4308,1739,Ekbal Tella,36,F,A2
4309,1739,Nathaniel Tiwari,47,T,A3
4310,1739,Yashica Thakkar,34,M,A4
4311,1740,Amrita Chakraborty,56,M,A1
4312,1741,Krish Ram,46,T,A1
4313,1742,Chaman Gupta,46,T,A1
4314,1742,Ekaja Shanker,26,T,A2
4315,1743,Bahadurjit Chana,57,T,A1
4316,1743,Hiral Ratta,29,F,A2
4317,1743,Yutika Guha,35,M,A3
4318,1743,Sathvik Patla,20,M,A4
4319,1744,Leela Cherian,27,T,A1
4320,1745,Raksha Deshpande,46,M,A1
4321,1745,Logan Balakrishnan,34,F,A2
4322,1745,Tanish Chaudhry,17,T,A3
4323,1745,Nakul Apte,55,M,A4
4324,1746,Anay Iyengar,24,M,A1
4325,1746,Udant Merchant,49,T,A2
4326,1746,Yahvi Kapur,54,M,A3
4327,1746,Janaki Salvi,45,T,A4
4328,1747,Vanya Bandi,49,T,A1
4329,1748,Manya Krishnamurthy,17,F,A1
4330,1748,Harita Madan,21,T,A2
4331,1749,Ganga Kala,48,M,A1
4332,1749,Laban Goda,37,F,A2
4333,1750,Chaaya Raju,60,M,A1
4334,1750,Diya Sibal,27,M,A2
4335,1751,Shaurya Venkataraman,17,T,A1
4336,1752,Barkha Kohli,61,T,A1
4337,1752,Vincent Bali,46,M,A2
4338,1752,Henry Kade,26,T,A3
4339,1753,Agastya Palla,47,M,A1
4340,1753,Jeremiah Kulkarni,17,F,A2
4341,1754,Dev Golla,44,M,A1
4342,1754,Saumya Bansal,43,T,A2
4343,1754,Liam Koshy,49,T,A3
4344,1755,Ekavir Jaggi,65,F,A1
4345,1756,Yashvi Hegde,27,T,A1
4346,1756,William Dyal,57,M,A2
4347,1756,Sara Anand,49,F,A3
4348,1757,Dayamai Buch,23,M,A1
4349,1757,Jacob Kapadia,39,F,A2
4350,1757,Henry Brahmbhatt,37,T,A3
4351,1758,Bahadurjit Kari,35,F,A1
4352,1758,Nachiket Wali,24,M,A2
4353,1758,Ekaja Sarma,28,M,A3
4354,1758,Bahadurjit Parmar,32,F,A4
4355,1759,Indrajit Gara,27,M,A1
4356,1760,Baghyawati Sachdeva,56,M,A1
4357,1761,Sneha Parekh,30,F,A1
4358,1762,Hemang Chauhan,50,T,A1
4359,1762,Divya Sant,34,T,A2
4360,1762,Zaid Kata,58,F,A3
4361,1763,Warda Bansal,45,M,A1
4362,1763,Darpan Sachdev,29,M,A2
4363,1764,Peter Sundaram,27,F,A1
4364,1765,Samuel Zachariah,63,T,A1
4365,1765,Yash Mital,17,T,A2
4366,1766,Faraj Nadig,21,T,A1
4367,1766,Upma Wali,40,M,A2
4368,1766,Neha Handa,50,F,A3
4369,1767,Krishna Choudhary,21,F,A1
4370,1767,Naveen Vaidya,64,T,A2
4371,1767,Turvi Krishna,41,M,A3
4372,1768,Gopal Gulati,40,M,A1
4373,1769,Manya Goyal,56,F,A1
4374,1769,Wridesh Krishna,65,T,A2
4375,1769,Yachana Patel,49,M,A3
4376,1770,Frederick Lal,54,F,A1
4377,1771,Samaksh Dutt,65,M,A1
4378,1772,Darika Sekhon,50,F,A1
4379,1772,Jagvi Savant,31,F,A2
4380,1772,Pooja Thakur,34,F,A3
4381,1773,Omisha Gera,19,T,A1
4382,1773,Dipta Raju,65,T,A2
4383,1773,Shivansh Misra,62,F,A3
4384,1773,Libni Bedi,17,T,A4
4385,1774,Faras Ranganathan,61,M,A1
4386,1774,Yagnesh Babu,30,M,A2
4387,1774,Lila Barman,24,T,A3
4388,1774,Upasna Dugar,64,M,A4
4389,1775,Devika Bawa,48,F,A1
4390,1776,Veer Chandran,35,F,A1
4391,1776,Guneet Rama,24,F,A2
4392,1776,Wahab Prashad,47,M,A3
4393,1776,Praneel Dhawan,29,F,A4
4394,1777,Garima Setty,31,T,A1
4395,1777,Max Gaba,35,M,A2
4396,1777,Faqid Chawla,59,T,A3
4397,1778,Oeshi Bassi,56,M,A1
4398,1778,Qadim Ramachandran,62,F,A2
4399,1778,Chaman Sahota,22,M,A3
4400,1778,Hemang Sathe,17,M,A4
4401,1779,Omaja Ramachandran,57,F,A1
4402,1779,Bhavna Nagarajan,50,T,A2
4403,1780,Hiral Lata,51,T,A1
4404,1780,Akshay Sharma,35,M,A2
4405,1780,Ekansh Aurora,60,F,A3
4406,1780,Onveer Varty,24,F,A4
4407,1781,Girindra Krishnan,53,T,A1
4408,1782,Ishanvi Kumer,64,M,A1
4409,1782,Onkar Gandhi,26,M,A2
4410,1782,Pranav Dugar,30,T,A3
4411,1783,Yashodhara Pandya,37,M,A1
4412,1783,Indrajit Sastry,59,T,A2
4413,1783,Aarush Dara,57,T,A3
4414,1784,Vincent Merchant,34,M,A1
4415,1784,Chatura Koshy,19,F,A2
4416,1784,Jasmit Bath,51,T,A3
4417,1784,Vidhi Krishna,61,F,A4
4418,1785,Maya Pant,64,M,A1
4419,1786,Nirja Kumar,35,T,A1
4420,1786,Bhavna Sabharwal,45,F,A2
4421,1787,Hitesh Natt,40,T,A1
4422,1787,Divya Dalal,53,T,A2
4423,1787,Siddharth Shukla,50,F,A3
4424,1787,Onkar Cheema,36,M,A4
4425,1788,Zayan Anne,21,T,A1
4426,1788,Sai Kunda,34,M,A2
4427,1788,Meera Wable,25,F,A3
4428,1789,Krishna Ahluwalia,56,T,A1
4429,1789,Krishna Kanda,55,F,A2
4430,1790,Manbir Ahuja,57,M,A1
4431,1790,Aarav Hans,30,F,A2
4432,1790,Zansi Kade,32,M,A3
4433,1790,Ishani Deo,65,T,A4
4434,1791,Meghana Narasimhan,26,T,A1
4435,1791,Ridhi Prakash,21,M,A2
4436,1792,Upma Virk,62,T,A1
4437,1793,Hamsini Kohli,56,F,A1
4438,1794,Mekhala Barman,53,M,A1
4439,1794,Raghav Golla,59,T,A2
4440,1794,Warjas Mannan,42,F,A3
4441,1795,Balhaar Majumdar,16,F,A1
4442,1795,Omisha Shanker,59,T,A2
4443,1795,Dayita Patla,53,F,A3
4444,1795,Gayathri Srinivas,47,F,A4
4445,1796,Ansh Oza,62,T,A1
4446,1796,Samesh Ratti,21,T,A2
4447,1796,Charan Venkataraman,27,T,A3
4448,1797,Sudiksha Bir,21,F,A1
4449,1797,Harrison Ram,56,T,A2
4450,1798,Ria Saini,36,F,A1
4451,1798,Indrajit Dhillon,25,F,A2
4452,1798,Falak Sood,28,T,A3
4453,1798,Ekalinga Dhawan,19,M,A4
4454,1799,Nidhi Bal,30,T,A1
4455,1799,Harish Pall,59,F,A2
4456,1800,Jyoti Raval,21,M,A1
4457,1800,Anthony Tailor,33,M,A2
4458,1800,Radhika Kumer,51,F,A3
4459,1800,Girish Madan,58,F,A4
4460,1801,Charan Sami,37,M,A1
4461,1801,Banjeet Saxena,26,M,A2
4462,1801,Nathan Roy,45,T,A3
4463,1801,Patrick Thakur,16,F,A4
4464,1802,Nirja Reddy,51,M,A1
4465,1802,Anya Sehgal,58,T,A2
4466,1802,Yashoda Shenoy,48,F,A3
4467,1802,Veda Bhavsar,59,M,A4
4468,1803,Aarnav Chhabra,43,M,A1
4469,1803,Bimala Kapur,65,M,A2
4470,1804,Chakradhar Memon,44,F,A1
4471,1804,Sai Chaudhary,45,M,A2
4472,1805,Harshil Sarna,47,M,A1
4473,1805,Tanay Nanda,38,M,A2
4474,1805,Nirja Merchant,21,T,A3
4475,1805,Tara Dugar,50,T,A4
4476,1806,Ijaya Muni,44,T,A1
4477,1806,Ekbal Randhawa,27,M,A2
4478,1806,Ekalinga Nagar,45,T,A3
4479,1807,Unni Vala,29,F,A1
4480,1808,Ekaja Panchal,58,M,A1
4481,1808,Qasim Ramaswamy,21,F,A2
4482,1809,Rachana Rajagopalan,36,F,A1
4483,1809,Radhika Ravi,39,T,A2
4484,1810,Udarsh Ganesan,65,M,A1
4485,1810,Ethan Shukla,43,T,A2
4486,1811,Sneha Kapur,22,F,A1
4487,1811,Jack Kapoor,28,F,A2
4488,1812,Kiaan Rege,25,M,A1
4489,1812,Divya Dar,24,F,A2
4490,1812,Ridhi Apte,38,T,A3
4491,1813,Amara Mann,57,M,A1
4492,1813,Jonathan Halder,16,T,A2
4493,1813,Radha Ghose,56,T,A3
4494,1813,Mekhala Dora,48,M,A4
4495,1814,Vasudha Sekhon,41,M,A1
4496,1814,Faqid Iyer,46,T,A2
4497,1815,Rudra Loke,58,T,A1
4498,1815,Gaurika Wagle,24,F,A2
4499,1815,Dominic Tailor,16,M,A3
4500,1816,Mekhala Malhotra,38,F,A1
4501,1816,Faraj Nagarajan,45,T,A2
4502,1816,Raagini Nayak,52,F,A3
4503,1816,Matthew Dhaliwal,56,F,A4
4504,1817,Hredhaan Madan,64,M,A1
4505,1817,Oliver Savant,19,T,A2
4506,1818,Jagdish Deshpande,41,T,A1
4507,1818,Yutika Choudhary,29,M,A2
4508,1818,Zaid Anand,48,F,A3
4509,1819,Jai Loyal,54,F,A1
4510,1819,Reyansh Kalita,40,F,A2
4511,1820,Krisha Kant,22,T,A1
4512,1820,Zarna Sankaran,53,F,A2
4513,1820,Qarin Cherian,64,M,A3
4514,1820,Ekapad Chatterjee,50,F,A4
4515,1821,Naveen Mannan,49,F,A1
4516,1822,Manthan Palan,29,T,A1
4517,1822,Mekhala Dutt,61,F,A2
4518,1822,Tanvi Loke,25,M,A3
4519,1822,Ekani Borde,33,T,A4
4520,1823,Kala Sahni,30,F,A1
4521,1823,Warhi Dar,19,F,A2
4522,1823,Mahika Pandya,61,T,A3
4523,1824,Yachana Randhawa,19,T,A1
4524,1825,Arin Sodhi,51,F,A1
4525,1826,Januja Patil,65,T,A1
4526,1827,Yatan Muni,37,T,A1
4527,1828,Yashvi Dash,31,T,A1
4528,1828,Alexander Sant,20,F,A2
4529,1829,Lucky Shanker,39,T,A1
4530,1830,Harini Kashyap,47,T,A1
4531,1831,Bachittar Dyal,34,F,A1
4532,1831,Yoshita Badami,55,F,A2
4533,1832,Amara Sha,38,T,A1
4534,1832,Janya Kala,41,T,A2
4535,1833,Raagini Sane,20,M,A1
4536,1833,Chandresh Samra,60,M,A2
4537,1833,Vidhi Kurian,61,F,A3
4538,1833,Vasatika Deshpande,30,F,A4
4539,1834,Andrew Chad,48,F,A1
4540,1835,Lucky Deol,41,M,A1
4541,1835,Siddharth Kara,18,F,A2
4542,1836,Shravya Golla,50,M,A1
4543,1836,Tanmayi Krishnan,40,M,A2
4544,1837,Rachana Banerjee,30,T,A1
4545,1837,Kritika Gupta,25,M,A2
4546,1838,Garima Koshy,16,T,A1
4547,1839,Mason Nadig,25,M,A1
4548,1839,Nikita Bumb,42,T,A2
4549,1839,Urvi Mann,41,F,A3
4550,1839,Sai Sethi,65,F,A4
4551,1840,Ishwar Nayak,41,F,A1
4552,1840,Oscar Karpe,56,M,A2
4553,1841,Nandini Hegde,27,F,A1
4554,1841,Ira Master,37,F,A2
4555,1841,Ucchal Chada,20,F,A3
4556,1842,Omaja Bhardwaj,64,T,A1
4557,1842,Qabil Nagarajan,43,M,A2
4558,1843,Guneet Atwal,36,T,A1
4559,1843,Aarav Lanka,38,T,A2
4560,1844,Veda Memon,45,M,A1
4561,1844,Pallavi Palla,57,F,A2
4562,1844,Chameli Varty,34,M,A3
4563,1845,Nachiket Narula,33,T,A1
4564,1846,Vincent Sankaran,57,M,A1
4565,1846,Kashvi Sem,46,F,A2
4566,1846,Widisha Sawhney,28,F,A3
4567,1847,Ekantika Bava,64,M,A1
4568,1847,Ekaraj Andra,56,F,A2
4569,1847,Raksha Chanda,35,M,A3
4570,1847,Aarav Singhal,39,T,A4
4571,1848,Vasana Lalla,62,F,A1
4572,1849,Jyoti Ramakrishnan,27,M,A1
4573,1849,Xiti Konda,36,M,A2
4574,1849,Tejas Dube,20,F,A3
4575,1849,Ronith Ram,47,F,A4
4576,1850,Xalak Goda,52,T,A1
4577,1850,Chameli Shenoy,31,M,A2
4578,1851,Abha Jayaraman,31,F,A1
4579,1852,Udant Barad,42,M,A1
4580,1853,David Ramesh,25,M,A1
4581,1853,Madhavi Dhillon,36,M,A2
4582,1854,Christopher Mital,27,T,A1
4583,1854,Gautam Jayaraman,35,M,A2
4584,1854,Rohan Soni,58,F,A3
4585,1854,Ojasvi Patla,34,T,A4
4586,1855,Jalsa Misra,54,M,A1
4587,1855,Urvi Chakraborty,35,M,A2
4588,1856,Yug Kalla,23,F,A1
4589,1856,Simon Dave,28,F,A2
4590,1857,Faqid Parsa,23,M,A1
4591,1857,Vasatika Chacko,16,M,A2
4592,1858,Ira Sachdev,42,F,A1
4593,1858,Urvashi Sarin,16,T,A2
4594,1858,Gayathri Dugar,17,M,A3
4595,1859,Peter Kapoor,22,T,A1
4596,1860,Nirja Vora,26,T,A1
4597,1861,Advaith Das,61,F,A1
4598,1862,Dayita Panchal,58,F,A1
4599,1862,Hamsini Choudhry,36,F,A2
4600,1862,Ekaja Wagle,28,F,A3
4601,1863,Zehaan Tata,31,T,A1
4602,1864,Vivaan Mital,22,F,A1
4603,1864,Saanvi Malhotra,51,F,A2
4604,1864,Veer Issac,65,M,A3
4605,1864,Manbir Dugal,38,T,A4
4606,1865,Bina Jhaveri,57,F,A1
4607,1865,Yash Mani,49,T,A2
4608,1865,Chandresh Naidu,22,T,A3
4609,1865,Jack Mann,45,M,A4
4610,1866,Isha Sur,18,M,A1
4611,1867,Ishwar Chander,52,F,A1
4612,1867,Chanchal Sundaram,65,M,A2
4613,1868,Yash Chowdhury,51,T,A1
4614,1868,Adweta Lalla,63,T,A2
4615,1868,Dhruv Saran,50,T,A3
4616,1869,Vansha Subramanian,27,F,A1
4617,1869,Warjas Sarna,33,M,A2
4618,1869,Fariq Dhar,60,F,A3
4619,1870,Gaurangi Prakash,29,F,A1
4620,1870,Timothy Date,55,M,A2
4621,1871,Bhavini Panchal,45,M,A1
4622,1871,Raksha Karpe,26,M,A2
4623,1871,Ekanta Patla,65,T,A3
4624,1872,Qasim Mannan,26,M,A1
4625,1872,Jeremiah Singh,36,T,A2
4626,1872,Krish Guha,56,F,A3
4627,1873,Meghana Dugar,41,F,A1
4628,1873,Jagdish Raval,49,T,A2
4629,1873,Vrishti Suresh,53,M,A3
4630,1874,Yutika Kota,17,T,A1
4631,1875,Chakradhar Sawhney,32,T,A1
4632,1875,Mugdha Dugar,51,T,A2
4633,1875,Finn Badal,36,M,A3
4634,1876,Hemani Mann,45,M,A1
4635,1876,Wazir Babu,59,M,A2
4636,1877,Ekansh Shanker,41,F,A1
4637,1877,Ekaja Jani,23,M,A2
4638,1878,Divya Iyer,52,M,A1
4639,1878,Janya Hayre,31,F,A2
4640,1878,Hamsini Sood,50,T,A3
4641,1879,Arjun Palla,25,T,A1
4642,1880,Dhruv Dave,31,M,A1
4643,1880,Eesha Rama,46,F,A2
4644,1881,Dayita Chad,49,F,A1
4645,1882,Tanveer Bandi,45,F,A1
4646,1883,Rushil Wason,25,F,A1
4647,1884,Eta Mannan,18,F,A1
4648,1885,Praneel Narasimhan,57,T,A1
4649,1885,Atharv Zachariah,31,M,A2
4650,1886,Chakradhar Vyas,51,F,A1
4651,1887,Kala Bhargava,26,M,A1
4652,1887,Chavvi Konda,19,F,A2
4653,1887,Nidra Raghavan,50,M,A3
4654,1888,Vihaan Mane,41,M,A1
4655,1888,Anya Sastry,51,F,A2
4656,1888,Chakradev Basak,60,M,A3
4657,1888,Devika Nayak,16,M,A4
4658,1889,Baljiwan Rajagopalan,16,F,A1
4659,1889,Darika Khurana,25,F,A2
4660,1890,Vidhi Dey,53,M,A1
4661,1890,Daksha Patil,54,M,A2
4662,1890,Yashvi Chatterjee,63,T,A3
4663,1891,Yug Banik,41,F,A1
4664,1891,Bakhshi Lad,49,M,A2
4665,1892,Diya Chawla,36,T,A1
4666,1892,Advaith Puri,37,F,A2
4667,1892,Raksha Behl,34,F,A3
4668,1892,Shivansh Borah,22,F,A4
4669,1893,Chaitaly Raghavan,65,T,A1
4670,1893,Pranit Char,33,M,A2
4671,1893,Chatura Chaudhuri,41,F,A3
4672,1894,Isaac Dubey,50,M,A1
4673,1894,Theodore Sama,28,T,A2
4674,1895,Ati Patla,60,T,A1
4675,1895,Darpan Tiwari,43,T,A2
4676,1896,Lavanya Butala,18,M,A1
4677,1897,Kala Goyal,46,T,A1
4678,1898,Bhavika Pillay,34,M,A1
4679,1898,Gabriel Contractor,41,T,A2
4680,1898,Ubika Basu,62,T,A3
4681,1899,Manya Nanda,58,T,A1
4682,1899,Devika Ghose,53,F,A2
4683,1900,Jatin Gupta,64,F,A1
4684,1901,Luke Sani,51,F,A1
4685,1902,Lohit Srivastava,25,F,A1
4686,1902,Abeer Pillai,52,F,A2
4687,1903,Naksh Sinha,36,M,A1
4688,1903,Matthew Raman,43,T,A2
4689,1903,Samesh Mohanty,37,F,A3
4690,1904,Mohammed Rout,53,M,A1
4691,1904,Saumya Sekhon,16,F,A2
4692,1905,Bimala Loyal,57,F,A1
4693,1905,Elijah Jaggi,31,F,A2
4694,1906,Pahal Sarna,54,M,A1
4695,1906,Rachit Balay,49,T,A2
4696,1906,Faqid Ranganathan,43,M,A3
4697,1907,Yagnesh Mittal,46,T,A1
4698,1908,Eiravati Char,34,T,A1
4699,1909,Jagdish Kapadia,28,F,A1
4700,1909,Rishi Bora,60,T,A2
4701,1909,Irya Majumdar,59,F,A3
4702,1909,Veda Chandra,31,M,A4
4703,1910,Qadim Keer,32,M,A1
4704,1910,Ira Bhasin,42,M,A2
4705,1911,Maanav Nayar,56,T,A1
4706,1911,Madhav Sandhu,39,F,A2
4707,1912,Bachittar Brahmbhatt,55,M,A1
4708,1912,Varsha Taneja,45,F,A2
4709,1912,Megha Deshpande,39,M,A3
4710,1913,Mahika Gade,63,M,A1
4711,1913,Bina Barman,58,M,A2
4712,1913,Upkaar Sinha,46,T,A3
4713,1913,Chatura Vora,16,F,A4
4714,1914,Mitali Baral,22,F,A1
4715,1914,Abhimanyu Goel,33,T,A2
4716,1914,Waida Mangal,21,F,A3
4717,1915,Sarthak Ghose,48,T,A1
4718,1915,Sudiksha Ghosh,62,M,A2
4719,1915,Aahana Barad,57,T,A3
4720,1916,Deepa Patel,39,M,A1
4721,1917,Priya Kalita,38,F,A1
4722,1917,Nirja Virk,58,F,A2
4723,1917,Vanya Palla,55,F,A3
4724,1918,Chatura Guha,20,F,A1
4725,1918,Sachi Dhillon,49,T,A2
4726,1919,Reyansh Kadakia,45,T,A1
4727,1919,Imaran Prasad,25,T,A2
4728,1919,Osha Lalla,16,F,A3
4729,1919,Jack Bava,64,F,A4
4730,1920,Leela Bhagat,32,M,A1
4731,1920,Faras Rama,55,F,A2
4732,1920,Kalpit Raju,38,M,A3
4733,1920,Utkarsh Kashyap,64,T,A4
4734,1921,Vaishnavi Chada,37,T,A1
4735,1921,Jai Merchant,64,M,A2
4736,1922,Abdul Natarajan,25,T,A1
4737,1923,Janya Pillay,26,F,A1
4738,1924,Imaran Khatri,28,F,A1
4739,1924,Mason Grewal,38,F,A2
4740,1924,Varenya Chaudhari,25,M,A3
4741,1925,Sachi Mani,57,T,A1
4742,1925,Charvi Bassi,38,M,A2
4743,1926,Kabir Tandon,22,T,A1
4744,1926,Ijaya Gade,54,F,A2
4745,1927,Ekalinga Kuruvilla,19,M,A1
4746,1928,Samar Sawhney,19,M,A1
4747,1928,Upma Lalla,32,F,A2
4748,1928,Aadi Rout,19,T,A3
4749,1928,Ekani Mukherjee,39,T,A4
4750,1929,Abhimanyu Das,61,M,A1
4751,1929,Waida Rau,20,T,A2
4752,1930,Siya Kala,31,F,A1
4753,1930,Gautam Vig,37,M,A2
4754,1931,Lajita Parmar,19,T,A1
4755,1932,Dakshesh Sarma,22,T,A1
4756,1932,Bina Borde,30,T,A2
4757,1932,Oviya Mammen,32,T,A3
4758,1932,Anika Gera,56,F,A4
4759,1933,Anvi Wable,33,F,A1
4760,1933,Jonathan Karnik,21,T,A2
4761,1933,Pavani Memon,41,M,A3
4762,1933,Ethan Buch,37,T,A4
4763,1934,Wazir Mallick,34,F,A1
4764,1934,Mahika Nagar,25,M,A2
4765,1934,Dhruv Tandon,58,F,A3
4766,1934,Panini Kurian,18,T,A4
4767,1935,Aditya Sani,32,F,A1
4768,1936,Hemang Kapur,55,T,A1
4769,1937,Chatresh Choudhury,21,F,A1
4770,1938,Wridesh Khanna,55,F,A1
4771,1938,Udant Prabhu,22,M,A2
4772,1939,Veda Nagarajan,34,M,A1
4773,1939,Aachal Agrawal,29,M,A2
4774,1939,Urvi Badami,21,M,A3
4775,1940,Ansh Narang,53,M,A1
4776,1940,Bachittar Palla,39,M,A2
4777,1940,Michael Thakkar,63,M,A3
4778,1940,Amara Sekhon,45,M,A4
4779,1941,Bhavna Bose,28,F,A1
4780,1941,Girish Chana,18,T,A2
4781,1941,Amruta Banik,42,M,A3
4782,1941,Peter Sura,27,T,A4
4783,1942,Liam Dixit,65,M,A1
4784,1943,Vedika Tara,64,F,A1
4785,1944,Triveni D’Alia,41,T,A1
4786,1945,Diya Swamy,21,T,A1
4787,1945,Vrishti Kumar,42,F,A2
4788,1945,Harrison More,59,T,A3
4789,1946,Dominic Mani,28,F,A1
4790,1946,Hema Bedi,16,T,A2
4791,1947,Megha Merchant,42,T,A1
4792,1947,Vrinda Kade,18,M,A2
4793,1947,Ijaya Setty,65,T,A3
4794,1948,Manthan Chada,50,F,A1
4795,1949,Kashish Basu,39,F,A1
4796,1949,Abha Ravel,64,F,A2
4797,1949,Bhavya Chawla,53,F,A3
4798,1950,Ekanta Som,48,M,A1
4799,1950,Daksha Johal,32,M,A2
4800,1950,Yuvraj Srinivasan,49,T,A3
4801,1950,Ira Sarraf,47,T,A4
4802,1951,Chatura Varty,39,T,A1
4803,1951,Shaurya Sekhon,53,T,A2
4804,1951,Kashish Chhabra,30,M,A3
4805,1951,Falan Sen,33,M,A4
4806,1952,Gopal Kapoor,55,F,A1
4807,1952,Sanaya Bhat,63,F,A2
4808,1952,Amaira Randhawa,58,F,A3
4809,1952,Damini Peri,40,T,A4
4810,1953,Samarth Lalla,65,T,A1
4811,1953,Jeet Vaidya,61,T,A2
4812,1953,Praneel Kata,49,F,A3
4813,1953,Dalbir Deshpande,31,F,A4
4814,1954,Irya Kanda,23,T,A1
4815,1955,Sanaya Babu,50,M,A1
4816,1956,Viraj Chana,30,T,A1
4817,1956,Ekapad Sankar,33,F,A2
4818,1956,Hemang Natarajan,41,F,A3
4819,1956,Thomas Bal,37,M,A4
4820,1957,Tanveer Sunder,35,M,A1
4821,1957,Ayaan Sachdeva,56,F,A2
4822,1957,Laksh Behl,43,M,A3
4823,1958,Joshua Misra,37,F,A1
4824,1958,Anamika Sridhar,16,M,A2
4825,1958,Manan Parsa,34,T,A3
4826,1959,Jagdish Dayal,44,M,A1
4827,1959,Shravya Dutt,55,F,A2
4828,1960,Advay Yogi,54,T,A1
4829,1960,Oeshi Zacharia,60,F,A2
4830,1961,Abha Bhakta,28,T,A1
4831,1961,Frado Pingle,50,M,A2
4832,1961,Oni Sule,25,M,A3
4833,1962,Aarini Brar,22,F,A1
4834,1962,Bahadurjit Palla,43,T,A2
4835,1963,Rachita Parmer,39,T,A1
4836,1963,Zilmil Kurian,62,F,A2
4837,1963,Chandran Arya,30,T,A3
4838,1963,Chaaya Barad,42,T,A4
4839,1964,Lekha Wadhwa,51,F,A1
4840,1964,Chakrika Wason,65,T,A2
4841,1964,Indali Garde,48,M,A3
4842,1965,Pavani Desai,59,T,A1
4843,1965,Sachi Sami,31,F,A2
4844,1966,Onkar Chhabra,40,T,A1
4845,1966,Ira Goel,29,M,A2
4846,1966,Darpan Dalal,48,F,A3
4847,1967,Rachita Maharaj,21,F,A1
4848,1967,Veda Ram,32,M,A2
4849,1967,Harrison Baral,49,T,A3
4850,1968,Dalbir Gaba,42,T,A1
4851,1968,Damyanti Prashad,59,T,A2
4852,1968,Odika Uppal,16,F,A3
4853,1968,Brinda Mall,50,F,A4
4854,1969,Darika Chad,40,M,A1
4855,1969,Qasim Trivedi,38,F,A2
4856,1970,Chandani Wagle,44,T,A1
4857,1970,Anmol Ahluwalia,39,T,A2
4858,1970,Leena Nori,16,T,A3
4859,1971,Omya Kumar,41,M,A1
4860,1971,Samesh Sethi,21,M,A2
4861,1971,Ekanta Kothari,59,T,A3
4862,1971,Manbir Panchal,44,F,A4
4863,1972,Pavani Ratta,22,M,A1
4864,1972,Finn Dara,65,T,A2
4865,1972,Janya Gade,53,M,A3
4866,1973,Radhika Taneja,37,F,A1
4867,1973,Isha Salvi,60,T,A2
4868,1973,Eiravati Dada,57,M,A3
4869,1974,Vansha Srivastava,48,F,A1
4870,1974,Anita Bandi,36,M,A2
4871,1975,Baghyawati Kunda,32,F,A1
4872,1975,Balendra Yohannan,33,F,A2
4873,1976,Vritti Kuruvilla,64,T,A1
4874,1977,Hamsini Magar,51,T,A1
4875,1977,Aarush Nath,19,M,A2
4876,1977,Harita Kale,36,M,A3
4877,1977,Shivani Dyal,43,T,A4
4878,1978,Yashica Tank,64,F,A1
4879,1979,Rachit Shetty,26,F,A1
4880,1979,Damini Lalla,23,T,A2
4881,1979,Bhavika Hegde,36,M,A3
4882,1980,Liam Mall,17,M,A1
4883,1980,Hitesh Salvi,61,F,A2
4884,1980,Dhruv Choudhury,59,F,A3
4885,1980,Reyansh Sangha,26,M,A4
4886,1981,Balendra Chaudhary,53,F,A1
4887,1982,Chakradhar Bail,63,T,A1
4888,1983,Varsha Mistry,19,F,A1
4889,1983,Pranav Sankaran,49,M,A2
4890,1984,Indira Dalal,29,M,A1
4891,1985,Radhika Parikh,59,T,A1
4892,1986,Mitesh Kalla,59,T,A1
4893,1986,Ranbir Johal,20,T,A2
4894,1986,Ishanvi Mangat,53,M,A3
4895,1986,Xiti Mital,22,F,A4
4896,1987,Praneel Sen,20,F,A1
4897,1987,Laban Buch,26,M,A2
4898,1987,Samarth Borde,38,T,A3
4899,1988,Madhav Mall,37,T,A1
4900,1988,Yasti Korpal,16,M,A2
4901,1988,Maanas Rana,31,F,A3
4902,1988,Vinaya Khosla,17,F,A4
4903,1989,Chaitaly Badami,40,M,A1
4904,1989,Ladli Gandhi,57,F,A2
4905,1989,Lakshmi Murthy,29,M,A3
4906,1989,Baghyawati Chaudhry,54,T,A4
4907,1990,Aishani Brahmbhatt,47,T,A1
4908,1990,Triveni Chaudry,26,F,A2
4909,1990,Krish Mammen,24,F,A3
4910,1990,Yuvraj Shan,33,M,A4
4911,1991,Bishakha Randhawa,40,M,A1
4912,1991,Ishita Nadkarni,45,F,A2
4913,1992,Azaan Comar,20,M,A1
4914,1993,Triya Maharaj,26,M,A1
4915,1993,George Seshadri,25,F,A2
4916,1993,Oeshi Bala,16,M,A3
4917,1994,Vasana Basu,56,M,A1
4918,1995,Ojasvi Brahmbhatt,28,M,A1
4919,1995,Lakshmi Natt,57,M,A2
4920,1995,Pooja Rau,42,F,A3
4921,1996,Benjamin Malhotra,18,T,A1
4922,1996,Fiyaz Bhatt,65,T,A2
4923,1997,Matthew Subramaniam,31,M,A1
4924,1998,Chandran Narang,36,F,A1
4925,1999,Inaya Anand,48,M,A1
4926,1999,Omkaar Gola,37,M,A2
4927,1999,Nandini Lal,34,M,A3
4928,1999,Lila Lall,45,T,A4
4929,2000,Wishi Tara,20,T,A1
4930,2000,Jack Mital,39,T,A2
4931,2000,Lavanya Bhakta,46,F,A3
4932,2000,Ansh Borra,35,F,A4
4933,2001,Bimala Chand,55,M,A1
4934,2002,Falguni Dasgupta,44,T,A1
4935,2002,Raksha Vala,31,T,A2
4936,2002,Peter Roy,63,T,A3
4937,2003,Chaitaly Doctor,58,M,A1
4938,2003,Sai Raja,52,M,A2
4939,2003,Reva Anne,45,T,A3
4940,2004,Jagvi Sodhi,35,F,A1
4941,2004,Upkaar Sibal,42,M,A2
4942,2004,Nirja Cheema,56,F,A3
4943,2005,Tanvi Pall,31,T,A1
4944,2006,Janani Shan,24,M,A1
4945,2006,Harshil Wagle,53,F,A2
4946,2006,Vasudha Subramaniam,65,T,A3
4947,2006,Rachita Sangha,31,M,A4
4948,2007,Janani Dutt,28,M,A1
4949,2008,Ubika Mand,16,F,A1
4950,2008,Harsh Garde,29,M,A2
4951,2008,Hemani Loyal,51,T,A3
4952,2008,Udyati Raman,63,F,A4
4953,2009,Oeshi Char,16,M,A1
4954,2009,Balvan Dixit,31,M,A2
4955,2010,Geetika Pandey,32,F,A1
4956,2010,Eesha Dasgupta,20,T,A2
4957,2010,Raksha Radhakrishnan,65,M,A3
4958,2011,Reyansh Raju,24,F,A1
4959,2011,Kevin Parsa,54,F,A2
4960,2011,Keya Varghese,60,M,A3
4961,2012,Andrew Sarna,19,T,A1
4962,2012,Samarth Tank,62,F,A2
4963,2013,Rajeshri Ramachandran,31,T,A1
4964,2014,Abdul Malhotra,63,M,A1
4965,2015,Abdul Mane,46,M,A1
4966,2015,Unni Behl,46,F,A2
4967,2015,Xavier Bhardwaj,58,T,A3
4968,2015,Upma Aurora,16,F,A4
4969,2016,Adya Pillay,55,T,A1
4970,2016,Raghav Agrawal,38,M,A2
4971,2016,Ekani Bedi,54,M,A3
4972,2016,Falak Swaminathan,42,M,A4
4973,2017,Arjun Raja,32,T,A1
4974,2017,Yashvi Gala,60,T,A2
4975,2017,Aarnav Saxena,50,M,A3
4976,2018,Daksh Dada,18,F,A1
4977,2018,Forum Dugar,33,M,A2
4978,2019,Hemani Arya,58,M,A1
4979,2019,Jason Joshi,21,T,A2
4980,2020,Harsh Datta,23,F,A1
4981,2020,Aarush Tailor,57,M,A2
4982,2020,Benjamin Maharaj,55,F,A3
4983,2021,Upkaar Vaidya,59,T,A1
4984,2021,Samaksh Basak,45,M,A2
4985,2021,Kala Gokhale,53,M,A3
4986,2021,Chanakya Prashad,31,T,A4
4987,2022,Samesh Mishra,24,M,A1
4988,2022,Laksh Munshi,34,T,A2
4989,2022,Tristan Sani,62,M,A3
4990,2023,Inaya Hayer,30,T,A1
4991,2024,Viraj Chokshi,24,M,A1
4992,2024,Varenya Roy,35,F,A2
4993,2024,Wriddhish Batra,20,F,A3
4994,2025,Maanav Nair,63,M,A1
4995,2025,Mitesh Tandon,53,F,A2
4996,2026,Unni Baria,32,M,A1
4997,2026,Michael Ramachandran,38,F,A2
4998,2026,Naveen Shetty,64,F,A3
4999,2026,Vansha Toor,28,T,A4
5000,2027,Dalbir Vora,56,T,A1
5001,2027,Saksham Gupta,17,F,A2
5002,2027,Triveni Balan,39,M,A3
5003,2027,Omkaar Menon,57,M,A4
5004,2028,Yashica Sachdev,48,F,A1
5005,2028,Netra Sharma,22,T,A2
5006,2029,Devika Gade,23,M,A1
5007,2030,Krish Dugar,55,F,A1
5008,2030,Harrison Shan,53,M,A2
5009,2030,Abhiram Kalla,19,F,A3
5010,2031,Reyansh Kumer,64,T,A1
5011,2031,Eesha Zacharia,41,T,A2
5012,2031,Tanvi Deshmukh,42,T,A3
5013,2032,Pahal Sami,36,M,A1
5014,2032,Chameli Bhalla,29,T,A2
5015,2032,Vamakshi Mitter,33,T,A3
5016,2033,Oscar Natt,47,M,A1
5017,2034,Guneet Keer,38,T,A1
5018,2034,Sai Brahmbhatt,38,T,A2
5019,2035,Indrajit Taneja,60,T,A1
5020,2035,Shivani Kara,19,T,A2
5021,2035,Indira Sridhar,50,M,A3
5022,2035,Radhika Deshmukh,41,T,A4
5023,2036,Riya Sen,56,F,A1
5024,2037,Diya Oza,49,F,A1
5025,2037,Mason Lall,35,T,A2
5026,2038,Ubika Edwin,36,F,A1
5027,2039,Raksha Kaul,16,F,A1
5028,2039,Tejas Khalsa,19,M,A2
5029,2039,Samaksh Yadav,30,F,A3
5030,2040,Jalsa Ratti,27,T,A1
5031,2040,Widisha Luthra,59,T,A2
5032,2041,Mohini Balay,65,T,A1
5033,2041,Faras Dixit,26,T,A2
5034,2041,Nitara Mangal,41,F,A3
5035,2041,Balhaar Saraf,21,T,A4
5036,2042,Ekantika More,33,T,A1
5037,2042,Deepa Kothari,48,M,A2
5038,2043,Pratyush De,57,M,A1
5039,2043,Yashawini Shankar,61,M,A2
5040,2044,Mekhala Prakash,25,T,A1
5041,2044,Hitesh Bath,35,M,A2
5042,2045,Aadi Din,22,F,A1
5043,2045,Bahadurjit Bains,28,T,A2
5044,2046,Yatan Mukherjee,38,T,A1
5045,2046,Odika Nigam,58,T,A2
5046,2046,Raagini Parekh,48,M,A3
5047,2046,Ekaja Hans,65,M,A4
5048,2047,Alexander Dugar,45,F,A1
5049,2048,Ekantika Gade,20,T,A1
5050,2048,Vedant Bawa,38,F,A2
5051,2049,Chaitaly Mani,42,T,A1
5052,2049,Vedant Dhillon,43,T,A2
5053,2049,Hemani Shan,52,M,A3
5054,2049,Wishi Mandal,19,F,A4
5055,2050,Harshil Anne,48,F,A1
5056,2050,Shravya Borde,55,M,A2
5057,2050,Azad Sathe,48,M,A3
5058,2050,Bishakha Ghose,64,F,A4
5059,2051,Upma Bedi,57,T,A1
5060,2051,Bhavani Varty,36,T,A2
5061,2051,Aarav Oommen,60,F,A3
5062,2051,Upasna Chakrabarti,30,F,A4
5063,2052,Bhavini Jayaraman,17,F,A1
5064,2053,William Naidu,51,M,A1
5065,2053,Amruta Nanda,32,F,A2
5066,2053,Urmi Kadakia,23,M,A3
5067,2053,Nachiket Virk,43,T,A4
5068,2054,Ekaja Kunda,63,M,A1
5069,2055,Vinaya Bhardwaj,61,T,A1
5070,2055,Ayaan Sawhney,63,M,A2
5071,2055,Kamala Bahri,58,T,A3
5072,2056,Praneel Kumer,24,T,A1
5073,2056,Kalpit Sane,54,T,A2
5074,2057,Ridhi Varughese,21,M,A1
5075,2057,Warda Narasimhan,65,M,A2
5076,2058,Hritik Kapur,47,M,A1
5077,2058,Sneha Dube,35,M,A2
5078,2059,Henry Mutti,18,M,A1
5079,2060,Reyansh Jayaraman,57,F,A1
5080,2060,Sanaya Kari,32,M,A2
5081,2060,Tanay Misra,63,F,A3
5082,2061,Ladli Patel,31,T,A1
5083,2061,Lucky Chowdhury,41,F,A2
5084,2061,Anmol Bassi,28,M,A3
5085,2062,Utkarsh Varghese,58,T,A1
5086,2062,Oviya Hans,30,T,A2
5087,2063,Rachit Gola,44,F,A1
5088,2063,Yutika Soni,58,T,A2
5089,2064,Krish Bal,65,M,A1
5090,2064,Ekta Sehgal,56,M,A2
5091,2064,Gunbir Mukherjee,33,T,A3
5092,2064,Zayan Loyal,38,T,A4
5093,2065,Lohit Tailor,41,M,A1
5094,2065,Falan Pant,26,F,A2
5095,2065,Veer Sachdev,62,T,A3
5096,2066,Radha Sethi,39,F,A1
5097,2066,Anirudh Sood,54,T,A2
5098,2066,Henry Mahal,47,F,A3
5099,2066,Kashvi Sachdeva,65,T,A4
5100,2067,Anamika Keer,16,M,A1
5101,2067,Aarav Bumb,58,M,A2
5102,2067,Qasim Ramanathan,47,F,A3
5103,2067,Hema Setty,57,M,A4
5104,2068,Vansha Srinivasan,55,F,A1
5105,2068,Fiyaz Bhargava,21,F,A2
5106,2068,Aarnav Sant,48,F,A3
5107,2069,Deepa Sundaram,35,T,A1
5108,2070,Aadi Swaminathan,39,F,A1
5109,2071,Mitali Dara,56,T,A1
5110,2071,Chatura Kannan,39,T,A2
5111,2071,Tripti Bhardwaj,37,F,A3
5112,2071,Daniel Luthra,42,M,A4
5113,2072,Chanakya Shenoy,50,M,A1
5114,2072,Osha Biswas,19,F,A2
5115,2072,Mason Vaidya,40,T,A3
5116,2073,Sneha Zacharia,31,T,A1
5117,2074,Raagini Goel,19,F,A1
5118,2075,Aarini Sura,49,T,A1
5119,2075,Isha Babu,24,F,A2
5120,2076,Dominic Narang,53,F,A1
5121,2076,Sanaya Vig,25,F,A2
5122,2076,Aradhana Badami,32,M,A3
5123,2077,Oliver Kalita,42,T,A1
5124,2078,Udant Dalal,43,M,A1
5125,2078,Janya Cherian,37,F,A2
5126,2079,Chanakya Modi,36,F,A1
5127,2080,Girik Bora,35,T,A1
5128,2080,Radha Warrior,49,F,A2
5129,2081,Gopal Chauhan,26,T,A1
5130,2082,Hema Venkataraman,58,M,A1
5131,2082,Mitesh Mammen,38,T,A2
5132,2082,Aadhya Srinivasan,16,M,A3
5133,2082,Ekantika Sule,23,M,A4
5134,2083,Fiyaz Pau,43,M,A1
5135,2083,Zinal Sachdev,28,F,A2
5136,2083,Sara Palan,28,M,A3
5137,2084,Hiral Toor,57,M,A1
5138,2085,Simon Lala,46,T,A1
5139,2086,Damini Gandhi,29,F,A1
5140,2086,Yashawini Gera,34,T,A2
5141,2087,Qabil Chand,50,T,A1
5142,2088,Janani Pillay,30,F,A1
5143,2089,Ekaja Doctor,21,T,A1
5144,2089,Manan Mallick,64,M,A2
5145,2090,Rachana Nanda,49,M,A1
5146,2090,Noah Ahuja,37,F,A2
5147,2090,Rudra Kapoor,65,M,A3
5148,2090,Anirudh Arora,22,F,A4
5149,2091,Rachit Pau,35,T,A1
5150,2091,Ridhi Gole,21,F,A2
5151,2092,Teerth Rai,36,M,A1
5152,2093,Nilima Sharma,31,T,A1
5153,2093,Anmol Bhatt,17,M,A2
5154,2093,Kala Hora,65,F,A3
5155,2094,Siddharth Sura,62,M,A1
5156,2094,Warjas Sarraf,61,M,A2
5157,2095,Udant Ramakrishnan,33,T,A1
5158,2095,Sneha Patla,42,M,A2
5159,2096,Advik Jha,42,M,A1
5160,2096,Nikita Kunda,59,M,A2
5161,2096,Karan Raju,47,F,A3
5162,2096,Shaurya Vasa,48,M,A4
5163,2097,Adya Oak,62,T,A1
5164,2097,Balhaar Rajagopalan,39,F,A2
5165,2097,Zilmil Doshi,22,F,A3
5166,2097,Ekavir Raj,45,T,A4
5167,2098,Yashica Prakash,19,T,A1
5168,2098,Hitesh Bhandari,52,T,A2
5169,2098,Oviya Halder,31,T,A3
5170,2098,Jagvi Puri,34,F,A4
5171,2099,Yoshita Venkataraman,43,T,A1
5172,2099,Azaan Vohra,16,F,A2
5173,2100,Yash Sachdev,59,T,A1
5174,2100,Yashica Nath,29,M,A2
5175,2100,Advika Magar,63,F,A3
5176,2100,Vinaya Desai,16,M,A4
5177,2101,Daksha Kaul,52,M,A1
5178,2101,Wridesh Batra,36,F,A2
5179,2101,Vinaya Narayan,48,T,A3
5180,2101,Yauvani Lal,22,T,A4
5181,2102,Arya Shere,53,M,A1
5182,2103,Dakshesh Deep,21,T,A1
5183,2103,Hredhaan Deol,23,F,A2
5184,2103,Vrishti Wable,49,F,A3
5185,2103,Sara Badal,61,T,A4
5186,2104,Tejas Bajwa,57,M,A1
5187,2104,Jackson Raj,40,T,A2
5188,2104,Kalpit Setty,59,M,A3
5189,2104,Meghana Chakraborty,38,T,A4
5190,2105,Mekhala Gara,42,F,A1
5191,2105,Robert Badami,35,M,A2
5192,2105,Tanveer Sen,19,M,A3
5193,2105,Patrick Balan,50,F,A4
5194,2106,Luke Swaminathan,18,F,A1
5195,2106,Balhaar Mandal,34,T,A2
5196,2106,Chanakya Amble,21,T,A3
5197,2106,Samarth Panchal,42,T,A4
5198,2107,Eshana Bir,33,F,A1
5199,2107,Devika Magar,32,T,A2
5200,2107,Jagdish Sundaram,59,M,A3
5201,2108,Christopher Doctor,50,T,A1
5202,2108,Aadi Sridhar,61,M,A2
5203,2108,Girik Jaggi,51,T,A3
5204,2109,Tristan Rajagopalan,31,T,A1
5205,2109,Zansi Pathak,63,F,A2
5206,2109,Arunima Iyer,42,F,A3
5207,2110,Krishna Sura,42,T,A1
5208,2111,Jairaj Loyal,18,M,A1
5209,2112,Jalsa Vaidya,43,M,A1
5210,2112,Lipika Mani,63,M,A2
5211,2112,Daniel Chaudhari,55,F,A3
5212,2113,Keya Pall,50,M,A1
5213,2113,Abhimanyu Ravi,51,M,A2
5214,2113,Isaac Sur,19,F,A3
5215,2113,Bachittar Shan,20,M,A4
5216,2114,Maanav Varma,65,M,A1
5217,2114,Rohan Sankar,50,M,A2
5218,2115,Aarush Kurian,38,M,A1
5219,2116,Chakrika Chakrabarti,30,M,A1
5220,2116,Bishakha Dhar,17,M,A2
5221,2116,Ishwar Sarma,41,M,A3
5222,2116,Geetika Kamdar,46,M,A4
5223,2117,Upma Hayre,63,F,A1
5224,2117,Panini Kumar,65,T,A2
5225,2117,Saumya Dewan,50,M,A3
5226,2118,Chameli Sathe,24,T,A1
5227,2118,Matthew Hora,42,T,A2
5228,2119,Priya Arya,54,F,A1
5229,2119,Oscar Patil,64,T,A2
5230,2119,Gautami Naidu,64,M,A3
5231,2120,Hiral Mistry,54,F,A1
5232,2120,Vyanjana Pingle,25,F,A2
5233,2121,Samarth Kakar,61,M,A1
5234,2122,Arunima Rege,16,M,A1
5235,2122,Krisha Lad,38,F,A2
5236,2122,Ishani Raja,40,M,A3
5237,2122,Ganga Batta,55,F,A4
5238,2123,Ishani Sidhu,65,T,A1
5239,2123,Onkar Varkey,61,T,A2
5240,2123,Jagdish Anand,46,M,A3
5241,2123,Hemangini Natt,52,M,A4
5242,2124,Advay Koshy,46,F,A1
5243,2124,Nimrat Nazareth,26,M,A2
5244,2125,Theodore Aurora,65,M,A1
5245,2126,Lucky Bhattacharyya,34,F,A1
5246,2126,Anay Narasimhan,25,F,A2
5247,2126,Vrishti Chaudhuri,39,M,A3
5248,2126,Bakhshi Pandya,62,F,A4
5249,2127,Jackson More,28,F,A1
5250,2128,Panini Murty,65,T,A1
5251,2129,Brijesh Halder,37,M,A1
5252,2129,Banjeet Narain,28,T,A2
5253,2129,Nidra Nagi,22,F,A3
5254,2130,Leena Chada,58,F,A1
5255,2131,Riya Krishna,35,M,A1
5256,2131,Turvi Krish,28,M,A2
5257,2131,Ekalinga Kamdar,51,T,A3
5258,2131,Adya Hans,31,M,A4
5259,2132,Luke Sachdev,45,F,A1
5260,2133,Aryan Saxena,32,T,A1
5261,2133,Aadhya Shenoy,58,F,A2
5262,2134,Guneet Randhawa,46,M,A1
5263,2134,Patrick Ravel,35,T,A2
5264,2135,Jeet Misra,51,M,A1
5265,2135,Urvi Tripathi,26,M,A2
5266,2135,Nidhi Prakash,56,T,A3
5267,2135,Advaith Venkataraman,49,T,A4
5268,2136,Neelima Goyal,55,T,A1
5269,2137,Adweta Hayer,16,F,A1
5270,2138,Dalaja Nori,63,M,A1
5271,2138,Veer Aggarwal,37,M,A2
5272,2138,Aradhana Choudhury,52,T,A3
5273,2138,Neelima Mangat,32,F,A4
5274,2139,Vinaya Chauhan,19,T,A1
5275,2139,Januja Pai,48,M,A2
5276,2139,Qasim Patla,45,T,A3
5277,2139,Bahadurjit Gill,44,M,A4
5278,2140,Netra Arya,45,M,A1
5279,2140,Yasti Tailor,30,T,A2
5280,2141,Yuvraj Chakrabarti,31,F,A1
5281,2141,Vasana Yadav,24,M,A2
5282,2141,Oscar Wali,43,M,A3
5283,2142,Zaid Nadig,49,F,A1
5284,2142,Oviya Varty,47,F,A2
5285,2142,Xavier Ghosh,45,M,A3
5286,2142,Reva Ganesh,20,M,A4
5287,2143,Dhruv Mammen,43,F,A1
5288,2143,Vyanjana Barad,36,T,A2
5289,2143,Aradhana Brahmbhatt,18,T,A3
5290,2143,Aadi Kumer,50,M,A4
5291,2144,Neha Grewal,50,F,A1
5292,2144,Saumya Sandal,60,M,A2
5293,2145,Aryan Sagar,34,T,A1
5294,2145,Garima Bhatti,50,F,A2
5295,2145,Nikita Bawa,63,M,A3
5296,2145,Jagvi Som,18,F,A4
5297,2146,Yashica Magar,30,T,A1
5298,2146,Timothy Oommen,53,F,A2
5299,2146,Sneha Subramaniam,53,T,A3
5300,2146,Janaki Devi,56,T,A4
5301,2147,Ojas Gupta,52,M,A1
5302,2147,Baljiwan Manda,62,M,A2
5303,2147,Amruta Loke,60,M,A3
5304,2148,Zansi Ghose,29,M,A1
5305,2149,Nirja Joshi,23,M,A1
5306,2149,Bishakha Agate,25,M,A2
5307,2149,Yashoda Balasubramanian,45,T,A3
5308,2149,Tanish Swaminathan,16,F,A4
5309,2150,Harsh Shere,58,F,A1
5310,2151,Ojas Sinha,55,F,A1
5311,2151,Bina Golla,18,F,A2
5312,2151,Brijesh Bhatti,63,F,A3
5313,2151,Kashvi Sen,52,T,A4
5314,2152,Harita Ramesh,52,T,A1
5315,2152,Geetika Murty,49,M,A2
5316,2153,Ladli Dada,53,M,A1
5317,2153,Ekalinga Oza,60,T,A2
5318,2153,Fariq Sastry,48,F,A3
5319,2153,Nidra Bail,63,T,A4
5320,2154,Yashvi Chad,47,T,A1
5321,2154,Tanay Karpe,51,M,A2
5322,2154,Siya Narasimhan,52,M,A3
5323,2154,Gaurangi Pathak,61,F,A4
5324,2155,Omisha Bail,35,F,A1
5325,2155,Robert Keer,26,F,A2
5326,2156,Zansi Bansal,41,M,A1
5327,2156,Hritik Mann,58,T,A2
5328,2157,Abha Nath,49,T,A1
5329,2157,Lakshit Ramakrishnan,48,M,A2
5330,2157,Wridesh Sengupta,39,T,A3
5331,2158,Tanveer Boase,52,F,A1
5332,2158,Frado Hora,32,T,A2
5333,2159,Lila Sundaram,62,F,A1
5334,2160,Sanya Vyas,47,M,A1
5335,2160,Riya Borah,34,M,A2
5336,2160,Ikbal Ben,22,T,A3
5337,2161,Ladli Sur,31,T,A1
5338,2161,Saksham Dave,21,M,A2
5339,2161,Anika Rajagopal,34,M,A3
5340,2161,Tejas Sidhu,36,F,A4
5341,2162,Kevin Balan,39,M,A1
5342,2162,Gaurika Lalla,33,T,A2
5343,2162,Nihal Yohannan,30,F,A3
5344,2162,Chanchal Jani,50,M,A4
5345,2163,Yashawini Raman,25,T,A1
5346,2163,Zilmil Srinivas,26,F,A2
5347,2164,Ekiya Barad,40,F,A1
5348,2165,Charita Mahajan,35,T,A1
5349,2166,Tanmayi Nadkarni,45,M,A1
5350,2166,Yatan Dasgupta,58,F,A2
5351,2166,Lakshmi Amble,22,M,A3
5352,2167,Ishwar Bahl,40,M,A1
5353,2167,Warda Srinivasan,60,M,A2
5354,2168,Daksha Ramesh,37,M,A1
5355,2168,George Srinivas,52,T,A2
5356,2168,Ekalinga Venkataraman,22,M,A3
5357,2169,Upkaar Ramanathan,40,M,A1
5358,2170,Chavvi Bala,53,T,A1
5359,2170,Neha Ranganathan,52,F,A2
5360,2170,Aradhana Sur,49,F,A3
5361,2170,Azaan Munshi,24,M,A4
5362,2171,Bhavna Chauhan,52,T,A1
5363,2171,Ikbal Shroff,60,M,A2
5364,2171,Onkar Bava,24,M,A3
5365,2171,Faraj Goda,19,F,A4
5366,2172,Bhavya Pant,45,F,A1
5367,2172,Pooja Sahota,25,T,A2
5368,2172,Balvan Buch,28,M,A3
5369,2173,Akshay Magar,16,F,A1
5370,2173,Dhriti Shan,65,F,A2
5371,2173,Yoshita Loke,26,T,A3
5372,2173,Turvi Sampath,19,T,A4
5373,2174,Rajata Mukhopadhyay,60,T,A1
5374,2174,Anmol Chander,54,M,A2
5375,2174,Aahana Nagi,34,T,A3
5376,2174,Meera Radhakrishnan,51,M,A4
5377,2175,Dhruv Atwal,32,F,A1
5378,2175,Faras Warrior,56,F,A2
5379,2175,Dev Sur,49,M,A3
5380,2175,Pranit Reddy,36,M,A4
5381,2176,Avni Sabharwal,21,F,A1
5382,2176,Oscar Sarin,59,T,A2
5383,2176,Chasmum Ben,59,T,A3
5384,2176,Yochana Ghose,56,M,A4
5385,2177,Aarnav Taneja,34,F,A1
5386,2177,Yuvraj Toor,36,T,A2
5387,2177,Suhani Nath,40,F,A3
5388,2178,Kavya Wason,38,F,A1
5389,2178,Abha Ben,30,T,A2
5390,2179,Ikshita Sha,48,F,A1
5391,2179,Ria Dugal,34,T,A2
5392,2179,William Agarwal,38,M,A3
5393,2180,Anay Bhat,32,M,A1
5394,2180,Shivansh Chokshi,47,T,A2
5395,2180,Champak Sodhi,17,M,A3
5396,2180,Xavier Aurora,60,T,A4
5397,2181,Quincy Dutt,19,T,A1
5398,2182,Widisha Prabhu,26,T,A1
5399,2183,Indali Buch,43,F,A1
5400,2184,Sanaya Vasa,63,F,A1
5401,2184,Advik Bobal,52,M,A2
5402,2184,Janaki Virk,37,F,A3
5403,2184,Netra Badami,55,F,A4
5404,2185,Naksh Sem,41,F,A1
5405,2186,Bakhshi Sunder,22,T,A1
5406,2186,Jonathan Bath,63,M,A2
5407,2187,Oliver Barman,17,T,A1
5408,2187,Chanchal Kumer,17,F,A2
5409,2188,Pratyush Bhardwaj,16,F,A1
5410,2189,Manya Sagar,44,M,A1
5411,2189,Anvi Sule,64,M,A2
5412,2189,Ayush Suresh,28,F,A3
5413,2189,Hiral Goswami,40,T,A4
5414,2190,Fariq Vohra,21,T,A1
5415,2190,Pranav Chana,42,T,A2
5416,2190,Nathan Batra,38,F,A3
5417,2190,Waida Merchant,20,M,A4
5418,2191,Vritti Dey,60,T,A1
5419,2191,Kalpit Mital,52,M,A2
5420,2191,Zayyan Mand,28,M,A3
5421,2192,Qushi Sha,29,T,A1
5422,2193,Jacob Baral,58,T,A1
5423,2194,Chakradhar Cheema,22,F,A1
5424,2194,Tanmayi Bhat,58,M,A2
5425,2194,Mahika Madan,34,F,A3
5426,2194,Priya Narayanan,57,F,A4
5427,2195,Ansh Kalla,54,F,A1
5428,2195,Barkha Zacharia,57,F,A2
5429,2195,Divya Gaba,32,F,A3
5430,2195,Caleb Yogi,27,F,A4
5431,2196,Aryan Lalla,64,T,A1
5432,2196,Atharv Sheth,43,T,A2
5433,2197,Bina Chakraborty,54,M,A1
5434,2197,Shivansh Wadhwa,53,F,A2
5435,2197,Harita Buch,46,M,A3
5436,2198,Yashica Gade,54,T,A1
5437,2199,Chatresh Kuruvilla,26,F,A1
5438,2199,Yutika Sanghvi,48,F,A2
5439,2199,Hredhaan Ganesan,29,T,A3
5440,2199,Yadavi Bail,62,T,A4
5441,2200,Veda Date,16,T,A1
5442,2201,Viraj Pillai,36,T,A1
5443,2201,Frederick Nath,61,T,A2
5444,2201,Omya Sule,47,T,A3
5445,2202,Rachita Mahal,63,M,A1
5446,2202,Damyanti Chaudhuri,36,F,A2
5447,2203,Eesha Sharaf,54,T,A1
5448,2203,Ladli Yohannan,63,F,A2
5449,2203,Vasatika Kant,35,F,A3
5450,2204,Ira Bhatia,23,M,A1
5451,2205,Udant Bhardwaj,33,M,A1
5452,2206,Gavin Ramaswamy,26,M,A1
5453,2206,Anay Saraf,20,M,A2
5454,2207,Adya Iyengar,57,T,A1
5455,2207,Samarth Reddy,18,M,A2
5456,2208,Panini Sheth,33,M,A1
5457,2208,Maanas Chandra,24,F,A2
5458,2208,Bina Khurana,42,M,A3
5459,2208,Niharika Mangal,17,F,A4
5460,2209,Arjun Gera,54,F,A1
5461,2210,Vansha Jha,60,M,A1
5462,2210,Harsh Grover,28,T,A2
5463,2210,Gopal De,51,M,A3
5464,2210,Maya Rau,25,F,A4
5465,2211,Chavvi Rattan,33,T,A1
5466,2211,Zaitra Narula,45,F,A2
5467,2211,Nitara Gokhale,49,T,A3
5468,2211,Vansha Prabhakar,55,F,A4
5469,2212,Arin Pandya,57,M,A1
5470,2212,Abha Natarajan,26,T,A2
5471,2213,Upkaar Krish,29,F,A1
5472,2214,Patrick Datta,52,T,A1
5473,2214,Janani Date,32,F,A2
5474,2214,Jagat Ram,39,F,A3
5475,2215,Panini Pandit,37,T,A1
5476,2215,Nikita Chhabra,34,F,A2
5477,2215,Hardik Chauhan,52,T,A3
5478,2216,Dhriti Venkatesh,48,M,A1
5479,2216,Baghyawati Anand,28,T,A2
5480,2217,Robert Agrawal,53,T,A1
5481,2217,Shravya Manda,59,T,A2
5482,2217,Vinaya Krishnan,53,F,A3
5483,2218,Neha Lal,34,M,A1
5484,2218,Lopa Nanda,55,T,A2
5485,2219,Akshay Ganguly,55,F,A1
5486,2219,Lekha Nagarajan,38,T,A2
5487,2219,Pranav Sachdev,57,T,A3
5488,2220,Aadi Natarajan,17,F,A1
5489,2220,Tanmayi Yogi,41,M,A2
5490,2220,Mekhala Viswanathan,61,M,A3
5491,2221,Samarth Sibal,60,T,A1
5492,2221,Mahika Ganesh,54,F,A2
5493,2222,Suhani Desai,65,T,A1
5494,2222,Darika Dubey,53,M,A2
5495,2222,Tarak Natarajan,56,M,A3
5496,2223,Gaurang Bera,45,M,A1
5497,2223,Victor Khatri,26,F,A2
5498,2223,Janani Vohra,59,T,A3
5499,2224,Finn Bala,48,T,A1
5500,2224,Ekani Sura,56,T,A2
5501,2225,Priya Sidhu,51,M,A1
5502,2226,Urvashi Edwin,29,M,A1
5503,2227,Osha Gour,25,M,A1
5504,2227,Hiral Zachariah,46,T,A2
5505,2228,Ekanta Sekhon,65,M,A1
5506,2228,Manan Dave,30,M,A2
5507,2228,Hemangini Prakash,57,T,A3
5508,2229,Michael Mahajan,65,T,A1
5509,2229,Chaaya Mangal,45,M,A2
5510,2230,Darika Luthra,65,M,A1
5511,2231,Varenya Sundaram,57,F,A1
5512,2231,Tara Raju,18,T,A2
5513,2231,Chatura Wali,25,T,A3
5514,2232,Faris Tiwari,17,T,A1
5515,2232,Aishani Desai,63,T,A2
5516,2232,Mitesh Dugar,40,T,A3
5517,2232,Alexander Mutti,24,M,A4
5518,2233,Ishanvi Palan,35,M,A1
5519,2233,Garima Upadhyay,44,M,A2
5520,2233,Ekiya Rajagopalan,57,F,A3
5521,2234,Yashvi Solanki,49,F,A1
5522,2234,Udarsh Bath,48,M,A2
5523,2234,Chatura Gill,32,T,A3
5524,2235,Alka Trivedi,62,T,A1
5525,2235,Bhavna Shah,30,M,A2
5526,2235,Bhavini Dani,48,M,A3
5527,2235,Kamya Banik,42,F,A4
5528,2236,Hemang Ramesh,46,T,A1
5529,2236,Rudra Warrior,19,T,A2
5530,2237,Triveni Shere,37,M,A1
5531,2238,Triveni Menon,37,M,A1
5532,2239,Aarna Kapoor,26,M,A1
5533,2239,Anika Singhal,36,T,A2
5534,2240,Mahika Chana,25,F,A1
5535,2240,Tripti Rajagopal,36,T,A2
5536,2240,Diya Viswanathan,45,T,A3
5537,2241,Ekalinga Sekhon,27,M,A1
5538,2242,Anmol Prabhakar,24,M,A1
5539,2242,Vrishti Mistry,21,T,A2
5540,2243,Girindra Garde,35,F,A1
5541,2244,Zinal Khurana,50,F,A1
5542,2244,Damyanti Chopra,20,T,A2
5543,2244,Warinder Lal,30,M,A3
5544,2245,Harsh Rajagopal,32,T,A1
5545,2246,Jeremiah Varkey,39,T,A1
5546,2246,Sai Desai,61,F,A2
5547,2246,Christopher Dube,20,T,A3
5548,2247,Vedhika Rama,65,M,A1
5549,2247,Chaman Mahal,18,M,A2
5550,2247,Sarthak Mammen,54,M,A3
5551,2248,Netra Gola,28,F,A1
5552,2248,Baljiwan Garg,55,T,A2
5553,2248,Matthew Chandra,42,F,A3
5554,2249,Yashica Pau,31,F,A1
5555,2249,Adya Muni,33,M,A2
5556,2249,Omkaar Rama,32,T,A3
5557,2250,Ekaja Parsa,56,T,A1
5558,2250,Chakradev Ravi,56,T,A2
5559,2251,Charan Toor,52,F,A1
5560,2251,Balendra Prasad,55,F,A2
5561,2251,Umang Kanda,63,T,A3
5562,2252,Dev Vora,62,F,A1
5563,2252,Abha Kadakia,36,F,A2
5564,2253,Samaksh Vohra,26,T,A1
5565,2254,Harshil Sha,59,M,A1
5566,2255,Ekantika Warrior,58,M,A1
5567,2255,Watika Deol,16,T,A2
5568,2256,Henry Barad,47,F,A1
5569,2256,Upasna Chaudhuri,36,M,A2
5570,2257,Mitali Chopra,57,F,A1
5571,2257,Maanas Kalita,16,F,A2
5572,2257,Nisha Dara,31,F,A3
5573,2258,Madhav Lal,19,F,A1
5574,2258,Onkar Mani,40,F,A2
5575,2258,Anthony Dixit,47,M,A3
5576,2259,Kai Sem,34,T,A1
5577,2259,Naveen Lanka,43,F,A2
5578,2260,Victor Edwin,45,T,A1
5579,2261,Daksh Yogi,62,T,A1
5580,2261,Tara Patil,59,M,A2
5581,2261,Keya Biswas,28,T,A3
5582,2261,Aarush Gulati,51,M,A4
5583,2262,Gaurika Sampath,39,T,A1
5584,2262,Nihal Sama,58,F,A2
5585,2263,Suhani Hayre,28,M,A1
5586,2264,Ojas Dutta,58,F,A1
5587,2265,Ronith Tella,42,F,A1
5588,2265,Patrick Gade,54,M,A2
5589,2265,Geetika Bala,23,F,A3
5590,2265,Maanav Sundaram,49,T,A4
5591,2266,Zayan Pingle,26,F,A1
5592,2266,Saanvi Bal,58,F,A2
5593,2266,Utkarsh Pall,23,T,A3
5594,2267,Arya Chowdhury,29,F,A1
5595,2267,Ronith Oommen,27,M,A2
5596,2267,Sarthak Vig,60,M,A3
5597,2267,Yashoda Patla,38,M,A4
5598,2268,Vasatika Pathak,60,M,A1
5599,2268,Daniel Trivedi,32,T,A2
5600,2268,Hemani Sood,18,T,A3
5601,2268,Umang Gopal,18,M,A4
5602,2269,Rajata Mitter,51,T,A1
5603,2269,Meera Shan,37,M,A2
5604,2269,Unnati Palla,19,M,A3
5605,2270,Liam Shanker,55,F,A1
5606,2270,Orinder Natarajan,50,F,A2
5607,2270,Jyoti Lalla,56,T,A3
5608,2271,Chavvi Bora,64,M,A1
5609,2272,Alka Bawa,46,F,A1
5610,2272,Neelima Mittal,64,F,A2
5611,2272,Balendra Kothari,36,M,A3
5612,2273,Nachiket Bajwa,49,T,A1
5613,2273,Ekaja Madan,63,F,A2
5614,2273,Logan Reddy,52,T,A3
5615,2273,Chakrika Kannan,62,M,A4
5616,2274,Nisha Walla,40,M,A1
5617,2274,Ayushman Patla,45,T,A2
5618,2274,Faras Grewal,51,T,A3
5619,2275,Bina Manda,53,T,A1
5620,2275,Yashawini Sachdev,48,T,A2
5621,2276,Bimala Viswanathan,65,M,A1
5622,2276,Kamya Ramanathan,43,M,A2
5623,2276,Kabir Cheema,39,M,A3
5624,2276,Yashodhara Subramaniam,65,M,A4
5625,2277,Rehaan Bora,36,M,A1
5626,2277,Oscar Balasubramanian,21,M,A2
5627,2278,Frederick De,38,T,A1
5628,2279,Janya Vig,52,F,A1
5629,2279,Edhitha Barad,62,T,A2
5630,2280,Amara D’Alia,41,M,A1
5631,2281,Indali Dara,29,M,A1
5632,2281,Karan Shankar,49,T,A2
5633,2281,Charan Dugal,42,F,A3
5634,2282,Jason Dalal,27,M,A1
5635,2282,Radha Ghosh,46,T,A2
5636,2282,Gopal Kunda,65,T,A3
5637,2282,Kala Hans,42,M,A4
5638,2283,Rachit Nadkarni,33,F,A1
5639,2283,Tanveer Dara,52,F,A2
5640,2283,Watika Iyengar,63,M,A3
5641,2284,Anmol Varughese,48,M,A1
5642,2284,Bakhshi Sangha,25,M,A2
5643,2284,Eesha Karpe,49,M,A3
5644,2285,Nitesh Seth,46,F,A1
5645,2285,Krishna Goyal,16,F,A2
5646,2285,Damini Bose,35,F,A3
5647,2285,Aarini Doctor,33,T,A4
5648,2286,Oscar Srinivas,50,T,A1
5649,2286,Rachita Ramesh,29,F,A2
5650,2286,Arya Bhatnagar,51,F,A3
5651,2287,Urishilla Tank,65,M,A1
5652,2288,Wakeeta Aggarwal,37,F,A1
5653,2288,Zayan Bhagat,22,M,A2
5654,2288,Jagrati Chacko,16,M,A3
5655,2288,Rayaan Chatterjee,22,F,A4
5656,2289,Nihal Babu,39,M,A1
5657,2289,Sanaya Dora,35,F,A2
5658,2289,Jackson Dey,62,T,A3
5659,2290,Vansha Raman,32,M,A1
5660,2290,Tarak Sabharwal,55,M,A2
5661,2290,Omisha Karnik,59,F,A3
5662,2290,Tejas Pal,22,F,A4
5663,2291,Harini Pandya,37,F,A1
5664,2291,Avi Bansal,46,T,A2
5665,2291,Chanakya Bera,49,F,A3
5666,2292,Indali Prabhakar,52,F,A1
5667,2293,Advika Kakar,49,M,A1
5668,2293,Dominic Ramanathan,59,T,A2
5669,2294,George Dalal,59,F,A1
5670,2295,Arya Chander,32,T,A1
5671,2295,Vanya Saran,65,F,A2
5672,2295,Gaurangi Prabhu,63,T,A3
5673,2295,Banjeet Mallick,35,M,A4
5674,2296,Meera Banik,33,M,A1
5675,2296,Daniel Kala,38,M,A2
5676,2297,Yuvraj Kuruvilla,56,T,A1
5677,2297,Bhavani Jaggi,40,F,A2
5678,2297,Watika Agarwal,22,F,A3
5679,2297,Onkar Bhandari,52,M,A4
5680,2298,Aarnav D’Alia,55,M,A1
5681,2299,Aarini Chatterjee,32,F,A1
5682,2299,Aditya Bakshi,65,F,A2
5683,2299,Idika Suresh,22,T,A3
5684,2300,Amaira Bava,20,T,A1
5685,2301,Sachi Deo,51,T,A1
5686,2301,Henry Bahl,16,F,A2
5687,2301,Amruta Barad,43,M,A3
5688,2301,Lakshmi Bahl,16,F,A4
5689,2302,Shivani Maharaj,60,T,A1
5690,2302,Ranveer Bhatnagar,40,T,A2
5691,2302,Patrick Kaul,51,M,A3
5692,2303,David Vala,34,T,A1
5693,2304,Manya Kalita,45,F,A1
5694,2304,Tejas Kumer,43,F,A2
5695,2304,Amol Arya,26,T,A3
5696,2304,Bhavika Gandhi,64,M,A4
5697,2305,Neha Agrawal,47,T,A1
5698,2306,Dayita Dayal,27,F,A1
5699,2306,Oviya Patel,16,M,A2
5700,2306,Tejas Narayan,49,M,A3
5701,2306,Benjamin Mital,39,F,A4
5702,2307,Arin Virk,45,M,A1
5703,2307,Aarini Menon,64,T,A2
5704,2307,Caleb Devan,55,M,A3
5705,2308,Saksham Bains,58,T,A1
5706,2308,Anay Shukla,32,M,A2
5707,2308,Brijesh Manne,37,M,A3
5708,2308,Zaitra Sandal,57,F,A4
5709,2309,Praneel Wable,22,F,A1
5710,2309,Zayan Palan,37,F,A2
5711,2310,Maanav Palla,20,T,A1
5712,2310,Tanvi Morar,57,M,A2
5713,2311,Sanya Sekhon,48,T,A1
5714,2311,Gaurika Acharya,56,F,A2
5715,2311,Ekani Gupta,27,M,A3
5716,2311,Veda Rajagopal,35,M,A4
5717,2312,Ekansh Luthra,35,T,A1
5718,2312,Zehaan Sodhi,49,T,A2
5719,2312,Frado Parekh,19,T,A3
5720,2313,Charvi Oommen,21,F,A1
5721,2313,Sachi Wable,63,M,A2
5722,2313,Shivani Pathak,50,M,A3
5723,2314,Mahika Balan,17,T,A1
5724,2314,Waida Kumer,50,T,A2
5725,2314,Krishna Mohan,16,F,A3
5726,2314,Darpan Bhat,29,F,A4
5727,2315,Lavanya Narasimhan,65,F,A1
5728,2316,Reyansh Seth,20,F,A1
5729,2316,Abeer Datta,45,T,A2
5730,2316,Omya Parekh,64,T,A3
5731,2316,Hema Golla,53,T,A4
5732,2317,Aarna Atwal,55,M,A1
5733,2318,Chanchal Gara,46,T,A1
5734,2318,Chandran Lala,47,T,A2
5735,2318,Bahadurjit Narula,27,F,A3
5736,2318,Abha Talwar,48,F,A4
5737,2319,Lekha Gala,34,M,A1
5738,2319,David Mahajan,47,T,A2
5739,2319,Yasti Zachariah,27,T,A3
5740,2320,Anika Lata,27,M,A1
5741,2320,Aryan Deep,36,T,A2
5742,2321,Darsh Dugal,45,F,A1
5743,2321,Abhimanyu Mitra,37,F,A2
5744,2321,Yutika Vohra,25,M,A3
5745,2321,Chakradhar Zacharia,60,T,A4
5746,2322,Hemang Choudhury,27,M,A1
5747,2323,Harita Ray,57,F,A1
5748,2323,Netra Dugar,59,F,A2
5749,2324,Warhi Hora,59,T,A1
5750,2324,Bishakha Bahri,22,T,A2
5751,2324,Faqid Dalal,32,M,A3
5752,2325,Faqid Thakkar,29,F,A1
5753,2325,Pranit Muni,57,F,A2
5754,2326,George Loyal,40,T,A1
5755,2327,Orinder Handa,21,M,A1
5756,2327,Matthew Thakkar,48,T,A2
5757,2328,Vanya Char,51,F,A1
5758,2329,George Agarwal,34,M,A1
5759,2330,Mahika Mishra,48,F,A1
5760,2330,Yagnesh Hegde,51,T,A2
5761,2330,Mugdha Minhas,23,F,A3
5762,2331,Geetika Mital,62,M,A1
5763,2331,Shravya Narang,52,F,A2
5764,2331,Brinda Parmar,48,F,A3
5765,2331,Urishilla Basak,19,F,A4
5766,2332,Tarak Narayan,26,F,A1
5767,2332,Kamala Rama,51,F,A2
5768,2332,Meghana Sinha,18,T,A3
5769,2332,Rajeshri Tella,34,M,A4
5770,2333,Kevin Sachar,57,F,A1
5771,2334,Parth Lata,47,F,A1
5772,2334,Adweta Kala,60,M,A2
5773,2334,Chandresh Sankar,35,M,A3
5774,2334,Omkaar Bhasin,38,T,A4
5775,2335,Andrew Kale,31,F,A1
5776,2336,Radhika Bhat,46,F,A1
5777,2336,Yochana Banerjee,28,M,A2
5778,2336,Balvan Mukherjee,22,M,A3
5779,2337,Fariq Iyer,50,M,A1
5780,2337,Anusha Kakar,37,T,A2
5781,2338,Gaurangi De,53,M,A1
5782,2338,Urvi Chokshi,62,M,A2
5783,2338,Champak Bhavsar,48,M,A3
5784,2338,Ladli Master,21,T,A4
5785,2339,Chasmum Jani,47,F,A1
5786,2339,Aryan Bala,54,F,A2
5787,2339,Osha Venkatesh,58,F,A3
5788,2340,Amara Tailor,43,T,A1
5789,2341,Thomas Gola,39,T,A1
5790,2341,Rachana Gera,38,M,A2
5791,2341,Anay Mital,22,F,A3
5792,2341,Caleb Lanka,41,M,A4
5793,2342,Bimala Chaudhry,46,T,A1
5794,2342,Samarth Pingle,38,F,A2
5795,2342,Guneet Agarwal,19,T,A3
5796,2343,Avi Parsa,35,F,A1
5797,2343,Elijah Tripathi,39,M,A2
5798,2343,Yamini Radhakrishnan,58,T,A3
5799,2344,Eta Zacharia,53,T,A1
5800,2344,Veda Varkey,33,M,A2
5801,2345,Urishilla Jhaveri,35,F,A1
5802,2346,Samesh Bhatia,40,M,A1
5803,2346,Zayyan Venkatesh,32,M,A2
5804,2346,Faras Gulati,64,M,A3
5805,2347,Warda Bandi,56,F,A1
5806,2347,Baljiwan Majumdar,19,T,A2
5807,2348,Yuvraj Rajan,50,F,A1
5808,2348,Ekantika Patel,40,F,A2
5809,2348,Farhan Magar,63,F,A3
5810,2348,Harrison Dugal,25,F,A4
5811,2349,Hritik Taneja,28,T,A1
5812,2349,Imaran Choudhry,65,F,A2
5813,2350,Nisha Bose,49,F,A1
5814,2350,Jatin Rama,30,T,A2
5815,2351,Devansh Gala,17,F,A1
5816,2351,Theodore Bajaj,26,T,A2
5817,2351,Oni Sha,37,T,A3
5818,2352,Timothy Handa,64,M,A1
5819,2352,Yashasvi Mohanty,42,M,A2
5820,2353,Parth Tiwari,21,M,A1
5821,2353,Vidhi Lalla,21,M,A2
5822,2353,Dipta Iyengar,61,T,A3
5823,2354,Rajata Kashyap,18,F,A1
5824,2354,Michael Narula,43,M,A2
5825,2354,Vyanjana Gola,62,T,A3
5826,2354,Atharv Thaker,49,M,A4
5827,2355,Harinakshi Nayar,40,F,A1
5828,2355,Devika Parikh,28,T,A2
5829,2355,Oliver Samra,41,T,A3
5830,2355,Yatin Nadkarni,46,F,A4
5831,2356,Lohit Lalla,33,F,A1
5832,2356,Onveer Warrior,40,T,A2
5833,2356,Neel Bajaj,31,T,A3
5834,2357,Bachittar Muni,44,M,A1
5835,2357,Vritti Varty,62,F,A2
5836,2357,Yash Chhabra,47,F,A3
5837,2358,Avni Bhattacharyya,60,T,A1
5838,2358,Amol Aurora,37,F,A2
5839,2358,Isaiah Kade,21,F,A3
5840,2359,Vanya Thakkar,25,F,A1
5841,2360,Mugdha Solanki,53,F,A1
5842,2360,Qarin Panchal,31,T,A2
5843,2361,Oliver Sekhon,24,F,A1
5844,2361,Ranveer Kalla,45,T,A2
5845,2361,Yashawini Bal,60,F,A3
5846,2362,Kabir Bath,58,M,A1
5847,2362,Dominic Dhawan,18,F,A2
5848,2362,Abhiram Manda,18,F,A3
5849,2363,Simon Choudhury,64,F,A1
5850,2363,Falan Sankar,29,M,A2
5851,2364,Ganga Bir,44,T,A1
5852,2364,Jacob Pingle,25,F,A2
5853,2364,Sudiksha Dave,19,T,A3
5854,2365,Zaitra Rattan,61,F,A1
5855,2365,Qabil Ratti,25,T,A2
5856,2366,Yashodhara Yogi,55,T,A1
5857,2366,Krisha Jhaveri,20,M,A2
5858,2366,Ekapad Mand,34,T,A3
5859,2367,Tripti Bhatti,23,F,A1
5860,2368,Abha Upadhyay,37,M,A1
5861,2368,Onkar Majumdar,64,T,A2
5862,2368,Vihaan Sathe,40,T,A3
5863,2369,Niharika Bir,63,F,A1
5864,2369,Vrishti Sastry,38,T,A2
5865,2369,Chakrika Sehgal,54,T,A3
5866,2369,Bhavya Sahni,64,M,A4
5867,2370,Eta Mane,45,F,A1
5868,2370,Tanay Nayak,33,M,A2
5869,2370,Indira Oza,37,F,A3
5870,2370,Tanmayi Balan,38,M,A4
5871,2371,Rohan Chawla,44,T,A1
5872,2371,Hemang Dora,50,T,A2
5873,2371,Orinder Panchal,40,T,A3
5874,2372,Aarna Ben,49,M,A1
5875,2372,Jasmit Oommen,44,T,A2
5876,2373,Raagini Nagi,30,F,A1
5877,2373,Netra Morar,37,T,A2
5878,2373,Anamika Kalita,39,F,A3
5879,2373,Darika Dubey,65,F,A4
5880,2374,Brinda Ravi,22,F,A1
5881,2374,Tanvi Edwin,24,M,A2
5882,2375,Oni Batta,24,M,A1
5883,2375,Siya Kata,32,T,A2
5884,2375,Onkar Prakash,32,F,A3
5885,2375,Christopher Khare,62,F,A4
5886,2376,Lipika Comar,46,M,A1
5887,2377,Mekhala Krishna,51,T,A1
5888,2377,Ekbal Chauhan,23,F,A2
5889,2378,Nisha Dhawan,34,M,A1
5890,2379,Praneel Reddy,55,T,A1
5891,2379,Geetika Virk,53,T,A2
5892,2379,Irya Kaur,47,F,A3
5893,2379,Anika Kakar,49,T,A4
5894,2380,Teerth Brar,63,M,A1
5895,2381,Zehaan Natarajan,65,M,A1
5896,2381,Mugdha Sur,39,M,A2
5897,2381,Nitesh Zachariah,44,T,A3
5898,2381,Bachittar Butala,43,M,A4
5899,2382,Orinder Dora,51,M,A1
5900,2382,Tristan Patla,29,M,A2
5901,2382,Manbir Kade,46,M,A3
5902,2383,Zashil Rout,32,M,A1
5903,2383,Arya Choudhary,62,M,A2
5904,2383,Omya Cheema,41,M,A3
5905,2383,Jeevika Nair,22,F,A4
5906,2384,Bakhshi Muni,31,F,A1
5907,2384,Lajita Bora,46,F,A2
5908,2384,Manthan Sane,19,T,A3
5909,2384,Adya Memon,56,M,A4
5910,2385,Samesh Nagy,37,T,A1
5911,2385,Om Khanna,63,M,A2
5912,2386,Aditya Menon,21,F,A1
5913,2386,Gabriel Chada,65,T,A2
5914,2386,Nidhi Nagarajan,43,T,A3
5915,2387,Pranit Palan,45,T,A1
5916,2387,Suhani Gokhale,46,M,A2
5917,2388,Ekavir Savant,24,M,A1
5918,2388,Vanya Ramakrishnan,20,T,A2
5919,2388,Vrishti Ravel,23,M,A3
5920,2388,Vedhika Edwin,36,T,A4
5921,2389,Robert Sodhi,39,M,A1
5922,2389,Manya Chowdhury,65,F,A2
5923,2389,Qabil Ramachandran,60,T,A3
5924,2389,Nidra Raja,26,F,A4
5925,2390,Quincy Dhar,22,M,A1
5926,2391,Upma Ahluwalia,37,M,A1
5927,2391,Balendra Keer,54,T,A2
5928,2391,Sneha Chahal,17,M,A3
5929,2391,Lucky Choudhury,46,T,A4
5930,2392,Yahvi Mallick,55,F,A1
5931,2392,Abha Dugar,56,F,A2
5932,2392,Omaja Dass,32,M,A3
5933,2392,Yatin Rana,17,M,A4
5934,2393,Yashawini Balasubramanian,46,T,A1
5935,2393,Adya Bahl,20,T,A2
5936,2393,Vihaan Ramesh,62,F,A3
5937,2393,Raksha Din,29,T,A4
5938,2394,Veda Gola,56,M,A1
5939,2394,Manbir Chaudry,46,T,A2
5940,2394,Ijaya Khanna,20,F,A3
5941,2395,Saanvi Kulkarni,24,T,A1
5942,2395,Gopal Chada,30,M,A2
5943,2395,Hamsini Biswas,43,F,A3
5944,2396,Pooja Agrawal,46,T,A1
5945,2396,Ucchal Naik,23,F,A2
5946,2397,Yauvani Chada,27,F,A1
5947,2397,Krish Aggarwal,48,F,A2
5948,2397,Mohammed Hans,17,M,A3
5949,2397,Gagan Yogi,50,F,A4
5950,2398,Dev Radhakrishnan,42,T,A1
5951,2398,Osha Patel,63,F,A2
5952,2398,Faqid Raghavan,20,F,A3
5953,2399,Kritika Maharaj,21,F,A1
5954,2399,Idika Chawla,56,M,A2
5955,2399,Wahab Seshadri,45,F,A3
5956,2400,Rudra Dar,49,M,A1
5957,2400,Upadhriti Singh,44,M,A2
5958,2401,Charvi Deep,54,M,A1
5959,2401,Varsha Handa,54,F,A2
5960,2401,Ayaan Kaul,16,T,A3
5961,2402,Yashawini Jha,49,F,A1
5962,2402,Om Som,45,M,A2
5963,2403,Teerth Nadkarni,18,M,A1
5964,2403,Saksham Menon,16,F,A2
5965,2403,Dominic Sarraf,45,T,A3
5966,2404,Abha Kakar,33,F,A1
5967,2404,Yashawini Ganesan,37,M,A2
5968,2405,Oscar Vala,56,T,A1
5969,2405,Hiral Sharma,28,T,A2
5970,2405,Omisha Chaudhry,58,F,A3
5971,2405,Prisha Goda,37,F,A4
5972,2406,Indrajit Kapoor,57,T,A1
5973,2406,Unnati Mannan,33,F,A2
5974,2407,Anjali Khosla,58,F,A1
5975,2407,Sneha Bahri,16,M,A2
5976,2407,Warjas Raja,51,T,A3
5977,2407,Farhan Datta,62,M,A4
5978,2408,Aadi Rama,36,T,A1
5979,2408,Logan Sandhu,34,T,A2
5980,2408,Lohit Ben,63,T,A3
5981,2409,Krishna Sawhney,34,T,A1
5982,2409,Dipta Rajan,27,F,A2
5983,2410,Hemangini Koshy,42,T,A1
5984,2410,Sneha Natt,56,T,A2
5985,2411,Jeremiah Radhakrishnan,20,T,A1
5986,2412,Kai Parekh,37,T,A1
5987,2413,Ranveer D’Alia,64,F,A1
5988,2413,Manthan Sane,30,T,A2
5989,2413,Yauvani Kalita,20,F,A3
5990,2413,Samaksh Parmer,51,M,A4
5991,2414,Yauvani Ramanathan,63,F,A1
5992,2415,Patrick Thakkar,56,M,A1
5993,2415,Gunbir Bose,46,F,A2
5994,2415,Jack Sarkar,64,F,A3
5995,2416,Gayathri Thakkar,19,F,A1
5996,2416,Adya Yohannan,18,F,A2
5997,2417,Theodore Chada,22,M,A1
5998,2417,Jagat Lall,42,M,A2
5999,2418,Turvi Ramachandran,57,M,A1
6000,2418,Deepa Dhar,22,M,A2
6001,2418,Warda Lal,18,T,A3
6002,2419,Zayan Shenoy,23,F,A1
6003,2420,Ekani Bose,47,T,A1
6004,2421,Vinaya Gara,45,M,A1
6005,2421,Avni Reddy,41,M,A2
6006,2421,Janani Barman,23,F,A3
6007,2422,Shivansh Balakrishnan,18,M,A1
6008,2422,Praneel Parekh,35,T,A2
6009,2422,Devansh Chander,26,F,A3
6010,2422,Ridhi Kunda,52,M,A4
6011,2423,Hemani Srinivasan,40,M,A1
6012,2423,Dhriti Puri,42,F,A2
6013,2423,Bhanumati Deshpande,58,M,A3
6014,2423,Vincent Hayre,17,T,A4
6015,2424,Gaurav Joshi,52,T,A1
6016,2424,Jacob Sami,37,F,A2
6017,2424,Nidra Kumar,45,T,A3
6018,2425,Vedhika Sule,58,T,A1
6019,2426,Max Chaudhry,56,M,A1
6020,2426,George Rajagopal,39,F,A2
6021,2426,Radha Guha,29,F,A3
6022,2427,Mitesh Keer,48,T,A1
6023,2427,Mohini Srinivasan,56,M,A2
6024,2428,Ikshita Manne,39,T,A1
6025,2428,Qasim Virk,26,F,A2
6026,2428,Yuvraj Ramanathan,57,T,A3
6027,2429,Ekavir Soman,49,T,A1
6028,2429,Faqid Lal,62,M,A2
6029,2429,Advaith Basu,55,T,A3
6030,2430,Vasana Kara,25,F,A1
6031,2430,Tanay Venkatesh,57,T,A2
6032,2430,Sai Rajagopalan,36,M,A3
6033,2430,Tarak Merchant,48,T,A4
6034,2431,Ethan Agarwal,37,M,A1
6035,2432,Henry Shukla,32,M,A1
6036,2432,Ranbir Desai,20,F,A2
6037,2433,Falan Bal,22,M,A1
6038,2433,Patrick Ahuja,35,F,A2
6039,2433,Hitesh Ben,45,F,A3
6040,2434,Nachiket Sankar,26,T,A1
6041,2434,Ubika Bhalla,30,M,A2
6042,2434,Wakeeta Sandhu,32,T,A3
6043,2434,Sarthak Bajaj,51,T,A4
6044,2435,Jacob Gala,65,F,A1
6045,2435,Bhavika Sahni,40,F,A2
6046,2435,Hardik Johal,46,M,A3
6047,2435,Chavvi Patla,57,M,A4
6048,2436,Bachittar Modi,49,F,A1
6049,2436,Falan Misra,35,T,A2
6050,2436,Janya Joshi,64,F,A3
6051,2436,Prisha Hayre,32,M,A4
6052,2437,Ekiya Taneja,38,T,A1
6053,2438,Hardik Prasad,29,T,A1
6054,2439,Panini Lala,62,M,A1
6055,2439,Xalak Parikh,60,M,A2
6056,2440,Chakrika Chaudry,29,M,A1
6057,2441,Udarsh Arora,32,M,A1
6058,2441,Baghyawati Lanka,33,M,A2
6059,2441,Krish Tailor,23,M,A3
6060,2442,Adya Sinha,43,T,A1
6061,2443,Ekalinga Sant,57,F,A1
6062,2443,Udant Pall,34,T,A2
6063,2444,Abhimanyu Basu,34,T,A1
6064,2444,Gaurav Taneja,51,T,A2
6065,2445,Pallavi Khare,47,M,A1
6066,2446,Baghyawati Nagy,54,M,A1
6067,2446,Harsh Sethi,27,T,A2
6068,2447,Amol Mistry,42,T,A1
6069,2448,Owen Nair,46,F,A1
6070,2448,Bakhshi Prakash,18,F,A2
6071,2448,Jagdish Natt,44,T,A3
6072,2449,Aarnav Savant,53,F,A1
6073,2449,Ayushman Ratti,47,T,A2
6074,2449,Pallavi Majumdar,24,T,A3
6075,2450,Vedhika Sheth,27,M,A1
6076,2450,Nimrat Deep,34,T,A2
6077,2450,Ojasvi Choudhry,37,M,A3
6078,2451,Widisha Samra,61,M,A1
6079,2451,Anirudh Apte,43,T,A2
6080,2451,Umang Pandya,60,F,A3
6081,2451,Laksh Bala,32,F,A4
6082,2452,Advika Lal,24,M,A1
6083,2452,Hiral Sampath,54,F,A2
6084,2452,Samarth Sood,42,M,A3
6085,2452,Yauvani Luthra,38,M,A4
6086,2453,Zaitra Chakrabarti,25,T,A1
6087,2453,Jagdish Kashyap,27,T,A2
6088,2454,Amaira Keer,59,M,A1
6089,2454,Anya Bumb,32,T,A2
6090,2454,Advik Shroff,63,T,A3
6091,2454,Maanav Suri,57,T,A4
6092,2455,Yauvani Biswas,51,F,A1
6093,2455,Orinder Gera,20,F,A2
6094,2455,Yashica Dhar,57,F,A3
6095,2455,Chatura Mody,36,M,A4
6096,2456,Yutika Chaudhari,57,F,A1
6097,2456,Aadhya Pandit,65,T,A2
6098,2456,Isaac Banerjee,33,M,A3
6099,2456,Lohit Oak,16,F,A4
6100,2457,Gunbir Tara,35,F,A1
6101,2457,Jeet Zacharia,24,F,A2
6102,2458,Daniel Om,29,T,A1
6103,2458,Onkar Natarajan,26,M,A2
6104,2459,Nicholas Batta,43,F,A1
6105,2459,Gaurika Dugal,52,M,A2
6106,2459,Omya Pillai,39,M,A3
6107,2459,Netra Gill,31,T,A4
6108,2460,Nitesh Bassi,52,F,A1
6109,2461,Rachita Mane,44,T,A1
6110,2461,Tanay Ramachandran,54,F,A2
6111,2461,Joshua Dada,31,M,A3
6112,2462,Aahana Purohit,59,T,A1
6113,2462,Avi Deo,28,F,A2
6114,2462,Bhavika Trivedi,34,T,A3
6115,2463,Zashil Mohan,17,T,A1
6116,2464,Charvi Kuruvilla,52,F,A1
6117,2464,Osha Patil,17,T,A2
6118,2464,Dayamai Varughese,44,M,A3
6119,2464,Brinda Nadkarni,55,T,A4
6120,2465,Zashil Khanna,38,T,A1
6121,2466,Udarsh Sarkar,16,F,A1
6122,2467,Jairaj Pathak,39,M,A1
6123,2468,Bhavna Soman,60,T,A1
6124,2468,Pranit Karpe,63,M,A2
6125,2468,Madhav Bassi,65,F,A3
6126,2469,Vrishti Shah,35,F,A1
6127,2469,Upkaar Pradhan,51,M,A2
6128,2469,Gunbir Acharya,43,F,A3
6129,2470,Darsh Virk,34,M,A1
6130,2471,Wahab Mangal,28,M,A1
6131,2471,Aarnav Sabharwal,58,M,A2
6132,2471,Ranveer Iyer,17,T,A3
6133,2471,Harinakshi Guha,19,T,A4
6134,2472,Bishakha Divan,19,F,A1
6135,2473,Isaac Puri,48,F,A1
6136,2474,Varsha Thakkar,50,F,A1
6137,2474,Ayush Sunder,57,M,A2
6138,2474,Krishna Chacko,59,M,A3
6139,2475,Urishilla Gaba,16,F,A1
6140,2476,Shivansh Chada,19,T,A1
6141,2476,Ubika Tailor,55,T,A2
6142,2476,Hredhaan Sandhu,51,T,A3
6143,2476,Ishita Bhalla,33,F,A4
6144,2477,Maanas Shukla,52,F,A1
6145,2477,Madhavi Bhargava,45,M,A2
6146,2477,Jonathan Kapadia,43,F,A3
6147,2478,Aryan Bandi,38,F,A1
6148,2478,Tanveer Raju,36,F,A2
6149,2478,Ikshita Sinha,40,T,A3
6150,2479,Amruta Pau,32,M,A1
6151,2480,Rehaan Ray,53,T,A1
6152,2480,Urvi Desai,65,F,A2
6153,2480,Isaiah Chander,59,T,A3
6154,2480,Azad Jha,18,F,A4
6155,2481,Owen Palla,39,T,A1
6156,2482,George Mishra,42,T,A1
6157,2482,Irya Bera,24,F,A2
6158,2482,Lekha Nigam,42,T,A3
6159,2482,Isha Manda,36,T,A4
6160,2483,Oliver Rout,54,M,A1
6161,2483,Madhavi Borah,35,F,A2
6162,2483,Daksha Sarraf,21,M,A3
6163,2483,Arunima Parekh,26,T,A4
6164,2484,Charles Prashad,33,T,A1
6165,2484,Veer Subramaniam,43,T,A2
6166,2484,Mitali Baral,27,T,A3
6167,2485,Ijaya Rai,29,M,A1
6168,2486,Arin Lal,25,T,A1
6169,2487,Hamsini Vyas,65,F,A1
6170,2487,Indira Thakkar,49,M,A2
6171,2488,Neel Bhardwaj,45,M,A1
6172,2489,Raagini Srivastava,23,M,A1
6173,2489,Eesha Kaul,43,T,A2
6174,2489,Yasti Chhabra,48,F,A3
6175,2489,Abdul Raval,30,M,A4
6176,2490,Gayathri Garg,31,M,A1
6177,2490,Reva Cherian,49,M,A2
6178,2491,Samar Golla,48,F,A1
6179,2491,Yatan Puri,35,M,A2
6180,2491,Timothy Bahri,53,M,A3
6181,2492,Dakshesh Kakar,64,F,A1
6182,2493,Ranveer Bandi,22,F,A1
6183,2494,Udyati Soni,41,F,A1
6184,2494,Vamakshi Kalita,60,M,A2
6185,2495,Mugdha Savant,51,T,A1
6186,2495,Brinda Behl,44,M,A2
6187,2495,Turvi Bhakta,32,M,A3
6188,2496,Yagnesh Setty,23,T,A1
6189,2497,Tejas Barman,52,F,A1
6190,2498,Abdul Raja,18,M,A1
6191,2498,Rajata Vasa,18,M,A2
6192,2498,Dhruv Baral,63,F,A3
6193,2499,Aarini Deshmukh,32,F,A1
6194,2500,Anmol Dugal,60,M,A1
6195,2500,Zehaan Mitra,63,T,A2
6196,2500,Diya Narain,37,F,A3
6197,2500,Naksh Majumdar,23,F,A4
6198,2501,Falguni Agate,61,M,A1
6199,2501,Chaitaly Dhar,41,F,A2
6200,2501,Lakshit Sahota,58,F,A3
6201,2502,Widisha Dash,35,M,A1
6202,2503,Shivani Sandal,52,F,A1
6203,2503,Ati Mohanty,50,T,A2
6204,2504,Libni Sahni,51,T,A1
6205,2504,Saumya Sarkar,33,T,A2
6206,2505,Benjamin Kurian,25,F,A1
6207,2505,Jason Sachdeva,20,F,A2
6208,2506,Shravya Choudhry,45,M,A1
6209,2506,Rudra Kumar,59,F,A2
6210,2507,Tanveer Dhingra,28,F,A1
6211,2507,Upadhriti Purohit,48,F,A2
6212,2507,Ekani Kurian,38,T,A3
6213,2508,Ranbir Balan,55,M,A1
6214,2508,Nachiket Chaudhry,57,T,A2
6215,2508,Vivaan Rajagopalan,50,M,A3
6216,2508,Eta Memon,42,M,A4
6217,2509,Gaurangi Konda,39,M,A1
6218,2509,Ikshita Ram,46,M,A2
6219,2509,Yutika Edwin,34,M,A3
6220,2509,Ojasvi Patla,26,F,A4
6221,2510,Isaiah Jaggi,18,M,A1
6222,2510,Unnati Ranganathan,22,F,A2
6223,2510,Faras Pau,39,M,A3
6224,2510,Vasatika Anand,48,F,A4
6225,2511,Lajita Dube,31,M,A1
6226,2511,Ekapad Pandya,55,M,A2
6227,2511,Anjali Dyal,61,T,A3
6228,2511,Isaiah Parmar,59,T,A4
6229,2512,Jai Prabhakar,38,F,A1
6230,2513,Umang Devi,62,F,A1
6231,2514,Oscar Raja,42,F,A1
6232,2514,Nitesh Ramesh,40,F,A2
6233,2514,Omisha Kara,42,F,A3
6234,2514,Gagan More,17,F,A4
6235,2515,Bishakha Desai,26,T,A1
6236,2515,Azaan Puri,36,M,A2
6237,2515,Lakshmi Choudhury,44,T,A3
6238,2516,Ishani Walia,40,F,A1
6239,2517,Neel Mody,16,F,A1
6240,2517,Tara Gokhale,52,M,A2
6241,2517,Bhavna Oak,63,T,A3
6242,2517,Chakrika Bala,65,F,A4
6243,2518,Urvashi Sehgal,29,T,A1
6244,2518,Ati Prabhu,61,M,A2
6245,2519,Abhiram Bali,65,T,A1
6246,2519,Hiral Panchal,38,T,A2
6247,2519,Gaurika Goswami,26,T,A3
6248,2520,Azad Das,43,M,A1
6249,2520,Girish Dada,32,M,A2
6250,2520,Sai Panchal,51,T,A3
6251,2520,Vritti Khanna,19,M,A4
6252,2521,Harinakshi Sanghvi,32,M,A1
6253,2521,Deepa Kannan,17,T,A2
6254,2521,Vamakshi Boase,65,T,A3
6255,2522,Daksh Palla,16,M,A1
6256,2522,Owen Narayanan,38,F,A2
6257,2522,Nathan Sule,32,M,A3
6258,2523,Chaaya Dua,31,T,A1
6259,2523,Vasana Narayanan,59,M,A2
6260,2524,Leena Prashad,40,F,A1
6261,2524,Kabir Murthy,62,M,A2
6262,2524,Zarna Narayan,40,F,A3
6263,2525,Devika Balakrishnan,56,M,A1
6264,2526,Kala Das,45,T,A1
6265,2526,Onveer Dhillon,36,T,A2
6266,2526,Prisha Pandya,52,M,A3
6267,2527,Rushil Balan,25,T,A1
6268,2528,Osha Pal,22,F,A1
6269,2528,Yachana Kade,18,T,A2
6270,2528,Neelima Konda,57,F,A3
6271,2528,Parth Peri,20,T,A4
6272,2529,Ira Sheth,46,T,A1
6273,2529,Netra Bhalla,64,M,A2
6274,2529,Dalbir Grover,29,M,A3
6275,2529,Arin Shan,51,F,A4
6276,2530,Osha Varghese,42,T,A1
6277,2530,Kashish Pal,36,T,A2
6278,2530,Laban Rajan,58,F,A3
6279,2531,Rohan Sarin,30,F,A1
6280,2531,Yutika Kade,25,T,A2
6281,2532,Abhimanyu Varghese,44,M,A1
6282,2533,Vanya Dave,27,F,A1
6283,2533,Odika Natarajan,51,T,A2
6284,2533,Gunbir Vohra,42,M,A3
6285,2533,Udyati Pathak,22,T,A4
6286,2534,Ria Nagarajan,24,M,A1
6287,2535,Om Uppal,43,T,A1
6288,2535,Netra Sarin,54,T,A2
6289,2535,Faris Sura,35,T,A3
6290,2536,Pooja Gopal,16,T,A1
6291,2536,Hema Koshy,60,F,A2
6292,2536,Pallavi Pingle,31,M,A3
6293,2537,Omkaar Singh,34,T,A1
6294,2537,Forum Krishnamurthy,53,T,A2
6295,2537,Odika Gera,51,T,A3
6296,2538,Deepa Sagar,54,M,A1
6297,2539,Teerth Goel,28,T,A1
6298,2540,Harini Bhatti,30,M,A1
6299,2540,Dayita Raghavan,62,T,A2
6300,2540,Chatura Sagar,18,T,A3
6301,2540,Omya Sanghvi,56,F,A4
6302,2541,Noah Nori,56,M,A1
6303,2542,Jyoti Shanker,33,F,A1
6304,2542,Sanaya Sama,45,M,A2
6305,2542,Jeevika Sama,58,M,A3
6306,2542,Brijesh Sama,60,F,A4
6307,2543,Zayan Jain,30,F,A1
6308,2544,Gautami Vaidya,44,F,A1
6309,2544,Vansha Comar,51,F,A2
6310,2544,Rudra Deshmukh,57,M,A3
6311,2544,Siddharth Buch,45,M,A4
6312,2545,Gopal Thaker,46,T,A1
6313,2546,Inaya Tella,51,M,A1
6314,2546,Ishani Shroff,19,F,A2
6315,2546,Frederick Chaudhary,64,F,A3
6316,2547,Irya Char,37,F,A1
6317,2547,Samarth Deol,36,T,A2
6318,2547,Zansi Rao,35,T,A3
6319,2547,Zinal Sandal,58,T,A4
6320,2548,Ganga Bhasin,42,T,A1
6321,2549,Girish Kapoor,60,T,A1
6322,2549,Geetika Gokhale,27,T,A2
6323,2549,Kashvi Soni,33,M,A3
6324,2550,Panini Sawhney,49,T,A1
6325,2550,Ekaraj Dhar,42,T,A2
6326,2550,Nisha Swaminathan,60,F,A3
6327,2551,Netra Bir,62,F,A1
6328,2551,Utkarsh Dara,50,F,A2
6329,2551,Rudra Vala,31,M,A3
6330,2551,Daksha Patil,45,T,A4
6331,2552,Hemang Seshadri,52,M,A1
6332,2553,Samarth Mistry,37,M,A1
6333,2554,Maya Gaba,34,M,A1
6334,2555,Bakhshi Chawla,24,T,A1
6335,2556,Gabriel Srinivasan,21,F,A1
6336,2556,Anmol Swaminathan,41,F,A2
6337,2556,Warinder Buch,37,T,A3
6338,2557,Vasana Chanda,52,F,A1
6339,2557,Indali Sule,17,T,A2
6340,2557,Panini Nadig,28,M,A3
6341,2558,Saumya Shere,29,F,A1
6342,2558,Ubika Das,38,T,A2
6343,2559,Aarav Suri,37,M,A1
6344,2560,Qadim Savant,63,F,A1
6345,2561,Osha Mangat,28,F,A1
6346,2561,Harini Mohanty,34,M,A2
6347,2561,Oeshi Modi,36,T,A3
6348,2561,Anita Hari,17,T,A4
6349,2562,Samuel Singhal,49,F,A1
6350,2563,Libni Nair,31,F,A1
6351,2563,Aayush Dhar,62,T,A2
6352,2564,Kamala Bahl,52,M,A1
6353,2565,William Prakash,57,T,A1
6354,2565,Avni Murty,59,F,A2
6355,2565,Sachi Kata,25,F,A3
6356,2566,Zehaan Swamy,41,T,A1
6357,2566,Priya Agate,28,M,A2
6358,2566,Max Thakkar,58,F,A3
6359,2567,Wriddhish Ramachandran,26,M,A1
6360,2568,Pushti Vala,28,M,A1
6361,2569,Pranit Dhar,54,F,A1
6362,2570,Viraj Parsa,36,M,A1
6363,2571,Sathvik Mann,47,M,A1
6364,2571,Indali Bhandari,58,M,A2
6365,2571,Ubika Dube,16,M,A3
6366,2571,Nilima Saraf,16,T,A4
6367,2572,Sachi Yohannan,33,T,A1
6368,2572,Saanvi Karnik,43,T,A2
6369,2573,Teerth Bali,40,M,A1
6370,2573,Tanveer Sunder,59,F,A2
6371,2574,Jacob Bhakta,35,F,A1
6372,2574,Wyatt Doshi,33,F,A2
6373,2575,Anusha Choudhry,31,M,A1
6374,2576,Urmi Gopal,59,T,A1
6375,2576,Unni Rau,37,M,A2
6376,2576,Ijaya Soni,34,M,A3
6377,2576,Mekhala Virk,61,M,A4
6378,2577,Yashoda Pant,33,T,A1
6379,2577,Avi Vaidya,55,M,A2
6380,2577,Radha Dyal,19,F,A3
6381,2578,Dayita Thakur,36,T,A1
6382,2578,Udant Pai,55,M,A2
6383,2578,Kavya Mahajan,22,M,A3
6384,2578,Bhavini Nagy,19,T,A4
6385,2579,Lucky Doctor,19,M,A1
6386,2579,Lohit Sanghvi,37,F,A2
6387,2579,Kritika Chad,20,M,A3
6388,2580,Oni Singhal,22,T,A1
6389,2580,Yagnesh Yogi,46,T,A2
6390,2580,Eiravati Chokshi,20,F,A3
6391,2580,Ishita Khosla,24,F,A4
6392,2581,Abeer Bhagat,45,F,A1
6393,2581,Neha Buch,32,T,A2
6394,2581,Jasmit Wagle,65,F,A3
6395,2581,Theodore Dugar,54,F,A4
6396,2582,Joshua Char,31,F,A1
6397,2582,Dayamai Mammen,44,F,A2
6398,2582,Ranveer Prakash,27,T,A3
6399,2582,Sanya Ratti,34,F,A4
6400,2583,Agastya Palla,26,M,A1
6401,2583,Kala Bhattacharyya,22,T,A2
6402,2584,Zilmil Sundaram,18,M,A1
6403,2584,Benjamin Thakkar,59,T,A2
6404,2584,Devansh Setty,26,M,A3
6405,2584,Aryan Prashad,28,F,A4
6406,2585,Rachit Mangat,23,M,A1
6407,2585,Jalsa Dhawan,39,M,A2
6408,2585,Yadavi Parmer,28,M,A3
6409,2586,Adweta Pandya,27,F,A1
6410,2586,Eshana Lall,32,M,A2
6411,2586,Anita Magar,46,F,A3
6412,2587,Rachit Tata,48,F,A1
6413,2588,Balhaar Nayar,47,T,A1
6414,2588,Lajita Dua,29,M,A2
6415,2588,Ayaan Batta,43,F,A3
6416,2588,Manya Ahuja,50,T,A4
6417,2589,Lakshit Kant,58,T,A1
6418,2590,Kashish Shankar,60,T,A1
6419,2590,Forum Sundaram,42,F,A2
6420,2590,Vamakshi Kothari,57,F,A3
6421,2590,Darika Sura,29,M,A4
6422,2591,Lakshit Shah,16,T,A1
6423,2591,Anita Tank,35,T,A2
6424,2592,Kiaan Keer,39,T,A1
6425,2592,Shivani Handa,49,F,A2
6426,2592,Theodore Krish,35,M,A3
6427,2592,Yagnesh Chaudhari,47,M,A4
6428,2593,Yutika Savant,62,T,A1
6429,2593,Mitesh Patla,56,M,A2
6430,2593,Ekaja Raval,50,F,A3
6431,2593,Odika Wali,34,T,A4
6432,2594,George Murthy,19,M,A1
6433,2595,Idika Comar,62,T,A1
6434,2595,Anika Sane,33,M,A2
6435,2595,George Om,20,F,A3
6436,2596,Janaki Mannan,51,F,A1
6437,2596,Gaurangi Keer,38,M,A2
6438,2596,Thomas Tank,47,F,A3
6439,2597,Veer Majumdar,36,F,A1
6440,2597,Kevin Kaul,46,M,A2
6441,2597,Priya Golla,28,T,A3
6442,2597,Lakshmi Sanghvi,33,T,A4
6443,2598,Netra Kamdar,23,M,A1
6444,2598,Darpan Prasad,33,F,A2
6445,2598,Sai Chadha,40,M,A3
6446,2598,Fitan Iyengar,36,F,A4
6447,2599,Aayush Gade,27,T,A1
6448,2600,Imaran Subramanian,65,F,A1
6449,2601,Anjali Hegde,21,F,A1
6450,2602,Vansha Doshi,30,M,A1
6451,2602,Hemang Sur,21,M,A2
6452,2603,Bimala Lala,39,T,A1
6453,2604,Faras Date,34,M,A1
6454,2604,Hemang Pillay,30,M,A2
6455,2605,Ekalinga Sandhu,46,M,A1
6456,2605,Siya Bava,17,F,A2
6457,2606,Praneel Bahri,34,M,A1
6458,2607,Raghav Soman,38,F,A1
6459,2607,Zarna Madan,22,T,A2
6460,2607,Gaurang Jaggi,25,T,A3
6461,2608,Harsh Muni,30,F,A1
6462,2608,Hardik Mammen,65,T,A2
6463,2608,Eta Wali,54,F,A3
6464,2609,Wyatt Venkatesh,30,F,A1
6465,2609,Lavanya Zachariah,34,F,A2
6466,2610,Lekha Majumdar,35,F,A1
6467,2610,Harini Aggarwal,38,F,A2
6468,2610,Anthony Amble,17,F,A3
6469,2611,Yochana Srinivas,37,T,A1
6470,2612,Qadim Ganesan,49,M,A1
6471,2612,Watika Kapadia,20,T,A2
6472,2612,Ekiya Bhargava,34,M,A3
6473,2613,Lohit Gala,52,M,A1
6474,2613,Jasmit Lad,32,M,A2
6475,2613,Charles Padmanabhan,61,T,A3
6476,2614,Maanav Salvi,25,T,A1
6477,2614,Ladli Bhatia,64,T,A2
6478,2614,Tara Dugar,16,M,A3
6479,2615,Gavin Biswas,34,F,A1
6480,2615,Ryan Saraf,19,T,A2
6481,2615,Oni Mukherjee,56,F,A3
6482,2615,Naksh Patel,22,M,A4
6483,2616,Turvi Guha,23,F,A1
6484,2616,Charita Pillai,54,T,A2
6485,2616,Nachiket Nanda,29,F,A3
6486,2617,Mitali Peri,49,T,A1
6487,2617,Harsh Gaba,37,M,A2
6488,2618,Aarush Brar,24,F,A1
6489,2618,Joshua Bora,50,M,A2
6490,2618,Udarsh Varty,55,T,A3
6491,2618,Ishani Kade,27,M,A4
6492,2619,Sudiksha Mani,60,T,A1
6493,2619,Pavani Venkatesh,19,F,A2
6494,2619,Joshua Pathak,41,M,A3
6495,2619,Kamya Mangat,48,M,A4
6496,2620,Vrishti Hayre,44,F,A1
6497,2620,Ladli Salvi,58,F,A2
6498,2621,Ojasvi Cheema,20,T,A1
6499,2621,Chakradhar Bose,54,T,A2
6500,2621,Tanay Bahri,60,F,A3
6501,2621,Praneel Chauhan,32,T,A4
6502,2622,Omisha Vala,21,F,A1
6503,2622,Laban Halder,37,F,A2
6504,2622,Isha Lad,60,T,A3
6505,2623,Chakrika Lalla,44,M,A1
6506,2624,Ekanta Dash,59,T,A1
6507,2624,Vrinda Sastry,47,T,A2
6508,2624,Xiti Bali,36,F,A3
6509,2624,Jeet Pandit,28,T,A4
6510,2625,Parth Ramaswamy,65,F,A1
6511,2625,Geetika Pant,27,F,A2
6512,2625,Oeshi Baria,49,F,A3
6513,2625,Rehaan Ram,21,T,A4
6514,2626,Yug Goda,41,F,A1
6515,2627,Qabil Kale,41,M,A1
6516,2627,Pushti Mane,43,F,A2
6517,2627,Viraj Atwal,50,T,A3
6518,2627,Yashodhara Brar,56,F,A4
6519,2628,Triveni Mahajan,58,M,A1
6520,2628,Jacob Ghose,61,T,A2
6521,2628,Fiyaz Anand,23,T,A3
6522,2628,Lucky Mann,26,F,A4
6523,2629,Teerth Sethi,57,T,A1
6524,2629,Gauri Jayaraman,28,F,A2
6525,2630,Nilima Saraf,58,M,A1
6526,2630,Jyoti Zacharia,56,F,A2
6527,2631,Triya Jhaveri,28,T,A1
6528,2631,Januja Mannan,35,T,A2
6529,2631,Farhan Badami,44,M,A3
6530,2632,Christopher Dhawan,33,F,A1
6531,2632,Ganga Sachdeva,54,M,A2
6532,2632,Ganga Rajagopal,34,M,A3
6533,2632,Ranbir Narula,27,M,A4
6534,2633,Harrison Ganguly,34,T,A1
6535,2634,Jack Nadig,30,M,A1
6536,2635,Ikshita Atwal,29,F,A1
6537,2636,Nisha Mitter,56,T,A1
6538,2636,Krishna Nagarajan,59,M,A2
6539,2636,Theodore Gokhale,20,M,A3
6540,2637,Lakshit Pillai,56,M,A1
6541,2638,Michael Mohanty,35,F,A1
6542,2638,Madhavi Das,56,M,A2
6543,2638,Nathaniel Yadav,47,F,A3
6544,2639,Radhika Koshy,56,T,A1
6545,2639,Harrison Nadkarni,60,M,A2
6546,2639,Falan Singh,38,F,A3
6547,2639,Tanay Keer,17,M,A4
6548,2640,Lopa Behl,35,T,A1
6549,2641,Gabriel Tailor,62,M,A1
6550,2642,Ojasvi Magar,39,F,A1
6551,2643,Ishanvi Chand,36,F,A1
6552,2643,Yahvi Karan,40,F,A2
6553,2643,Charvi Dugar,45,M,A3
6554,2644,Yatin Borra,45,F,A1
6555,2644,Lakshmi Oommen,46,F,A2
6556,2644,Ladli Sankaran,52,F,A3
6557,2644,Gaurang Johal,44,M,A4
6558,2645,Liam Nair,59,F,A1
6559,2645,Dayamai Vaidya,27,T,A2
6560,2645,Rachit Sekhon,50,F,A3
6561,2646,Aadi Ram,25,M,A1
6562,2647,Advika Sharma,51,M,A1
6563,2647,Abhiram Sethi,16,T,A2
6564,2647,Akshay Chhabra,24,T,A3
6565,2648,Lajita Ranganathan,38,M,A1
6566,2649,Lila Sur,58,F,A1
6567,2649,Yashodhara Srivastava,31,T,A2
6568,2649,Varenya Mohan,48,T,A3
6569,2650,Samuel Kannan,28,T,A1
6570,2651,Lekha Bobal,28,F,A1
6571,2651,Barkha Chandra,17,F,A2
6572,2652,Barkha Narain,45,F,A1
6573,2653,Yachana Shanker,54,F,A1
6574,2653,Netra Bora,46,F,A2
6575,2653,Frado Apte,24,T,A3
6576,2653,Lavanya Boase,39,T,A4
6577,2654,Pallavi Aurora,35,F,A1
6578,2654,Christopher Kapadia,41,T,A2
6579,2654,Vasudha Bobal,55,M,A3
6580,2655,Ganga Chatterjee,45,T,A1
6581,2655,Mitesh Banik,44,T,A2
6582,2656,Udarsh Zachariah,56,M,A1
6583,2656,Ekansh Cherian,17,T,A2
6584,2657,Yatan Raman,49,F,A1
6585,2657,Chaaya Gopal,23,M,A2
6586,2657,Leela Reddy,42,M,A3
6587,2658,Rudra Bajwa,37,M,A1
6588,2659,Yoshita Buch,49,M,A1
6589,2659,Sathvik Anne,20,T,A2
6590,2659,Zarna Magar,22,M,A3
6591,2659,Tejas Dar,34,M,A4
6592,2660,Harinakshi Bera,30,M,A1
6593,2660,Barkha Khare,31,M,A2
6594,2660,Ridhi Chatterjee,44,M,A3
6595,2661,Dalbir Venkatesh,61,M,A1
6596,2662,Ekaja Subramanian,64,M,A1
6597,2662,Faraj Barad,20,F,A2
6598,2663,Amrita Das,25,F,A1
6599,2663,Kabir Parsa,30,F,A2
6600,2663,Inaya Chacko,48,M,A3
6601,2664,Varenya Cherian,28,M,A1
6602,2664,Onkar Bhargava,56,F,A2
6603,2665,Girindra Mangal,27,F,A1
6604,2665,Chakradev Deep,20,T,A2
6605,2665,Kamala Krish,36,F,A3
6606,2666,Anika Bava,50,F,A1
6607,2667,Mohini Tandon,38,M,A1
6608,2668,Pranit Sheth,23,F,A1
6609,2668,Upadhriti Vala,36,M,A2
6610,2669,Sachi Bath,19,M,A1
6611,2669,Gaurang Arora,39,F,A2
6612,2669,Urvi Kaul,48,M,A3
6613,2669,Azaan Goyal,46,M,A4
6614,2670,Chakrika More,24,M,A1
6615,2670,Ucchal Walia,64,M,A2
6616,2671,Yatin Malhotra,34,F,A1
6617,2671,Abhimanyu Bhat,63,M,A2
6618,2671,Hemang Patla,56,F,A3
6619,2671,Gabriel Hora,57,T,A4
6620,2672,Hitesh Rama,25,T,A1
6621,2672,Amrita Sachdev,64,F,A2
6622,2673,Upkaar Mand,17,M,A1
6623,2673,Aahana Bhalla,60,F,A2
6624,2673,Kala Sarraf,41,M,A3
6625,2673,Dayamai Tara,37,T,A4
6626,2674,Chaitaly Choudhary,58,M,A1
6627,2675,Krish Chaudhry,26,M,A1
6628,2675,Tanveer Pal,35,M,A2
6629,2675,Charan Mody,49,T,A3
6630,2675,Balveer Pau,20,F,A4
6631,2676,Priya Mutti,25,F,A1
6632,2676,Madhavi Saini,26,T,A2
6633,2677,Logan Barad,27,M,A1
6634,2677,Andrew Cheema,64,T,A2
6635,2677,Geetika Vyas,65,F,A3
6636,2677,Jhalak Sami,49,T,A4
6637,2678,Farhan Palla,19,M,A1
6638,2678,Wazir Guha,26,T,A2
6639,2678,Yochana Kuruvilla,55,T,A3
6640,2679,Warhi Zachariah,50,M,A1
6641,2679,Teerth De,47,T,A2
6642,2680,Osha Padmanabhan,65,T,A1
6643,2680,Amol Cherian,58,F,A2
6644,2681,Daksh Dhar,30,T,A1
6645,2681,Abhimanyu Madan,24,M,A2
6646,2681,Reyansh Rana,18,M,A3
6647,2681,Isaac Varty,56,M,A4
6648,2682,Oeshi Buch,39,F,A1
6649,2683,Tanvi Nadkarni,44,M,A1
6650,2683,Nirja Mistry,38,F,A2
6651,2684,Gaurang Lanka,50,F,A1
6652,2685,Urmi Nazareth,32,F,A1
6653,2686,Faris Yadav,39,M,A1
6654,2686,Riya Varty,63,T,A2
6655,2687,Faris Misra,27,T,A1
6656,2687,Anthony Chaudhuri,33,T,A2
6657,2687,Aradhana Yogi,18,T,A3
6658,2688,Rohan Parmar,54,T,A1
6659,2689,Chaman Mukherjee,51,T,A1
6660,2690,Omya Chaudry,50,F,A1
6661,2690,Triveni Guha,57,T,A2
6662,2690,Urmi Aggarwal,19,T,A3
6663,2690,Xiti Mallick,52,M,A4
6664,2691,Tanveer Panchal,27,T,A1
6665,2691,Nicholas Nagar,52,T,A2
6666,2691,Mitali Deol,50,T,A3
6667,2691,Dakshesh Bandi,40,F,A4
6668,2692,Chameli Mahal,63,T,A1
6669,2692,Hemangini Sandhu,53,M,A2
6670,2692,Wazir Barman,57,T,A3
6671,2693,Praneel Kala,60,T,A1
6672,2693,Ekani Hari,59,T,A2
6673,2693,Ayush Dalal,53,M,A3
6674,2693,Vanya Ramanathan,29,T,A4
6675,2694,Utkarsh Shroff,17,F,A1
6676,2694,Jasmit Salvi,24,F,A2
6677,2694,Vamakshi Madan,41,T,A3
6678,2694,Lipika Nair,28,F,A4
6679,2695,Vamakshi Mangal,32,M,A1
6680,2695,Hemangini Wagle,51,M,A2
6681,2696,Libni Yohannan,39,F,A1
6682,2697,Vritti Johal,18,T,A1
6683,2697,Hritik Chadha,65,T,A2
6684,2697,Vasana Wali,61,M,A3
6685,2698,Sanaya Brahmbhatt,50,F,A1
6686,2698,Reyansh Bhavsar,31,T,A2
6687,2698,Praneel Tank,21,T,A3
6688,2698,Omya Bhakta,54,T,A4
6689,2699,Aditya Narayanan,35,T,A1
6690,2699,Ekta Singhal,64,M,A2
6691,2700,George Wali,56,F,A1
6692,2700,Eesha Comar,22,T,A2
6693,2701,Yachana Sule,27,T,A1
6694,2701,Qushi Upadhyay,49,F,A2
6695,2701,Divya Chokshi,25,F,A3
6696,2701,Rajeshri Rout,30,M,A4
6697,2702,Qarin Ram,54,M,A1
6698,2702,Faras Deol,63,F,A2
6699,2702,Libni Prasad,20,T,A3
6700,2703,Ishwar Raghavan,57,F,A1
6701,2703,Liam Ahluwalia,34,F,A2
6702,2703,Nathan Sheth,37,T,A3
6703,2703,Fitan Kala,42,T,A4
6704,2704,Aachal Savant,62,F,A1
6705,2705,Joshua Bhatti,35,T,A1
6706,2705,Ojasvi Ramakrishnan,50,T,A2
6707,2705,Zansi Kothari,34,F,A3
6708,2705,Yochana Anne,37,T,A4
6709,2706,Diya Uppal,23,F,A1
6710,2707,Unnati Bera,62,M,A1
6711,2707,Aashi Mistry,16,M,A2
6712,2707,Aradhana Pall,28,M,A3
6713,2707,Darsh Raghavan,18,F,A4
6714,2708,Nidra Narula,41,T,A1
6715,2708,Peter Loyal,30,F,A2
6716,2708,Charita Ramachandran,49,M,A3
6717,2709,Fariq Dhar,29,M,A1
6718,2709,Baljiwan Gopal,60,M,A2
6719,2710,Shivansh Rajagopal,53,M,A1
6720,2710,Azad Nair,19,T,A2
6721,2711,Faras Bhagat,62,T,A1
6722,2712,Naveen Sandhu,18,F,A1
6723,2712,Aahana Wali,51,F,A2
6724,2712,Pahal Magar,22,T,A3
6725,2713,Irya Kurian,42,M,A1
6726,2713,Sanya Saran,18,T,A2
6727,2713,Warinder Bhakta,49,T,A3
6728,2714,Harita Saini,35,M,A1
6729,2714,Lakshit Madan,27,T,A2
6730,2715,Om Jha,19,T,A1
6731,2715,Vansha Dar,28,F,A2
6732,2715,Indrajit Datta,43,T,A3
6733,2716,Upasna Nanda,61,T,A1
6734,2716,Ekaraj Chauhan,51,M,A2
6735,2716,Imaran Prakash,40,F,A3
6736,2717,Edhitha Sanghvi,16,T,A1
6737,2717,Ati Sane,59,M,A2
6738,2718,Kritika Gupta,55,F,A1
6739,2718,Urvashi Palla,55,M,A2
6740,2719,Oscar Keer,54,T,A1
6741,2720,Oeshi Mohanty,38,T,A1
6742,2720,Benjamin Radhakrishnan,23,M,A2
6743,2721,Hemani Sachdev,64,F,A1
6744,2721,Ranbir Nath,34,F,A2
6745,2722,Abdul Basu,45,M,A1
6746,2722,Banjeet Yogi,64,T,A2
6747,2722,Praneel Datta,33,M,A3
6748,2723,Jagrati Rajagopal,47,T,A1
6749,2723,Azaan Manne,49,T,A2
6750,2723,Leela Bobal,49,T,A3
6751,2723,Jackson Aurora,53,F,A4
6752,2724,Rehaan Basu,42,F,A1
6753,2724,Omya Naik,29,M,A2
6754,2724,Neha Varma,25,M,A3
6755,2724,Turvi Sanghvi,48,T,A4
6756,2725,William Pall,19,F,A1
6757,2725,Mitesh Mody,49,F,A2
6758,2726,Dipta Sankar,35,T,A1
6759,2727,Abhiram Badal,56,T,A1
6760,2727,Agastya Choudhary,57,F,A2
6761,2728,Vrinda Chatterjee,16,F,A1
6762,2728,Vaishnavi Khosla,64,T,A2
6763,2728,Rayaan Gole,34,T,A3
6764,2728,Ekta Kapoor,51,M,A4
6765,2729,Jack Oommen,34,F,A1
6766,2729,Jagat Sinha,48,M,A2
6767,2729,Nidhi Pillay,25,T,A3
6768,2729,Oviya Sarkar,57,M,A4
6769,2730,William Kale,61,M,A1
6770,2730,Charvi Trivedi,18,F,A2
6771,2730,Bhavika Bhalla,64,T,A3
6772,2731,Indali Vora,26,F,A1
6773,2731,Anirudh Thakur,47,M,A2
6774,2732,Simon Choudhary,21,T,A1
6775,2732,Laban Hans,47,F,A2
6776,2732,Chatura Yogi,17,T,A3
6777,2733,Rudra Chahal,34,T,A1
6778,2733,Yashawini Peri,27,F,A2
6779,2733,Ikbal More,16,M,A3
6780,2734,Chakradhar Bhatti,24,T,A1
6781,2734,Saumya Krish,18,F,A2
6782,2735,Hiral Menon,34,M,A1
6783,2735,Fitan Gour,55,M,A2
6784,2735,Viraj Brar,29,M,A3
6785,2735,Nachiket Rama,41,M,A4
6786,2736,Anthony Mital,29,T,A1
6787,2736,Yashasvi Saraf,42,M,A2
6788,2736,Advaith Parsa,37,M,A3
6789,2737,Yadavi Sankar,32,M,A1
6790,2737,Theodore Patel,48,M,A2
6791,2738,Girindra Varty,56,M,A1
6792,2738,Jagdish Soman,53,M,A2
6793,2738,Megha Sankaran,22,F,A3
6794,2738,Zashil Nadig,46,T,A4
6795,2739,Wridesh Bhagat,24,T,A1
6796,2740,Yatan Kumar,18,F,A1
6797,2741,Nihal Sethi,16,M,A1
6798,2741,Yashawini Kadakia,60,M,A2
6799,2741,Champak Taneja,20,F,A3
6800,2741,Laksh Thaker,51,M,A4
6801,2742,Owen Bera,36,T,A1
6802,2742,Theodore Sarkar,65,T,A2
6803,2743,Urvi Bhatti,51,M,A1
6804,2743,Abdul Badami,53,T,A2
6805,2743,Ayaan Aurora,49,T,A3
6806,2744,Andrew Kumer,49,T,A1
6807,2745,Faras Doctor,45,M,A1
6808,2745,Vyanjana Din,40,T,A2
6809,2745,Bhavya Krish,27,M,A3
6810,2745,Osha Mani,39,F,A4
6811,2746,Vinaya Basu,51,T,A1
6812,2746,Bishakha Varma,28,M,A2
6813,2747,Karan Prashad,60,T,A1
6814,2747,Pahal Dara,61,M,A2
6815,2747,Kritika Bobal,23,M,A3
6816,2747,Krishna Rau,42,T,A4
6817,2748,Panini Prabhu,20,T,A1
6818,2748,Riya Nagarajan,47,M,A2
6819,2748,Vritti Saraf,17,T,A3
6820,2748,Tanish Tripathi,27,M,A4
6821,2749,Rehaan Kothari,65,M,A1
6822,2749,Wahab Kapur,59,T,A2
6823,2749,Arya Sibal,57,F,A3
6824,2749,Girik Gill,30,F,A4
6825,2750,Jagvi Dugal,19,T,A1
6826,2751,Oliver Trivedi,46,M,A1
6827,2751,Nitesh Dugar,32,M,A2
6828,2751,Gauri Tata,38,F,A3
6829,2751,Tejas Bhakta,65,F,A4
6830,2752,Joshua Guha,62,M,A1
6831,2752,Hiral Manda,29,M,A2
6832,2753,Ria Dutt,19,F,A1
6833,2754,Kashvi Batta,30,T,A1
6834,2754,Hemang Sahni,42,F,A2
6835,2754,Manya Shah,64,T,A3
6836,2755,Fiyaz Koshy,56,M,A1
6837,2756,Jagat Shetty,30,F,A1
6838,2756,Abhimanyu Loyal,55,F,A2
6839,2756,Nathan Bath,43,F,A3
6840,2757,Rayaan Muni,63,M,A1
6841,2758,Januja Mital,39,M,A1
6842,2758,Frederick Goswami,20,M,A2
6843,2759,Gagan Palla,41,F,A1
6844,2759,Nidra Hari,48,F,A2
6845,2759,Ronith Raja,39,F,A3
6846,2760,Sanya Menon,53,M,A1
6847,2761,Triya Bahri,47,T,A1
6848,2761,Radhika Sane,23,F,A2
6849,2761,Vedika Tripathi,56,F,A3
6850,2762,Anvi Bhattacharyya,58,M,A1
6851,2762,Tarak Pal,42,T,A2
6852,2762,Anay Lanka,16,M,A3
6853,2763,Mitesh Kurian,18,T,A1
6854,2763,Januja Chaudhari,30,T,A2
6855,2763,Maanav Shah,62,F,A3
6856,2764,Ati Keer,26,T,A1
6857,2764,Urmi Bal,64,M,A2
6858,2764,Nathan Badal,32,M,A3
6859,2764,Chanakya Chandran,53,T,A4
6860,2765,Eesha Kannan,18,F,A1
6861,2766,Yasti Kakar,24,F,A1
6862,2766,Avi Sane,19,T,A2
6863,2766,William Wali,25,M,A3
6864,2767,Oeshi Tak,25,T,A1
6865,2767,Wakeeta Sengupta,65,F,A2
6866,2767,Jason Sarkar,35,T,A3
6867,2767,Vyanjana Chada,38,F,A4
6868,2768,Janaki Jhaveri,17,F,A1
6869,2768,Kashvi Kota,53,T,A2
6870,2768,Rachana Ganesh,23,F,A3
6871,2769,Zehaan Chawla,49,F,A1
6872,2769,Sanya Taneja,40,T,A2
6873,2769,Pushti Gandhi,55,T,A3
6874,2769,Faras Yadav,62,T,A4
6875,2770,Robert Prashad,30,M,A1
6876,2771,Teerth Dewan,36,F,A1
6877,2771,Zayyan Dutt,52,T,A2
6878,2772,Nathan Oak,24,F,A1
6879,2773,Ati Sood,40,T,A1
6880,2773,Abhimanyu Mall,54,F,A2
6881,2774,Tara Mistry,53,T,A1
6882,2774,Libni Nagy,34,T,A2
6883,2774,Inaya Kalla,43,M,A3
6884,2774,Yatin Dave,31,T,A4
6885,2775,Shivani Subramanian,44,M,A1
6886,2776,Ayaan Sangha,60,T,A1
6887,2777,Rachit Bal,53,T,A1
6888,2777,Robert Sen,61,T,A2
6889,2778,Zarna Krishna,22,F,A1
6890,2778,Pushti Dada,49,M,A2
6891,2779,Yashoda Gill,30,M,A1
6892,2780,Aayush Mahal,24,T,A1
6893,2780,Rohan Pai,48,M,A2
6894,2781,Alexander Ganesh,21,F,A1
6895,2781,Varenya Deshpande,27,F,A2
6896,2782,Vincent Gokhale,41,M,A1
6897,2782,Chandani Bawa,64,F,A2
6898,2782,Upadhriti Solanki,48,F,A3
6899,2783,Idika Bawa,57,M,A1
6900,2783,Falak Divan,43,F,A2
6901,2784,Leela Bath,44,T,A1
6902,2785,Wahab Ravi,24,T,A1
6903,2785,Xiti Suresh,36,F,A2
6904,2785,Urishilla Dass,47,T,A3
6905,2786,Krishna Sathe,51,T,A1
6906,2786,Vritti Borde,32,F,A2
6907,2786,Devika Gour,31,M,A3
6908,2787,Gaurang Chacko,43,F,A1
6909,2787,Vincent Peri,61,F,A2
6910,2787,Theodore Ratti,45,M,A3
6911,2788,Radha Salvi,54,T,A1
6912,2789,Daksha Dhingra,58,T,A1
6913,2789,Isaiah Vig,20,F,A2
6914,2789,Aahana Contractor,34,F,A3
6915,2789,Libni Nanda,33,T,A4
6916,2790,Pallavi Mody,35,M,A1
6917,2790,Arya Kapoor,47,T,A2
6918,2791,Aayush Rout,59,T,A1
6919,2791,Nitesh Golla,35,F,A2
6920,2791,Anika Keer,41,M,A3
6921,2792,Eshana Bhattacharyya,63,F,A1
6922,2793,Tanay Madan,42,T,A1
6923,2794,Omaja Nanda,25,T,A1
6924,2794,Girik Wason,30,T,A2
6925,2794,Raghav Halder,51,T,A3
6926,2794,Mitali Singhal,63,M,A4
6927,2795,Sanya Palan,40,F,A1
6928,2795,Gayathri Bala,64,M,A2
6929,2795,Arunima Bail,63,M,A3
6930,2796,Nicholas Bal,52,F,A1
6931,2797,Ishanvi Walia,24,T,A1
6932,2797,Raghav Chada,28,T,A2
6933,2798,Turvi Uppal,34,M,A1
6934,2798,Manbir Roy,63,M,A2
6935,2799,Tejas Bajaj,39,T,A1
6936,2799,Jai Shetty,57,M,A2
6937,2800,Ria Sheth,33,F,A1
6938,2801,Anirudh Bhat,21,T,A1
6939,2802,Charvi Sastry,16,T,A1
6940,2803,Deepa Sami,40,M,A1
6941,2804,Neelima Sunder,23,T,A1
6942,2804,Max Kunda,25,T,A2
6943,2805,Karan Mall,42,T,A1
6944,2805,Dalbir Solanki,61,F,A2
6945,2805,Vivaan Sarin,28,T,A3
6946,2806,Liam Dhingra,44,F,A1
6947,2806,Jagdish Sahota,56,M,A2
6948,2807,Sara Ghose,63,T,A1
6949,2808,Abha Deshpande,55,M,A1
6950,2808,Abdul Butala,33,T,A2
6951,2809,Dayamai Badal,33,T,A1
6952,2809,Girindra Pradhan,24,T,A2
6953,2809,Viraj Chowdhury,61,T,A3
6954,2809,Harini Raval,64,F,A4
6955,2810,Yashodhara Kuruvilla,42,T,A1
6956,2811,Mason Sachdeva,65,F,A1
6957,2811,Januja Verma,21,T,A2
6958,2812,Gopal Saraf,65,M,A1
6959,2812,Unnati Aggarwal,46,F,A2
6960,2813,Hemang Halder,21,T,A1
6961,2813,Bina Aurora,28,F,A2
6962,2813,Upasna Bora,55,M,A3
6963,2814,Harshil Chaudry,28,M,A1
6964,2814,Jason Deshpande,33,T,A2
6965,2815,Sai Oak,32,M,A1
6966,2815,Hemangini Gera,17,F,A2
6967,2815,Abdul Batta,52,M,A3
6968,2816,Reyansh Parekh,60,M,A1
6969,2816,Siya Dutta,49,T,A2
6970,2816,Dominic Biswas,18,M,A3
6971,2816,Kiaan Edwin,59,F,A4
6972,2817,Jackson Chander,64,T,A1
6973,2817,Yatan Borde,24,M,A2
6974,2817,Faras Baria,61,T,A3
6975,2818,Harini Ram,65,T,A1
6976,2818,Nandini Pal,58,M,A2
6977,2819,Krishna Sharaf,44,F,A1
6978,2819,Qadim Anand,25,F,A2
6979,2820,Vyanjana Rout,44,M,A1
6980,2820,Ishanvi Shere,63,T,A2
6981,2820,Mohini Murty,65,F,A3
6982,2820,Tanay Pandey,48,F,A4
6983,2821,Dominic Bose,19,F,A1
6984,2821,Bahadurjit Upadhyay,37,T,A2
6985,2822,Daksha Vohra,63,T,A1
6986,2823,Ubika Dey,29,F,A1
6987,2824,Ridhi Rau,17,F,A1
6988,2824,Mekhala D’Alia,63,M,A2
6989,2825,Riya Gera,32,T,A1
6990,2826,Avi Khosla,18,M,A1
6991,2826,Aadhya Ratta,63,F,A2
6992,2827,Ekani Arya,50,M,A1
6993,2827,Warinder Tella,44,T,A2
6994,2828,Girindra Chadha,42,F,A1
6995,2829,Upasna Ramaswamy,34,T,A1
6996,2829,Turvi Goel,57,M,A2
6997,2830,Nimrat Panchal,34,M,A1
6998,2830,Amrita Sethi,20,F,A2
6999,2830,Samar Banerjee,40,F,A3
7000,2831,Jeremiah Dhar,28,M,A1
7001,2832,Kabir Bera,58,F,A1
7002,2832,Yash Bhalla,42,F,A2
7003,2832,Arjun Doshi,27,F,A3
7004,2832,Max Baral,33,T,A4
7005,2833,Nathan Gala,21,M,A1
7006,2833,Nilima Sen,51,F,A2
7007,2833,Darpan Badami,59,T,A3
7008,2834,Gautam Kalla,42,M,A1
7009,2834,Gaurangi Gulati,46,M,A2
7010,2834,Jagat Edwin,34,M,A3
7011,2834,Tristan Krishnan,50,M,A4
7012,2835,Bina Bajaj,24,T,A1
7013,2836,Kavya Nagarajan,60,F,A1
7014,2836,Nicholas Chaudhuri,51,T,A2
7015,2837,Bhavani Pillai,26,T,A1
7016,2838,Lipika Tiwari,52,T,A1
7017,2838,Guneet Balasubramanian,58,F,A2
7018,2839,Aachal Chandran,43,M,A1
7019,2840,Chakradev Palla,63,F,A1
7020,2840,Qadim Memon,31,M,A2
7021,2840,Saanvi Karan,55,T,A3
7022,2841,Chaman Sekhon,18,T,A1
7023,2841,Chaitanya Morar,16,M,A2
7024,2842,Ekiya Rattan,31,M,A1
7025,2842,Krish Contractor,58,M,A2
7026,2843,Netra Keer,45,T,A1
7027,2843,Advay Mukherjee,31,T,A2
7028,2843,Harish Mody,48,M,A3
7029,2844,Wyatt Saxena,43,F,A1
7030,2844,Nikita Prashad,39,T,A2
7031,2844,Hemal Saini,38,M,A3
7032,2845,Nidhi Vasa,60,M,A1
7033,2846,Divya Ray,49,T,A1
7034,2847,Noah Virk,42,T,A1
7035,2848,Chakradev Bumb,65,F,A1
7036,2848,Dalaja Sibal,45,M,A2
7037,2848,Girik Munshi,34,M,A3
7038,2849,Aarini Nagy,22,F,A1
7039,2849,Adweta Sridhar,29,M,A2
7040,2850,Zansi Patil,33,M,A1
7041,2850,Amruta Hans,33,M,A2
7042,2851,Brinda Rastogi,21,F,A1
7043,2851,Rajata Deep,40,T,A2
7044,2851,Veda Ghosh,22,M,A3
7045,2852,Aradhana Palla,41,T,A1
7046,2853,Yachana Batra,48,F,A1
7047,2853,Chavvi Mallick,34,T,A2
7048,2854,Anya Minhas,26,T,A1
7049,2854,Chaaya Shankar,35,M,A2
7050,2854,Aishani Mangat,49,T,A3
7051,2854,Eta Bumb,45,F,A4
7052,2855,Ansh Zacharia,36,T,A1
7053,2855,Zaid Varughese,18,T,A2
7054,2855,Advay Babu,23,F,A3
7055,2856,Amrita Sami,29,M,A1
7056,2857,Yoshita Chauhan,29,F,A1
7057,2857,Ansh Jayaraman,27,T,A2
7058,2857,Teerth Ghosh,61,M,A3
7059,2858,Aashi Devi,53,T,A1
7060,2858,Ekbal Ramanathan,25,T,A2
7061,2859,Nitesh Kala,61,T,A1
7062,2859,Jonathan Goda,56,M,A2
7063,2859,Pavani Rana,25,F,A3
7064,2860,Wriddhish Karan,19,F,A1
7065,2860,Eesha Gokhale,58,M,A2
7066,2860,Abha Pai,44,M,A3
7067,2860,Chasmum Kurian,54,T,A4
7068,2861,Zaitra Tailor,36,T,A1
7069,2862,Charles Vohra,53,T,A1
7070,2862,Raksha Luthra,55,M,A2
7071,2863,Aarnav Sha,64,F,A1
7072,2863,Yagnesh Saran,49,T,A2
7073,2863,Vasudha Patla,29,F,A3
7074,2863,Zilmil Sathe,49,F,A4
7075,2864,Yatin Walla,47,M,A1
7076,2865,Jagdish Dube,61,F,A1
7077,2865,Triya Rattan,51,F,A2
7078,2866,Adweta Deol,16,M,A1
7079,2866,Falak Sandhu,40,M,A2
7080,2866,Shivani Korpal,61,F,A3
7081,2867,Isaiah Sehgal,53,M,A1
7082,2867,Ganga Natarajan,52,F,A2
7083,2868,Sudiksha Mitter,50,F,A1
7084,2868,Abha Trivedi,46,T,A2
7085,2868,Vritti Dash,55,F,A3
7086,2868,Vinaya Swamy,47,M,A4
7087,2869,Aarav Andra,21,F,A1
7088,2869,Udarsh Mittal,49,T,A2
7089,2869,Varsha Dara,58,F,A3
7090,2869,Dhriti Badami,63,T,A4
7091,2870,Kala Luthra,63,F,A1
7092,2870,Henry Krish,48,F,A2
7093,2871,Yutika Chokshi,46,F,A1
7094,2872,Meghana Kade,32,F,A1
7095,2872,Balvan Saini,56,F,A2
7096,2872,Azaan Malhotra,49,F,A3
7097,2873,Maya Srinivasan,29,F,A1
7098,2873,Unni Raghavan,65,T,A2
7099,2873,Aahana Mahajan,18,T,A3
7100,2873,Devansh Dar,48,F,A4
7101,2874,Alexander Chaudry,35,F,A1
7102,2874,Warda Deshmukh,58,T,A2
7103,2875,Neel Soman,31,F,A1
7104,2875,Vedhika Pradhan,28,F,A2
7105,2876,Timothy Mani,30,T,A1
7106,2877,Kevin Shroff,37,F,A1
7107,2878,Garima Sarraf,62,F,A1
7108,2878,Darsh Raj,56,F,A2
7109,2878,Aashi Walla,46,T,A3
7110,2879,Lopa Bahl,56,F,A1
7111,2879,Wyatt Agate,49,F,A2
7112,2879,Frederick Arya,37,F,A3
7113,2879,Azad Subramaniam,58,T,A4
7114,2880,Zashil Bobal,35,T,A1
7115,2881,Vaishnavi Kuruvilla,16,M,A1
7116,2882,Owen Mannan,62,F,A1
7117,2883,Abdul Prashad,40,T,A1
7118,2883,Tejas Sodhi,30,F,A2
7119,2883,Noah Halder,21,F,A3
7120,2883,Keya Chada,33,T,A4
7121,2884,Xiti Bose,26,F,A1
7122,2884,Fitan Edwin,38,M,A2
7123,2884,Teerth Mutti,29,M,A3
7124,2885,Ekta Chaudry,52,F,A1
7125,2885,Rehaan Nadig,57,F,A2
7126,2886,Isha Deo,50,F,A1
7127,2886,Caleb Lanka,58,F,A2
7128,2887,Mekhala Sahota,36,M,A1
7129,2887,Unnati Varghese,37,M,A2
7130,2887,Atharv Hans,45,F,A3
7131,2887,Vrishti Gara,52,F,A4
7132,2888,Vidhi Sagar,37,T,A1
7133,2888,Isaiah Mitter,29,M,A2
7134,2888,Lajita Talwar,17,M,A3
7135,2889,Yochana Nayar,50,F,A1
7136,2889,Adweta Baral,58,F,A2
7137,2889,Neha Zacharia,19,M,A3
7138,2890,Sneha Som,53,T,A1
7139,2890,Liam Nori,42,M,A2
7140,2890,Ekani Batta,42,T,A3
7141,2890,Owen Nayar,62,F,A4
7142,2891,Agastya Sethi,35,T,A1
7143,2891,Kevin Narayanan,43,F,A2
7144,2892,Faris Ray,32,M,A1
7145,2892,Aayush Rattan,60,M,A2
7146,2892,Pratyush Ravel,29,M,A3
7147,2893,Alexander Kalla,41,M,A1
7148,2893,Ekapad Mangal,16,M,A2
7149,2894,Lavanya Natarajan,55,T,A1
7150,2894,Ekta Virk,24,F,A2
7151,2894,Charita Bobal,56,M,A3
7152,2895,Vinaya Mital,42,F,A1
7153,2895,Ranbir Sagar,59,T,A2
7154,2895,Chakradhar Palla,53,T,A3
7155,2896,Geetika Cheema,60,M,A1
7156,2896,Kavya Handa,47,F,A2
7157,2896,Raksha Dyal,25,F,A3
7158,2896,Dominic Bandi,40,T,A4
7159,2897,Mekhala Chawla,40,T,A1
7160,2897,Oviya Nayak,32,M,A2
7161,2898,Pooja Saini,50,T,A1
7162,2898,Nidhi Narayan,23,T,A2
7163,2898,Henry Tripathi,41,T,A3
7164,2899,Vaishnavi Sethi,49,T,A1
7165,2899,Chaaya Nadkarni,44,F,A2
7166,2900,Oeshi Mander,49,T,A1
7167,2901,Charan Chad,49,F,A1
7168,2901,Leela Edwin,27,F,A2
7169,2901,Nandini Yogi,26,M,A3
7170,2901,Dakshesh Pillai,56,F,A4
7171,2902,Pahal Mall,61,F,A1
7172,2903,Yutika Verma,62,M,A1
7173,2903,Umang Karan,26,F,A2
7174,2904,Abhiram Ramesh,43,T,A1
7175,2904,Radhika Nagy,32,T,A2
7176,2904,Aarna Tata,25,F,A3
7177,2905,Mohini Rout,51,M,A1
7178,2906,Aarush Divan,51,T,A1
7179,2907,Jyoti Jain,24,T,A1
7180,2907,Falak Dugar,63,T,A2
7181,2907,Elijah Shetty,44,T,A3
7182,2907,Meera Dada,23,F,A4
7183,2908,Chaitanya D’Alia,24,T,A1
7184,2909,Aditya Shah,61,M,A1
7185,2909,Girish Deo,46,F,A2
7186,2909,Tristan D’Alia,45,F,A3
7187,2909,Upkaar Mahajan,28,F,A4
7188,2910,Ijaya Cheema,58,F,A1
7189,2910,Hredhaan Raghavan,65,T,A2
7190,2910,Nilima Rajagopalan,44,M,A3
7191,2910,Ranveer Setty,21,F,A4
7192,2911,Odika Kale,50,T,A1
7193,2912,Kai Nagy,31,T,A1
7194,2912,Gayathri Pau,36,F,A2
7195,2913,Abha Munshi,28,T,A1
7196,2913,Ekavir Agrawal,18,T,A2
7197,2913,Baljiwan Jayaraman,28,M,A3
7198,2914,Lohit Chaudhary,55,T,A1
7199,2914,Bahadurjit Mangat,55,T,A2
7200,2914,Vedhika Sinha,21,T,A3
7201,2915,Parth Palan,35,M,A1
7202,2915,Rachita Varughese,37,M,A2
7203,2915,Lucky Goswami,25,F,A3
7204,2915,Christopher Nagy,44,M,A4
7205,2916,Lavanya Tank,43,T,A1
7206,2916,Maanas Kalita,38,T,A2
7207,2917,Turvi Patla,31,M,A1
7208,2918,Damini Verma,49,T,A1
7209,2918,Abhimanyu Sekhon,21,F,A2
7210,2918,Kai Shere,23,T,A3
7211,2919,Damyanti Kalita,25,T,A1
7212,2919,Nachiket Rana,16,M,A2
7213,2920,Shivansh Shah,34,F,A1
7214,2920,Laksh Kata,49,M,A2
7215,2920,Ekbal Lad,44,T,A3
7216,2920,Aahana Samra,62,T,A4
7217,2921,Henry Bassi,22,M,A1
7218,2921,Anmol Majumdar,52,F,A2
7219,2921,Tarak Kamdar,26,F,A3
7220,2922,Vasana Raval,23,T,A1
7221,2922,Manya Prakash,51,F,A2
7222,2923,Ria Ramakrishnan,54,F,A1
7223,2923,Unni Nayak,39,M,A2
7224,2923,Radhika Memon,65,M,A3
7225,2923,Lohit Gill,51,M,A4
7226,2924,Jagvi De,52,M,A1
7227,2924,Ridhi Muni,19,F,A2
7228,2924,Laksh Grover,48,M,A3
7229,2925,Rayaan Upadhyay,18,T,A1
7230,2925,Anvi Sengupta,54,F,A2
7231,2925,Bhavna Golla,49,F,A3
7232,2925,Tristan Nadkarni,24,T,A4
7233,2926,Chandresh Mann,37,F,A1
7234,2926,Zansi Rajagopal,65,F,A2
7235,2926,Keya Din,51,T,A3
7236,2927,Teerth Bhatia,16,F,A1
7237,2927,Ekaja Yadav,50,T,A2
7238,2927,Yashodhara Dhar,46,F,A3
7239,2928,Yash Swamy,33,F,A1
7240,2928,Harshil Loyal,45,F,A2
7241,2928,Jonathan Viswanathan,57,F,A3
7242,2928,Nilima Wali,42,F,A4
7243,2929,Hardik Palan,56,F,A1
7244,2929,Januja Chatterjee,18,M,A2
7245,2929,Wakeeta Mistry,56,T,A3
7246,2930,Devansh Sura,19,T,A1
7247,2930,Yadavi Sarma,43,M,A2
7248,2930,Tanmayi Anand,53,F,A3
7249,2930,Quincy Sachdeva,42,F,A4
7250,2931,Netra Subramaniam,17,F,A1
7251,2931,Advaith Oza,62,F,A2
7252,2932,Chameli Sem,52,F,A1
7253,2932,Aarav Deep,61,M,A2
7254,2932,Oscar Taneja,44,T,A3
7255,2933,Jasmit Dey,29,M,A1
7256,2933,Pratyush Khatri,18,M,A2
7257,2934,Samarth Bumb,42,M,A1
7258,2934,Laksh Brar,62,M,A2
7259,2935,Warda Warrior,27,M,A1
7260,2935,Inaya Bahri,65,M,A2
7261,2935,Charvi Merchant,23,F,A3
7262,2936,Aahana Chauhan,38,F,A1
7263,2936,Ishita Bail,34,F,A2
7264,2937,Indrajit Gupta,34,T,A1
7265,2938,Forum Wason,32,M,A1
7266,2938,Chatura Goel,20,M,A2
7267,2939,Radha Sundaram,51,F,A1
7268,2940,Vrinda Mishra,60,M,A1
7269,2940,Dhruv Amble,39,M,A2
7270,2941,Garima Saxena,56,F,A1
7271,2942,Jeremiah Mukhopadhyay,27,M,A1
7272,2942,Zinal Upadhyay,58,F,A2
7273,2942,Noah Edwin,63,F,A3
7274,2942,Timothy Nayar,48,F,A4
7275,2943,Zarna Kumar,25,M,A1
7276,2943,Indrajit Kanda,35,F,A2
7277,2943,Aditya Nori,64,F,A3
7278,2943,Vritti Nayak,61,T,A4
7279,2944,Champak Guha,34,M,A1
7280,2945,Bachittar Bhagat,55,M,A1
7281,2945,Gunbir Murthy,61,T,A2
7282,2945,Wriddhish Issac,51,M,A3
7283,2946,Ekavir Srinivasan,43,F,A1
7284,2947,Vyanjana Murty,25,F,A1
7285,2947,Nachiket Kadakia,60,F,A2
7286,2947,Yahvi Vohra,27,M,A3
7287,2947,Ikbal Rao,40,F,A4
7288,2948,Finn Chatterjee,50,T,A1
7289,2948,Aashi Chowdhury,46,M,A2
7290,2948,Yashvi Gera,52,M,A3
7291,2948,Ucchal Shan,23,T,A4
7292,2949,Girish Golla,59,T,A1
7293,2950,Yochana Kothari,19,T,A1
7294,2950,Jasmit Sachdev,50,M,A2
7295,2950,Tarak Kant,59,F,A3
7296,2951,Chandani Sur,63,F,A1
7297,2951,Balhaar Oommen,37,M,A2
7298,2951,Sara Rege,20,F,A3
7299,2951,Rachita Chacko,39,M,A4
7300,2952,Kamya Gala,20,F,A1
7301,2952,Bhavini Kapur,39,T,A2
7302,2952,Tanay Nigam,40,M,A3
7303,2952,Champak Venkataraman,47,T,A4
7304,2953,Rajeshri Vora,47,F,A1
7305,2954,Gunbir Raval,52,M,A1
7306,2954,Zayan Contractor,59,F,A2
7307,2955,Turvi Loyal,60,M,A1
7308,2955,Indali Magar,35,M,A2
7309,2955,Dhruv Mistry,26,T,A3
7310,2956,Lucky Sawhney,51,F,A1
7311,2956,Ayush Minhas,47,M,A2
7312,2956,Finn Ganesh,35,M,A3
7313,2956,Falguni Thaker,45,T,A4
7314,2957,Gagan Dada,26,M,A1
7315,2957,Ayushman Mukhopadhyay,52,T,A2
7316,2957,Aadhya Ratti,42,F,A3
7317,2958,Gaurika Ben,63,M,A1
7318,2958,Abhiram Saran,59,T,A2
7319,2959,Arya Batra,36,T,A1
7320,2959,Anika Doctor,58,T,A2
7321,2959,Tristan Parsa,63,T,A3
7322,2960,Faqid Gill,16,F,A1
7323,2961,Manya Dhingra,36,M,A1
7324,2961,Luke Kara,55,T,A2
7325,2961,Liam Raman,30,M,A3
7326,2962,Yashica Mammen,25,F,A1
7327,2963,Amara Prashad,53,M,A1
7328,2963,Yoshita Konda,25,M,A2
7329,2963,Nidhi Basu,23,F,A3
7330,2963,Radhika Sami,52,T,A4
7331,2964,Damyanti Seshadri,37,M,A1
7332,2964,Tanveer Kadakia,47,F,A2
7333,2964,Utkarsh Raman,51,M,A3
7334,2964,Sathvik Dass,48,F,A4
7335,2965,Maya Warrior,25,M,A1
7336,2965,Shivani Vohra,41,F,A2
7337,2965,Tejas Seth,39,T,A3
7338,2966,Zayan Sachdev,16,M,A1
7339,2966,Chasmum Narain,62,M,A2
7340,2966,Eesha Saraf,62,F,A3
7341,2967,Patrick Kade,49,M,A1
7342,2967,Bhanumati Goswami,22,F,A2
7343,2967,Dakshesh Kashyap,45,T,A3
7344,2968,Sara Kalla,31,M,A1
7345,2968,Urishilla Palan,38,M,A2
7346,2969,Ekani Som,29,T,A1
7347,2969,Abhimanyu Nagy,44,T,A2
7348,2969,Urmi Minhas,37,M,A3
7349,2969,Faris Kara,54,T,A4
7350,2970,Anirudh Kamdar,48,T,A1
7351,2970,Rudra Keer,18,T,A2
7352,2971,Osha Chahal,32,M,A1
7353,2971,Hritik Tiwari,49,M,A2
7354,2971,Falan Apte,35,F,A3
7355,2972,Shivansh Din,42,F,A1
7356,2972,Devansh Barad,19,M,A2
7357,2973,Zilmil Khalsa,17,M,A1
7358,2974,Max Nori,31,M,A1
7359,2974,Vedika Manne,58,T,A2
7360,2975,Adya Soman,58,M,A1
7361,2975,Caleb Dugal,53,T,A2
7362,2975,Kalpit Tripathi,24,T,A3
7363,2976,Wriddhish Saxena,21,F,A1
7364,2976,Wriddhish Mukherjee,16,T,A2
7365,2976,Ayaan Dua,46,T,A3
7366,2977,Nakul Sampath,56,F,A1
7367,2978,Gagan Singh,41,F,A1
7368,2979,Onkar Tailor,35,T,A1
7369,2979,Gaurang Bhardwaj,45,F,A2
7370,2979,Dayamai Bhatnagar,22,F,A3
7371,2980,Champak Ram,33,T,A1
7372,2980,Gunbir D’Alia,64,M,A2
7373,2980,Odika Dyal,35,T,A3
7374,2980,Jagat Nagarajan,23,T,A4
7375,2981,Caleb Toor,58,F,A1
7376,2981,Gaurika Chahal,41,T,A2
7377,2981,Akshay Lad,42,F,A3
7378,2981,Chandran Mandal,42,T,A4
7379,2982,Libni Kapur,16,F,A1
7380,2983,Vihaan Handa,65,F,A1
7381,2983,Chatura Gill,31,F,A2
7382,2983,Darpan Kale,64,M,A3
7383,2984,Ganga Bajwa,18,M,A1
7384,2984,Owen Sidhu,16,M,A2
7385,2985,Balendra Lalla,33,M,A1
7386,2985,Lajita Chaudhry,56,T,A2
7387,2985,Umang Om,17,M,A3
7388,2985,Thomas Modi,61,M,A4
7389,2986,Bhavini Salvi,31,F,A1
7390,2986,Viraj Hayre,24,M,A2
7391,2986,Daksh Magar,33,M,A3
7392,2986,Teerth Basu,40,F,A4
7393,2987,Jalsa Wason,24,F,A1
7394,2987,Anya Bhatnagar,55,M,A2
7395,2987,Wriddhish Savant,24,F,A3
7396,2987,Wazir Kala,51,F,A4
7397,2988,Laksh Andra,45,M,A1
7398,2988,Kavya Gupta,51,M,A2
7399,2988,Warhi Dua,40,M,A3
7400,2989,Kala Chaudhary,33,F,A1
7401,2990,Shivani Saxena,22,F,A1
7402,2990,Oviya Bhasin,38,T,A2
7403,2990,Azaan Kannan,61,M,A3
7404,2990,Ridhi Khurana,52,M,A4
7405,2991,Timothy Khosla,59,T,A1
7406,2991,Ekani Jaggi,46,T,A2
7407,2991,Warda Narang,38,T,A3
7408,2992,Dhriti Hora,57,T,A1
7409,2992,Gaurika Zacharia,22,M,A2
7410,2993,Urvashi Loke,19,F,A1
7411,2994,Baljiwan Dutta,38,T,A1
7412,2994,Deepa Golla,39,F,A2
7413,2994,Charvi Dewan,43,F,A3
7414,2994,Elijah Ram,59,T,A4
7415,2995,Faris Peri,25,F,A1
7416,2995,Abdul Krishnamurthy,23,M,A2
7417,2996,Yasti Dhar,46,M,A1
7418,2996,Zaitra Singhal,16,T,A2
7419,2996,Bishakha Kannan,47,T,A3
7420,2996,Waida Jhaveri,63,T,A4
7421,2997,Jack Mistry,18,T,A1
7422,2997,Vyanjana Padmanabhan,28,F,A2
7423,2997,Upadhriti Yogi,60,M,A3
7424,2997,Om Bora,46,T,A4
7425,2998,Isha Bail,54,M,A1
7426,2999,Tanvi Chada,46,M,A1
7427,2999,Yutika Wason,55,M,A2
7428,2999,Vritti Kara,65,T,A3
7429,2999,Vedhika Dara,53,M,A4
7430,3000,Dalaja Saran,52,T,A1
