ArrestSurrenderID,CaseMasterID,ArrestSurrenderTypeID,ArrestSurrenderDate,ArrestSurrenderStateId,ArrestSurrenderDistrictId,PoliceStationID,IOID,CourtID,AccusedMasterID,IsAccused,IsComplainantAccused
1,1,1,2026-06-21,1,15,597,267,30,2,1,0
2,2,1,2024-11-10,1,16,634,636,31,4,1,0
3,2,1,2024-11-26,1,16,634,636,31,5,1,0
4,4,1,2026-07-30,1,1,19,12,1,9,1,0
5,5,2,2024-11-06,1,11,473,1085,21,11,1,0
6,5,1,2024-11-06,1,11,473,1085,21,12,1,0
7,6,1,2026-05-19,1,16,628,2188,32,13,1,0
8,6,1,2026-05-17,1,16,628,2188,32,15,1,0
9,8,1,2024-01-07,1,19,724,75,37,20,1,0
10,9,1,2024-02-13,1,20,756,2339,40,21,1,0
11,9,1,2024-03-13,1,20,756,2339,40,23,1,0
12,11,1,2026-04-07,1,9,375,1276,17,27,1,0
13,11,1,2026-04-13,1,9,375,1276,17,28,1,0
14,12,1,2023-07-16,1,12,508,69,23,29,1,0
15,12,1,2023-07-06,1,12,508,69,23,30,1,0
16,13,1,2024-06-06,1,22,861,470,43,31,1,0
17,14,1,2023-02-12,1,5,227,603,9,32,1,0
18,14,1,2023-02-24,1,5,227,603,9,33,1,0
19,15,2,2025-08-14,1,3,123,453,5,36,1,0
20,16,1,2023-10-28,1,29,1044,2139,57,37,1,0
21,17,1,2026-02-21,1,17,671,768,34,39,1,0
22,19,1,2024-03-27,1,24,922,384,47,42,1,0
23,19,1,2024-03-04,1,24,922,384,47,43,1,0
24,20,1,2024-02-04,1,14,564,186,27,44,1,0
25,21,1,2023-07-07,1,5,223,630,10,47,1,0
26,22,1,2023-05-17,1,5,260,2295,9,50,1,0
27,23,1,2024-03-16,1,27,1005,2122,54,51,1,0
28,24,1,2023-06-23,1,4,167,1799,8,52,1,0
29,25,1,2024-08-21,1,8,360,166,16,53,1,0
30,26,1,2024-10-25,1,20,750,172,39,55,1,0
31,27,1,2024-07-02,1,1,11,1941,1,56,1,0
32,27,1,2024-07-16,1,1,11,1941,1,58,1,0
33,27,1,2024-06-28,1,1,11,1941,1,59,1,0
34,29,1,2026-04-05,1,29,1051,926,58,61,1,0
35,31,1,2023-07-20,1,4,158,1342,7,64,1,0
36,32,1,2024-05-31,1,1,27,2038,2,65,1,0
37,32,1,2024-06-02,1,1,27,2038,2,66,1,0
38,32,2,2024-05-21,1,1,27,2038,2,67,1,0
39,33,1,2023-12-13,1,8,350,302,16,69,1,0
40,34,1,2023-04-24,1,2,37,1480,3,70,1,0
41,34,1,2023-04-17,1,2,37,1480,3,71,1,0
42,36,1,2025-11-05,1,3,98,1186,5,74,1,0
43,37,1,2024-01-23,1,9,399,914,17,78,1,0
44,37,1,2024-01-24,1,9,399,914,17,79,1,0
45,37,1,2024-01-11,1,9,399,914,17,80,1,0
46,38,1,2024-08-22,1,2,36,483,4,83,1,0
47,41,2,2025-02-14,1,3,104,2029,6,88,1,0
48,41,1,2025-01-30,1,3,104,2029,6,89,1,0
49,41,1,2025-01-26,1,3,104,2029,6,90,1,0
50,42,1,2024-03-01,1,8,351,1914,15,92,1,0
51,42,1,2024-03-04,1,8,351,1914,15,93,1,0
52,43,2,2024-09-01,1,31,1117,691,62,94,1,0
53,43,1,2024-09-01,1,31,1117,691,62,95,1,0
54,44,1,2024-01-22,1,31,1099,2128,62,98,1,0
55,44,2,2024-01-12,1,31,1099,2128,62,99,1,0
56,45,1,2025-09-09,1,25,929,967,49,100,1,0
57,46,1,2026-03-25,1,22,830,714,43,103,1,0
58,47,1,2025-11-11,1,12,514,1222,24,105,1,0
59,47,2,2025-11-10,1,12,514,1222,24,106,1,0
60,47,1,2025-11-13,1,12,514,1222,24,107,1,0
61,47,1,2025-11-24,1,12,514,1222,24,108,1,0
62,48,1,2026-07-30,1,3,131,2180,5,109,1,0
63,49,1,2023-04-26,1,20,756,1477,40,110,1,0
64,49,1,2023-05-17,1,20,756,1477,40,111,1,0
65,49,1,2023-05-05,1,20,756,1477,40,112,1,0
66,50,1,2025-03-23,1,14,552,2238,27,113,1,0
67,50,2,2025-04-11,1,14,552,2238,27,114,1,0
68,52,1,2023-12-20,1,27,992,2384,53,117,1,0
69,54,1,2025-09-23,1,5,270,2107,10,119,1,0
70,54,1,2025-10-02,1,5,270,2107,10,120,1,0
71,54,1,2025-09-24,1,5,270,2107,10,121,1,0
72,55,1,2024-10-02,1,5,264,1754,9,122,1,0
73,57,1,2023-06-06,1,9,390,30,17,127,1,0
74,57,1,2023-05-17,1,9,390,30,17,128,1,0
75,57,1,2023-05-24,1,9,390,30,17,130,1,0
76,59,1,2024-01-22,1,17,668,1688,33,133,1,0
77,60,1,2023-12-12,1,11,449,2339,22,137,1,0
78,61,1,2024-04-05,1,5,231,2287,9,138,1,0
79,62,1,2024-02-06,1,19,732,250,37,141,1,0
80,63,1,2023-07-13,1,2,50,2095,3,146,1,0
81,63,1,2023-08-01,1,2,50,2095,3,147,1,0
82,64,1,2023-08-31,1,5,183,531,9,148,1,0
83,64,2,2023-09-20,1,5,183,531,9,149,1,0
84,65,1,2025-12-26,1,16,618,1166,32,151,1,0
85,67,2,2025-05-20,1,3,111,1964,6,154,1,0
86,68,1,2024-03-31,1,1,16,511,2,156,1,0
87,68,1,2024-04-24,1,1,16,511,2,157,1,0
88,70,1,2025-08-24,1,3,125,1674,5,160,1,0
89,71,1,2025-07-12,1,19,728,2033,37,162,1,0
90,72,1,2025-05-15,1,22,826,103,43,164,1,0
91,72,1,2025-05-19,1,22,826,103,43,165,1,0
92,73,1,2025-03-26,1,28,1018,917,55,166,1,0
93,74,1,2025-06-18,1,17,661,2388,33,167,1,0
94,75,1,2026-07-29,1,2,57,390,3,168,1,0
95,77,1,2026-05-11,1,28,1024,2293,55,172,1,0
96,78,1,2025-09-27,1,8,363,1366,16,174,1,0
97,78,1,2025-10-05,1,8,363,1366,16,175,1,0
98,79,1,2025-03-03,1,5,210,1666,9,176,1,0
99,79,1,2025-03-27,1,5,210,1666,9,177,1,0
100,80,2,2026-05-10,1,5,232,1466,9,178,1,0
101,80,1,2026-04-19,1,5,232,1466,9,179,1,0
102,81,1,2024-10-26,1,23,879,1121,46,181,1,0
103,82,1,2023-08-26,1,29,1059,1616,58,182,1,0
104,82,1,2023-08-30,1,29,1059,1616,58,183,1,0
105,83,1,2025-02-21,1,12,505,1944,23,185,1,0
106,83,1,2025-03-10,1,12,505,1944,23,186,1,0
107,84,1,2023-10-20,1,16,617,733,32,187,1,0
108,84,1,2023-10-13,1,16,617,733,32,189,1,0
109,85,1,2025-11-08,1,9,394,1514,18,190,1,0
110,86,2,2025-09-11,1,23,877,1644,46,194,1,0
111,86,2,2025-09-17,1,23,877,1644,46,195,1,0
112,86,1,2025-09-06,1,23,877,1644,46,196,1,0
113,87,1,2025-07-23,1,14,560,1078,28,197,1,0
114,87,1,2025-07-18,1,14,560,1078,28,198,1,0
115,87,1,2025-07-27,1,14,560,1078,28,199,1,0
116,88,1,2023-04-13,1,14,550,1252,28,204,1,0
117,89,1,2025-03-16,1,31,1104,52,61,206,1,0
118,90,1,2023-02-11,1,16,626,2109,32,208,1,0
119,90,1,2023-02-14,1,16,626,2109,32,209,1,0
120,91,1,2024-05-10,1,17,657,2058,34,210,1,0
121,92,1,2024-06-04,1,21,781,2281,42,212,1,0
122,92,1,2024-06-29,1,21,781,2281,42,213,1,0
123,93,1,2025-03-26,1,30,1070,186,60,215,1,0
124,94,2,2024-08-09,1,27,989,799,54,216,1,0
125,94,1,2024-07-21,1,27,989,799,54,217,1,0
126,94,1,2024-08-17,1,27,989,799,54,218,1,0
127,96,1,2024-04-29,1,30,1082,1936,60,223,1,0
128,96,1,2024-04-26,1,30,1082,1936,60,224,1,0
129,97,1,2023-10-28,1,20,755,1375,39,225,1,0
130,97,1,2023-10-27,1,20,755,1375,39,226,1,0
131,97,1,2023-11-11,1,20,755,1375,39,227,1,0
132,98,2,2024-07-13,1,20,751,1203,39,228,1,0
133,99,1,2024-08-23,1,5,279,2061,10,229,1,0
134,99,1,2024-08-23,1,5,279,2061,10,230,1,0
135,99,1,2024-08-04,1,5,279,2061,10,231,1,0
136,102,1,2023-05-03,1,17,681,909,33,238,1,0
137,102,1,2023-04-15,1,17,681,909,33,239,1,0
138,104,1,2023-08-08,1,17,665,113,33,245,1,0
139,105,1,2023-11-02,1,4,170,244,8,246,1,0
140,105,1,2023-10-25,1,4,170,244,8,247,1,0
141,105,1,2023-10-11,1,4,170,244,8,248,1,0
142,106,1,2023-05-07,1,3,135,886,5,250,1,0
143,106,1,2023-04-20,1,3,135,886,5,251,1,0
144,107,1,2025-02-22,1,12,499,1589,23,253,1,0
145,108,1,2024-05-05,1,20,768,1878,39,255,1,0
146,108,1,2024-04-12,1,20,768,1878,39,256,1,0
147,110,1,2024-08-01,1,1,14,2305,2,259,1,0
148,110,2,2024-08-27,1,1,14,2305,2,260,1,0
149,111,1,2023-01-13,1,5,259,664,9,261,1,0
150,113,2,2023-10-21,1,29,1053,5,57,264,1,0
151,113,1,2023-11-01,1,29,1053,5,57,265,1,0
152,113,1,2023-10-30,1,29,1053,5,57,266,1,0
153,114,1,2023-09-19,1,1,27,1135,1,267,1,0
154,115,1,2025-01-05,1,3,118,1803,6,270,1,0
155,116,1,2025-04-12,1,21,793,832,42,274,1,0
156,116,2,2025-04-03,1,21,793,832,42,275,1,0
157,118,1,2026-02-17,1,18,704,2109,35,277,1,0
158,119,1,2025-08-15,1,15,577,236,29,280,1,0
159,119,1,2025-08-24,1,15,577,236,29,281,1,0
160,119,1,2025-08-29,1,15,577,236,29,283,1,0
161,120,1,2025-01-13,1,10,409,2312,20,284,1,0
162,120,1,2025-02-07,1,10,409,2312,20,286,1,0
163,121,1,2024-09-24,1,22,814,982,44,289,1,0
164,122,2,2024-04-03,1,22,846,428,43,290,1,0
165,122,2,2024-04-11,1,22,846,428,43,292,1,0
166,123,1,2024-06-16,1,25,944,200,49,293,1,0
167,123,1,2024-07-07,1,25,944,200,49,295,1,0
168,123,1,2024-06-29,1,25,944,200,49,296,1,0
169,124,1,2023-05-10,1,31,1100,187,61,298,1,0
170,124,1,2023-05-28,1,31,1100,187,61,299,1,0
171,125,1,2025-01-07,1,18,709,721,35,300,1,0
172,125,1,2025-01-15,1,18,709,721,35,301,1,0
173,126,1,2024-04-02,1,26,971,929,51,302,1,0
174,126,1,2024-04-25,1,26,971,929,51,303,1,0
175,126,2,2024-04-20,1,26,971,929,51,305,1,0
176,127,2,2023-07-14,1,9,375,1074,18,306,1,0
177,127,1,2023-07-26,1,9,375,1074,18,307,1,0
178,128,1,2024-01-10,1,9,378,750,18,308,1,0
179,129,1,2026-03-19,1,5,250,1579,9,311,1,0
180,130,1,2023-06-02,1,14,549,1352,27,312,1,0
181,132,1,2023-10-21,1,9,380,1886,18,315,1,0
182,133,1,2024-01-26,1,17,686,650,33,317,1,0
183,135,1,2023-10-30,1,19,734,1316,38,320,1,0
184,135,1,2023-10-19,1,19,734,1316,38,321,1,0
185,136,1,2024-04-14,1,15,599,1251,30,323,1,0
186,136,1,2024-04-13,1,15,599,1251,30,324,1,0
187,137,1,2026-01-01,1,30,1092,425,60,326,1,0
188,137,2,2025-12-09,1,30,1092,425,60,327,1,0
189,138,1,2026-03-15,1,11,458,1458,21,331,1,0
190,139,1,2024-06-15,1,9,388,907,17,332,1,0
191,139,1,2024-07-07,1,9,388,907,17,333,1,0
192,140,1,2025-11-24,1,22,852,2213,43,334,1,0
193,140,1,2025-11-04,1,22,852,2213,43,336,1,0
194,141,1,2025-05-27,1,14,575,1380,27,337,1,0
195,142,1,2025-07-07,1,26,960,1753,52,338,1,0
196,142,1,2025-06-30,1,26,960,1753,52,339,1,0
197,143,1,2023-05-02,1,5,270,2382,9,341,1,0
198,145,2,2024-07-02,1,15,578,1014,29,348,1,0
199,146,1,2026-05-15,1,11,462,1032,21,351,1,0
200,147,1,2024-10-29,1,20,772,1567,39,354,1,0
201,147,1,2024-10-28,1,20,772,1567,39,355,1,0
202,148,1,2025-07-31,1,9,389,1628,17,356,1,0
203,149,1,2023-11-16,1,7,323,1682,13,359,1,0
204,149,1,2023-11-09,1,7,323,1682,13,360,1,0
205,150,1,2026-01-19,1,11,457,2190,21,361,1,0
206,150,1,2026-01-31,1,11,457,2190,21,362,1,0
207,150,1,2026-01-15,1,11,457,2190,21,363,1,0
208,151,1,2023-05-19,1,31,1101,4,62,364,1,0
209,151,2,2023-05-25,1,31,1101,4,62,365,1,0
210,151,1,2023-05-05,1,31,1101,4,62,366,1,0
211,152,1,2024-09-30,1,2,36,1037,3,368,1,0
212,152,1,2024-10-09,1,2,36,1037,3,369,1,0
213,154,1,2026-03-19,1,8,351,2188,15,371,1,0
214,154,1,2026-03-02,1,8,351,2188,15,372,1,0
215,155,2,2023-12-01,1,9,389,925,17,374,1,0
216,155,2,2023-12-10,1,9,389,925,17,375,1,0
217,155,1,2023-12-03,1,9,389,925,17,376,1,0
218,155,1,2023-12-14,1,9,389,925,17,377,1,0
219,156,1,2023-09-06,1,22,840,1444,44,378,1,0
220,156,2,2023-09-02,1,22,840,1444,44,380,1,0
221,157,1,2024-11-16,1,18,704,37,36,381,1,0
222,157,1,2024-11-28,1,18,704,37,36,382,1,0
223,157,1,2024-11-23,1,18,704,37,36,383,1,0
224,157,1,2024-11-11,1,18,704,37,36,384,1,0
225,158,1,2024-06-08,1,25,947,845,49,385,1,0
226,158,1,2024-05-16,1,25,947,845,49,386,1,0
227,158,1,2024-05-22,1,25,947,845,49,387,1,0
228,158,1,2024-05-11,1,25,947,845,49,388,1,0
229,160,1,2025-04-18,1,21,800,833,42,390,1,0
230,160,1,2025-04-06,1,21,800,833,42,391,1,0
231,160,2,2025-04-14,1,21,800,833,42,392,1,0
232,161,1,2023-10-04,1,12,517,1405,24,394,1,0
233,161,1,2023-10-18,1,12,517,1405,24,395,1,0
234,162,1,2025-07-17,1,15,604,1593,30,396,1,0
235,162,1,2025-06-26,1,15,604,1593,30,397,1,0
236,162,1,2025-07-19,1,15,604,1593,30,398,1,0
237,163,1,2023-06-04,1,5,188,587,10,399,1,0
238,163,1,2023-05-22,1,5,188,587,10,400,1,0
239,163,2,2023-06-05,1,5,188,587,10,401,1,0
240,164,1,2024-10-09,1,19,744,1103,38,402,1,0
241,164,1,2024-10-18,1,19,744,1103,38,403,1,0
242,164,1,2024-10-19,1,19,744,1103,38,404,1,0
243,165,1,2025-05-31,1,8,374,2073,15,407,1,0
244,165,1,2025-06-09,1,8,374,2073,15,408,1,0
245,165,1,2025-06-20,1,8,374,2073,15,409,1,0
246,166,2,2024-01-22,1,26,980,359,52,410,1,0
247,167,1,2023-03-22,1,2,60,1965,3,413,1,0
248,167,2,2023-04-12,1,2,60,1965,3,414,1,0
249,168,2,2024-11-11,1,27,1005,2130,53,416,1,0
250,169,1,2023-07-30,1,17,674,2034,33,418,1,0
251,171,1,2024-11-09,1,1,25,82,1,421,1,0
252,172,1,2023-07-27,1,30,1096,175,59,422,1,0
253,172,2,2023-08-19,1,30,1096,175,59,425,1,0
254,173,1,2023-07-05,1,23,882,353,46,427,1,0
255,174,1,2026-02-06,1,7,325,1679,13,429,1,0
256,174,1,2026-01-26,1,7,325,1679,13,430,1,0
257,174,1,2026-02-02,1,7,325,1679,13,431,1,0
258,175,2,2025-06-13,1,10,428,1079,20,432,1,0
259,176,1,2024-11-02,1,14,553,972,28,433,1,0
260,177,1,2023-06-10,1,30,1071,1816,60,434,1,0
261,177,1,2023-05-31,1,30,1071,1816,60,435,1,0
262,178,1,2025-03-29,1,5,262,1074,9,436,1,0
263,179,1,2024-05-28,1,20,761,244,40,437,1,0
264,179,1,2024-05-09,1,20,761,244,40,439,1,0
265,179,1,2024-05-07,1,20,761,244,40,440,1,0
266,180,1,2025-06-09,1,30,1077,206,59,442,1,0
267,180,2,2025-06-20,1,30,1077,206,59,443,1,0
268,182,1,2026-03-30,1,5,228,1863,9,446,1,0
269,183,1,2023-06-21,1,14,553,2390,28,449,1,0
270,183,1,2023-06-21,1,14,553,2390,28,450,1,0
271,184,1,2024-10-23,1,5,227,700,10,451,1,0
272,185,1,2026-03-05,1,24,898,2343,48,452,1,0
273,185,1,2026-02-20,1,24,898,2343,48,454,1,0
274,186,1,2023-02-07,1,6,304,2014,11,455,1,0
275,186,1,2023-01-28,1,6,304,2014,11,457,1,0
276,186,1,2023-01-20,1,6,304,2014,11,458,1,0
277,187,1,2025-03-27,1,5,190,963,10,459,1,0
278,188,1,2024-07-28,1,29,1055,487,57,460,1,0
279,188,1,2024-08-04,1,29,1055,487,57,461,1,0
280,189,2,2025-02-11,1,17,659,1161,34,463,1,0
281,190,1,2023-06-06,1,28,1026,557,56,465,1,0
282,192,1,2024-02-15,1,8,360,282,15,468,1,0
283,192,1,2024-02-22,1,8,360,282,15,469,1,0
284,192,1,2024-03-09,1,8,360,282,15,470,1,0
285,193,1,2025-10-20,1,16,634,1728,32,474,1,0
286,194,1,2026-07-21,1,14,553,654,27,477,1,0
287,194,1,2026-07-24,1,14,553,654,27,478,1,0
288,199,1,2025-01-12,1,7,319,2079,14,483,1,0
289,200,1,2026-01-02,1,24,909,1917,47,485,1,0
290,200,2,2025-12-11,1,24,909,1917,47,486,1,0
291,200,1,2025-12-28,1,24,909,1917,47,488,1,0
292,201,1,2025-08-14,1,19,721,61,38,490,1,0
293,201,1,2025-09-09,1,19,721,61,38,491,1,0
294,202,1,2023-07-12,1,6,291,1666,11,493,1,0
295,203,1,2023-05-26,1,28,1031,1742,55,494,1,0
296,203,1,2023-06-09,1,28,1031,1742,55,495,1,0
297,203,1,2023-05-24,1,28,1031,1742,55,496,1,0
298,204,1,2023-09-17,1,23,870,1315,45,499,1,0
299,204,1,2023-09-19,1,23,870,1315,45,500,1,0
300,206,1,2025-07-09,1,9,381,1329,17,503,1,0
301,207,1,2024-12-14,1,10,423,1950,19,505,1,0
302,207,1,2024-12-17,1,10,423,1950,19,506,1,0
303,208,1,2023-07-17,1,22,857,1758,43,507,1,0
304,208,1,2023-06-26,1,22,857,1758,43,508,1,0
305,208,1,2023-07-21,1,22,857,1758,43,509,1,0
306,209,1,2023-08-05,1,27,988,2008,53,511,1,0
307,209,1,2023-08-13,1,27,988,2008,53,512,1,0
308,210,1,2024-07-04,1,5,196,2030,9,515,1,0
309,211,1,2024-08-19,1,13,520,1805,26,516,1,0
310,211,1,2024-07-28,1,13,520,1805,26,517,1,0
311,211,1,2024-08-21,1,13,520,1805,26,518,1,0
312,212,1,2024-04-09,1,21,794,2307,41,520,1,0
313,213,1,2025-06-06,1,1,6,89,1,522,1,0
314,213,1,2025-05-08,1,1,6,89,1,523,1,0
315,214,1,2025-02-28,1,6,316,244,11,524,1,0
316,214,1,2025-02-08,1,6,316,244,11,525,1,0
317,214,2,2025-02-13,1,6,316,244,11,526,1,0
318,215,1,2023-07-10,1,14,554,1820,28,527,1,0
319,215,2,2023-07-25,1,14,554,1820,28,528,1,0
320,216,1,2026-03-29,1,5,191,401,9,531,1,0
321,216,1,2026-03-23,1,5,191,401,9,532,1,0
322,218,1,2026-05-21,1,27,994,1910,53,534,1,0
323,218,2,2026-05-23,1,27,994,1910,53,535,1,0
324,219,1,2025-01-04,1,23,881,680,46,536,1,0
325,220,1,2025-03-04,1,17,654,692,33,541,1,0
326,221,1,2026-05-12,1,8,359,1711,16,543,1,0
327,222,1,2023-12-05,1,5,276,356,9,547,1,0
328,222,1,2023-12-03,1,5,276,356,9,548,1,0
329,223,1,2023-07-19,1,23,868,914,45,550,1,0
330,224,1,2025-12-16,1,21,796,1729,41,552,1,0
331,224,1,2025-12-31,1,21,796,1729,41,553,1,0
332,224,1,2025-12-18,1,21,796,1729,41,554,1,0
333,225,2,2024-12-06,1,23,878,2346,45,555,1,0
334,225,1,2024-11-27,1,23,878,2346,45,556,1,0
335,226,1,2025-09-14,1,17,641,1141,33,557,1,0
336,227,1,2025-02-25,1,22,812,1703,44,558,1,0
337,227,1,2025-02-17,1,22,812,1703,44,560,1,0
338,228,1,2025-08-10,1,2,84,84,3,561,1,0
339,229,1,2026-02-22,1,5,247,1723,10,563,1,0
340,230,1,2025-10-01,1,28,1032,1322,56,564,1,0
341,230,1,2025-10-09,1,28,1032,1322,56,565,1,0
342,233,2,2025-09-05,1,4,155,23,8,572,1,0
343,233,1,2025-09-10,1,4,155,23,8,573,1,0
344,233,1,2025-09-01,1,4,155,23,8,574,1,0
345,236,2,2024-08-15,1,13,542,754,26,577,1,0
346,236,1,2024-08-26,1,13,542,754,26,578,1,0
347,236,1,2024-08-21,1,13,542,754,26,580,1,0
348,237,1,2024-06-02,1,15,602,173,29,581,1,0
349,237,1,2024-05-17,1,15,602,173,29,582,1,0
350,237,1,2024-05-23,1,15,602,173,29,584,1,0
351,238,1,2025-05-15,1,30,1084,1272,60,585,1,0
352,238,2,2025-05-03,1,30,1084,1272,60,586,1,0
353,239,1,2025-02-27,1,18,707,2409,35,587,1,0
354,240,1,2023-11-28,1,5,174,121,9,590,1,0
355,241,1,2023-11-21,1,17,659,543,34,591,1,0
356,241,2,2023-11-11,1,17,659,543,34,592,1,0
357,243,1,2023-02-04,1,15,595,670,29,594,1,0
358,243,1,2023-02-05,1,15,595,670,29,595,1,0
359,244,1,2026-07-21,1,17,684,2420,34,597,1,0
360,244,1,2026-06-28,1,17,684,2420,34,599,1,0
361,245,1,2023-07-22,1,19,732,2205,37,600,1,0
362,246,1,2023-05-01,1,22,816,208,43,601,1,0
363,247,1,2024-05-17,1,2,82,1142,3,603,1,0
364,247,2,2024-05-19,1,2,82,1142,3,604,1,0
365,248,1,2025-10-05,1,23,885,175,45,607,1,0
366,248,1,2025-09-30,1,23,885,175,45,608,1,0
367,249,1,2023-03-27,1,22,826,602,43,609,1,0
368,249,1,2023-03-26,1,22,826,602,43,610,1,0
369,250,1,2025-06-10,1,14,558,1672,28,612,1,0
370,252,2,2023-03-31,1,11,486,2492,21,616,1,0
371,253,1,2024-09-24,1,28,1010,2419,55,617,1,0
372,254,1,2024-11-21,1,15,580,688,30,618,1,0
373,255,1,2025-04-20,1,22,864,258,44,619,1,0
374,256,1,2024-10-01,1,17,669,1083,34,620,1,0
375,256,1,2024-10-08,1,17,669,1083,34,622,1,0
376,256,1,2024-09-21,1,17,669,1083,34,623,1,0
377,257,1,2025-09-13,1,20,767,1959,39,624,1,0
378,257,1,2025-08-22,1,20,767,1959,39,625,1,0
379,258,1,2024-05-30,1,17,660,1541,33,628,1,0
380,259,1,2024-09-04,1,14,572,2477,27,629,1,0
381,259,1,2024-09-16,1,14,572,2477,27,632,1,0
382,260,1,2023-09-29,1,6,309,895,11,634,1,0
383,261,1,2026-07-25,1,5,278,1938,10,635,1,0
384,262,1,2025-04-27,1,13,538,1291,25,641,1,0
385,263,2,2025-03-11,1,13,527,2400,25,642,1,0
386,263,1,2025-03-05,1,13,527,2400,25,643,1,0
387,264,1,2025-12-01,1,3,132,528,6,647,1,0
388,265,1,2024-02-14,1,21,793,16,42,650,1,0
389,266,1,2025-04-05,1,30,1071,706,60,651,1,0
390,266,1,2025-04-22,1,30,1071,706,60,652,1,0
391,266,1,2025-04-25,1,30,1071,706,60,653,1,0
392,266,1,2025-04-12,1,30,1071,706,60,654,1,0
393,267,1,2024-10-21,1,11,478,82,22,657,1,0
394,268,1,2026-04-19,1,1,25,2488,2,659,1,0
395,269,1,2024-04-02,1,28,1021,1380,55,661,1,0
396,269,1,2024-04-15,1,28,1021,1380,55,662,1,0
397,271,2,2024-01-09,1,11,451,1477,22,664,1,0
398,272,1,2025-03-01,1,5,178,1920,9,666,1,0
399,273,2,2024-01-14,1,6,311,148,12,667,1,0
400,273,1,2024-01-12,1,6,311,148,12,669,1,0
401,274,1,2024-03-27,1,25,927,1313,49,670,1,0
402,275,1,2026-08-04,1,2,58,2242,3,671,1,0
403,275,1,2026-08-15,1,2,58,2242,3,672,1,0
404,275,1,2026-08-09,1,2,58,2242,3,673,1,0
405,275,2,2026-07-31,1,2,58,2242,3,674,1,0
406,276,1,2026-05-30,1,16,623,182,32,675,1,0
407,278,1,2024-11-06,1,11,465,2195,21,677,1,0
408,278,1,2024-11-20,1,11,465,2195,21,678,1,0
409,279,2,2025-06-09,1,11,475,89,21,679,1,0
410,281,1,2023-10-04,1,8,362,2232,15,682,1,0
411,282,1,2024-04-16,1,5,203,1584,9,685,1,0
412,283,1,2026-03-01,1,5,239,1854,10,687,1,0
413,284,1,2025-10-23,1,22,863,385,44,688,1,0
414,285,1,2024-06-11,1,21,786,894,42,691,1,0
415,286,1,2024-09-08,1,14,556,577,27,693,1,0
416,286,1,2024-09-09,1,14,556,577,27,694,1,0
417,287,1,2024-08-22,1,1,17,2030,2,695,1,0
418,287,1,2024-08-20,1,1,17,2030,2,696,1,0
419,289,1,2024-01-21,1,13,540,1656,25,698,1,0
420,289,1,2024-01-30,1,13,540,1656,25,699,1,0
421,289,2,2024-01-09,1,13,540,1656,25,700,1,0
422,290,1,2023-11-03,1,29,1064,154,58,701,1,0
423,291,1,2024-02-22,1,5,207,744,9,702,1,0
424,291,1,2024-02-19,1,5,207,744,9,705,1,0
425,292,1,2024-07-31,1,12,497,727,23,706,1,0
426,292,1,2024-08-07,1,12,497,727,23,707,1,0
427,292,2,2024-08-13,1,12,497,727,23,709,1,0
428,294,2,2024-02-28,1,22,857,1328,44,712,1,0
429,294,1,2024-03-03,1,22,857,1328,44,714,1,0
430,295,1,2024-02-16,1,29,1056,2037,58,715,1,0
431,295,1,2024-03-02,1,29,1056,2037,58,716,1,0
432,296,1,2025-07-16,1,16,610,591,31,717,1,0
433,297,1,2023-07-09,1,25,943,1687,49,720,1,0
434,297,2,2023-07-14,1,25,943,1687,49,721,1,0
435,298,1,2024-03-17,1,27,988,1153,54,722,1,0
436,299,1,2023-02-25,1,4,171,662,7,723,1,0
437,301,2,2023-02-04,1,16,634,18,31,725,1,0
438,301,1,2023-02-06,1,16,634,18,31,727,1,0
439,302,1,2023-10-02,1,20,777,622,40,728,1,0
440,303,1,2024-10-12,1,28,1018,1160,55,729,1,0
441,303,1,2024-10-16,1,28,1018,1160,55,730,1,0
442,304,1,2025-08-02,1,9,378,1656,18,731,1,0
443,304,1,2025-07-08,1,9,378,1656,18,732,1,0
444,305,1,2025-10-11,1,5,206,1933,9,735,1,0
445,306,1,2023-01-25,1,2,66,1098,3,737,1,0
446,307,1,2026-03-08,1,27,1003,2148,53,738,1,0
447,308,1,2026-02-25,1,5,264,2276,9,742,1,0
448,309,1,2026-01-31,1,2,43,1717,4,743,1,0
449,310,1,2025-04-22,1,4,170,382,8,745,1,0
450,310,1,2025-04-02,1,4,170,382,8,746,1,0
451,310,1,2025-04-05,1,4,170,382,8,747,1,0
452,311,1,2024-03-18,1,8,357,1862,16,748,1,0
453,311,1,2024-03-22,1,8,357,1862,16,751,1,0
454,312,2,2024-04-05,1,8,372,571,15,752,1,0
455,313,1,2025-04-17,1,8,361,21,15,754,1,0
456,313,1,2025-04-30,1,8,361,21,15,755,1,0
457,314,1,2023-01-25,1,3,127,1400,6,757,1,0
458,315,1,2023-06-22,1,30,1095,1807,59,758,1,0
459,315,1,2023-06-26,1,30,1095,1807,59,759,1,0
460,315,1,2023-06-25,1,30,1095,1807,59,761,1,0
461,316,1,2026-07-30,1,4,152,284,8,762,1,0
462,316,1,2026-07-19,1,4,152,284,8,763,1,0
463,317,2,2025-12-09,1,15,583,344,29,764,1,0
464,318,1,2023-08-30,1,13,529,2036,25,766,1,0
465,318,2,2023-08-29,1,13,529,2036,25,767,1,0
466,318,2,2023-08-11,1,13,529,2036,25,768,1,0
467,319,1,2026-07-09,1,21,791,2167,42,770,1,0
468,319,1,2026-07-06,1,21,791,2167,42,771,1,0
469,320,1,2023-10-14,1,22,864,735,43,772,1,0
470,322,1,2025-10-20,1,22,809,49,44,775,1,0
471,323,2,2024-03-15,1,10,420,94,19,777,1,0
472,323,1,2024-04-07,1,10,420,94,19,778,1,0
473,324,1,2026-03-12,1,5,192,4,10,779,1,0
474,325,1,2024-12-23,1,29,1043,783,57,780,1,0
475,326,1,2023-07-12,1,2,74,634,3,781,1,0
476,326,1,2023-08-02,1,2,74,634,3,783,1,0
477,326,1,2023-07-06,1,2,74,634,3,784,1,0
478,327,1,2026-01-18,1,17,682,1461,33,785,1,0
479,327,1,2026-01-24,1,17,682,1461,33,786,1,0
480,328,2,2025-06-01,1,14,549,18,27,787,1,0
481,329,1,2023-08-27,1,23,874,781,45,789,1,0
482,330,1,2025-03-12,1,28,1033,36,55,790,1,0
483,330,1,2025-03-22,1,28,1033,36,55,791,1,0
484,330,1,2025-04-02,1,28,1033,36,55,792,1,0
485,330,1,2025-03-28,1,28,1033,36,55,793,1,0
486,332,1,2023-03-07,1,25,940,1726,49,795,1,0
487,332,1,2023-02-27,1,25,940,1726,49,796,1,0
488,334,1,2024-03-03,1,2,47,1670,3,799,1,0
489,335,1,2023-02-06,1,20,773,2292,40,801,1,0
490,337,1,2026-08-07,1,11,452,994,22,803,1,0
491,339,1,2025-11-10,1,5,202,2175,9,808,1,0
492,340,1,2024-01-04,1,17,666,1900,33,809,1,0
493,340,1,2023-12-16,1,17,666,1900,33,811,1,0
494,341,1,2024-11-11,1,21,794,2342,41,813,1,0
495,341,1,2024-12-02,1,21,794,2342,41,814,1,0
496,341,1,2024-11-07,1,21,794,2342,41,816,1,0
497,342,1,2023-02-05,1,11,478,74,21,818,1,0
498,342,2,2023-02-24,1,11,478,74,21,819,1,0
499,343,1,2023-03-12,1,9,401,1735,18,821,1,0
500,343,1,2023-03-05,1,9,401,1735,18,822,1,0
501,344,1,2024-08-13,1,3,135,1450,5,823,1,0
502,344,1,2024-08-25,1,3,135,1450,5,825,1,0
503,345,1,2024-06-17,1,11,448,2446,21,828,1,0
504,345,1,2024-06-28,1,11,448,2446,21,829,1,0
505,345,1,2024-06-20,1,11,448,2446,21,830,1,0
506,346,1,2024-05-24,1,1,10,1373,2,832,1,0
507,347,1,2024-02-01,1,17,678,458,34,833,1,0
508,347,1,2024-01-23,1,17,678,458,34,834,1,0
509,347,1,2024-01-22,1,17,678,458,34,835,1,0
510,348,1,2026-05-12,1,4,166,1247,8,837,1,0
511,348,1,2026-05-09,1,4,166,1247,8,838,1,0
512,349,1,2023-08-19,1,13,528,2105,25,841,1,0
513,349,1,2023-08-22,1,13,528,2105,25,843,1,0
514,349,1,2023-08-19,1,13,528,2105,25,844,1,0
515,350,1,2025-07-12,1,22,858,882,43,845,1,0
516,350,1,2025-07-14,1,22,858,882,43,846,1,0
517,351,1,2023-08-27,1,11,487,1482,22,847,1,0
518,352,1,2024-04-09,1,20,763,643,40,849,1,0
519,352,1,2024-04-12,1,20,763,643,40,850,1,0
520,352,2,2024-04-30,1,20,763,643,40,851,1,0
521,353,1,2025-07-02,1,17,660,1983,33,852,1,0
522,353,1,2025-06-26,1,17,660,1983,33,853,1,0
523,356,1,2025-12-29,1,21,793,911,41,858,1,0
524,357,1,2023-08-24,1,25,936,113,50,861,1,0
525,357,1,2023-09-12,1,25,936,113,50,862,1,0
526,358,1,2025-11-11,1,28,1027,986,56,865,1,0
527,359,1,2025-03-07,1,15,592,1562,30,866,1,0
528,361,1,2024-12-09,1,4,162,2433,7,869,1,0
529,362,1,2024-02-16,1,29,1063,1829,58,870,1,0
530,363,1,2024-12-15,1,22,839,2265,43,871,1,0
531,365,1,2025-03-20,1,5,236,1727,9,873,1,0
532,367,1,2024-01-31,1,8,374,1619,16,877,1,0
533,368,1,2025-08-14,1,31,1103,2480,61,881,1,0
534,369,1,2024-07-21,1,8,350,252,15,882,1,0
535,369,1,2024-08-06,1,8,350,252,15,883,1,0
536,369,1,2024-07-23,1,8,350,252,15,884,1,0
537,371,1,2023-03-16,1,4,145,1095,7,889,1,0
538,372,1,2026-07-09,1,2,34,610,4,890,1,0
539,372,1,2026-07-05,1,2,34,610,4,892,1,0
540,373,1,2026-03-13,1,12,511,2272,23,893,1,0
541,373,1,2026-03-15,1,12,511,2272,23,894,1,0
542,373,1,2026-03-13,1,12,511,2272,23,896,1,0
543,374,1,2024-04-04,1,25,933,1647,50,897,1,0
544,375,1,2024-06-17,1,30,1073,421,60,900,1,0
545,376,2,2024-11-15,1,14,570,1676,27,902,1,0
546,377,1,2025-06-05,1,27,1005,2107,53,904,1,0
547,377,1,2025-06-15,1,27,1005,2107,53,905,1,0
548,377,1,2025-06-15,1,27,1005,2107,53,906,1,0
549,378,1,2025-02-01,1,28,1032,1883,56,908,1,0
550,378,1,2025-02-15,1,28,1032,1883,56,909,1,0
551,380,1,2024-08-16,1,12,491,567,23,914,1,0
552,382,1,2025-01-29,1,23,866,534,46,917,1,0
553,383,1,2023-06-27,1,22,864,1288,43,919,1,0
554,383,1,2023-07-06,1,22,864,1288,43,920,1,0
555,384,1,2026-01-26,1,21,786,1528,42,921,1,0
556,384,1,2026-02-16,1,21,786,1528,42,922,1,0
557,385,2,2026-07-26,1,12,496,275,24,923,1,0
558,386,1,2023-01-06,1,5,263,1156,9,924,1,0
559,388,1,2024-11-18,1,20,769,1544,39,927,1,0
560,388,1,2024-11-14,1,20,769,1544,39,928,1,0
561,389,1,2024-01-13,1,5,209,792,9,929,1,0
562,389,1,2024-01-19,1,5,209,792,9,930,1,0
563,390,2,2026-07-10,1,19,739,1310,38,934,1,0
564,391,1,2026-06-30,1,21,780,543,42,935,1,0
565,391,2,2026-06-17,1,21,780,543,42,936,1,0
566,391,1,2026-06-19,1,21,780,543,42,938,1,0
567,392,2,2025-10-25,1,19,721,202,37,940,1,0
568,392,2,2025-11-03,1,19,721,202,37,941,1,0
569,395,1,2024-02-23,1,5,201,2414,10,945,1,0
570,395,1,2024-02-24,1,5,201,2414,10,947,1,0
571,396,2,2025-01-21,1,3,98,2298,6,949,1,0
572,397,2,2024-02-08,1,30,1096,2198,59,951,1,0
573,397,1,2024-02-03,1,30,1096,2198,59,952,1,0
574,397,1,2024-01-23,1,30,1096,2198,59,953,1,0
575,397,1,2024-02-15,1,30,1096,2198,59,954,1,0
576,398,1,2024-11-04,1,26,979,2457,52,955,1,0
577,400,1,2023-11-16,1,14,576,881,27,958,1,0
578,400,2,2023-11-03,1,14,576,881,27,959,1,0
579,401,1,2024-07-28,1,13,535,632,25,960,1,0
580,401,1,2024-08-01,1,13,535,632,25,962,1,0
581,402,1,2025-10-23,1,6,315,1464,11,964,1,0
582,404,1,2024-12-17,1,29,1060,1803,58,969,1,0
583,404,1,2024-12-19,1,29,1060,1803,58,970,1,0
584,405,1,2024-12-16,1,5,231,1912,9,971,1,0
585,405,1,2025-01-01,1,5,231,1912,9,972,1,0
586,406,1,2023-08-08,1,16,633,877,32,975,1,0
587,406,1,2023-07-21,1,16,633,877,32,976,1,0
588,407,1,2025-06-28,1,16,619,1641,32,978,1,0
589,407,1,2025-07-01,1,16,619,1641,32,979,1,0
590,410,1,2026-06-13,1,3,97,1269,5,985,1,0
591,412,1,2023-06-28,1,7,341,1321,14,988,1,0
592,413,1,2023-06-30,1,18,702,2094,36,991,1,0
593,413,1,2023-06-25,1,18,702,2094,36,992,1,0
594,414,1,2023-09-11,1,5,200,1595,9,993,1,0
595,414,1,2023-09-15,1,5,200,1595,9,994,1,0
596,415,1,2025-11-08,1,5,193,2115,9,995,1,0
597,416,1,2026-04-10,1,12,513,64,23,998,1,0
598,416,1,2026-03-30,1,12,513,64,23,999,1,0
599,417,1,2025-04-23,1,12,510,15,23,1000,1,0
600,418,1,2024-10-15,1,27,984,1414,53,1005,1,0
601,418,1,2024-10-17,1,27,984,1414,53,1006,1,0
602,419,2,2023-06-20,1,16,622,20,32,1007,1,0
603,420,2,2024-05-04,1,25,932,969,49,1011,1,0
604,420,1,2024-05-01,1,25,932,969,49,1012,1,0
605,420,1,2024-05-11,1,25,932,969,49,1013,1,0
606,421,1,2026-04-02,1,19,738,481,37,1014,1,0
607,421,1,2026-04-18,1,19,738,481,37,1016,1,0
608,422,1,2023-01-31,1,22,854,1671,43,1019,1,0
609,422,1,2023-02-06,1,22,854,1671,43,1021,1,0
610,424,1,2026-07-01,1,22,817,1397,44,1023,1,0
611,424,1,2026-06-12,1,22,817,1397,44,1025,1,0
612,426,1,2024-03-25,1,22,850,2212,44,1028,1,0
613,426,1,2024-03-12,1,22,850,2212,44,1029,1,0
614,426,1,2024-04-02,1,22,850,2212,44,1030,1,0
615,426,1,2024-03-26,1,22,850,2212,44,1031,1,0
616,427,1,2023-06-23,1,1,8,1219,2,1032,1,0
617,427,1,2023-06-19,1,1,8,1219,2,1034,1,0
618,428,1,2024-08-22,1,18,700,55,36,1036,1,0
619,428,1,2024-09-17,1,18,700,55,36,1038,1,0
620,429,2,2026-07-08,1,2,57,489,3,1040,1,0
621,430,1,2024-11-13,1,20,762,2476,39,1042,1,0
622,431,1,2025-07-16,1,26,963,1889,52,1044,1,0
623,431,1,2025-07-09,1,26,963,1889,52,1045,1,0
624,432,1,2025-08-29,1,15,601,126,30,1046,1,0
625,432,1,2025-09-13,1,15,601,126,30,1047,1,0
626,434,1,2024-11-18,1,11,446,1837,21,1051,1,0
627,435,1,2023-01-25,1,17,665,2479,33,1053,1,0
628,436,1,2023-05-22,1,6,295,1097,11,1054,1,0
629,436,1,2023-05-06,1,6,295,1097,11,1055,1,0
630,438,1,2023-05-05,1,22,819,393,44,1058,1,0
631,438,1,2023-04-25,1,22,819,393,44,1059,1,0
632,438,1,2023-04-16,1,22,819,393,44,1060,1,0
633,439,1,2023-02-17,1,18,708,1271,36,1063,1,0
634,439,1,2023-03-02,1,18,708,1271,36,1065,1,0
635,440,1,2024-05-30,1,23,886,300,46,1066,1,0
636,440,1,2024-05-24,1,23,886,300,46,1067,1,0
637,441,1,2023-04-24,1,5,197,1989,9,1068,1,0
638,442,1,2026-05-14,1,22,862,2422,44,1070,1,0
639,442,1,2026-05-28,1,22,862,2422,44,1071,1,0
640,443,1,2024-04-23,1,30,1093,2132,60,1073,1,0
641,444,2,2023-08-08,1,27,1007,1439,54,1074,1,0
642,445,1,2024-04-04,1,17,679,1975,33,1076,1,0
643,445,1,2024-04-01,1,17,679,1975,33,1077,1,0
644,446,1,2023-03-23,1,29,1039,2327,58,1079,1,0
645,446,1,2023-04-04,1,29,1039,2327,58,1080,1,0
646,447,1,2023-02-10,1,11,463,436,22,1081,1,0
647,447,2,2023-02-07,1,11,463,436,22,1082,1,0
648,447,1,2023-02-20,1,11,463,436,22,1083,1,0
649,448,1,2025-02-19,1,4,162,1075,7,1086,1,0
650,449,1,2025-05-09,1,9,397,1602,18,1087,1,0
651,450,1,2026-01-22,1,5,226,1560,9,1088,1,0
652,451,2,2024-10-17,1,5,257,1245,10,1090,1,0
653,452,1,2024-04-27,1,5,176,1823,9,1091,1,0
654,453,1,2025-03-21,1,19,725,625,38,1092,1,0
655,453,1,2025-03-09,1,19,725,625,38,1094,1,0
656,453,1,2025-04-03,1,19,725,625,38,1095,1,0
657,454,1,2026-03-09,1,3,134,989,5,1096,1,0
658,454,1,2026-02-21,1,3,134,989,5,1098,1,0
659,454,1,2026-02-27,1,3,134,989,5,1099,1,0
660,456,1,2023-05-11,1,23,867,381,46,1101,1,0
661,458,1,2024-05-25,1,17,675,1590,33,1107,1,0
662,458,1,2024-06-04,1,17,675,1590,33,1108,1,0
663,459,1,2024-07-18,1,20,760,2428,40,1111,1,0
664,460,1,2023-03-07,1,17,675,220,33,1114,1,0
665,460,1,2023-02-24,1,17,675,220,33,1115,1,0
666,461,2,2024-09-12,1,30,1088,2297,60,1116,1,0
667,461,1,2024-09-28,1,30,1088,2297,60,1117,1,0
668,461,1,2024-09-27,1,30,1088,2297,60,1119,1,0
669,462,1,2023-06-04,1,21,788,120,42,1120,1,0
670,462,2,2023-06-04,1,21,788,120,42,1122,1,0
671,462,1,2023-05-13,1,21,788,120,42,1123,1,0
672,464,1,2024-09-25,1,4,153,190,7,1126,1,0
673,464,1,2024-10-02,1,4,153,190,7,1128,1,0
674,464,1,2024-09-30,1,4,153,190,7,1129,1,0
675,465,1,2025-03-24,1,22,813,780,44,1130,1,0
676,465,1,2025-04-10,1,22,813,780,44,1131,1,0
677,466,1,2023-06-30,1,5,175,1604,10,1132,1,0
678,466,1,2023-06-16,1,5,175,1604,10,1133,1,0
679,467,1,2026-07-10,1,7,341,2095,13,1135,1,0
680,467,1,2026-07-25,1,7,341,2095,13,1136,1,0
681,467,1,2026-07-23,1,7,341,2095,13,1137,1,0
682,468,1,2026-06-23,1,27,1004,1337,54,1138,1,0
683,468,1,2026-06-10,1,27,1004,1337,54,1139,1,0
684,470,1,2023-01-23,1,16,626,1036,31,1143,1,0
685,471,1,2023-07-30,1,16,606,2498,32,1144,1,0
686,472,1,2024-12-24,1,11,482,1254,22,1146,1,0
687,472,1,2025-01-03,1,11,482,1254,22,1147,1,0
688,472,2,2024-12-17,1,11,482,1254,22,1148,1,0
689,473,1,2026-01-24,1,19,735,2429,38,1149,1,0
690,473,1,2026-01-22,1,19,735,2429,38,1150,1,0
691,473,1,2026-01-14,1,19,735,2429,38,1151,1,0
692,474,1,2024-11-09,1,16,626,1025,31,1153,1,0
693,475,1,2024-02-28,1,29,1053,533,57,1154,1,0
694,476,2,2025-12-20,1,31,1108,2298,62,1155,1,0
695,476,1,2025-12-07,1,31,1108,2298,62,1156,1,0
696,477,2,2023-04-13,1,5,226,1746,10,1158,1,0
697,477,1,2023-04-20,1,5,226,1746,10,1159,1,0
698,478,1,2024-11-24,1,28,1018,1550,56,1160,1,0
699,478,1,2024-11-28,1,28,1018,1550,56,1161,1,0
700,478,1,2024-12-04,1,28,1018,1550,56,1163,1,0
701,479,1,2023-10-07,1,18,697,768,35,1164,1,0
702,479,1,2023-10-01,1,18,697,768,35,1166,1,0
703,481,1,2025-05-20,1,2,30,424,3,1170,1,0
704,481,1,2025-05-07,1,2,30,424,3,1171,1,0
705,481,1,2025-05-24,1,2,30,424,3,1172,1,0
706,482,1,2024-04-18,1,17,639,1680,33,1173,1,0
707,483,1,2023-03-06,1,17,691,1769,34,1174,1,0
708,484,1,2026-04-28,1,11,474,2368,21,1177,1,0
709,485,1,2025-10-02,1,17,664,683,33,1179,1,0
710,486,1,2023-12-15,1,24,902,1889,48,1183,1,0
711,487,1,2026-02-08,1,6,314,2453,11,1184,1,0
712,487,1,2026-01-24,1,6,314,2453,11,1185,1,0
713,488,1,2025-02-13,1,22,823,263,43,1186,1,0
714,489,1,2025-07-19,1,30,1070,1931,60,1187,1,0
715,489,1,2025-06-21,1,30,1070,1931,60,1188,1,0
716,490,1,2023-06-08,1,17,671,210,33,1190,1,0
717,490,2,2023-06-02,1,17,671,210,33,1191,1,0
718,491,1,2026-07-05,1,19,747,1888,38,1192,1,0
719,491,1,2026-07-16,1,19,747,1888,38,1193,1,0
720,491,2,2026-07-27,1,19,747,1888,38,1194,1,0
721,492,1,2023-07-22,1,20,751,1879,39,1196,1,0
722,493,1,2025-11-30,1,29,1058,2112,58,1197,1,0
723,493,1,2025-12-05,1,29,1058,2112,58,1200,1,0
724,494,2,2026-01-14,1,4,146,2096,8,1201,1,0
725,494,1,2026-01-09,1,4,146,2096,8,1203,1,0
726,496,1,2023-07-04,1,8,370,1377,16,1206,1,0
727,496,2,2023-07-07,1,8,370,1377,16,1208,1,0
728,497,1,2024-11-20,1,1,7,1859,1,1210,1,0
729,498,1,2023-10-18,1,5,279,1907,10,1214,1,0
730,499,1,2024-08-31,1,7,332,257,13,1215,1,0
731,499,1,2024-08-05,1,7,332,257,13,1216,1,0
732,499,2,2024-08-26,1,7,332,257,13,1217,1,0
733,500,1,2024-01-17,1,30,1070,2144,60,1218,1,0
734,500,1,2024-01-22,1,30,1070,2144,60,1219,1,0
735,501,1,2026-03-12,1,31,1107,687,61,1220,1,0
736,501,1,2026-03-09,1,31,1107,687,61,1221,1,0
737,501,2,2026-03-13,1,31,1107,687,61,1222,1,0
738,502,1,2025-04-16,1,1,15,909,2,1224,1,0
739,502,1,2025-05-08,1,1,15,909,2,1226,1,0
740,504,1,2025-02-04,1,3,142,1638,6,1228,1,0
741,505,2,2023-01-23,1,2,60,980,4,1230,1,0
742,506,1,2024-05-22,1,11,462,2067,22,1231,1,0
743,507,1,2023-09-26,1,2,44,679,4,1232,1,0
744,507,1,2023-10-06,1,2,44,679,4,1233,1,0
745,507,1,2023-10-20,1,2,44,679,4,1234,1,0
746,508,1,2026-02-20,1,4,153,537,8,1236,1,0
747,509,1,2025-09-18,1,5,278,1898,9,1238,1,0
748,509,1,2025-08-28,1,5,278,1898,9,1239,1,0
749,511,1,2024-02-20,1,3,141,721,6,1241,1,0
750,512,1,2026-05-03,1,15,594,667,29,1242,1,0
751,514,2,2023-09-01,1,2,62,94,3,1244,1,0
752,515,1,2024-04-20,1,6,312,482,11,1245,1,0
753,516,2,2025-04-10,1,22,813,1016,44,1246,1,0
754,516,1,2025-04-13,1,22,813,1016,44,1248,1,0
755,516,1,2025-04-12,1,22,813,1016,44,1249,1,0
756,517,2,2026-04-24,1,1,11,2219,1,1251,1,0
757,517,1,2026-03-29,1,1,11,2219,1,1253,1,0
758,518,1,2024-06-13,1,2,67,1799,4,1254,1,0
759,518,1,2024-06-21,1,2,67,1799,4,1255,1,0
760,518,1,2024-07-05,1,2,67,1799,4,1256,1,0
761,519,2,2025-07-17,1,20,758,878,39,1259,1,0
762,520,1,2023-12-26,1,13,529,1556,26,1261,1,0
763,521,1,2023-11-07,1,22,848,2141,44,1263,1,0
764,521,1,2023-10-15,1,22,848,2141,44,1265,1,0
765,523,1,2025-01-07,1,26,975,1405,51,1270,1,0
766,523,1,2025-01-13,1,26,975,1405,51,1271,1,0
767,526,1,2023-06-14,1,14,569,495,28,1279,1,0
768,526,1,2023-06-22,1,14,569,495,28,1281,1,0
769,527,1,2025-08-05,1,28,1015,603,55,1285,1,0
770,528,1,2026-01-08,1,22,825,57,44,1288,1,0
771,528,1,2026-01-02,1,22,825,57,44,1289,1,0
772,529,1,2024-09-26,1,27,1008,1679,54,1291,1,0
773,529,2,2024-09-16,1,27,1008,1679,54,1292,1,0
774,529,1,2024-09-19,1,27,1008,1679,54,1293,1,0
775,530,1,2023-05-21,1,6,306,925,11,1294,1,0
776,531,1,2023-11-09,1,18,703,1961,35,1295,1,0
777,531,2,2023-11-13,1,18,703,1961,35,1296,1,0
778,532,1,2025-11-08,1,11,449,2375,21,1297,1,0
779,533,1,2023-10-03,1,9,403,2185,18,1300,1,0
780,534,1,2024-10-10,1,19,731,393,37,1302,1,0
781,535,2,2024-04-16,1,29,1061,975,58,1303,1,0
782,535,1,2024-04-03,1,29,1061,975,58,1304,1,0
783,535,1,2024-04-01,1,29,1061,975,58,1305,1,0
784,536,1,2023-01-23,1,5,183,1924,9,1307,1,0
785,536,1,2023-01-18,1,5,183,1924,9,1309,1,0
786,537,1,2023-11-28,1,3,110,1916,6,1311,1,0
787,538,2,2026-04-28,1,5,197,1239,10,1312,1,0
788,538,1,2026-04-24,1,5,197,1239,10,1313,1,0
789,539,2,2023-07-18,1,28,1016,1499,55,1314,1,0
790,540,2,2026-02-15,1,5,180,1841,9,1318,1,0
791,541,1,2024-06-26,1,19,734,725,37,1319,1,0
792,542,1,2026-05-04,1,16,614,1649,32,1320,1,0
793,544,2,2026-02-02,1,5,194,372,9,1324,1,0
794,545,1,2023-02-16,1,19,749,2459,37,1328,1,0
795,545,1,2023-02-13,1,19,749,2459,37,1329,1,0
796,545,1,2023-02-08,1,19,749,2459,37,1330,1,0
797,547,1,2023-05-26,1,9,401,2081,17,1335,1,0
798,547,1,2023-05-15,1,9,401,2081,17,1336,1,0
799,547,1,2023-05-27,1,9,401,2081,17,1337,1,0
800,547,1,2023-05-24,1,9,401,2081,17,1338,1,0
801,548,1,2024-06-21,1,1,28,2217,2,1339,1,0
802,548,1,2024-06-22,1,1,28,2217,2,1340,1,0
803,548,1,2024-06-20,1,1,28,2217,2,1341,1,0
804,549,2,2024-07-12,1,27,998,66,54,1343,1,0
805,550,1,2025-10-19,1,15,586,506,30,1344,1,0
806,551,1,2025-10-02,1,22,846,645,44,1347,1,0
807,552,2,2025-12-25,1,17,658,257,33,1348,1,0
808,553,2,2024-05-12,1,6,306,28,11,1350,1,0
809,554,1,2025-06-09,1,5,236,380,9,1351,1,0
810,554,1,2025-05-30,1,5,236,380,9,1352,1,0
811,555,1,2024-10-18,1,6,306,526,11,1356,1,0
812,556,1,2026-01-12,1,5,264,1315,10,1358,1,0
813,556,1,2026-02-08,1,5,264,1315,10,1359,1,0
814,557,1,2024-06-10,1,4,169,499,8,1360,1,0
815,557,1,2024-07-03,1,4,169,499,8,1361,1,0
816,557,1,2024-06-17,1,4,169,499,8,1362,1,0
817,557,1,2024-06-25,1,4,169,499,8,1363,1,0
818,558,1,2026-01-21,1,19,747,282,37,1364,1,0
819,558,1,2026-01-24,1,19,747,282,37,1365,1,0
820,559,2,2025-06-22,1,2,84,482,3,1367,1,0
821,560,1,2026-02-17,1,7,332,2207,13,1368,1,0
822,560,1,2026-02-27,1,7,332,2207,13,1369,1,0
823,561,1,2025-04-25,1,22,824,1119,43,1370,1,0
824,561,1,2025-05-01,1,22,824,1119,43,1372,1,0
825,562,1,2026-07-20,1,12,517,1385,24,1373,1,0
826,562,1,2026-07-20,1,12,517,1385,24,1374,1,0
827,563,1,2025-01-12,1,10,430,855,20,1375,1,0
828,563,1,2025-01-12,1,10,430,855,20,1376,1,0
829,564,1,2024-10-21,1,17,685,815,34,1378,1,0
830,564,1,2024-10-22,1,17,685,815,34,1379,1,0
831,564,1,2024-09-29,1,17,685,815,34,1380,1,0
832,565,1,2026-04-14,1,2,75,794,4,1382,1,0
833,565,1,2026-05-07,1,2,75,794,4,1384,1,0
834,566,1,2026-07-16,1,10,422,19,20,1385,1,0
835,567,1,2026-05-21,1,18,719,1821,36,1388,1,0
836,567,1,2026-05-28,1,18,719,1821,36,1390,1,0
837,568,1,2026-06-28,1,30,1074,1364,59,1391,1,0
838,568,1,2026-06-13,1,30,1074,1364,59,1392,1,0
839,569,1,2025-09-07,1,2,60,1126,3,1396,1,0
840,571,1,2023-05-02,1,24,894,2443,48,1398,1,0
841,571,1,2023-04-22,1,24,894,2443,48,1400,1,0
842,572,1,2025-05-10,1,9,376,1653,18,1402,1,0
843,572,1,2025-04-25,1,9,376,1653,18,1403,1,0
844,576,1,2025-06-29,1,20,762,633,39,1408,1,0
845,576,1,2025-07-06,1,20,762,633,39,1409,1,0
846,578,1,2024-09-13,1,3,114,973,5,1412,1,0
847,579,1,2023-11-12,1,27,996,1789,53,1413,1,0
848,580,1,2026-07-10,1,23,867,1858,46,1417,1,0
849,581,1,2023-10-29,1,29,1040,1351,58,1418,1,0
850,581,1,2023-10-11,1,29,1040,1351,58,1419,1,0
851,581,1,2023-10-24,1,29,1040,1351,58,1420,1,0
852,582,1,2024-07-08,1,25,946,809,50,1422,1,0
853,582,1,2024-07-06,1,25,946,809,50,1423,1,0
854,583,1,2024-08-07,1,10,414,229,20,1426,1,0
855,583,1,2024-08-13,1,10,414,229,20,1427,1,0
856,584,2,2023-03-19,1,5,188,1204,10,1428,1,0
857,585,1,2024-12-18,1,31,1119,1523,61,1430,1,0
858,586,1,2026-02-10,1,11,484,258,21,1432,1,0
859,587,1,2024-08-01,1,27,985,1126,54,1433,1,0
860,588,1,2026-01-08,1,21,795,1054,41,1434,1,0
861,588,2,2025-12-17,1,21,795,1054,41,1435,1,0
862,592,2,2023-05-12,1,5,282,2342,10,1442,1,0
863,592,1,2023-04-20,1,5,282,2342,10,1443,1,0
864,594,1,2025-02-08,1,22,833,1938,43,1446,1,0
865,594,1,2025-01-25,1,22,833,1938,43,1448,1,0
866,594,1,2025-01-17,1,22,833,1938,43,1449,1,0
867,595,1,2023-08-22,1,25,942,635,49,1450,1,0
868,595,1,2023-08-18,1,25,942,635,49,1451,1,0
869,597,1,2025-12-11,1,4,171,2453,7,1455,1,0
870,598,1,2024-07-20,1,22,811,1356,43,1456,1,0
871,598,1,2024-07-10,1,22,811,1356,43,1457,1,0
872,600,1,2025-07-18,1,5,223,151,9,1462,1,0
873,601,1,2024-09-11,1,13,528,1213,26,1463,1,0
874,601,1,2024-10-05,1,13,528,1213,26,1464,1,0
875,602,1,2023-09-20,1,3,133,482,5,1469,1,0
876,602,1,2023-09-10,1,3,133,482,5,1470,1,0
877,603,1,2023-08-15,1,5,206,1254,10,1473,1,0
878,604,1,2026-01-06,1,13,545,1488,25,1474,1,0
879,604,1,2026-01-02,1,13,545,1488,25,1475,1,0
880,605,1,2026-04-23,1,23,873,459,46,1476,1,0
881,606,1,2024-11-19,1,11,483,704,22,1477,1,0
882,606,1,2024-12-04,1,11,483,704,22,1479,1,0
883,607,1,2024-05-30,1,1,17,1800,1,1481,1,0
884,607,2,2024-05-19,1,1,17,1800,1,1482,1,0
885,608,1,2023-04-14,1,7,324,771,14,1484,1,0
886,609,1,2025-09-24,1,6,299,1067,12,1486,1,0
887,609,1,2025-09-24,1,6,299,1067,12,1488,1,0
888,610,2,2024-09-07,1,22,844,1575,44,1489,1,0
889,611,1,2024-06-24,1,18,698,1709,35,1492,1,0
890,611,1,2024-06-15,1,18,698,1709,35,1493,1,0
891,612,1,2025-06-17,1,18,692,1376,35,1495,1,0
892,613,1,2024-11-14,1,3,122,351,5,1496,1,0
893,614,1,2025-05-08,1,7,345,126,14,1497,1,0
894,614,1,2025-04-27,1,7,345,126,14,1499,1,0
895,615,1,2024-10-01,1,22,853,1284,43,1500,1,0
896,615,1,2024-10-24,1,22,853,1284,43,1502,1,0
897,618,2,2023-11-13,1,28,1010,1412,56,1505,1,0
898,618,1,2023-10-29,1,28,1010,1412,56,1506,1,0
899,619,1,2026-02-25,1,25,941,1959,49,1509,1,0
900,621,1,2024-08-02,1,19,736,2387,37,1512,1,0
901,621,1,2024-08-19,1,19,736,2387,37,1513,1,0
902,622,1,2024-05-09,1,23,879,1373,46,1514,1,0
903,623,1,2025-01-17,1,11,472,1312,21,1516,1,0
904,623,2,2025-01-21,1,11,472,1312,21,1517,1,0
905,624,1,2023-03-11,1,13,532,2087,25,1518,1,0
906,624,1,2023-03-08,1,13,532,2087,25,1519,1,0
907,625,2,2026-01-21,1,26,964,753,52,1520,1,0
908,625,1,2025-12-27,1,26,964,753,52,1521,1,0
909,626,1,2023-02-08,1,3,135,1378,6,1522,1,0
910,626,1,2023-02-15,1,3,135,1378,6,1525,1,0
911,627,1,2026-06-17,1,11,437,1870,21,1526,1,0
912,628,1,2024-10-30,1,22,825,439,44,1527,1,0
913,628,1,2024-10-27,1,22,825,439,44,1528,1,0
914,628,1,2024-10-04,1,22,825,439,44,1529,1,0
915,629,1,2025-09-09,1,3,112,2290,5,1531,1,0
916,629,1,2025-09-14,1,3,112,2290,5,1532,1,0
917,629,1,2025-09-04,1,3,112,2290,5,1533,1,0
918,630,1,2025-10-11,1,17,636,1209,34,1535,1,0
919,630,1,2025-10-12,1,17,636,1209,34,1536,1,0
920,631,1,2024-04-26,1,1,29,1169,1,1537,1,0
921,631,1,2024-05-03,1,1,29,1169,1,1538,1,0
922,632,1,2023-08-08,1,5,249,243,10,1539,1,0
923,632,1,2023-08-25,1,5,249,243,10,1540,1,0
924,632,1,2023-08-30,1,5,249,243,10,1541,1,0
925,633,2,2024-03-15,1,17,678,635,33,1544,1,0
926,633,1,2024-03-19,1,17,678,635,33,1545,1,0
927,634,1,2024-06-03,1,24,897,558,48,1547,1,0
928,634,1,2024-05-23,1,24,897,558,48,1548,1,0
929,637,2,2025-04-02,1,5,278,1874,10,1552,1,0
930,637,1,2025-03-12,1,5,278,1874,10,1553,1,0
931,638,1,2023-11-16,1,11,456,1920,21,1555,1,0
932,638,1,2023-11-03,1,11,456,1920,21,1556,1,0
933,638,1,2023-11-15,1,11,456,1920,21,1557,1,0
934,639,1,2025-06-01,1,12,498,2335,24,1559,1,0
935,640,1,2023-02-18,1,14,574,1615,27,1560,1,0
936,640,2,2023-03-12,1,14,574,1615,27,1561,1,0
937,640,1,2023-02-23,1,14,574,1615,27,1563,1,0
938,641,2,2025-09-06,1,2,78,2408,3,1564,1,0
939,641,1,2025-09-03,1,2,78,2408,3,1565,1,0
940,641,1,2025-09-05,1,2,78,2408,3,1566,1,0
941,641,2,2025-09-23,1,2,78,2408,3,1567,1,0
942,643,1,2025-09-06,1,3,106,1841,5,1570,1,0
943,643,1,2025-09-22,1,3,106,1841,5,1571,1,0
944,643,2,2025-10-02,1,3,106,1841,5,1572,1,0
945,645,1,2026-01-16,1,30,1077,2479,59,1575,1,0
946,645,1,2026-02-02,1,30,1077,2479,59,1576,1,0
947,645,1,2026-01-20,1,30,1077,2479,59,1578,1,0
948,647,1,2024-06-14,1,24,920,2309,48,1583,1,0
949,647,1,2024-07-05,1,24,920,2309,48,1584,1,0
950,647,1,2024-06-20,1,24,920,2309,48,1585,1,0
951,649,1,2025-01-15,1,6,289,297,11,1589,1,0
952,649,1,2025-02-01,1,6,289,297,11,1591,1,0
953,650,1,2025-05-10,1,11,436,127,22,1592,1,0
954,650,1,2025-05-11,1,11,436,127,22,1593,1,0
955,650,2,2025-05-09,1,11,436,127,22,1594,1,0
956,650,1,2025-05-07,1,11,436,127,22,1595,1,0
957,651,1,2024-10-09,1,27,1000,1793,54,1596,1,0
958,651,2,2024-10-14,1,27,1000,1793,54,1597,1,0
959,651,1,2024-10-17,1,27,1000,1793,54,1598,1,0
960,653,1,2023-02-04,1,5,284,1439,10,1601,1,0
961,654,1,2025-02-05,1,22,819,1577,44,1602,1,0
962,654,1,2025-02-05,1,22,819,1577,44,1603,1,0
963,655,1,2023-10-20,1,14,565,2270,27,1604,1,0
964,655,1,2023-11-05,1,14,565,2270,27,1605,1,0
965,656,1,2023-07-10,1,2,41,88,4,1608,1,0
966,656,1,2023-06-28,1,2,41,88,4,1609,1,0
967,657,2,2023-07-31,1,25,935,1738,50,1610,1,0
968,658,2,2023-12-25,1,22,863,563,44,1613,1,0
969,658,2,2023-12-14,1,22,863,563,44,1614,1,0
970,659,1,2026-07-26,1,2,85,703,4,1617,1,0
971,659,1,2026-07-24,1,2,85,703,4,1618,1,0
972,660,1,2023-03-01,1,14,567,1286,28,1619,1,0
973,660,1,2023-02-07,1,14,567,1286,28,1622,1,0
974,661,1,2024-09-22,1,1,9,99,1,1623,1,0
975,661,1,2024-09-21,1,1,9,99,1,1624,1,0
976,662,2,2026-03-13,1,17,635,737,34,1625,1,0
977,663,1,2024-06-24,1,11,456,1936,22,1627,1,0
978,663,1,2024-05-31,1,11,456,1936,22,1628,1,0
979,663,1,2024-06-08,1,11,456,1936,22,1629,1,0
980,664,1,2023-03-15,1,8,364,1333,15,1630,1,0
981,664,1,2023-03-20,1,8,364,1333,15,1633,1,0
982,665,1,2026-07-21,1,3,97,1976,5,1634,1,0
983,665,1,2026-07-29,1,3,97,1976,5,1635,1,0
984,668,1,2023-07-07,1,5,287,524,10,1641,1,0
985,669,1,2024-01-19,1,7,318,67,13,1643,1,0
986,670,1,2026-07-11,1,25,938,1273,50,1647,1,0
987,671,1,2023-12-12,1,23,875,1558,45,1649,1,0
988,671,1,2024-01-02,1,23,875,1558,45,1650,1,0
989,671,1,2023-12-16,1,23,875,1558,45,1652,1,0
990,673,1,2025-05-28,1,17,664,1119,33,1656,1,0
991,673,2,2025-05-04,1,17,664,1119,33,1658,1,0
992,674,1,2025-03-13,1,4,158,739,7,1659,1,0
993,674,1,2025-03-03,1,4,158,739,7,1660,1,0
994,676,2,2023-09-13,1,27,986,2019,53,1663,1,0
995,678,1,2025-03-23,1,25,924,672,49,1665,1,0
996,680,1,2024-03-22,1,18,693,49,35,1668,1,0
997,680,1,2024-03-20,1,18,693,49,35,1669,1,0
998,681,1,2025-08-02,1,2,49,166,3,1670,1,0
999,681,1,2025-07-17,1,2,49,166,3,1671,1,0
1000,684,1,2025-04-24,1,17,687,1904,33,1675,1,0
1001,684,1,2025-04-18,1,17,687,1904,33,1677,1,0
1002,685,2,2024-10-22,1,5,279,243,10,1679,1,0
1003,686,1,2024-02-09,1,23,868,1574,46,1682,1,0
1004,688,2,2025-05-11,1,8,363,746,15,1685,1,0
1005,688,1,2025-05-25,1,8,363,746,15,1686,1,0
1006,689,2,2026-08-05,1,4,166,736,8,1687,1,0
1007,689,1,2026-08-10,1,4,166,736,8,1688,1,0
1008,690,2,2024-06-03,1,19,738,489,37,1691,1,0
1009,691,1,2025-03-24,1,30,1096,291,60,1694,1,0
1010,692,2,2025-06-16,1,13,546,420,25,1695,1,0
1011,692,2,2025-06-23,1,13,546,420,25,1696,1,0
1012,693,1,2024-09-22,1,31,1123,1560,62,1697,1,0
1013,693,1,2024-09-23,1,31,1123,1560,62,1698,1,0
1014,693,1,2024-09-06,1,31,1123,1560,62,1699,1,0
1015,694,1,2026-06-03,1,27,1004,118,54,1701,1,0
1016,695,1,2023-01-31,1,17,649,969,34,1702,1,0
1017,695,1,2023-01-30,1,17,649,969,34,1703,1,0
1018,695,1,2023-01-10,1,17,649,969,34,1704,1,0
1019,696,1,2024-08-01,1,5,268,2485,10,1706,1,0
1020,697,1,2023-07-02,1,3,106,1968,5,1710,1,0
1021,698,1,2023-07-07,1,13,538,528,26,1711,1,0
1022,698,1,2023-07-09,1,13,538,528,26,1712,1,0
1023,698,1,2023-07-05,1,13,538,528,26,1713,1,0
1024,700,2,2023-05-21,1,11,474,2168,21,1715,1,0
1025,702,1,2023-08-22,1,5,228,837,10,1717,1,0
1026,702,1,2023-08-31,1,5,228,837,10,1718,1,0
1027,702,1,2023-08-12,1,5,228,837,10,1719,1,0
1028,706,1,2025-10-21,1,23,868,183,45,1727,1,0
1029,706,1,2025-10-15,1,23,868,183,45,1729,1,0
1030,706,1,2025-10-11,1,23,868,183,45,1730,1,0
1031,707,1,2024-01-19,1,15,592,515,30,1731,1,0
1032,708,1,2026-03-06,1,3,89,1590,5,1734,1,0
1033,708,1,2026-03-31,1,3,89,1590,5,1737,1,0
1034,709,1,2026-02-21,1,17,639,2375,34,1738,1,0
1035,710,1,2025-05-19,1,4,161,494,8,1739,1,0
1036,711,1,2023-02-21,1,9,395,1446,18,1741,1,0
1037,713,2,2023-08-14,1,3,132,1912,5,1743,1,0
1038,714,1,2023-03-27,1,14,570,896,27,1745,1,0
1039,714,1,2023-04-01,1,14,570,896,27,1747,1,0
1040,717,1,2024-05-04,1,4,158,1406,7,1752,1,0
1041,717,1,2024-05-05,1,4,158,1406,7,1753,1,0
1042,720,1,2026-04-27,1,9,397,1302,18,1756,1,0
1043,722,1,2024-03-14,1,25,924,950,50,1762,1,0
1044,722,1,2024-03-25,1,25,924,950,50,1763,1,0
1045,722,1,2024-03-10,1,25,924,950,50,1764,1,0
1046,723,1,2023-07-23,1,5,213,805,10,1766,1,0
1047,725,1,2023-02-13,1,24,917,2089,47,1769,1,0
1048,726,1,2025-10-31,1,25,927,137,49,1771,1,0
1049,726,2,2025-10-16,1,25,927,137,49,1773,1,0
1050,727,1,2025-10-01,1,22,849,389,44,1775,1,0
1051,727,1,2025-09-30,1,22,849,389,44,1776,1,0
1052,727,1,2025-09-16,1,22,849,389,44,1777,1,0
1053,728,1,2025-05-30,1,15,588,1695,29,1781,1,0
1054,730,1,2026-05-02,1,20,774,1972,39,1783,1,0
1055,731,1,2024-04-07,1,8,360,1605,15,1784,1,0
1056,732,1,2025-11-12,1,7,325,1337,13,1786,1,0
1057,732,1,2025-11-09,1,7,325,1337,13,1787,1,0
1058,733,1,2025-04-01,1,24,898,864,47,1788,1,0
1059,734,1,2023-02-11,1,29,1053,1277,58,1790,1,0
1060,734,2,2023-02-03,1,29,1053,1277,58,1791,1,0
1061,736,2,2026-05-19,1,22,858,1375,43,1794,1,0
1062,736,1,2026-05-03,1,22,858,1375,43,1795,1,0
1063,737,1,2023-02-09,1,13,521,1901,26,1796,1,0
1064,737,1,2023-02-03,1,13,521,1901,26,1797,1,0
1065,737,1,2023-02-15,1,13,521,1901,26,1798,1,0
1066,738,1,2024-09-13,1,7,340,642,13,1800,1,0
1067,738,1,2024-09-10,1,7,340,642,13,1801,1,0
1068,738,2,2024-08-31,1,7,340,642,13,1802,1,0
1069,739,2,2023-05-07,1,11,489,1497,21,1803,1,0
1070,739,1,2023-04-24,1,11,489,1497,21,1804,1,0
1071,739,1,2023-04-28,1,11,489,1497,21,1805,1,0
1072,740,1,2025-11-24,1,3,96,1116,6,1807,1,0
1073,741,1,2025-09-09,1,4,147,821,8,1810,1,0
1074,741,1,2025-09-05,1,4,147,821,8,1811,1,0
1075,742,1,2026-05-02,1,29,1059,1457,57,1812,1,0
1076,742,1,2026-05-14,1,29,1059,1457,57,1813,1,0
1077,742,1,2026-05-03,1,29,1059,1457,57,1814,1,0
1078,742,1,2026-05-27,1,29,1059,1457,57,1815,1,0
1079,743,1,2024-06-11,1,3,138,1097,5,1816,1,0
1080,743,1,2024-06-06,1,3,138,1097,5,1817,1,0
1081,744,2,2025-10-11,1,14,558,1898,27,1819,1,0
1082,745,1,2026-04-12,1,31,1109,83,61,1820,1,0
1083,745,1,2026-04-30,1,31,1109,83,61,1822,1,0
1084,745,2,2026-05-02,1,31,1109,83,61,1823,1,0
1085,746,1,2025-07-31,1,22,860,1955,43,1824,1,0
1086,746,2,2025-07-15,1,22,860,1955,43,1826,1,0
1087,746,1,2025-07-27,1,22,860,1955,43,1827,1,0
1088,748,1,2023-12-18,1,27,996,723,54,1829,1,0
1089,748,2,2023-12-13,1,27,996,723,54,1830,1,0
1090,749,1,2025-09-18,1,12,499,2405,23,1831,1,0
1091,749,2,2025-09-23,1,12,499,2405,23,1832,1,0
1092,750,1,2025-03-12,1,18,718,824,36,1833,1,0
1093,750,1,2025-02-27,1,18,718,824,36,1834,1,0
1094,750,1,2025-03-12,1,18,718,824,36,1835,1,0
1095,751,2,2025-04-04,1,25,946,142,50,1838,1,0
1096,752,2,2024-02-01,1,2,68,1931,3,1842,1,0
1097,753,1,2024-04-11,1,14,569,2051,27,1843,1,0
1098,753,1,2024-04-12,1,14,569,2051,27,1844,1,0
1099,754,1,2025-01-02,1,1,23,1492,1,1845,1,0
1100,754,1,2024-12-15,1,1,23,1492,1,1846,1,0
1101,754,1,2025-01-06,1,1,23,1492,1,1847,1,0
1102,755,1,2025-01-23,1,24,915,1945,48,1849,1,0
1103,755,1,2025-02-11,1,24,915,1945,48,1850,1,0
1104,756,1,2024-12-14,1,23,884,1072,46,1853,1,0
1105,757,2,2023-10-28,1,5,245,1997,9,1855,1,0
1106,758,1,2024-12-05,1,11,454,2423,21,1858,1,0
1107,759,1,2025-08-21,1,3,106,2294,6,1859,1,0
1108,760,1,2023-02-21,1,11,433,235,22,1862,1,0
1109,761,1,2023-08-04,1,22,847,1488,44,1864,1,0
1110,763,1,2023-11-28,1,2,68,361,4,1868,1,0
1111,763,1,2023-12-26,1,2,68,361,4,1869,1,0
1112,764,1,2023-10-08,1,11,489,1920,21,1870,1,0
1113,765,1,2025-03-19,1,8,356,1921,16,1871,1,0
1114,765,1,2025-04-12,1,8,356,1921,16,1872,1,0
1115,765,2,2025-03-23,1,8,356,1921,16,1873,1,0
1116,766,1,2023-07-25,1,5,191,143,10,1876,1,0
1117,767,1,2026-04-13,1,21,786,2416,42,1878,1,0
1118,767,1,2026-04-19,1,21,786,2416,42,1879,1,0
1119,768,1,2023-06-07,1,5,277,1795,10,1881,1,0
1120,768,1,2023-06-04,1,5,277,1795,10,1883,1,0
1121,769,1,2023-03-31,1,2,48,1671,3,1887,1,0
1122,769,1,2023-03-08,1,2,48,1671,3,1888,1,0
1123,770,1,2024-09-13,1,27,991,1735,53,1889,1,0
1124,770,1,2024-08-31,1,27,991,1735,53,1890,1,0
1125,772,1,2025-04-07,1,22,808,1119,43,1892,1,0
1126,773,1,2025-09-03,1,1,22,2045,1,1894,1,0
1127,774,1,2025-04-01,1,17,684,157,33,1897,1,0
1128,775,1,2024-09-25,1,3,114,371,6,1898,1,0
1129,775,1,2024-09-12,1,3,114,371,6,1900,1,0
1130,776,1,2026-06-28,1,21,787,2250,42,1901,1,0
1131,776,1,2026-06-16,1,21,787,2250,42,1902,1,0
1132,778,1,2024-03-02,1,24,896,606,47,1905,1,0
1133,780,1,2026-01-02,1,17,656,2278,34,1909,1,0
1134,780,1,2026-01-17,1,17,656,2278,34,1911,1,0
1135,782,1,2025-05-24,1,5,268,672,10,1914,1,0
1136,782,1,2025-05-14,1,5,268,672,10,1915,1,0
1137,782,1,2025-05-28,1,5,268,672,10,1916,1,0
1138,783,1,2024-07-16,1,13,519,265,25,1917,1,0
1139,784,1,2026-02-05,1,4,167,1361,7,1920,1,0
1140,785,2,2023-10-01,1,22,838,423,43,1921,1,0
1141,785,1,2023-10-05,1,22,838,423,43,1922,1,0
1142,785,1,2023-10-05,1,22,838,423,43,1923,1,0
1143,786,1,2025-09-14,1,6,300,1014,12,1926,1,0
1144,786,1,2025-09-25,1,6,300,1014,12,1927,1,0
1145,787,1,2023-07-05,1,2,56,746,3,1929,1,0
1146,787,1,2023-07-10,1,2,56,746,3,1930,1,0
1147,788,1,2023-12-31,1,24,906,2268,48,1934,1,0
1148,788,1,2023-12-18,1,24,906,2268,48,1935,1,0
1149,789,2,2023-05-26,1,8,373,1301,15,1936,1,0
1150,790,1,2025-02-20,1,30,1084,2056,60,1939,1,0
1151,790,2,2025-02-04,1,30,1084,2056,60,1941,1,0
1152,791,1,2023-02-19,1,19,725,2184,37,1942,1,0
1153,791,1,2023-02-19,1,19,725,2184,37,1943,1,0
1154,791,2,2023-02-18,1,19,725,2184,37,1944,1,0
1155,792,1,2026-05-02,1,16,621,57,31,1945,1,0
1156,792,1,2026-04-17,1,16,621,57,31,1947,1,0
1157,793,1,2025-03-22,1,2,77,1791,3,1948,1,0
1158,793,1,2025-03-03,1,2,77,1791,3,1949,1,0
1159,793,1,2025-03-25,1,2,77,1791,3,1950,1,0
1160,794,1,2025-05-02,1,22,834,167,44,1951,1,0
1161,795,1,2024-03-20,1,24,918,474,48,1952,1,0
1162,796,1,2023-11-26,1,21,789,635,41,1955,1,0
1163,797,1,2025-06-10,1,5,193,338,10,1957,1,0
1164,798,1,2023-07-05,1,13,527,898,26,1959,1,0
1165,798,1,2023-07-24,1,13,527,898,26,1960,1,0
1166,800,1,2025-01-30,1,1,14,2092,1,1964,1,0
1167,800,2,2025-01-27,1,1,14,2092,1,1965,1,0
1168,801,2,2025-07-30,1,24,920,1194,48,1967,1,0
1169,802,1,2024-07-12,1,28,1034,1354,56,1969,1,0
1170,803,1,2023-02-04,1,29,1049,2215,57,1973,1,0
1171,803,1,2023-02-23,1,29,1049,2215,57,1975,1,0
1172,804,1,2025-06-01,1,20,774,966,40,1976,1,0
1173,804,1,2025-06-07,1,20,774,966,40,1977,1,0
1174,805,1,2023-02-20,1,28,1017,153,56,1979,1,0
1175,806,1,2026-04-16,1,10,405,2469,19,1980,1,0
1176,806,1,2026-04-04,1,10,405,2469,19,1981,1,0
1177,806,1,2026-04-05,1,10,405,2469,19,1982,1,0
1178,807,2,2023-10-28,1,8,355,1344,15,1983,1,0
1179,807,1,2023-10-23,1,8,355,1344,15,1984,1,0
1180,807,1,2023-10-15,1,8,355,1344,15,1986,1,0
1181,808,1,2023-02-25,1,19,749,2019,37,1987,1,0
1182,808,1,2023-02-04,1,19,749,2019,37,1988,1,0
1183,808,1,2023-02-16,1,19,749,2019,37,1989,1,0
1184,809,1,2024-03-22,1,10,410,714,20,1990,1,0
1185,809,1,2024-03-26,1,10,410,714,20,1992,1,0
1186,809,1,2024-03-06,1,10,410,714,20,1993,1,0
1187,810,1,2023-03-30,1,19,742,24,38,1995,1,0
1188,811,1,2025-03-03,1,30,1080,1338,59,1996,1,0
1189,812,1,2026-07-11,1,28,1016,669,55,1997,1,0
1190,813,1,2024-02-28,1,4,153,1081,7,2000,1,0
1191,815,1,2024-08-30,1,6,305,843,11,2006,1,0
1192,816,1,2024-04-14,1,3,113,401,6,2007,1,0
1193,817,1,2025-09-11,1,11,437,917,22,2009,1,0
1194,818,2,2025-10-20,1,16,628,2494,32,2012,1,0
1195,821,1,2026-05-26,1,17,681,657,33,2017,1,0
1196,821,1,2026-06-09,1,17,681,657,33,2020,1,0
1197,822,1,2023-11-29,1,16,634,2433,32,2021,1,0
1198,822,1,2023-12-06,1,16,634,2433,32,2023,1,0
1199,823,1,2025-03-26,1,11,459,864,22,2024,1,0
1200,824,1,2024-01-16,1,3,91,2152,6,2026,1,0
1201,824,1,2024-01-16,1,3,91,2152,6,2028,1,0
1202,825,1,2025-09-29,1,10,421,458,19,2029,1,0
1203,825,1,2025-09-16,1,10,421,458,19,2030,1,0
1204,825,1,2025-10-04,1,10,421,458,19,2031,1,0
1205,825,1,2025-09-17,1,10,421,458,19,2032,1,0
1206,826,1,2024-09-24,1,8,347,2000,15,2033,1,0
1207,827,1,2025-09-29,1,29,1056,288,58,2036,1,0
1208,827,1,2025-09-28,1,29,1056,288,58,2037,1,0
1209,828,1,2024-06-11,1,9,390,2019,18,2039,1,0
1210,828,1,2024-07-06,1,9,390,2019,18,2040,1,0
1211,830,1,2024-10-27,1,17,643,2329,34,2044,1,0
1212,831,1,2023-05-05,1,8,357,1295,15,2045,1,0
1213,832,1,2024-10-09,1,19,736,1204,38,2046,1,0
1214,832,1,2024-10-01,1,19,736,1204,38,2047,1,0
1215,832,1,2024-10-14,1,19,736,1204,38,2048,1,0
1216,833,1,2023-07-03,1,17,679,699,33,2049,1,0
1217,833,2,2023-06-27,1,17,679,699,33,2050,1,0
1218,834,1,2024-02-21,1,21,794,937,41,2053,1,0
1219,835,1,2024-05-09,1,31,1111,992,61,2056,1,0
1220,836,1,2024-09-01,1,7,317,2295,14,2057,1,0
1221,837,2,2023-09-24,1,25,931,1256,50,2058,1,0
1222,838,2,2025-07-13,1,22,862,1787,43,2061,1,0
1223,838,1,2025-07-24,1,22,862,1787,43,2063,1,0
1224,840,1,2025-08-02,1,1,21,536,1,2065,1,0
1225,841,1,2024-07-25,1,16,628,806,31,2066,1,0
1226,842,2,2023-03-01,1,17,684,712,33,2068,1,0
1227,842,1,2023-02-27,1,17,684,712,33,2069,1,0
1228,842,1,2023-03-10,1,17,684,712,33,2070,1,0
1229,843,1,2023-07-22,1,15,577,2365,29,2072,1,0
1230,844,1,2026-03-13,1,11,473,1506,22,2074,1,0
1231,846,2,2024-06-12,1,29,1047,2288,58,2078,1,0
1232,846,1,2024-06-06,1,29,1047,2288,58,2079,1,0
1233,849,1,2024-09-11,1,29,1047,376,58,2085,1,0
1234,849,2,2024-09-10,1,29,1047,376,58,2086,1,0
1235,849,2,2024-09-19,1,29,1047,376,58,2087,1,0
1236,850,1,2025-05-27,1,8,352,653,16,2090,1,0
1237,851,1,2024-11-30,1,16,621,287,32,2091,1,0
1238,851,2,2024-12-19,1,16,621,287,32,2092,1,0
1239,851,1,2024-12-03,1,16,621,287,32,2093,1,0
1240,852,1,2025-05-14,1,28,1025,1383,55,2095,1,0
1241,854,1,2024-01-05,1,22,851,1820,43,2097,1,0
1242,854,1,2024-01-12,1,22,851,1820,43,2098,1,0
1243,854,1,2024-01-19,1,22,851,1820,43,2099,1,0
1244,854,1,2024-01-25,1,22,851,1820,43,2100,1,0
1245,855,1,2023-07-14,1,25,941,330,50,2101,1,0
1246,855,1,2023-07-08,1,25,941,330,50,2102,1,0
1247,855,2,2023-06-29,1,25,941,330,50,2104,1,0
1248,858,1,2024-05-12,1,22,816,1381,43,2108,1,0
1249,859,1,2024-01-30,1,6,304,2252,11,2109,1,0
1250,859,1,2024-01-25,1,6,304,2252,11,2111,1,0
1251,860,1,2023-03-12,1,11,474,1283,22,2112,1,0
1252,860,1,2023-03-11,1,11,474,1283,22,2114,1,0
1253,861,1,2024-06-27,1,23,872,196,45,2115,1,0
1254,861,1,2024-06-22,1,23,872,196,45,2116,1,0
1255,861,1,2024-07-09,1,23,872,196,45,2117,1,0
1256,862,1,2023-06-25,1,19,739,1350,38,2118,1,0
1257,862,1,2023-06-28,1,19,739,1350,38,2119,1,0
1258,862,1,2023-06-10,1,19,739,1350,38,2120,1,0
1259,863,1,2024-11-22,1,3,139,886,5,2122,1,0
1260,864,2,2025-05-09,1,10,407,610,19,2124,1,0
1261,864,1,2025-05-10,1,10,407,610,19,2126,1,0
1262,865,1,2023-09-02,1,17,655,442,34,2127,1,0
1263,866,1,2023-03-07,1,1,12,1555,2,2129,1,0
1264,866,1,2023-03-18,1,1,12,1555,2,2131,1,0
1265,866,1,2023-02-21,1,1,12,1555,2,2132,1,0
1266,867,1,2024-01-10,1,31,1111,1912,62,2133,1,0
1267,867,1,2024-01-04,1,31,1111,1912,62,2134,1,0
1268,867,1,2024-01-12,1,31,1111,1912,62,2135,1,0
1269,867,1,2023-12-16,1,31,1111,1912,62,2136,1,0
1270,868,2,2023-11-28,1,5,275,1870,10,2137,1,0
1271,869,1,2025-03-03,1,31,1105,1585,61,2138,1,0
1272,870,1,2025-07-04,1,12,494,95,23,2141,1,0
1273,870,1,2025-07-12,1,12,494,95,23,2142,1,0
1274,870,1,2025-07-06,1,12,494,95,23,2143,1,0
1275,871,1,2025-05-06,1,26,979,58,52,2144,1,0
1276,872,1,2024-11-07,1,5,257,614,10,2145,1,0
1277,873,2,2026-02-20,1,11,478,970,21,2146,1,0
1278,873,2,2026-03-08,1,11,478,970,21,2147,1,0
1279,873,1,2026-02-19,1,11,478,970,21,2148,1,0
1280,873,1,2026-03-06,1,11,478,970,21,2149,1,0
1281,875,1,2024-12-02,1,16,633,159,32,2151,1,0
1282,875,1,2024-12-08,1,16,633,159,32,2152,1,0
1283,877,2,2024-06-01,1,13,527,1696,26,2154,1,0
1284,877,1,2024-05-18,1,13,527,1696,26,2156,1,0
1285,878,1,2023-06-05,1,13,534,2169,25,2158,1,0
1286,879,1,2024-08-17,1,28,1022,1936,55,2160,1,0
1287,879,1,2024-08-03,1,28,1022,1936,55,2161,1,0
1288,879,1,2024-08-04,1,28,1022,1936,55,2162,1,0
1289,879,1,2024-08-12,1,28,1022,1936,55,2163,1,0
1290,880,1,2024-12-29,1,28,1037,738,55,2164,1,0
1291,880,1,2025-01-11,1,28,1037,738,55,2166,1,0
1292,881,1,2023-05-29,1,11,444,2500,21,2167,1,0
1293,882,1,2024-06-27,1,17,655,1903,34,2168,1,0
1294,882,1,2024-06-23,1,17,655,1903,34,2169,1,0
1295,882,1,2024-07-03,1,17,655,1903,34,2170,1,0
1296,883,1,2025-11-10,1,29,1060,782,58,2172,1,0
1297,884,1,2023-08-17,1,19,721,680,38,2175,1,0
1298,884,1,2023-08-07,1,19,721,680,38,2176,1,0
1299,884,1,2023-08-03,1,19,721,680,38,2177,1,0
1300,885,1,2026-01-13,1,28,1022,2138,56,2178,1,0
1301,887,1,2024-08-05,1,20,770,721,39,2182,1,0
1302,887,1,2024-07-13,1,20,770,721,39,2183,1,0
1303,887,1,2024-07-21,1,20,770,721,39,2184,1,0
1304,888,1,2025-01-08,1,26,977,1529,51,2185,1,0
1305,888,1,2025-01-21,1,26,977,1529,51,2186,1,0
1306,890,1,2024-04-10,1,17,685,52,34,2192,1,0
1307,890,1,2024-04-04,1,17,685,52,34,2193,1,0
1308,891,1,2023-09-24,1,5,243,1815,9,2195,1,0
1309,892,1,2025-11-11,1,31,1105,888,62,2198,1,0
1310,893,1,2025-03-10,1,17,671,1135,33,2201,1,0
1311,893,1,2025-03-21,1,17,671,1135,33,2202,1,0
1312,894,2,2025-02-12,1,3,129,989,5,2203,1,0
1313,895,2,2025-06-20,1,7,329,87,14,2206,1,0
1314,897,1,2024-01-19,1,23,892,1245,46,2208,1,0
1315,898,1,2025-07-06,1,6,297,225,12,2209,1,0
1316,898,1,2025-07-20,1,6,297,225,12,2210,1,0
1317,899,1,2023-08-02,1,20,760,1510,39,2211,1,0
1318,899,1,2023-08-14,1,20,760,1510,39,2213,1,0
1319,900,2,2024-11-21,1,23,886,2011,45,2215,1,0
1320,900,1,2024-11-26,1,23,886,2011,45,2216,1,0
1321,903,1,2025-07-19,1,17,677,1994,34,2223,1,0
1322,903,1,2025-07-18,1,17,677,1994,34,2224,1,0
1323,904,1,2023-04-21,1,20,771,2479,40,2225,1,0
1324,904,1,2023-04-11,1,20,771,2479,40,2226,1,0
1325,905,1,2026-08-06,1,17,648,1230,33,2229,1,0
1326,906,1,2025-04-15,1,10,419,2080,20,2231,1,0
1327,907,1,2026-04-26,1,3,96,1350,6,2234,1,0
1328,907,1,2026-04-29,1,3,96,1350,6,2235,1,0
1329,908,1,2025-10-16,1,4,148,1264,7,2236,1,0
1330,909,1,2023-02-15,1,5,211,175,9,2238,1,0
1331,911,1,2024-04-27,1,18,719,112,36,2240,1,0
1332,911,2,2024-05-12,1,18,719,112,36,2241,1,0
1333,911,2,2024-05-08,1,18,719,112,36,2242,1,0
1334,912,1,2024-08-26,1,6,307,383,11,2244,1,0
1335,912,1,2024-09-07,1,6,307,383,11,2245,1,0
1336,913,1,2025-06-12,1,17,636,1098,33,2246,1,0
1337,914,1,2026-02-18,1,30,1070,2433,60,2248,1,0
1338,917,1,2023-12-07,1,29,1067,1082,58,2254,1,0
1339,919,2,2026-07-18,1,22,832,2225,44,2257,1,0
1340,919,2,2026-07-20,1,22,832,2225,44,2259,1,0
1341,920,2,2025-01-26,1,7,318,699,13,2260,1,0
1342,921,1,2024-12-15,1,2,73,1388,4,2263,1,0
1343,922,1,2023-04-01,1,25,939,1256,50,2266,1,0
1344,923,2,2026-07-15,1,25,946,1676,50,2267,1,0
1345,924,1,2024-04-19,1,29,1062,1576,57,2268,1,0
1346,924,1,2024-04-25,1,29,1062,1576,57,2269,1,0
1347,924,1,2024-04-28,1,29,1062,1576,57,2270,1,0
1348,925,1,2023-09-14,1,27,987,1696,53,2271,1,0
1349,925,1,2023-09-07,1,27,987,1696,53,2272,1,0
1350,925,1,2023-09-22,1,27,987,1696,53,2273,1,0
1351,927,1,2024-08-28,1,5,266,2277,9,2275,1,0
1352,928,1,2025-12-18,1,10,413,939,19,2276,1,0
1353,928,1,2025-12-12,1,10,413,939,19,2277,1,0
1354,929,1,2025-01-27,1,9,380,140,17,2282,1,0
1355,930,1,2026-04-25,1,12,509,712,23,2284,1,0
1356,931,1,2024-06-03,1,6,305,1797,12,2286,1,0
1357,932,2,2023-11-26,1,4,159,431,7,2288,1,0
1358,932,1,2023-11-12,1,4,159,431,7,2289,1,0
1359,932,1,2023-11-23,1,4,159,431,7,2290,1,0
1360,933,1,2025-05-31,1,3,101,305,6,2291,1,0
1361,934,1,2024-05-05,1,28,1035,1802,55,2293,1,0
1362,935,1,2025-04-22,1,24,898,11,47,2299,1,0
1363,935,1,2025-05-02,1,24,898,11,47,2300,1,0
1364,937,1,2023-09-19,1,15,582,118,30,2302,1,0
1365,938,1,2026-07-02,1,21,793,1483,41,2305,1,0
1366,938,2,2026-07-23,1,21,793,1483,41,2307,1,0
1367,938,1,2026-07-03,1,21,793,1483,41,2308,1,0
1368,939,2,2023-10-25,1,5,216,2310,10,2309,1,0
1369,939,1,2023-11-04,1,5,216,2310,10,2310,1,0
1370,940,2,2023-10-08,1,27,994,1717,53,2312,1,0
1371,940,1,2023-10-14,1,27,994,1717,53,2313,1,0
1372,940,1,2023-10-20,1,27,994,1717,53,2314,1,0
1373,941,1,2026-04-26,1,25,925,2478,50,2315,1,0
1374,941,2,2026-04-24,1,25,925,2478,50,2316,1,0
1375,942,1,2025-06-04,1,29,1062,981,57,2318,1,0
1376,943,2,2023-05-28,1,22,844,669,44,2320,1,0
1377,944,1,2025-10-13,1,30,1096,121,59,2324,1,0
1378,945,1,2023-01-27,1,12,496,532,24,2325,1,0
1379,945,1,2023-01-23,1,12,496,532,24,2326,1,0
1380,946,2,2025-12-27,1,8,362,38,15,2328,1,0
1381,947,1,2023-02-24,1,16,616,1340,32,2329,1,0
1382,947,1,2023-02-11,1,16,616,1340,32,2330,1,0
1383,948,1,2026-04-01,1,8,359,218,16,2333,1,0
1384,949,2,2025-07-22,1,22,843,1240,43,2334,1,0
1385,949,2,2025-08-05,1,22,843,1240,43,2336,1,0
1386,950,1,2025-07-26,1,15,582,1054,30,2339,1,0
1387,951,2,2024-11-13,1,7,319,2192,14,2341,1,0
1388,952,1,2023-03-21,1,2,56,857,3,2343,1,0
1389,952,1,2023-03-21,1,2,56,857,3,2344,1,0
1390,952,1,2023-04-02,1,2,56,857,3,2346,1,0
1391,953,1,2025-07-12,1,31,1121,2318,61,2347,1,0
1392,953,1,2025-07-17,1,31,1121,2318,61,2348,1,0
1393,953,1,2025-06-22,1,31,1121,2318,61,2349,1,0
1394,954,1,2025-12-01,1,30,1095,1345,59,2350,1,0
1395,954,1,2025-11-12,1,30,1095,1345,59,2352,1,0
1396,955,1,2023-06-26,1,27,991,495,53,2354,1,0
1397,955,1,2023-06-15,1,27,991,495,53,2355,1,0
1398,955,1,2023-07-06,1,27,991,495,53,2356,1,0
1399,956,2,2023-02-05,1,9,395,2150,17,2358,1,0
1400,956,1,2023-01-27,1,9,395,2150,17,2360,1,0
1401,956,1,2023-02-05,1,9,395,2150,17,2361,1,0
1402,958,1,2025-09-06,1,14,556,1356,28,2363,1,0
1403,958,1,2025-09-03,1,14,556,1356,28,2364,1,0
1404,958,1,2025-08-20,1,14,556,1356,28,2365,1,0
1405,959,1,2024-04-05,1,13,542,107,25,2366,1,0
1406,960,1,2024-02-26,1,6,289,1945,11,2367,1,0
1407,962,1,2023-09-12,1,25,925,1618,50,2370,1,0
1408,962,1,2023-09-13,1,25,925,1618,50,2372,1,0
1409,965,1,2025-05-07,1,10,420,2140,19,2379,1,0
1410,965,1,2025-05-03,1,10,420,2140,19,2380,1,0
1411,966,1,2026-05-05,1,8,353,2295,15,2381,1,0
1412,966,1,2026-05-07,1,8,353,2295,15,2382,1,0
1413,967,1,2025-08-25,1,13,536,529,26,2385,1,0
1414,968,1,2026-08-04,1,1,15,1363,1,2389,1,0
1415,970,1,2024-04-08,1,25,948,694,49,2391,1,0
1416,970,2,2024-04-08,1,25,948,694,49,2392,1,0
1417,970,1,2024-04-21,1,25,948,694,49,2393,1,0
1418,970,1,2024-04-28,1,25,948,694,49,2394,1,0
1419,971,1,2026-05-16,1,31,1102,1649,61,2396,1,0
1420,971,1,2026-05-03,1,31,1102,1649,61,2397,1,0
1421,971,1,2026-05-24,1,31,1102,1649,61,2398,1,0
1422,972,1,2025-12-26,1,5,247,29,9,2399,1,0
1423,972,1,2025-12-17,1,5,247,29,9,2400,1,0
1424,972,1,2025-12-23,1,5,247,29,9,2401,1,0
1425,973,2,2026-04-25,1,3,139,520,5,2403,1,0
1426,973,1,2026-04-07,1,3,139,520,5,2404,1,0
1427,974,1,2023-05-07,1,5,182,983,10,2405,1,0
1428,975,1,2026-06-28,1,3,117,2320,5,2406,1,0
1429,975,2,2026-06-15,1,3,117,2320,5,2407,1,0
1430,976,1,2026-03-03,1,9,377,1420,17,2409,1,0
1431,977,1,2025-06-11,1,20,766,1739,39,2411,1,0
1432,977,1,2025-05-14,1,20,766,1739,39,2412,1,0
1433,978,1,2025-07-08,1,21,806,1741,42,2413,1,0
1434,978,1,2025-07-20,1,21,806,1741,42,2414,1,0
1435,979,1,2024-07-13,1,12,512,330,24,2415,1,0
1436,979,2,2024-07-28,1,12,512,330,24,2416,1,0
1437,980,1,2025-03-06,1,23,873,2151,46,2417,1,0
1438,982,1,2024-01-14,1,7,335,622,14,2421,1,0
1439,983,1,2024-06-28,1,5,204,1927,9,2422,1,0
1440,984,1,2026-02-09,1,3,115,1303,5,2423,1,0
1441,984,1,2026-01-21,1,3,115,1303,5,2424,1,0
1442,984,1,2026-01-30,1,3,115,1303,5,2425,1,0
1443,984,1,2026-01-17,1,3,115,1303,5,2426,1,0
1444,986,1,2024-08-05,1,26,953,1160,52,2430,1,0
1445,986,2,2024-07-13,1,26,953,1160,52,2432,1,0
1446,988,1,2026-01-31,1,17,639,581,33,2435,1,0
1447,989,1,2025-09-12,1,5,277,805,10,2436,1,0
1448,990,1,2026-04-13,1,21,798,2001,41,2437,1,0
1449,990,1,2026-04-22,1,21,798,2001,41,2439,1,0
1450,991,1,2025-04-16,1,2,80,546,3,2441,1,0
1451,993,1,2023-02-12,1,3,115,1834,5,2444,1,0
1452,993,2,2023-02-17,1,3,115,1834,5,2445,1,0
1453,994,1,2025-08-25,1,25,931,1127,49,2447,1,0
1454,995,1,2024-01-25,1,23,880,2234,46,2449,1,0
1455,995,2,2024-01-24,1,23,880,2234,46,2450,1,0
1456,996,1,2026-06-03,1,18,692,1988,36,2452,1,0
1457,998,1,2024-12-14,1,2,45,1098,4,2455,1,0
1458,1000,1,2023-08-23,1,5,212,1682,10,2460,1,0
1459,1003,1,2024-08-27,1,5,277,1524,10,2465,1,0
1460,1004,1,2026-04-06,1,15,601,852,30,2466,1,0
1461,1004,2,2026-03-24,1,15,601,852,30,2467,1,0
1462,1005,1,2023-09-14,1,14,548,295,27,2470,1,0
1463,1005,1,2023-09-07,1,14,548,295,27,2471,1,0
1464,1005,2,2023-09-25,1,14,548,295,27,2472,1,0
1465,1006,1,2023-02-07,1,17,667,766,34,2473,1,0
1466,1006,1,2023-02-14,1,17,667,766,34,2474,1,0
1467,1007,1,2026-05-24,1,23,878,1670,45,2475,1,0
1468,1009,1,2023-05-29,1,31,1124,701,61,2481,1,0
1469,1009,1,2023-06-05,1,31,1124,701,61,2482,1,0
1470,1010,1,2025-01-26,1,5,199,2302,9,2484,1,0
1471,1011,1,2026-05-08,1,22,858,82,43,2486,1,0
1472,1011,1,2026-05-06,1,22,858,82,43,2487,1,0
1473,1011,1,2026-05-12,1,22,858,82,43,2488,1,0
1474,1012,1,2026-02-15,1,3,110,1478,5,2489,1,0
1475,1013,1,2025-06-30,1,3,87,2068,6,2494,1,0
1476,1014,1,2023-08-19,1,10,408,542,20,2497,1,0
1477,1015,1,2024-03-13,1,15,583,5,29,2498,1,0
1478,1015,1,2024-03-08,1,15,583,5,29,2499,1,0
1479,1016,1,2025-10-06,1,18,712,467,36,2500,1,0
1480,1017,1,2025-02-22,1,8,347,1689,16,2504,1,0
1481,1017,1,2025-03-15,1,8,347,1689,16,2506,1,0
1482,1018,2,2024-04-24,1,24,904,254,48,2508,1,0
1483,1019,1,2023-12-06,1,18,701,322,35,2511,1,0
1484,1019,1,2023-11-26,1,18,701,322,35,2512,1,0
1485,1020,1,2026-08-07,1,2,86,1380,3,2514,1,0
1486,1020,1,2026-07-31,1,2,86,1380,3,2515,1,0
1487,1021,1,2025-09-23,1,2,46,174,4,2517,1,0
1488,1021,1,2025-09-28,1,2,46,174,4,2518,1,0
1489,1022,2,2024-10-11,1,27,1007,1264,53,2519,1,0
1490,1023,1,2023-05-05,1,21,786,856,42,2520,1,0
1491,1023,1,2023-05-17,1,21,786,856,42,2521,1,0
1492,1024,1,2024-03-20,1,26,971,1067,52,2524,1,0
1493,1024,1,2024-03-07,1,26,971,1067,52,2525,1,0
1494,1026,1,2024-12-09,1,23,884,1961,45,2529,1,0
1495,1027,1,2025-01-29,1,22,815,2500,43,2532,1,0
1496,1028,1,2024-05-09,1,26,955,724,51,2533,1,0
1497,1028,1,2024-05-12,1,26,955,724,51,2534,1,0
1498,1029,1,2026-01-25,1,27,984,1654,54,2535,1,0
1499,1030,1,2026-07-02,1,22,814,1965,44,2537,1,0
1500,1030,1,2026-07-10,1,22,814,1965,44,2539,1,0
1501,1031,1,2024-01-29,1,8,354,107,15,2540,1,0
1502,1031,1,2024-02-12,1,8,354,107,15,2541,1,0
1503,1031,1,2024-02-19,1,8,354,107,15,2542,1,0
1504,1034,1,2025-03-31,1,20,760,1929,39,2547,1,0
1505,1034,1,2025-03-24,1,20,760,1929,39,2548,1,0
1506,1035,1,2023-06-24,1,6,288,1831,11,2550,1,0
1507,1037,1,2023-02-02,1,2,64,1107,3,2552,1,0
1508,1037,1,2023-02-03,1,2,64,1107,3,2554,1,0
1509,1038,1,2026-05-07,1,26,971,194,51,2555,1,0
1510,1038,2,2026-05-25,1,26,971,194,51,2557,1,0
1511,1039,1,2023-02-11,1,22,853,1491,43,2559,1,0
1512,1040,1,2026-03-14,1,31,1120,1231,62,2560,1,0
1513,1040,1,2026-03-12,1,31,1120,1231,62,2561,1,0
1514,1042,1,2024-11-24,1,31,1106,786,61,2564,1,0
1515,1042,1,2024-11-18,1,31,1106,786,61,2565,1,0
1516,1042,1,2024-11-17,1,31,1106,786,61,2566,1,0
1517,1043,1,2025-10-12,1,4,154,2109,8,2568,1,0
1518,1044,1,2025-07-04,1,31,1111,530,61,2570,1,0
1519,1046,2,2025-11-15,1,21,796,1611,41,2574,1,0
1520,1047,1,2023-07-01,1,8,367,758,15,2576,1,0
1521,1047,1,2023-07-03,1,8,367,758,15,2577,1,0
1522,1048,1,2026-03-07,1,8,352,93,15,2578,1,0
1523,1048,2,2026-03-14,1,8,352,93,15,2579,1,0
1524,1049,1,2023-03-04,1,11,450,1738,22,2582,1,0
1525,1049,1,2023-02-07,1,11,450,1738,22,2583,1,0
1526,1049,1,2023-02-15,1,11,450,1738,22,2584,1,0
1527,1050,1,2023-07-07,1,16,627,1780,32,2585,1,0
1528,1051,1,2024-08-19,1,1,17,2335,1,2588,1,0
1529,1051,2,2024-08-25,1,1,17,2335,1,2591,1,0
1530,1052,2,2023-09-21,1,5,226,526,9,2592,1,0
1531,1052,1,2023-09-05,1,5,226,526,9,2593,1,0
1532,1053,1,2023-05-23,1,24,914,1419,47,2594,1,0
1533,1053,1,2023-06-03,1,24,914,1419,47,2595,1,0
1534,1054,1,2023-09-11,1,5,240,692,10,2598,1,0
1535,1054,1,2023-09-12,1,5,240,692,10,2599,1,0
1536,1056,1,2023-08-31,1,13,537,2408,25,2601,1,0
1537,1057,1,2024-10-06,1,22,827,885,43,2604,1,0
1538,1059,1,2026-08-01,1,21,796,2216,42,2606,1,0
1539,1059,1,2026-07-22,1,21,796,2216,42,2608,1,0
1540,1059,1,2026-08-07,1,21,796,2216,42,2609,1,0
1541,1060,1,2025-12-08,1,17,691,1109,33,2610,1,0
1542,1060,1,2026-01-04,1,17,691,1109,33,2611,1,0
1543,1060,2,2025-12-21,1,17,691,1109,33,2613,1,0
1544,1061,1,2025-11-16,1,11,438,484,21,2614,1,0
1545,1061,1,2025-11-03,1,11,438,484,21,2616,1,0
1546,1062,1,2025-05-19,1,8,347,1331,15,2618,1,0
1547,1064,1,2023-02-07,1,22,814,2430,44,2621,1,0
1548,1065,1,2025-04-28,1,4,159,536,7,2624,1,0
1549,1066,1,2024-05-15,1,11,443,797,21,2625,1,0
1550,1066,1,2024-05-22,1,11,443,797,21,2626,1,0
1551,1066,1,2024-04-26,1,11,443,797,21,2627,1,0
1552,1068,1,2024-03-18,1,29,1047,713,57,2631,1,0
1553,1069,2,2024-09-28,1,14,551,1983,28,2632,1,0
1554,1070,1,2023-07-23,1,5,198,281,10,2635,1,0
1555,1071,1,2024-02-05,1,7,318,2201,14,2637,1,0
1556,1071,1,2024-02-09,1,7,318,2201,14,2638,1,0
1557,1071,1,2024-02-25,1,7,318,2201,14,2639,1,0
1558,1071,1,2024-02-09,1,7,318,2201,14,2640,1,0
1559,1072,1,2025-07-29,1,11,481,808,22,2641,1,0
1560,1072,1,2025-08-01,1,11,481,808,22,2643,1,0
1561,1073,1,2024-05-01,1,2,58,1859,3,2644,1,0
1562,1073,1,2024-05-11,1,2,58,1859,3,2645,1,0
1563,1074,1,2024-03-02,1,23,874,923,46,2646,1,0
1564,1074,2,2024-03-11,1,23,874,923,46,2647,1,0
1565,1075,1,2025-04-05,1,2,67,1397,3,2650,1,0
1566,1076,1,2024-03-08,1,5,205,455,10,2651,1,0
1567,1077,1,2025-09-20,1,13,532,981,25,2652,1,0
1568,1078,1,2026-03-03,1,24,909,1285,48,2656,1,0
1569,1079,1,2023-09-20,1,26,955,1153,52,2657,1,0
1570,1080,1,2023-09-11,1,9,389,1992,18,2659,1,0
1571,1080,1,2023-09-20,1,9,389,1992,18,2660,1,0
1572,1080,1,2023-09-06,1,9,389,1992,18,2661,1,0
1573,1081,1,2026-05-31,1,18,702,1513,36,2662,1,0
1574,1081,2,2026-05-29,1,18,702,1513,36,2665,1,0
1575,1082,1,2024-07-23,1,5,244,136,10,2666,1,0
1576,1082,1,2024-07-08,1,5,244,136,10,2668,1,0
1577,1082,1,2024-06-23,1,5,244,136,10,2669,1,0
1578,1083,1,2023-08-12,1,19,725,936,38,2670,1,0
1579,1084,1,2023-05-02,1,19,729,1245,38,2671,1,0
1580,1084,2,2023-04-22,1,19,729,1245,38,2672,1,0
1581,1084,2,2023-04-30,1,19,729,1245,38,2673,1,0
1582,1085,1,2024-03-07,1,3,87,218,6,2675,1,0
1583,1087,1,2025-04-15,1,12,494,26,23,2679,1,0
1584,1088,1,2024-09-26,1,7,333,949,14,2681,1,0
1585,1089,1,2023-03-21,1,5,184,928,9,2684,1,0
1586,1089,1,2023-03-22,1,5,184,928,9,2685,1,0
1587,1090,2,2024-10-03,1,19,746,2013,37,2686,1,0
1588,1090,1,2024-09-30,1,19,746,2013,37,2687,1,0
1589,1090,1,2024-10-13,1,19,746,2013,37,2689,1,0
1590,1091,2,2026-05-23,1,6,308,1836,12,2691,1,0
1591,1092,1,2025-05-19,1,15,586,1241,30,2692,1,0
1592,1093,1,2024-09-10,1,22,855,1277,44,2695,1,0
1593,1093,1,2024-09-17,1,22,855,1277,44,2696,1,0
1594,1094,1,2025-04-25,1,17,679,1740,34,2698,1,0
1595,1096,1,2024-10-24,1,5,188,1130,9,2702,1,0
1596,1096,1,2024-10-31,1,5,188,1130,9,2703,1,0
1597,1097,1,2023-09-17,1,3,130,979,5,2704,1,0
1598,1097,1,2023-09-13,1,3,130,979,5,2705,1,0
1599,1097,1,2023-09-13,1,3,130,979,5,2706,1,0
1600,1097,1,2023-09-17,1,3,130,979,5,2707,1,0
1601,1099,1,2025-07-17,1,1,5,122,2,2709,1,0
1602,1099,1,2025-06-29,1,1,5,122,2,2710,1,0
1603,1100,2,2025-05-23,1,5,280,1535,10,2712,1,0
1604,1101,1,2024-11-25,1,5,225,1069,9,2714,1,0
1605,1102,1,2024-05-17,1,13,545,52,25,2717,1,0
1606,1104,1,2026-07-17,1,11,458,2017,21,2721,1,0
1607,1105,1,2026-06-29,1,7,320,1714,14,2722,1,0
1608,1105,1,2026-06-21,1,7,320,1714,14,2723,1,0
1609,1106,1,2023-09-17,1,5,262,180,9,2724,1,0
1610,1106,1,2023-09-21,1,5,262,180,9,2726,1,0
1611,1107,1,2023-08-26,1,5,258,1054,10,2727,1,0
1612,1108,1,2025-09-17,1,4,169,2442,8,2732,1,0
1613,1109,1,2023-07-23,1,14,564,740,28,2734,1,0
1614,1111,1,2026-03-01,1,28,1018,1687,55,2738,1,0
1615,1112,1,2023-03-09,1,2,66,1883,4,2741,1,0
1616,1112,1,2023-02-22,1,2,66,1883,4,2743,1,0
1617,1112,1,2023-02-23,1,2,66,1883,4,2744,1,0
1618,1113,1,2024-01-11,1,28,1031,1192,56,2746,1,0
1619,1114,1,2025-06-23,1,26,956,911,51,2750,1,0
1620,1116,1,2023-04-29,1,5,178,1805,9,2753,1,0
1621,1116,1,2023-05-14,1,5,178,1805,9,2754,1,0
1622,1117,1,2024-03-20,1,3,110,1156,5,2757,1,0
1623,1117,1,2024-03-11,1,3,110,1156,5,2758,1,0
1624,1120,1,2024-06-28,1,23,875,1529,46,2762,1,0
1625,1121,2,2025-12-09,1,22,827,253,44,2763,1,0
1626,1122,1,2024-08-03,1,7,326,2305,13,2766,1,0
1627,1122,1,2024-08-16,1,7,326,2305,13,2767,1,0
1628,1122,2,2024-08-22,1,7,326,2305,13,2768,1,0
1629,1123,1,2023-06-02,1,15,592,2020,29,2769,1,0
1630,1123,2,2023-05-29,1,15,592,2020,29,2770,1,0
1631,1126,1,2023-09-18,1,2,74,1552,4,2776,1,0
1632,1126,1,2023-10-01,1,2,74,1552,4,2777,1,0
1633,1126,2,2023-09-25,1,2,74,1552,4,2778,1,0
1634,1127,1,2023-09-16,1,21,791,258,42,2780,1,0
1635,1128,1,2024-12-24,1,26,956,699,52,2783,1,0
1636,1128,1,2024-12-31,1,26,956,699,52,2784,1,0
1637,1129,1,2024-07-29,1,25,947,2091,49,2787,1,0
1638,1130,1,2024-07-04,1,2,86,1700,4,2790,1,0
1639,1130,2,2024-07-04,1,2,86,1700,4,2791,1,0
1640,1130,1,2024-06-22,1,2,86,1700,4,2792,1,0
1641,1131,1,2024-11-11,1,23,873,525,46,2793,1,0
1642,1132,1,2025-01-12,1,15,602,881,29,2794,1,0
1643,1132,1,2025-01-30,1,15,602,881,29,2796,1,0
1644,1133,1,2025-08-05,1,19,749,366,37,2798,1,0
1645,1134,1,2026-05-18,1,10,414,93,20,2801,1,0
1646,1135,2,2026-02-11,1,9,387,1568,17,2804,1,0
1647,1136,1,2023-03-22,1,11,453,1563,22,2805,1,0
1648,1138,1,2023-09-28,1,22,819,2158,44,2807,1,0
1649,1138,1,2023-09-11,1,22,819,2158,44,2808,1,0
1650,1139,1,2026-05-20,1,9,401,1513,17,2809,1,0
1651,1139,1,2026-05-12,1,9,401,1513,17,2810,1,0
1652,1140,1,2025-06-18,1,18,696,2244,36,2813,1,0
1653,1141,1,2023-12-02,1,4,169,2251,8,2815,1,0
1654,1141,1,2023-11-22,1,4,169,2251,8,2816,1,0
1655,1142,1,2024-08-22,1,14,564,407,27,2819,1,0
1656,1142,2,2024-08-23,1,14,564,407,27,2820,1,0
1657,1142,1,2024-09-14,1,14,564,407,27,2821,1,0
1658,1142,1,2024-09-10,1,14,564,407,27,2822,1,0
1659,1143,1,2025-06-26,1,3,127,322,6,2823,1,0
1660,1144,1,2025-06-17,1,12,497,1898,24,2826,1,0
1661,1144,1,2025-06-12,1,12,497,1898,24,2827,1,0
1662,1144,1,2025-06-14,1,12,497,1898,24,2828,1,0
1663,1147,1,2025-11-20,1,5,211,1801,10,2833,1,0
1664,1147,1,2025-12-05,1,5,211,1801,10,2834,1,0
1665,1148,1,2025-06-19,1,27,1002,2015,54,2835,1,0
1666,1150,1,2025-11-25,1,17,668,1145,34,2839,1,0
1667,1150,1,2025-11-15,1,17,668,1145,34,2841,1,0
1668,1150,1,2025-12-05,1,17,668,1145,34,2842,1,0
1669,1151,1,2024-06-20,1,29,1063,1879,57,2843,1,0
1670,1151,1,2024-06-08,1,29,1063,1879,57,2846,1,0
1671,1154,1,2026-05-01,1,20,770,2340,39,2850,1,0
1672,1154,1,2026-05-15,1,20,770,2340,39,2852,1,0
1673,1155,1,2023-04-09,1,7,345,390,13,2853,1,0
1674,1156,1,2023-05-12,1,26,979,1738,52,2854,1,0
1675,1157,1,2024-05-25,1,19,743,207,38,2857,1,0
1676,1157,2,2024-05-30,1,19,743,207,38,2858,1,0
1677,1158,1,2025-11-22,1,5,254,666,10,2862,1,0
1678,1159,1,2024-05-02,1,4,165,1125,7,2863,1,0
1679,1159,1,2024-04-27,1,4,165,1125,7,2864,1,0
1680,1160,1,2023-10-09,1,25,949,2479,50,2866,1,0
1681,1160,1,2023-09-09,1,25,949,2479,50,2867,1,0
1682,1160,1,2023-09-25,1,25,949,2479,50,2868,1,0
1683,1161,1,2025-05-31,1,2,82,1395,4,2870,1,0
1684,1161,1,2025-06-02,1,2,82,1395,4,2871,1,0
1685,1162,1,2026-01-17,1,27,1006,1584,53,2872,1,0
1686,1162,1,2026-01-16,1,27,1006,1584,53,2873,1,0
1687,1163,1,2026-04-02,1,1,7,1817,2,2874,1,0
1688,1164,2,2025-06-02,1,30,1082,2407,60,2876,1,0
1689,1164,1,2025-06-26,1,30,1082,2407,60,2877,1,0
1690,1166,1,2026-05-09,1,13,524,855,25,2881,1,0
1691,1166,1,2026-05-26,1,13,524,855,25,2882,1,0
1692,1167,1,2025-01-21,1,3,93,1763,5,2883,1,0
1693,1167,1,2025-01-23,1,3,93,1763,5,2884,1,0
1694,1169,1,2025-11-13,1,11,465,2150,21,2886,1,0
1695,1170,1,2026-06-11,1,18,707,1318,36,2887,1,0
1696,1171,1,2025-06-02,1,26,976,1790,51,2891,1,0
1697,1172,1,2024-12-31,1,4,166,2398,7,2892,1,0
1698,1173,1,2023-06-24,1,20,766,855,39,2894,1,0
1699,1173,1,2023-07-20,1,20,766,855,39,2896,1,0
1700,1175,1,2023-11-04,1,5,197,2238,10,2898,1,0
1701,1175,1,2023-11-10,1,5,197,2238,10,2899,1,0
1702,1176,1,2025-02-17,1,3,97,1265,6,2900,1,0
1703,1176,1,2025-02-17,1,3,97,1265,6,2901,1,0
1704,1177,1,2026-05-07,1,12,510,1997,24,2903,1,0
1705,1178,1,2024-02-03,1,16,632,690,31,2905,1,0
1706,1181,1,2024-09-15,1,5,234,2444,10,2909,1,0
1707,1182,1,2026-07-01,1,19,722,1129,37,2911,1,0
1708,1182,1,2026-06-22,1,19,722,1129,37,2913,1,0
1709,1183,1,2024-02-14,1,4,159,20,8,2917,1,0
1710,1184,1,2025-10-13,1,17,644,1260,33,2919,1,0
1711,1185,2,2024-07-13,1,17,648,517,34,2921,1,0
1712,1185,1,2024-06-28,1,17,648,517,34,2922,1,0
1713,1185,1,2024-06-30,1,17,648,517,34,2923,1,0
1714,1187,1,2025-01-02,1,16,613,405,32,2925,1,0
1715,1188,1,2024-10-19,1,31,1108,801,61,2926,1,0
1716,1189,1,2025-11-20,1,3,98,946,5,2927,1,0
1717,1189,1,2025-11-17,1,3,98,946,5,2928,1,0
1718,1189,1,2025-12-04,1,3,98,946,5,2929,1,0
1719,1190,1,2026-05-02,1,13,533,2308,25,2931,1,0
1720,1190,1,2026-04-29,1,13,533,2308,25,2932,1,0
1721,1190,2,2026-05-01,1,13,533,2308,25,2933,1,0
1722,1190,1,2026-05-11,1,13,533,2308,25,2934,1,0
1723,1191,2,2025-06-26,1,10,410,641,20,2935,1,0
1724,1191,1,2025-06-28,1,10,410,641,20,2936,1,0
1725,1191,2,2025-06-18,1,10,410,641,20,2937,1,0
1726,1192,1,2026-05-28,1,8,361,1456,16,2938,1,0
1727,1192,1,2026-05-26,1,8,361,1456,16,2940,1,0
1728,1193,1,2024-09-11,1,4,151,1376,8,2942,1,0
1729,1194,2,2024-02-27,1,27,1004,88,54,2945,1,0
1730,1195,1,2024-03-13,1,5,287,1711,9,2946,1,0
1731,1195,1,2024-03-17,1,5,287,1711,9,2947,1,0
1732,1196,2,2025-11-04,1,24,903,1446,47,2948,1,0
1733,1197,1,2025-07-01,1,18,699,721,35,2951,1,0
1734,1198,1,2023-02-05,1,20,765,2030,40,2952,1,0
1735,1199,1,2025-10-21,1,5,232,892,10,2953,1,0
1736,1199,1,2025-10-11,1,5,232,892,10,2954,1,0
1737,1199,1,2025-11-04,1,5,232,892,10,2955,1,0
1738,1200,2,2024-03-05,1,25,946,1189,49,2956,1,0
1739,1200,1,2024-03-23,1,25,946,1189,49,2957,1,0
1740,1200,1,2024-03-04,1,25,946,1189,49,2958,1,0
1741,1201,1,2026-02-15,1,18,708,21,35,2959,1,0
1742,1203,1,2025-12-31,1,22,820,1853,44,2963,1,0
1743,1204,1,2026-06-26,1,2,32,416,4,2965,1,0
1744,1204,1,2026-06-21,1,2,32,416,4,2966,1,0
1745,1206,2,2023-12-12,1,16,617,809,32,2969,1,0
1746,1206,1,2023-12-19,1,16,617,809,32,2970,1,0
1747,1206,1,2023-12-06,1,16,617,809,32,2971,1,0
1748,1207,1,2024-03-20,1,5,278,1265,10,2974,1,0
1749,1208,2,2023-07-21,1,15,591,1325,29,2975,1,0
1750,1208,1,2023-07-19,1,15,591,1325,29,2976,1,0
1751,1209,1,2024-02-23,1,22,813,685,43,2978,1,0
1752,1209,1,2024-03-04,1,22,813,685,43,2979,1,0
1753,1210,1,2023-07-26,1,5,277,1709,10,2982,1,0
1754,1210,1,2023-07-18,1,5,277,1709,10,2983,1,0
1755,1211,1,2026-03-31,1,25,939,1257,49,2985,1,0
1756,1212,1,2024-08-28,1,11,456,321,21,2986,1,0
1757,1212,1,2024-08-10,1,11,456,321,21,2987,1,0
1758,1213,1,2025-08-31,1,28,1019,2465,56,2990,1,0
1759,1213,1,2025-09-04,1,28,1019,2465,56,2991,1,0
1760,1213,1,2025-09-15,1,28,1019,2465,56,2992,1,0
1761,1213,1,2025-09-06,1,28,1019,2465,56,2993,1,0
1762,1214,1,2026-05-08,1,5,253,207,9,2994,1,0
1763,1215,1,2023-01-26,1,18,692,217,36,2997,1,0
1764,1216,1,2024-12-02,1,30,1078,953,59,3000,1,0
1765,1216,1,2024-11-23,1,30,1078,953,59,3001,1,0
1766,1218,1,2023-07-24,1,3,109,1519,6,3003,1,0
1767,1219,1,2025-03-17,1,28,1015,390,55,3005,1,0
1768,1220,1,2023-01-22,1,11,477,757,21,3006,1,0
1769,1221,1,2023-07-28,1,2,44,1011,3,3010,1,0
1770,1223,1,2024-03-06,1,22,840,105,43,3015,1,0
1771,1224,1,2024-05-22,1,20,770,2235,39,3016,1,0
1772,1224,1,2024-05-15,1,20,770,2235,39,3017,1,0
1773,1225,2,2023-11-03,1,5,244,429,9,3019,1,0
1774,1225,1,2023-10-16,1,5,244,429,9,3021,1,0
1775,1227,1,2026-03-28,1,31,1115,31,62,3023,1,0
1776,1227,1,2026-03-22,1,31,1115,31,62,3024,1,0
1777,1227,1,2026-03-17,1,31,1115,31,62,3025,1,0
1778,1229,1,2023-05-31,1,26,973,1304,52,3027,1,0
1779,1229,1,2023-06-11,1,26,973,1304,52,3029,1,0
1780,1229,2,2023-05-27,1,26,973,1304,52,3030,1,0
1781,1231,1,2024-09-21,1,4,166,2204,7,3033,1,0
1782,1231,1,2024-09-27,1,4,166,2204,7,3034,1,0
1783,1231,1,2024-09-19,1,4,166,2204,7,3035,1,0
1784,1233,2,2024-08-12,1,28,1026,1907,56,3037,1,0
1785,1234,1,2025-02-14,1,18,704,302,36,3038,1,0
1786,1235,1,2025-08-02,1,9,398,1959,17,3039,1,0
1787,1235,1,2025-08-12,1,9,398,1959,17,3041,1,0
1788,1236,1,2026-02-13,1,29,1041,1471,58,3044,1,0
1789,1236,1,2026-02-17,1,29,1041,1471,58,3045,1,0
1790,1237,1,2024-11-12,1,10,426,1969,19,3046,1,0
1791,1238,1,2025-06-18,1,21,783,38,41,3050,1,0
1792,1238,1,2025-07-13,1,21,783,38,41,3051,1,0
1793,1238,1,2025-07-06,1,21,783,38,41,3052,1,0
1794,1239,1,2025-10-11,1,28,1028,2085,55,3053,1,0
1795,1240,1,2025-02-21,1,21,791,1992,41,3054,1,0
1796,1241,1,2024-06-12,1,30,1093,1364,60,3055,1,0
1797,1243,1,2026-06-21,1,31,1110,1555,61,3058,1,0
1798,1243,1,2026-07-08,1,31,1110,1555,61,3059,1,0
1799,1243,1,2026-07-03,1,31,1110,1555,61,3060,1,0
1800,1244,1,2024-01-08,1,2,78,568,4,3061,1,0
1801,1244,1,2024-02-04,1,2,78,568,4,3062,1,0
1802,1244,1,2024-01-15,1,2,78,568,4,3063,1,0
1803,1244,1,2024-01-16,1,2,78,568,4,3064,1,0
1804,1245,1,2024-07-19,1,23,865,254,45,3066,1,0
1805,1245,2,2024-08-01,1,23,865,254,45,3067,1,0
1806,1246,1,2023-11-12,1,4,164,2129,7,3068,1,0
1807,1247,1,2025-08-21,1,16,616,285,31,3069,1,0
1808,1247,2,2025-09-04,1,16,616,285,31,3072,1,0
1809,1248,2,2025-11-26,1,18,707,780,36,3073,1,0
1810,1249,1,2026-03-28,1,16,630,1282,31,3075,1,0
1811,1249,2,2026-03-22,1,16,630,1282,31,3077,1,0
1812,1250,1,2023-04-10,1,7,342,1571,13,3079,1,0
1813,1250,1,2023-04-10,1,7,342,1571,13,3080,1,0
1814,1250,1,2023-04-14,1,7,342,1571,13,3081,1,0
1815,1251,2,2025-08-16,1,19,748,807,37,3084,1,0
1816,1251,1,2025-08-16,1,19,748,807,37,3085,1,0
1817,1252,1,2025-05-03,1,13,521,2069,25,3087,1,0
1818,1253,2,2024-04-06,1,31,1111,579,61,3090,1,0
1819,1253,1,2024-04-08,1,31,1111,579,61,3092,1,0
1820,1254,1,2026-07-28,1,11,441,350,21,3093,1,0
1821,1254,1,2026-07-06,1,11,441,350,21,3095,1,0
1822,1255,1,2024-07-30,1,31,1101,68,61,3098,1,0
1823,1255,1,2024-07-30,1,31,1101,68,61,3099,1,0
1824,1255,1,2024-08-24,1,31,1101,68,61,3100,1,0
1825,1256,1,2023-07-16,1,27,997,324,53,3101,1,0
1826,1256,1,2023-07-04,1,27,997,324,53,3102,1,0
1827,1256,1,2023-06-26,1,27,997,324,53,3103,1,0
1828,1256,1,2023-06-19,1,27,997,324,53,3104,1,0
1829,1257,1,2024-02-28,1,11,458,1073,21,3105,1,0
1830,1257,1,2024-03-05,1,11,458,1073,21,3107,1,0
1831,1259,1,2025-11-10,1,24,907,770,47,3110,1,0
1832,1259,1,2025-11-04,1,24,907,770,47,3111,1,0
1833,1259,1,2025-11-02,1,24,907,770,47,3112,1,0
1834,1260,1,2023-06-07,1,2,37,242,3,3113,1,0
1835,1260,1,2023-05-28,1,2,37,242,3,3114,1,0
1836,1261,1,2025-05-18,1,24,919,1271,47,3116,1,0
1837,1261,1,2025-05-15,1,24,919,1271,47,3117,1,0
1838,1262,2,2025-06-02,1,18,712,2226,35,3118,1,0
1839,1262,1,2025-05-20,1,18,712,2226,35,3120,1,0
1840,1263,1,2023-02-28,1,29,1039,140,58,3122,1,0
1841,1263,2,2023-02-10,1,29,1039,140,58,3123,1,0
1842,1264,1,2023-02-02,1,22,825,1884,43,3124,1,0
1843,1264,1,2023-01-30,1,22,825,1884,43,3126,1,0
1844,1266,2,2026-04-27,1,17,648,193,34,3128,1,0
1845,1266,1,2026-05-11,1,17,648,193,34,3129,1,0
1846,1266,1,2026-04-17,1,17,648,193,34,3131,1,0
1847,1267,1,2024-07-17,1,1,15,185,1,3132,1,0
1848,1267,1,2024-07-15,1,1,15,185,1,3134,1,0
1849,1268,1,2023-07-09,1,17,672,846,34,3136,1,0
1850,1269,1,2024-03-09,1,13,537,2322,26,3138,1,0
1851,1269,1,2024-03-03,1,13,537,2322,26,3139,1,0
1852,1270,1,2024-12-20,1,9,403,1551,17,3141,1,0
1853,1274,1,2026-04-04,1,2,58,369,4,3147,1,0
1854,1276,1,2024-08-16,1,31,1109,1137,62,3149,1,0
1855,1277,1,2024-07-25,1,5,263,951,10,3150,1,0
1856,1278,1,2023-08-06,1,1,2,108,2,3152,1,0
1857,1279,1,2025-09-01,1,2,44,748,3,3153,1,0
1858,1279,2,2025-08-28,1,2,44,748,3,3154,1,0
1859,1279,1,2025-08-28,1,2,44,748,3,3155,1,0
1860,1280,1,2024-01-06,1,7,344,1480,13,3156,1,0
1861,1280,1,2024-01-07,1,7,344,1480,13,3157,1,0
1862,1281,1,2023-04-22,1,18,711,608,35,3159,1,0
1863,1282,1,2025-05-10,1,11,481,1017,22,3162,1,0
1864,1283,2,2026-07-19,1,18,696,1987,36,3164,1,0
1865,1284,2,2024-11-06,1,20,764,1723,39,3166,1,0
1866,1284,1,2024-10-28,1,20,764,1723,39,3167,1,0
1867,1285,1,2023-09-28,1,17,688,1598,33,3168,1,0
1868,1286,2,2025-11-27,1,4,165,2373,8,3170,1,0
1869,1287,1,2023-03-10,1,3,143,1642,5,3172,1,0
1870,1288,2,2023-09-17,1,29,1057,236,58,3174,1,0
1871,1288,1,2023-09-04,1,29,1057,236,58,3175,1,0
1872,1288,1,2023-09-01,1,29,1057,236,58,3176,1,0
1873,1289,1,2023-08-09,1,29,1045,30,58,3177,1,0
1874,1289,1,2023-09-01,1,29,1045,30,58,3178,1,0
1875,1289,1,2023-08-20,1,29,1045,30,58,3180,1,0
1876,1290,1,2023-08-11,1,19,743,1275,38,3181,1,0
1877,1290,1,2023-08-10,1,19,743,1275,38,3183,1,0
1878,1291,1,2023-03-26,1,13,542,1372,26,3184,1,0
1879,1291,1,2023-02-27,1,13,542,1372,26,3185,1,0
1880,1292,1,2023-08-30,1,12,493,2023,24,3186,1,0
1881,1292,1,2023-08-14,1,12,493,2023,24,3188,1,0
1882,1292,1,2023-08-21,1,12,493,2023,24,3189,1,0
1883,1294,2,2024-08-14,1,3,89,1930,5,3194,1,0
1884,1295,1,2024-05-28,1,11,485,454,22,3195,1,0
1885,1296,1,2024-11-28,1,4,172,549,8,3198,1,0
1886,1297,1,2023-08-30,1,25,925,935,50,3201,1,0
1887,1298,1,2023-07-15,1,19,729,655,37,3202,1,0
1888,1299,1,2023-06-25,1,12,503,127,24,3204,1,0
1889,1300,1,2026-03-25,1,11,472,683,21,3206,1,0
1890,1301,1,2024-05-24,1,18,702,270,36,3209,1,0
1891,1302,1,2024-09-20,1,17,636,484,34,3212,1,0
1892,1303,1,2024-03-10,1,5,271,604,9,3213,1,0
1893,1304,1,2024-12-25,1,27,981,2456,53,3214,1,0
1894,1304,1,2024-12-18,1,27,981,2456,53,3215,1,0
1895,1306,1,2024-09-17,1,3,143,1000,6,3218,1,0
1896,1306,1,2024-09-02,1,3,143,1000,6,3220,1,0
1897,1307,2,2023-04-10,1,6,311,1748,12,3221,1,0
1898,1308,1,2026-05-11,1,19,749,372,38,3222,1,0
1899,1309,1,2025-11-20,1,14,549,1067,28,3224,1,0
1900,1309,1,2025-11-26,1,14,549,1067,28,3225,1,0
1901,1310,1,2025-08-28,1,3,111,2369,5,3227,1,0
1902,1310,1,2025-09-04,1,3,111,2369,5,3229,1,0
1903,1311,1,2025-07-30,1,11,479,2035,21,3231,1,0
1904,1312,2,2026-05-14,1,18,713,1213,36,3232,1,0
1905,1312,1,2026-05-09,1,18,713,1213,36,3233,1,0
1906,1312,1,2026-05-29,1,18,713,1213,36,3235,1,0
1907,1313,1,2025-04-18,1,26,979,2384,51,3236,1,0
1908,1314,1,2026-02-12,1,24,903,1816,48,3238,1,0
1909,1314,1,2026-02-17,1,24,903,1816,48,3239,1,0
1910,1315,1,2024-02-25,1,30,1072,277,59,3242,1,0
1911,1315,1,2024-03-08,1,30,1072,277,59,3243,1,0
1912,1316,2,2024-07-11,1,6,316,2085,12,3244,1,0
1913,1316,1,2024-06-30,1,6,316,2085,12,3245,1,0
1914,1317,2,2025-05-07,1,22,817,7,43,3246,1,0
1915,1318,1,2024-02-18,1,2,42,1595,3,3248,1,0
1916,1318,2,2024-03-07,1,2,42,1595,3,3249,1,0
1917,1319,1,2023-02-10,1,22,821,2212,43,3251,1,0
1918,1319,1,2023-02-25,1,22,821,2212,43,3252,1,0
1919,1319,1,2023-02-16,1,22,821,2212,43,3253,1,0
1920,1320,2,2024-03-29,1,31,1099,933,61,3254,1,0
1921,1320,2,2024-04-01,1,31,1099,933,61,3255,1,0
1922,1320,1,2024-04-03,1,31,1099,933,61,3256,1,0
1923,1321,1,2023-04-13,1,4,167,601,7,3257,1,0
1924,1321,1,2023-04-11,1,4,167,601,7,3260,1,0
1925,1322,1,2025-02-13,1,29,1055,1794,57,3261,1,0
1926,1322,1,2025-02-08,1,29,1055,1794,57,3262,1,0
1927,1323,1,2025-08-20,1,17,650,1362,33,3264,1,0
1928,1323,1,2025-09-03,1,17,650,1362,33,3265,1,0
1929,1324,1,2023-12-19,1,19,724,1862,37,3267,1,0
1930,1324,1,2023-12-18,1,19,724,1862,37,3268,1,0
1931,1324,1,2023-12-16,1,19,724,1862,37,3269,1,0
1932,1325,2,2026-03-15,1,29,1041,510,58,3270,1,0
1933,1326,1,2024-11-13,1,5,247,803,9,3271,1,0
1934,1327,1,2025-11-01,1,31,1109,936,61,3273,1,0
1935,1328,1,2024-02-12,1,22,850,1588,44,3274,1,0
1936,1329,1,2024-10-31,1,8,359,61,15,3275,1,0
1937,1329,1,2024-11-04,1,8,359,61,15,3276,1,0
1938,1329,2,2024-11-09,1,8,359,61,15,3277,1,0
1939,1329,1,2024-11-16,1,8,359,61,15,3278,1,0
1940,1330,1,2026-04-30,1,19,749,1910,38,3279,1,0
1941,1330,2,2026-05-03,1,19,749,1910,38,3280,1,0
1942,1331,1,2026-07-02,1,7,325,791,13,3281,1,0
1943,1331,1,2026-06-21,1,7,325,791,13,3283,1,0
1944,1331,1,2026-06-30,1,7,325,791,13,3284,1,0
1945,1332,1,2023-12-09,1,6,308,1513,12,3286,1,0
1946,1332,1,2023-12-10,1,6,308,1513,12,3288,1,0
1947,1333,1,2023-06-25,1,20,770,2479,39,3289,1,0
1948,1333,2,2023-06-29,1,20,770,2479,39,3290,1,0
1949,1334,1,2024-10-31,1,8,350,2490,16,3291,1,0
1950,1334,1,2024-10-30,1,8,350,2490,16,3292,1,0
1951,1334,2,2024-11-07,1,8,350,2490,16,3293,1,0
1952,1335,1,2025-06-04,1,22,858,2102,43,3295,1,0
1953,1335,1,2025-06-03,1,22,858,2102,43,3296,1,0
1954,1336,1,2025-11-29,1,1,6,1435,2,3300,1,0
1955,1336,1,2025-11-12,1,1,6,1435,2,3301,1,0
1956,1337,1,2026-06-17,1,17,689,642,33,3302,1,0
1957,1337,1,2026-06-23,1,17,689,642,33,3304,1,0
1958,1338,1,2023-01-29,1,31,1114,1978,62,3305,1,0
1959,1338,2,2023-01-21,1,31,1114,1978,62,3306,1,0
1960,1339,1,2025-12-31,1,17,666,1112,33,3307,1,0
1961,1339,1,2025-12-09,1,17,666,1112,33,3309,1,0
1962,1339,1,2025-12-08,1,17,666,1112,33,3310,1,0
1963,1340,1,2023-03-22,1,3,135,313,6,3312,1,0
1964,1340,1,2023-03-27,1,3,135,313,6,3313,1,0
1965,1341,1,2026-02-20,1,29,1040,1945,57,3314,1,0
1966,1341,2,2026-02-14,1,29,1040,1945,57,3315,1,0
1967,1342,1,2024-10-19,1,19,748,1745,38,3318,1,0
1968,1342,1,2024-10-17,1,19,748,1745,38,3319,1,0
1969,1344,1,2025-06-02,1,21,807,2048,41,3324,1,0
1970,1345,1,2024-12-27,1,22,848,663,43,3326,1,0
1971,1346,2,2025-12-28,1,11,436,1944,21,3327,1,0
1972,1347,2,2023-10-04,1,5,195,1307,9,3329,1,0
1973,1347,1,2023-09-29,1,5,195,1307,9,3331,1,0
1974,1348,1,2025-12-23,1,7,327,883,14,3332,1,0
1975,1348,1,2025-12-13,1,7,327,883,14,3333,1,0
1976,1349,2,2026-07-26,1,17,690,2407,34,3334,1,0
1977,1352,2,2024-09-20,1,3,112,801,6,3339,1,0
1978,1352,1,2024-09-21,1,3,112,801,6,3340,1,0
1979,1353,2,2024-04-27,1,5,281,1683,10,3342,1,0
1980,1354,1,2024-04-02,1,14,554,219,27,3343,1,0
1981,1354,1,2024-04-14,1,14,554,219,27,3344,1,0
1982,1357,1,2025-01-04,1,18,693,820,36,3349,1,0
1983,1358,1,2024-10-19,1,14,550,1673,28,3354,1,0
1984,1358,1,2024-10-23,1,14,550,1673,28,3355,1,0
1985,1360,1,2023-09-28,1,1,3,432,2,3360,1,0
1986,1361,1,2024-08-10,1,3,118,274,6,3361,1,0
1987,1361,2,2024-08-14,1,3,118,274,6,3362,1,0
1988,1361,1,2024-07-30,1,3,118,274,6,3363,1,0
1989,1363,1,2025-08-23,1,1,18,1025,2,3365,1,0
1990,1363,2,2025-08-28,1,1,18,1025,2,3368,1,0
1991,1364,1,2026-05-01,1,5,252,1218,9,3369,1,0
1992,1365,1,2025-08-08,1,11,470,2317,21,3370,1,0
1993,1365,1,2025-08-29,1,11,470,2317,21,3371,1,0
1994,1366,1,2023-02-13,1,26,977,1373,51,3372,1,0
1995,1367,1,2025-01-17,1,10,431,1685,19,3373,1,0
1996,1367,1,2025-02-01,1,10,431,1685,19,3374,1,0
1997,1367,1,2025-02-02,1,10,431,1685,19,3375,1,0
1998,1368,1,2026-01-16,1,7,320,446,14,3377,1,0
1999,1369,1,2023-03-19,1,13,534,1108,26,3378,1,0
2000,1371,1,2025-11-10,1,10,420,414,19,3384,1,0
2001,1371,2,2025-11-20,1,10,420,414,19,3385,1,0
2002,1372,1,2024-06-13,1,13,519,1614,26,3388,1,0
2003,1372,1,2024-06-07,1,13,519,1614,26,3389,1,0
2004,1373,1,2023-10-30,1,5,269,336,9,3391,1,0
2005,1373,1,2023-11-15,1,5,269,336,9,3392,1,0
2006,1374,2,2026-01-25,1,6,309,2355,12,3393,1,0
2007,1374,1,2026-02-10,1,6,309,2355,12,3394,1,0
2008,1374,1,2026-02-04,1,6,309,2355,12,3395,1,0
2009,1374,1,2026-01-26,1,6,309,2355,12,3396,1,0
2010,1375,1,2024-08-08,1,28,1026,1632,55,3397,1,0
2011,1375,2,2024-08-02,1,28,1026,1632,55,3398,1,0
2012,1375,1,2024-08-23,1,28,1026,1632,55,3399,1,0
2013,1376,1,2026-01-11,1,29,1062,1923,58,3403,1,0
2014,1377,1,2024-12-05,1,28,1031,1801,56,3408,1,0
2015,1378,1,2023-10-11,1,15,585,1610,30,3409,1,0
2016,1378,1,2023-10-23,1,15,585,1610,30,3410,1,0
2017,1378,1,2023-10-21,1,15,585,1610,30,3411,1,0
2018,1379,1,2024-03-29,1,5,233,721,9,3412,1,0
2019,1380,2,2026-07-20,1,28,1013,2446,55,3418,1,0
2020,1381,1,2023-10-04,1,31,1103,1279,61,3420,1,0
2021,1381,1,2023-10-05,1,31,1103,1279,61,3421,1,0
2022,1382,2,2025-05-12,1,19,748,2196,37,3423,1,0
2023,1382,1,2025-06-02,1,19,748,2196,37,3425,1,0
2024,1383,1,2023-02-08,1,4,154,581,8,3426,1,0
2025,1383,1,2023-01-31,1,4,154,581,8,3427,1,0
2026,1384,1,2026-02-17,1,17,680,178,33,3428,1,0
2027,1384,1,2026-02-10,1,17,680,178,33,3430,1,0
2028,1386,1,2023-05-21,1,16,633,615,31,3434,1,0
2029,1387,1,2025-11-29,1,3,89,357,5,3436,1,0
2030,1387,2,2025-11-03,1,3,89,357,5,3437,1,0
2031,1387,1,2025-11-02,1,3,89,357,5,3438,1,0
2032,1388,1,2024-10-19,1,11,440,97,22,3439,1,0
2033,1390,1,2024-12-30,1,11,484,2468,21,3441,1,0
2034,1391,1,2023-10-13,1,7,321,1533,14,3443,1,0
2035,1391,1,2023-10-09,1,7,321,1533,14,3444,1,0
2036,1393,1,2024-10-19,1,25,951,538,50,3447,1,0
2037,1393,1,2024-11-17,1,25,951,538,50,3448,1,0
2038,1395,1,2025-10-19,1,15,585,1987,30,3452,1,0
2039,1395,2,2025-10-19,1,15,585,1987,30,3453,1,0
2040,1396,1,2024-09-14,1,26,964,845,52,3458,1,0
2041,1397,1,2024-05-05,1,15,590,1069,30,3460,1,0
2042,1397,1,2024-05-03,1,15,590,1069,30,3461,1,0
2043,1397,1,2024-05-07,1,15,590,1069,30,3462,1,0
2044,1398,1,2026-07-18,1,11,440,726,21,3463,1,0
2045,1398,1,2026-07-24,1,11,440,726,21,3464,1,0
2046,1399,1,2023-03-28,1,5,248,1145,9,3465,1,0
2047,1400,1,2024-02-21,1,3,136,157,5,3466,1,0
2048,1401,1,2025-09-04,1,19,724,2287,38,3467,1,0
2049,1402,1,2025-07-18,1,8,370,1128,16,3468,1,0
2050,1402,1,2025-07-26,1,8,370,1128,16,3469,1,0
2051,1403,1,2025-12-31,1,17,674,2209,34,3470,1,0
2052,1403,2,2026-01-07,1,17,674,2209,34,3471,1,0
2053,1404,1,2024-08-23,1,25,935,2397,50,3472,1,0
2054,1404,1,2024-08-10,1,25,935,2397,50,3473,1,0
2055,1405,1,2023-07-17,1,3,126,1587,5,3475,1,0
2056,1406,1,2023-11-05,1,23,892,1003,45,3477,1,0
2057,1406,1,2023-10-16,1,23,892,1003,45,3478,1,0
2058,1407,2,2023-04-13,1,5,240,870,10,3479,1,0
2059,1407,1,2023-05-07,1,5,240,870,10,3480,1,0
2060,1407,1,2023-05-07,1,5,240,870,10,3481,1,0
2061,1407,1,2023-04-23,1,5,240,870,10,3482,1,0
2062,1408,2,2024-05-12,1,23,876,1525,45,3483,1,0
2063,1408,1,2024-05-12,1,23,876,1525,45,3484,1,0
2064,1409,2,2026-05-29,1,26,961,2379,52,3485,1,0
2065,1410,1,2024-09-18,1,16,617,1693,32,3486,1,0
2066,1410,1,2024-09-08,1,16,617,1693,32,3487,1,0
2067,1411,1,2024-07-04,1,22,830,1215,43,3489,1,0
2068,1411,1,2024-06-22,1,22,830,1215,43,3490,1,0
2069,1412,1,2025-10-07,1,3,90,189,5,3491,1,0
2070,1413,1,2024-10-30,1,18,704,677,36,3492,1,0
2071,1413,1,2024-11-02,1,18,704,677,36,3494,1,0
2072,1414,1,2025-06-07,1,11,452,107,21,3495,1,0
2073,1415,1,2025-12-01,1,8,364,1188,15,3496,1,0
2074,1416,1,2026-06-13,1,31,1107,2109,61,3499,1,0
2075,1416,1,2026-06-26,1,31,1107,2109,61,3500,1,0
2076,1417,1,2024-03-13,1,28,1011,126,55,3501,1,0
2077,1417,1,2024-03-08,1,28,1011,126,55,3502,1,0
2078,1418,1,2025-12-31,1,27,996,685,53,3503,1,0
2079,1418,1,2025-12-12,1,27,996,685,53,3504,1,0
2080,1418,1,2025-12-30,1,27,996,685,53,3505,1,0
2081,1420,1,2023-05-03,1,17,656,539,33,3510,1,0
2082,1420,1,2023-05-19,1,17,656,539,33,3511,1,0
2083,1420,1,2023-05-14,1,17,656,539,33,3512,1,0
2084,1422,2,2023-12-07,1,17,652,2445,33,3515,1,0
2085,1423,1,2026-07-07,1,17,665,1309,34,3519,1,0
2086,1425,1,2025-08-15,1,21,794,2369,41,3521,1,0
2087,1425,1,2025-08-13,1,21,794,2369,41,3522,1,0
2088,1426,1,2023-09-02,1,5,264,1270,10,3525,1,0
2089,1426,1,2023-08-25,1,5,264,1270,10,3526,1,0
2090,1427,1,2023-02-15,1,16,612,1823,32,3527,1,0
2091,1427,1,2023-01-30,1,16,612,1823,32,3528,1,0
2092,1428,1,2024-03-02,1,28,1028,143,55,3529,1,0
2093,1428,1,2024-02-26,1,28,1028,143,55,3530,1,0
2094,1429,1,2025-11-06,1,2,60,974,4,3533,1,0
2095,1429,1,2025-11-25,1,2,60,974,4,3535,1,0
2096,1430,1,2023-02-21,1,22,828,1835,44,3538,1,0
2097,1431,1,2023-12-25,1,21,803,1947,42,3539,1,0
2098,1431,2,2024-01-06,1,21,803,1947,42,3541,1,0
2099,1432,1,2026-01-07,1,27,985,2471,54,3543,1,0
2100,1432,1,2026-01-06,1,27,985,2471,54,3545,1,0
2101,1433,1,2025-11-06,1,15,587,1668,29,3547,1,0
2102,1434,1,2025-05-29,1,31,1097,1077,61,3552,1,0
2103,1434,1,2025-05-23,1,31,1097,1077,61,3553,1,0
2104,1434,1,2025-05-20,1,31,1097,1077,61,3554,1,0
2105,1436,1,2025-05-05,1,21,781,2371,41,3556,1,0
2106,1436,2,2025-04-16,1,21,781,2371,41,3558,1,0
2107,1436,1,2025-04-26,1,21,781,2371,41,3559,1,0
2108,1437,1,2025-06-12,1,18,717,1976,36,3560,1,0
2109,1437,2,2025-06-25,1,18,717,1976,36,3561,1,0
2110,1437,1,2025-06-20,1,18,717,1976,36,3563,1,0
2111,1438,1,2023-09-10,1,3,133,316,5,3564,1,0
2112,1438,1,2023-08-26,1,3,133,316,5,3565,1,0
2113,1439,1,2023-10-18,1,28,1020,52,56,3566,1,0
2114,1439,1,2023-10-13,1,28,1020,52,56,3567,1,0
2115,1439,1,2023-10-13,1,28,1020,52,56,3568,1,0
2116,1440,1,2024-02-26,1,25,931,1852,50,3569,1,0
2117,1442,2,2025-05-18,1,3,120,1569,5,3571,1,0
2118,1442,1,2025-05-07,1,3,120,1569,5,3572,1,0
2119,1442,1,2025-05-08,1,3,120,1569,5,3573,1,0
2120,1442,1,2025-05-05,1,3,120,1569,5,3574,1,0
2121,1443,2,2026-04-13,1,23,865,61,45,3575,1,0
2122,1443,1,2026-04-27,1,23,865,61,45,3576,1,0
2123,1443,1,2026-05-09,1,23,865,61,45,3578,1,0
2124,1445,1,2024-01-09,1,26,957,1150,52,3581,1,0
2125,1445,1,2024-01-11,1,26,957,1150,52,3582,1,0
2126,1447,1,2026-06-13,1,11,484,1207,21,3585,1,0
2127,1447,1,2026-05-23,1,11,484,1207,21,3587,1,0
2128,1449,1,2023-06-04,1,11,439,359,22,3589,1,0
2129,1449,2,2023-05-22,1,11,439,359,22,3590,1,0
2130,1450,2,2025-11-13,1,7,321,1018,14,3592,1,0
2131,1451,1,2023-09-21,1,8,363,1577,16,3594,1,0
2132,1451,1,2023-10-20,1,8,363,1577,16,3595,1,0
2133,1451,1,2023-10-06,1,8,363,1577,16,3596,1,0
2134,1451,1,2023-09-30,1,8,363,1577,16,3597,1,0
2135,1452,1,2025-12-10,1,11,459,613,21,3598,1,0
2136,1453,1,2023-06-14,1,31,1102,352,61,3601,1,0
2137,1453,1,2023-06-23,1,31,1102,352,61,3602,1,0
2138,1454,1,2024-09-19,1,5,178,2365,10,3603,1,0
2139,1454,2,2024-09-16,1,5,178,2365,10,3604,1,0
2140,1455,2,2023-04-12,1,10,431,1635,19,3605,1,0
2141,1456,1,2025-12-12,1,9,386,1887,18,3606,1,0
2142,1456,1,2025-12-08,1,9,386,1887,18,3608,1,0
2143,1457,1,2024-07-22,1,25,928,1391,50,3609,1,0
2144,1457,1,2024-08-09,1,25,928,1391,50,3610,1,0
2145,1458,1,2025-06-02,1,5,243,1047,10,3611,1,0
2146,1459,1,2024-05-20,1,8,371,268,15,3612,1,0
2147,1459,1,2024-06-02,1,8,371,268,15,3613,1,0
2148,1459,1,2024-06-01,1,8,371,268,15,3614,1,0
2149,1460,1,2023-09-05,1,19,740,1674,38,3616,1,0
2150,1460,1,2023-08-29,1,19,740,1674,38,3618,1,0
2151,1460,1,2023-09-13,1,19,740,1674,38,3619,1,0
2152,1461,1,2026-07-15,1,20,770,1456,39,3620,1,0
2153,1461,1,2026-07-23,1,20,770,1456,39,3621,1,0
2154,1462,2,2025-10-29,1,31,1108,2326,61,3623,1,0
2155,1463,1,2023-05-18,1,14,555,2216,28,3627,1,0
2156,1463,1,2023-05-31,1,14,555,2216,28,3628,1,0
2157,1464,2,2024-05-02,1,11,458,753,21,3629,1,0
2158,1465,1,2024-07-03,1,5,180,211,10,3630,1,0
2159,1466,1,2024-06-03,1,10,426,29,19,3633,1,0
2160,1466,1,2024-06-15,1,10,426,29,19,3634,1,0
2161,1467,1,2023-08-26,1,28,1030,401,56,3636,1,0
2162,1468,1,2025-04-26,1,25,939,2365,49,3638,1,0
2163,1468,1,2025-04-27,1,25,939,2365,49,3639,1,0
2164,1470,1,2023-11-21,1,5,202,760,10,3642,1,0
2165,1470,1,2023-11-02,1,5,202,760,10,3643,1,0
2166,1471,1,2025-04-07,1,11,435,1911,22,3644,1,0
2167,1471,1,2025-03-27,1,11,435,1911,22,3645,1,0
2168,1471,1,2025-03-22,1,11,435,1911,22,3646,1,0
2169,1472,2,2025-05-28,1,2,67,1223,3,3647,1,0
2170,1473,1,2025-12-10,1,18,696,1314,35,3648,1,0
2171,1473,1,2025-12-30,1,18,696,1314,35,3651,1,0
2172,1474,1,2023-02-25,1,18,696,2359,35,3653,1,0
2173,1474,1,2023-03-07,1,18,696,2359,35,3654,1,0
2174,1475,1,2025-11-04,1,17,662,1069,34,3655,1,0
2175,1476,1,2023-03-12,1,31,1123,2290,61,3656,1,0
2176,1476,1,2023-02-27,1,31,1123,2290,61,3657,1,0
2177,1477,1,2023-09-08,1,3,92,817,5,3659,1,0
2178,1478,1,2025-12-20,1,20,756,73,39,3660,1,0
2179,1478,1,2025-12-31,1,20,756,73,39,3661,1,0
2180,1479,2,2025-03-03,1,26,956,1718,52,3662,1,0
2181,1480,1,2024-06-30,1,26,977,1658,52,3663,1,0
2182,1480,1,2024-07-07,1,26,977,1658,52,3666,1,0
2183,1481,1,2023-03-15,1,2,64,296,4,3667,1,0
2184,1482,2,2025-10-14,1,8,360,319,16,3668,1,0
2185,1482,1,2025-10-06,1,8,360,319,16,3669,1,0
2186,1482,1,2025-10-12,1,8,360,319,16,3671,1,0
2187,1483,1,2023-01-15,1,18,705,802,36,3672,1,0
2188,1483,2,2023-01-25,1,18,705,802,36,3673,1,0
2189,1484,1,2024-06-12,1,5,249,1526,9,3674,1,0
2190,1484,1,2024-06-04,1,5,249,1526,9,3675,1,0
2191,1484,1,2024-06-05,1,5,249,1526,9,3677,1,0
2192,1486,1,2025-06-24,1,5,251,21,10,3681,1,0
2193,1486,1,2025-07-23,1,5,251,21,10,3683,1,0
2194,1487,1,2023-12-18,1,27,991,2488,54,3685,1,0
2195,1488,1,2026-06-17,1,26,955,153,52,3687,1,0
2196,1489,1,2024-11-03,1,23,868,1762,46,3688,1,0
2197,1490,1,2023-07-09,1,18,697,330,36,3689,1,0
2198,1490,1,2023-07-15,1,18,697,330,36,3691,1,0
2199,1490,1,2023-07-27,1,18,697,330,36,3692,1,0
2200,1491,1,2025-08-15,1,18,705,1901,35,3694,1,0
2201,1494,1,2023-11-04,1,27,1000,346,53,3701,1,0
2202,1495,1,2023-12-17,1,17,648,1096,33,3702,1,0
2203,1495,2,2024-01-07,1,17,648,1096,33,3703,1,0
2204,1495,1,2023-12-18,1,17,648,1096,33,3704,1,0
2205,1496,1,2024-01-25,1,14,571,1237,27,3705,1,0
2206,1496,1,2024-02-07,1,14,571,1237,27,3706,1,0
2207,1496,2,2024-01-26,1,14,571,1237,27,3707,1,0
2208,1497,1,2024-09-15,1,1,18,1989,2,3710,1,0
2209,1498,1,2023-08-14,1,5,216,415,10,3712,1,0
2210,1499,1,2024-07-29,1,5,268,1217,10,3714,1,0
2211,1500,1,2025-06-26,1,10,432,301,19,3717,1,0
2212,1501,1,2024-04-07,1,29,1061,902,57,3718,1,0
2213,1502,1,2025-06-11,1,19,745,2473,37,3720,1,0
2214,1503,1,2024-09-27,1,11,451,1141,21,3722,1,0
2215,1503,2,2024-09-12,1,11,451,1141,21,3723,1,0
2216,1505,1,2025-11-10,1,3,102,242,5,3726,1,0
2217,1505,1,2025-11-07,1,3,102,242,5,3727,1,0
2218,1506,1,2025-01-11,1,5,199,2354,10,3728,1,0
2219,1507,2,2023-11-15,1,12,510,1626,24,3729,1,0
2220,1508,1,2026-02-28,1,22,837,474,43,3732,1,0
2221,1509,2,2025-03-17,1,20,778,825,40,3734,1,0
2222,1509,1,2025-04-04,1,20,778,825,40,3735,1,0
2223,1509,1,2025-03-22,1,20,778,825,40,3736,1,0
2224,1509,1,2025-03-27,1,20,778,825,40,3737,1,0
2225,1510,2,2025-02-05,1,9,387,1756,18,3738,1,0
2226,1510,1,2025-02-05,1,9,387,1756,18,3740,1,0
2227,1511,1,2025-09-26,1,1,10,254,1,3741,1,0
2228,1511,1,2025-09-08,1,1,10,254,1,3742,1,0
2229,1512,1,2023-06-27,1,8,372,2490,15,3744,1,0
2230,1512,1,2023-07-20,1,8,372,2490,15,3745,1,0
2231,1512,1,2023-07-16,1,8,372,2490,15,3746,1,0
2232,1513,1,2024-07-18,1,7,318,1332,14,3748,1,0
2233,1515,1,2025-11-01,1,25,944,2476,49,3751,1,0
2234,1515,1,2025-10-26,1,25,944,2476,49,3752,1,0
2235,1518,1,2023-02-14,1,5,282,2107,9,3757,1,0
2236,1520,1,2025-07-29,1,22,824,966,44,3762,1,0
2237,1520,1,2025-08-01,1,22,824,966,44,3763,1,0
2238,1521,1,2024-04-08,1,2,34,221,4,3764,1,0
2239,1521,1,2024-04-08,1,2,34,221,4,3765,1,0
2240,1521,1,2024-03-22,1,2,34,221,4,3766,1,0
2241,1522,1,2026-01-16,1,8,354,364,16,3768,1,0
2242,1522,1,2026-01-13,1,8,354,364,16,3769,1,0
2243,1523,1,2026-08-08,1,13,533,2295,25,3771,1,0
2244,1523,1,2026-08-07,1,13,533,2295,25,3773,1,0
2245,1524,1,2023-06-29,1,27,984,1571,54,3774,1,0
2246,1527,2,2024-11-10,1,23,879,2435,46,3779,1,0
2247,1528,1,2025-03-02,1,17,635,613,33,3780,1,0
2248,1529,1,2024-07-04,1,29,1042,944,57,3782,1,0
2249,1529,1,2024-07-23,1,29,1042,944,57,3783,1,0
2250,1530,1,2023-01-14,1,1,23,1726,1,3785,1,0
2251,1531,1,2026-05-03,1,4,148,971,8,3787,1,0
2252,1531,2,2026-04-29,1,4,148,971,8,3789,1,0
2253,1532,1,2026-01-29,1,30,1069,592,59,3790,1,0
2254,1532,1,2026-01-15,1,30,1069,592,59,3791,1,0
2255,1532,2,2026-02-01,1,30,1069,592,59,3792,1,0
2256,1533,1,2023-02-10,1,27,996,880,54,3793,1,0
2257,1533,1,2023-01-26,1,27,996,880,54,3794,1,0
2258,1533,1,2023-01-16,1,27,996,880,54,3796,1,0
2259,1534,1,2025-11-10,1,22,826,2493,43,3798,1,0
2260,1534,1,2025-11-23,1,22,826,2493,43,3799,1,0
2261,1535,2,2023-07-30,1,15,597,1740,30,3800,1,0
2262,1536,1,2023-02-17,1,22,809,2193,44,3802,1,0
2263,1537,1,2026-06-06,1,20,777,925,40,3803,1,0
2264,1537,2,2026-05-14,1,20,777,925,40,3804,1,0
2265,1537,1,2026-06-09,1,20,777,925,40,3805,1,0
2266,1538,1,2023-10-18,1,17,656,2103,33,3806,1,0
2267,1538,2,2023-10-25,1,17,656,2103,33,3808,1,0
2268,1540,1,2026-03-19,1,3,134,1540,5,3811,1,0
2269,1541,1,2025-08-09,1,11,466,1577,21,3812,1,0
2270,1541,1,2025-08-13,1,11,466,1577,21,3814,1,0
2271,1542,1,2026-05-01,1,28,1036,1889,56,3815,1,0
2272,1543,1,2024-05-02,1,9,396,1309,17,3818,1,0
2273,1544,1,2024-04-12,1,9,389,931,17,3819,1,0
2274,1544,1,2024-04-05,1,9,389,931,17,3820,1,0
2275,1544,1,2024-03-31,1,9,389,931,17,3821,1,0
2276,1547,1,2024-08-05,1,21,782,2392,42,3825,1,0
2277,1548,1,2025-04-23,1,10,425,1376,20,3826,1,0
2278,1548,1,2025-04-04,1,10,425,1376,20,3827,1,0
2279,1548,1,2025-04-28,1,10,425,1376,20,3828,1,0
2280,1549,2,2025-05-01,1,20,774,1253,40,3829,1,0
2281,1549,1,2025-04-20,1,20,774,1253,40,3830,1,0
2282,1550,1,2023-03-08,1,19,742,77,38,3832,1,0
2283,1550,1,2023-03-09,1,19,742,77,38,3833,1,0
2284,1550,2,2023-02-23,1,19,742,77,38,3834,1,0
2285,1552,1,2025-10-11,1,5,275,918,10,3839,1,0
2286,1554,1,2025-09-05,1,5,259,793,10,3844,1,0
2287,1555,1,2025-09-07,1,11,473,1275,22,3845,1,0
2288,1556,1,2025-06-27,1,11,450,1852,21,3847,1,0
2289,1557,1,2025-11-19,1,13,533,16,26,3849,1,0
2290,1557,1,2025-11-14,1,13,533,16,26,3851,1,0
2291,1558,1,2026-01-06,1,27,998,68,53,3852,1,0
2292,1559,2,2024-01-21,1,9,396,93,18,3854,1,0
2293,1559,2,2024-01-30,1,9,396,93,18,3855,1,0
2294,1559,1,2024-01-22,1,9,396,93,18,3856,1,0
2295,1560,1,2025-12-15,1,28,1031,1890,55,3857,1,0
2296,1560,1,2025-12-05,1,28,1031,1890,55,3858,1,0
2297,1561,1,2024-12-03,1,3,98,615,5,3861,1,0
2298,1561,1,2024-11-22,1,3,98,615,5,3863,1,0
2299,1562,1,2023-09-23,1,5,274,2427,9,3864,1,0
2300,1562,1,2023-09-25,1,5,274,2427,9,3865,1,0
2301,1564,1,2025-03-31,1,5,174,2457,10,3869,1,0
2302,1565,1,2025-10-03,1,5,178,421,10,3870,1,0
2303,1566,1,2026-08-02,1,6,299,723,11,3871,1,0
2304,1566,1,2026-08-02,1,6,299,723,11,3873,1,0
2305,1567,2,2024-08-04,1,17,637,2362,34,3875,1,0
2306,1568,1,2023-11-04,1,5,280,58,9,3876,1,0
2307,1568,1,2023-11-02,1,5,280,58,9,3877,1,0
2308,1568,2,2023-10-17,1,5,280,58,9,3878,1,0
2309,1569,1,2025-06-30,1,18,700,1982,35,3880,1,0
2310,1569,1,2025-06-09,1,18,700,1982,35,3881,1,0
2311,1570,1,2024-12-20,1,28,1031,1060,55,3883,1,0
2312,1572,2,2024-04-12,1,22,841,1398,44,3887,1,0
2313,1572,1,2024-03-28,1,22,841,1398,44,3889,1,0
2314,1573,1,2025-06-30,1,4,172,1511,8,3891,1,0
2315,1574,1,2025-10-31,1,6,299,609,12,3893,1,0
2316,1574,1,2025-11-13,1,6,299,609,12,3894,1,0
2317,1574,1,2025-11-18,1,6,299,609,12,3895,1,0
2318,1575,1,2026-04-27,1,14,575,1275,28,3897,1,0
2319,1576,1,2025-09-05,1,23,871,1507,46,3899,1,0
2320,1576,1,2025-10-03,1,23,871,1507,46,3900,1,0
2321,1576,1,2025-09-14,1,23,871,1507,46,3901,1,0
2322,1578,2,2025-05-18,1,9,400,308,18,3903,1,0
2323,1579,2,2024-12-02,1,13,523,1076,25,3905,1,0
2324,1580,2,2025-05-21,1,21,807,1018,41,3909,1,0
2325,1581,1,2024-07-10,1,2,58,1593,4,3911,1,0
2326,1581,1,2024-06-24,1,2,58,1593,4,3913,1,0
2327,1582,1,2024-06-25,1,30,1086,2417,60,3914,1,0
2328,1583,2,2023-10-12,1,17,661,1824,33,3915,1,0
2329,1583,1,2023-10-04,1,17,661,1824,33,3916,1,0
2330,1584,1,2025-04-01,1,19,722,2340,38,3918,1,0
2331,1585,1,2023-07-23,1,24,916,1322,47,3920,1,0
2332,1585,1,2023-07-25,1,24,916,1322,47,3921,1,0
2333,1587,1,2023-12-12,1,12,497,89,24,3924,1,0
2334,1588,1,2024-08-01,1,1,19,409,2,3928,1,0
2335,1589,1,2023-03-12,1,3,112,60,6,3929,1,0
2336,1590,2,2023-08-12,1,8,353,184,16,3933,1,0
2337,1590,1,2023-08-18,1,8,353,184,16,3934,1,0
2338,1590,1,2023-07-19,1,8,353,184,16,3935,1,0
2339,1592,1,2024-12-14,1,3,127,1026,5,3939,1,0
2340,1593,1,2026-02-14,1,3,135,2041,5,3941,1,0
2341,1593,1,2026-02-13,1,3,135,2041,5,3942,1,0
2342,1593,1,2026-02-06,1,3,135,2041,5,3944,1,0
2343,1594,1,2023-07-21,1,6,298,1136,12,3945,1,0
2344,1595,2,2023-09-01,1,27,994,47,53,3947,1,0
2345,1595,1,2023-08-24,1,27,994,47,53,3950,1,0
2346,1597,1,2023-03-31,1,14,550,2101,27,3952,1,0
2347,1598,1,2025-07-22,1,23,888,1676,45,3954,1,0
2348,1598,1,2025-07-14,1,23,888,1676,45,3955,1,0
2349,1599,1,2025-12-06,1,2,49,1461,3,3957,1,0
2350,1599,1,2025-12-11,1,2,49,1461,3,3959,1,0
2351,1600,1,2026-06-18,1,6,314,1737,12,3960,1,0
2352,1601,1,2025-08-01,1,18,702,1880,35,3962,1,0
2353,1601,1,2025-07-18,1,18,702,1880,35,3964,1,0
2354,1604,1,2026-07-04,1,7,322,958,13,3969,1,0
2355,1604,1,2026-07-18,1,7,322,958,13,3970,1,0
2356,1604,1,2026-07-17,1,7,322,958,13,3971,1,0
2357,1605,1,2025-12-23,1,30,1076,1217,59,3973,1,0
2358,1605,1,2025-12-17,1,30,1076,1217,59,3974,1,0
2359,1606,1,2024-08-29,1,15,585,1323,29,3976,1,0
2360,1606,2,2024-08-09,1,15,585,1323,29,3977,1,0
2361,1606,1,2024-08-14,1,15,585,1323,29,3978,1,0
2362,1607,1,2024-03-19,1,26,955,2358,51,3979,1,0
2363,1608,1,2025-02-16,1,29,1047,551,57,3982,1,0
2364,1608,1,2025-03-05,1,29,1047,551,57,3983,1,0
2365,1608,1,2025-02-11,1,29,1047,551,57,3984,1,0
2366,1608,2,2025-02-13,1,29,1047,551,57,3985,1,0
2367,1609,1,2026-06-29,1,27,993,1344,54,3987,1,0
2368,1609,1,2026-06-24,1,27,993,1344,54,3988,1,0
2369,1610,1,2023-01-16,1,13,537,1940,26,3989,1,0
2370,1612,1,2023-12-23,1,10,419,1646,20,3992,1,0
2371,1613,1,2026-03-17,1,6,315,661,12,3994,1,0
2372,1613,1,2026-02-20,1,6,315,661,12,3995,1,0
2373,1614,1,2023-07-26,1,3,141,1002,6,3996,1,0
2374,1615,1,2024-01-11,1,17,682,210,33,4000,1,0
2375,1616,1,2025-12-04,1,3,123,800,6,4001,1,0
2376,1616,1,2025-12-28,1,3,123,800,6,4002,1,0
2377,1618,1,2025-02-12,1,9,393,1512,18,4005,1,0
2378,1618,1,2025-03-12,1,9,393,1512,18,4006,1,0
2379,1618,1,2025-02-27,1,9,393,1512,18,4008,1,0
2380,1619,1,2024-10-29,1,3,135,39,6,4009,1,0
2381,1619,1,2024-11-02,1,3,135,39,6,4010,1,0
2382,1619,1,2024-10-27,1,3,135,39,6,4011,1,0
2383,1619,1,2024-11-08,1,3,135,39,6,4012,1,0
2384,1620,1,2023-09-08,1,30,1070,773,60,4014,1,0
2385,1620,1,2023-09-03,1,30,1070,773,60,4015,1,0
2386,1620,1,2023-08-29,1,30,1070,773,60,4016,1,0
2387,1621,1,2026-04-10,1,7,340,1847,13,4017,1,0
2388,1622,1,2023-12-15,1,20,758,810,40,4020,1,0
2389,1622,1,2023-12-11,1,20,758,810,40,4021,1,0
2390,1624,1,2023-02-05,1,2,64,2092,3,4023,1,0
2391,1624,1,2023-01-22,1,2,64,2092,3,4024,1,0
2392,1624,1,2023-01-29,1,2,64,2092,3,4025,1,0
2393,1624,2,2023-02-07,1,2,64,2092,3,4026,1,0
2394,1625,2,2026-04-10,1,24,919,863,48,4028,1,0
2395,1625,1,2026-05-03,1,24,919,863,48,4029,1,0
2396,1626,2,2025-02-28,1,26,954,1846,52,4031,1,0
2397,1626,2,2025-02-22,1,26,954,1846,52,4032,1,0
2398,1627,1,2023-05-26,1,5,174,2001,10,4033,1,0
2399,1627,1,2023-05-01,1,5,174,2001,10,4034,1,0
2400,1627,1,2023-04-30,1,5,174,2001,10,4035,1,0
2401,1627,1,2023-05-10,1,5,174,2001,10,4036,1,0
2402,1629,2,2023-10-09,1,17,688,39,34,4039,1,0
2403,1630,1,2025-10-17,1,22,850,663,44,4040,1,0
2404,1630,1,2025-11-06,1,22,850,663,44,4041,1,0
2405,1631,1,2023-06-12,1,5,173,932,10,4043,1,0
2406,1632,1,2024-06-18,1,3,87,2226,6,4047,1,0
2407,1632,1,2024-07-17,1,3,87,2226,6,4048,1,0
2408,1633,1,2025-03-04,1,5,181,1560,9,4049,1,0
2409,1634,1,2025-11-16,1,17,635,473,33,4052,1,0
2410,1635,1,2023-12-29,1,24,900,561,48,4053,1,0
2411,1637,2,2025-11-01,1,3,114,674,6,4055,1,0
2412,1637,1,2025-10-19,1,3,114,674,6,4056,1,0
2413,1637,1,2025-11-05,1,3,114,674,6,4057,1,0
2414,1639,1,2024-08-04,1,6,292,928,12,4060,1,0
2415,1640,2,2024-08-10,1,17,639,2460,34,4061,1,0
2416,1640,2,2024-08-16,1,17,639,2460,34,4063,1,0
2417,1642,2,2024-04-27,1,11,464,1380,21,4065,1,0
2418,1642,1,2024-04-24,1,11,464,1380,21,4067,1,0
2419,1643,1,2025-04-11,1,2,81,1726,4,4069,1,0
2420,1643,1,2025-04-08,1,2,81,1726,4,4071,1,0
2421,1644,1,2024-11-07,1,9,390,600,18,4074,1,0
2422,1645,1,2023-06-06,1,5,228,1202,10,4075,1,0
2423,1648,1,2025-11-27,1,27,1004,1154,53,4080,1,0
2424,1648,1,2025-12-18,1,27,1004,1154,53,4081,1,0
2425,1649,1,2024-01-27,1,27,987,1549,53,4083,1,0
2426,1650,1,2023-03-26,1,11,458,667,22,4085,1,0
2427,1651,1,2024-05-14,1,10,428,878,19,4087,1,0
2428,1651,1,2024-04-24,1,10,428,878,19,4088,1,0
2429,1652,1,2023-09-15,1,19,732,707,38,4089,1,0
2430,1652,2,2023-10-03,1,19,732,707,38,4090,1,0
2431,1653,1,2023-09-01,1,23,875,2260,46,4095,1,0
2432,1654,1,2023-04-08,1,8,351,1583,16,4099,1,0
2433,1655,1,2023-05-03,1,3,90,788,5,4101,1,0
2434,1656,1,2023-12-22,1,23,880,209,45,4102,1,0
2435,1656,1,2023-12-14,1,23,880,209,45,4105,1,0
2436,1658,1,2025-06-21,1,11,439,24,22,4107,1,0
2437,1659,1,2024-08-02,1,1,29,90,2,4109,1,0
2438,1659,2,2024-08-01,1,1,29,90,2,4110,1,0
2439,1660,1,2026-06-30,1,5,220,179,9,4111,1,0
2440,1660,1,2026-07-05,1,5,220,179,9,4112,1,0
2441,1661,1,2025-11-30,1,20,767,1704,40,4113,1,0
2442,1663,1,2023-02-18,1,2,68,748,4,4115,1,0
2443,1663,1,2023-03-06,1,2,68,748,4,4116,1,0
2444,1663,1,2023-02-07,1,2,68,748,4,4117,1,0
2445,1663,2,2023-03-04,1,2,68,748,4,4118,1,0
2446,1665,1,2026-06-09,1,5,281,549,9,4120,1,0
2447,1667,2,2025-11-24,1,30,1093,713,59,4125,1,0
2448,1667,1,2025-11-24,1,30,1093,713,59,4126,1,0
2449,1667,2,2025-11-28,1,30,1093,713,59,4127,1,0
2450,1667,1,2025-11-13,1,30,1093,713,59,4128,1,0
2451,1669,1,2025-10-30,1,25,932,1765,50,4132,1,0
2452,1669,1,2025-10-22,1,25,932,1765,50,4133,1,0
2453,1670,1,2026-02-03,1,4,151,1143,7,4135,1,0
2454,1670,1,2026-01-24,1,4,151,1143,7,4136,1,0
2455,1670,1,2026-02-05,1,4,151,1143,7,4137,1,0
2456,1671,1,2026-03-25,1,2,42,1815,4,4138,1,0
2457,1671,1,2026-04-11,1,2,42,1815,4,4139,1,0
2458,1671,2,2026-03-31,1,2,42,1815,4,4140,1,0
2459,1673,1,2023-12-21,1,5,189,1399,9,4145,1,0
2460,1675,1,2025-01-22,1,19,728,253,37,4147,1,0
2461,1676,2,2026-03-31,1,28,1015,40,56,4148,1,0
2462,1676,2,2026-03-10,1,28,1015,40,56,4149,1,0
2463,1676,2,2026-03-31,1,28,1015,40,56,4150,1,0
2464,1678,2,2026-03-15,1,5,200,576,10,4152,1,0
2465,1679,2,2025-07-06,1,21,798,602,42,4155,1,0
2466,1679,1,2025-07-19,1,21,798,602,42,4156,1,0
2467,1680,1,2025-01-28,1,11,441,1285,22,4158,1,0
2468,1680,2,2025-02-02,1,11,441,1285,22,4159,1,0
2469,1681,2,2026-01-13,1,15,590,1957,30,4162,1,0
2470,1681,1,2025-12-19,1,15,590,1957,30,4163,1,0
2471,1683,2,2025-08-24,1,22,830,2416,44,4165,1,0
2472,1683,1,2025-08-09,1,22,830,2416,44,4166,1,0
2473,1685,1,2024-08-18,1,28,1025,463,56,4169,1,0
2474,1685,1,2024-08-11,1,28,1025,463,56,4170,1,0
2475,1685,1,2024-08-13,1,28,1025,463,56,4171,1,0
2476,1686,1,2026-05-24,1,4,158,1720,8,4173,1,0
2477,1687,1,2025-10-31,1,11,436,936,21,4175,1,0
2478,1689,2,2023-11-05,1,28,1016,1453,55,4178,1,0
2479,1689,1,2023-11-13,1,28,1016,1453,55,4179,1,0
2480,1690,1,2024-03-17,1,15,602,42,30,4181,1,0
2481,1690,1,2024-03-18,1,15,602,42,30,4182,1,0
2482,1691,1,2024-10-05,1,24,922,2029,47,4183,1,0
2483,1691,1,2024-09-25,1,24,922,2029,47,4184,1,0
2484,1691,1,2024-09-23,1,24,922,2029,47,4186,1,0
2485,1692,1,2023-06-29,1,17,663,1746,33,4187,1,0
2486,1693,1,2026-02-19,1,19,739,478,37,4190,1,0
2487,1693,1,2026-02-25,1,19,739,478,37,4191,1,0
2488,1693,1,2026-03-18,1,19,739,478,37,4192,1,0
2489,1693,1,2026-03-05,1,19,739,478,37,4193,1,0
2490,1694,1,2024-11-11,1,11,475,1154,21,4195,1,0
2491,1695,1,2025-06-13,1,3,93,178,5,4196,1,0
2492,1696,1,2025-08-13,1,6,310,374,11,4197,1,0
2493,1696,1,2025-08-24,1,6,310,374,11,4198,1,0
2494,1696,1,2025-08-13,1,6,310,374,11,4199,1,0
2495,1697,1,2025-04-12,1,30,1093,2066,60,4200,1,0
2496,1697,1,2025-04-30,1,30,1093,2066,60,4202,1,0
2497,1698,1,2025-06-20,1,17,669,1329,33,4204,1,0
2498,1698,1,2025-06-29,1,17,669,1329,33,4205,1,0
2499,1699,1,2025-08-09,1,17,691,29,33,4208,1,0
2500,1699,1,2025-07-31,1,17,691,29,33,4209,1,0
2501,1699,2,2025-08-01,1,17,691,29,33,4210,1,0
2502,1699,2,2025-08-06,1,17,691,29,33,4211,1,0
2503,1700,1,2026-02-25,1,22,861,1741,43,4212,1,0
2504,1700,1,2026-02-09,1,22,861,1741,43,4213,1,0
2505,1701,1,2024-05-21,1,3,109,168,5,4215,1,0
2506,1701,1,2024-05-21,1,3,109,168,5,4216,1,0
2507,1702,1,2024-06-03,1,11,477,561,22,4217,1,0
2508,1703,1,2025-08-16,1,8,362,1015,15,4218,1,0
2509,1704,1,2025-06-21,1,7,326,30,14,4219,1,0
2510,1704,1,2025-06-16,1,7,326,30,14,4221,1,0
2511,1704,2,2025-06-21,1,7,326,30,14,4222,1,0
2512,1705,1,2023-11-18,1,13,520,2082,25,4223,1,0
2513,1706,1,2024-06-29,1,18,702,1491,35,4224,1,0
2514,1706,1,2024-06-25,1,18,702,1491,35,4225,1,0
2515,1706,1,2024-07-02,1,18,702,1491,35,4226,1,0
2516,1706,1,2024-06-27,1,18,702,1491,35,4227,1,0
2517,1707,1,2026-04-10,1,2,57,2221,3,4228,1,0
2518,1707,1,2026-04-05,1,2,57,2221,3,4229,1,0
2519,1707,1,2026-04-10,1,2,57,2221,3,4230,1,0
2520,1708,1,2023-04-02,1,19,736,1248,38,4231,1,0
2521,1708,1,2023-03-22,1,19,736,1248,38,4232,1,0
2522,1708,1,2023-03-23,1,19,736,1248,38,4233,1,0
2523,1709,2,2026-04-09,1,18,693,901,36,4235,1,0
2524,1710,1,2025-05-24,1,25,927,410,49,4237,1,0
2525,1711,1,2024-07-06,1,19,730,2278,37,4239,1,0
2526,1712,1,2023-02-28,1,6,294,211,11,4241,1,0
2527,1713,1,2025-10-09,1,2,69,52,4,4242,1,0
2528,1713,1,2025-10-05,1,2,69,52,4,4243,1,0
2529,1713,1,2025-10-09,1,2,69,52,4,4244,1,0
2530,1714,1,2025-06-23,1,22,828,1970,43,4246,1,0
2531,1714,1,2025-07-16,1,22,828,1970,43,4247,1,0
2532,1715,1,2023-04-01,1,25,945,200,50,4248,1,0
2533,1716,1,2023-03-11,1,7,341,1198,13,4251,1,0
2534,1717,1,2025-09-01,1,10,411,2124,19,4252,1,0
2535,1717,1,2025-09-17,1,10,411,2124,19,4253,1,0
2536,1718,2,2023-11-02,1,21,804,1798,42,4254,1,0
2537,1718,1,2023-11-03,1,21,804,1798,42,4255,1,0
2538,1719,1,2024-02-26,1,21,797,1593,41,4258,1,0
2539,1719,1,2024-03-10,1,21,797,1593,41,4259,1,0
2540,1720,1,2025-06-01,1,19,744,846,37,4260,1,0
2541,1720,1,2025-05-08,1,19,744,846,37,4261,1,0
2542,1720,2,2025-05-22,1,19,744,846,37,4262,1,0
2543,1721,1,2023-03-14,1,26,980,636,51,4263,1,0
2544,1722,1,2025-02-11,1,9,379,358,17,4267,1,0
2545,1722,1,2025-02-24,1,9,379,358,17,4268,1,0
2546,1723,1,2025-09-25,1,5,175,1591,9,4271,1,0
2547,1724,1,2023-06-07,1,5,285,493,10,4272,1,0
2548,1724,1,2023-05-26,1,5,285,493,10,4273,1,0
2549,1724,1,2023-06-04,1,5,285,493,10,4274,1,0
2550,1725,1,2025-09-15,1,29,1048,750,57,4277,1,0
2551,1726,1,2024-07-17,1,5,276,6,10,4279,1,0
2552,1727,1,2025-09-05,1,21,799,1798,41,4280,1,0
2553,1727,1,2025-09-04,1,21,799,1798,41,4281,1,0
2554,1727,1,2025-09-14,1,21,799,1798,41,4282,1,0
2555,1728,1,2024-05-02,1,21,792,1333,42,4283,1,0
2556,1728,1,2024-04-27,1,21,792,1333,42,4284,1,0
2557,1729,1,2023-09-07,1,31,1106,977,61,4285,1,0
2558,1731,1,2023-04-06,1,28,1010,1533,55,4290,1,0
2559,1731,1,2023-03-31,1,28,1010,1533,55,4292,1,0
2560,1732,1,2023-06-20,1,12,517,442,24,4293,1,0
2561,1733,1,2024-05-14,1,6,298,1423,12,4294,1,0
2562,1734,1,2023-02-28,1,12,517,816,23,4296,1,0
2563,1736,1,2023-05-14,1,13,539,27,25,4299,1,0
2564,1736,1,2023-05-23,1,13,539,27,25,4300,1,0
2565,1736,1,2023-05-18,1,13,539,27,25,4301,1,0
2566,1737,1,2023-05-15,1,30,1074,2400,60,4302,1,0
2567,1737,1,2023-05-16,1,30,1074,2400,60,4303,1,0
2568,1737,1,2023-05-17,1,30,1074,2400,60,4304,1,0
2569,1739,1,2023-01-26,1,23,881,2402,46,4307,1,0
2570,1739,1,2023-02-08,1,23,881,2402,46,4308,1,0
2571,1739,1,2023-02-15,1,23,881,2402,46,4309,1,0
2572,1739,1,2023-02-19,1,23,881,2402,46,4310,1,0
2573,1740,1,2025-09-09,1,2,62,2383,4,4311,1,0
2574,1741,1,2026-04-03,1,15,586,171,29,4312,1,0
2575,1742,1,2024-06-10,1,17,661,540,33,4313,1,0
2576,1743,1,2025-08-28,1,5,229,790,9,4316,1,0
2577,1743,2,2025-08-25,1,5,229,790,9,4317,1,0
2578,1743,1,2025-09-03,1,5,229,790,9,4318,1,0
2579,1744,1,2026-06-17,1,27,999,1397,54,4319,1,0
2580,1745,2,2023-12-22,1,18,711,91,35,4321,1,0
2581,1745,1,2023-12-14,1,18,711,91,35,4322,1,0
2582,1745,1,2023-12-18,1,18,711,91,35,4323,1,0
2583,1746,1,2024-08-07,1,16,610,516,31,4324,1,0
2584,1746,1,2024-07-28,1,16,610,516,31,4325,1,0
2585,1746,1,2024-07-20,1,16,610,516,31,4326,1,0
2586,1746,1,2024-07-23,1,16,610,516,31,4327,1,0
2587,1747,1,2025-07-22,1,14,569,1713,27,4328,1,0
2588,1748,1,2025-04-24,1,24,908,1216,48,4330,1,0
2589,1750,1,2024-11-25,1,19,730,2168,37,4334,1,0
2590,1752,1,2025-09-11,1,28,1016,771,55,4337,1,0
2591,1753,1,2024-02-15,1,15,604,2193,29,4339,1,0
2592,1753,1,2024-01-31,1,15,604,2193,29,4340,1,0
2593,1754,1,2025-03-15,1,3,141,1932,5,4342,1,0
2594,1755,1,2024-12-22,1,31,1111,1987,62,4344,1,0
2595,1756,1,2024-06-04,1,27,991,1355,54,4345,1,0
2596,1756,1,2024-06-13,1,27,991,1355,54,4346,1,0
2597,1756,1,2024-05-27,1,27,991,1355,54,4347,1,0
2598,1757,1,2024-03-08,1,13,521,2417,25,4348,1,0
2599,1757,1,2024-03-08,1,13,521,2417,25,4350,1,0
2600,1758,2,2025-06-19,1,17,650,2013,34,4351,1,0
2601,1758,1,2025-06-20,1,17,650,2013,34,4352,1,0
2602,1759,1,2025-12-20,1,18,715,935,36,4355,1,0
2603,1762,1,2023-06-18,1,17,642,274,33,4359,1,0
2604,1765,2,2023-12-30,1,17,679,2173,34,4364,1,0
2605,1765,1,2023-12-15,1,17,679,2173,34,4365,1,0
2606,1766,1,2026-01-02,1,1,19,566,2,4366,1,0
2607,1767,1,2026-04-25,1,28,1015,2222,56,4371,1,0
2608,1768,1,2025-05-17,1,20,750,1861,40,4372,1,0
2609,1769,2,2025-12-26,1,14,551,381,27,4373,1,0
2610,1769,2,2026-01-01,1,14,551,381,27,4375,1,0
2611,1772,1,2024-01-13,1,8,347,2001,15,4379,1,0
2612,1772,1,2024-01-23,1,8,347,2001,15,4380,1,0
2613,1773,1,2025-02-16,1,23,870,1837,46,4381,1,0
2614,1773,1,2025-02-16,1,23,870,1837,46,4383,1,0
2615,1773,1,2025-02-11,1,23,870,1837,46,4384,1,0
2616,1774,1,2026-05-02,1,31,1123,2389,62,4385,1,0
2617,1774,1,2026-05-04,1,31,1123,2389,62,4386,1,0
2618,1775,1,2024-12-01,1,4,172,2368,7,4389,1,0
2619,1776,2,2024-06-03,1,3,128,235,5,4390,1,0
2620,1776,1,2024-06-17,1,3,128,235,5,4391,1,0
2621,1776,2,2024-05-26,1,3,128,235,5,4392,1,0
2622,1776,1,2024-06-08,1,3,128,235,5,4393,1,0
2623,1777,1,2025-07-29,1,3,114,513,5,4394,1,0
2624,1777,2,2025-07-24,1,3,114,513,5,4395,1,0
2625,1778,1,2025-07-24,1,22,812,723,43,4400,1,0
2626,1780,1,2024-10-23,1,27,1008,1215,54,4403,1,0
2627,1780,1,2024-09-30,1,27,1008,1215,54,4405,1,0
2628,1782,1,2025-06-28,1,2,76,620,4,4408,1,0
2629,1783,1,2026-05-22,1,16,619,276,31,4412,1,0
2630,1783,1,2026-05-26,1,16,619,276,31,4413,1,0
2631,1784,2,2023-04-07,1,26,970,1473,51,4415,1,0
2632,1784,1,2023-03-28,1,26,970,1473,51,4417,1,0
2633,1785,1,2023-06-10,1,31,1115,1163,62,4418,1,0
2634,1786,1,2024-06-25,1,11,458,849,21,4419,1,0
2635,1786,1,2024-06-09,1,11,458,849,21,4420,1,0
2636,1787,1,2025-05-13,1,14,571,620,28,4421,1,0
2637,1787,2,2025-05-12,1,14,571,620,28,4424,1,0
2638,1788,1,2023-03-22,1,23,884,1493,46,4426,1,0
2639,1788,1,2023-03-17,1,23,884,1493,46,4427,1,0
2640,1789,1,2026-05-05,1,22,831,1334,43,4428,1,0
2641,1790,2,2023-01-28,1,29,1060,1704,58,4432,1,0
2642,1791,1,2025-05-04,1,8,361,2237,15,4434,1,0
2643,1791,2,2025-05-15,1,8,361,2237,15,4435,1,0
2644,1792,1,2026-01-03,1,27,986,776,54,4436,1,0
2645,1793,1,2026-02-26,1,13,540,783,25,4437,1,0
2646,1794,1,2023-09-07,1,31,1118,2330,62,4438,1,0
2647,1795,1,2023-07-27,1,5,215,1628,10,4441,1,0
2648,1795,1,2023-08-20,1,5,215,1628,10,4442,1,0
2649,1795,1,2023-07-23,1,5,215,1628,10,4443,1,0
2650,1798,1,2023-02-02,1,31,1119,640,61,4450,1,0
2651,1798,1,2023-02-07,1,31,1119,640,61,4451,1,0
2652,1798,1,2023-02-07,1,31,1119,640,61,4452,1,0
2653,1798,1,2023-02-06,1,31,1119,640,61,4453,1,0
2654,1799,1,2025-11-05,1,23,865,2464,46,4454,1,0
2655,1800,1,2024-06-03,1,16,610,1573,32,4458,1,0
2656,1800,1,2024-05-30,1,16,610,1573,32,4459,1,0
2657,1801,1,2025-12-23,1,29,1057,981,57,4462,1,0
2658,1801,1,2025-12-29,1,29,1057,981,57,4463,1,0
2659,1802,1,2025-11-01,1,23,883,1739,45,4464,1,0
2660,1802,1,2025-11-20,1,23,883,1739,45,4465,1,0
2661,1802,2,2025-11-03,1,23,883,1739,45,4467,1,0
2662,1803,1,2023-05-28,1,22,834,360,44,4468,1,0
2663,1805,1,2024-10-05,1,27,986,1217,53,4472,1,0
2664,1805,1,2024-09-28,1,27,986,1217,53,4473,1,0
2665,1805,1,2024-09-18,1,27,986,1217,53,4474,1,0
2666,1806,1,2024-07-16,1,24,920,1788,47,4477,1,0
2667,1806,1,2024-07-28,1,24,920,1788,47,4478,1,0
2668,1807,2,2024-03-09,1,21,785,823,42,4479,1,0
2669,1808,2,2024-11-24,1,14,564,1289,27,4480,1,0
2670,1811,1,2025-08-01,1,30,1080,1571,59,4486,1,0
2671,1811,1,2025-08-13,1,30,1080,1571,59,4487,1,0
2672,1812,1,2024-02-07,1,3,121,1342,6,4488,1,0
2673,1812,1,2024-02-15,1,3,121,1342,6,4490,1,0
2674,1813,1,2024-09-28,1,8,355,831,15,4492,1,0
2675,1813,1,2024-09-28,1,8,355,831,15,4493,1,0
2676,1813,1,2024-09-26,1,8,355,831,15,4494,1,0
2677,1814,1,2024-09-23,1,30,1081,784,60,4495,1,0
2678,1815,1,2023-07-23,1,20,767,1961,40,4498,1,0
2679,1817,1,2023-05-12,1,24,905,2430,48,4505,1,0
2680,1818,1,2023-03-04,1,9,389,8,18,4507,1,0
2681,1818,1,2023-03-10,1,9,389,8,18,4508,1,0
2682,1819,2,2023-01-18,1,12,503,1999,23,4509,1,0
2683,1819,2,2023-01-22,1,12,503,1999,23,4510,1,0
2684,1820,1,2026-07-13,1,21,805,1218,41,4512,1,0
2685,1820,1,2026-06-22,1,21,805,1218,41,4513,1,0
2686,1820,1,2026-07-02,1,21,805,1218,41,4514,1,0
2687,1822,1,2026-02-12,1,31,1123,1486,61,4517,1,0
2688,1823,1,2024-12-08,1,11,470,1150,22,4521,1,0
2689,1823,1,2024-11-25,1,11,470,1150,22,4522,1,0
2690,1824,1,2025-03-19,1,7,322,224,14,4523,1,0
2691,1827,1,2026-01-02,1,5,233,1960,10,4526,1,0
2692,1828,1,2026-01-24,1,8,361,1973,16,4527,1,0
2693,1828,2,2026-01-16,1,8,361,1973,16,4528,1,0
2694,1831,1,2024-10-16,1,5,270,285,10,4531,1,0
2695,1832,1,2024-01-01,1,27,986,67,53,4533,1,0
2696,1833,2,2025-03-03,1,14,559,1328,28,4535,1,0
2697,1833,1,2025-03-24,1,14,559,1328,28,4538,1,0
2698,1835,1,2025-07-03,1,22,817,1158,43,4540,1,0
2699,1835,1,2025-07-04,1,22,817,1158,43,4541,1,0
2700,1836,1,2023-08-31,1,17,691,307,33,4543,1,0
2701,1837,1,2026-01-02,1,10,428,441,20,4544,1,0
2702,1837,1,2026-01-15,1,10,428,441,20,4545,1,0
2703,1839,2,2024-03-21,1,6,303,749,11,4549,1,0
2704,1839,1,2024-03-05,1,6,303,749,11,4550,1,0
2705,1841,2,2024-04-17,1,1,5,230,1,4554,1,0
2706,1842,1,2023-03-07,1,21,799,766,42,4556,1,0
2707,1843,1,2023-06-01,1,1,15,2295,1,4559,1,0
2708,1844,1,2026-08-08,1,11,455,2207,22,4560,1,0
2709,1844,1,2026-07-24,1,11,455,2207,22,4562,1,0
2710,1845,1,2024-11-09,1,19,747,2481,37,4563,1,0
2711,1846,1,2025-05-01,1,17,653,60,33,4564,1,0
2712,1846,1,2025-04-14,1,17,653,60,33,4565,1,0
2713,1846,1,2025-05-01,1,17,653,60,33,4566,1,0
2714,1847,1,2026-04-05,1,3,103,1317,6,4568,1,0
2715,1847,2,2026-04-06,1,3,103,1317,6,4570,1,0
2716,1848,1,2026-02-11,1,25,943,1706,49,4571,1,0
2717,1849,1,2023-12-27,1,10,422,1604,19,4575,1,0
2718,1850,1,2026-03-03,1,10,408,71,20,4577,1,0
2719,1853,1,2025-10-28,1,5,269,244,10,4580,1,0
2720,1853,1,2025-11-05,1,5,269,244,10,4581,1,0
2721,1854,1,2024-04-12,1,6,307,133,11,4582,1,0
2722,1854,1,2024-04-13,1,6,307,133,11,4583,1,0
2723,1854,1,2024-04-10,1,6,307,133,11,4584,1,0
2724,1854,2,2024-04-14,1,6,307,133,11,4585,1,0
2725,1855,2,2026-04-14,1,5,211,2324,10,4586,1,0
2726,1856,1,2023-05-22,1,24,910,2271,47,4588,1,0
2727,1856,2,2023-05-12,1,24,910,2271,47,4589,1,0
2728,1857,1,2025-08-02,1,16,628,1297,31,4590,1,0
2729,1857,1,2025-07-30,1,16,628,1297,31,4591,1,0
2730,1858,1,2026-07-06,1,5,269,139,9,4592,1,0
2731,1858,1,2026-07-03,1,5,269,139,9,4593,1,0
2732,1858,1,2026-07-12,1,5,269,139,9,4594,1,0
2733,1859,1,2025-01-23,1,2,73,1846,3,4595,1,0
2734,1861,1,2025-08-29,1,5,174,2155,10,4597,1,0
2735,1862,1,2025-07-13,1,19,738,2458,38,4598,1,0
2736,1863,1,2024-02-27,1,4,172,1523,8,4601,1,0
2737,1864,2,2025-08-03,1,13,523,1661,25,4603,1,0
2738,1864,1,2025-07-19,1,13,523,1661,25,4604,1,0
2739,1864,1,2025-07-18,1,13,523,1661,25,4605,1,0
2740,1865,1,2024-04-02,1,5,180,2011,10,4608,1,0
2741,1865,1,2024-04-05,1,5,180,2011,10,4609,1,0
2742,1868,1,2023-10-03,1,23,867,213,46,4613,1,0
2743,1868,1,2023-10-12,1,23,867,213,46,4614,1,0
2744,1869,1,2025-05-07,1,29,1047,2290,58,4616,1,0
2745,1869,1,2025-04-20,1,29,1047,2290,58,4617,1,0
2746,1869,1,2025-04-19,1,29,1047,2290,58,4618,1,0
2747,1870,1,2024-09-27,1,11,440,1707,22,4619,1,0
2748,1870,1,2024-10-01,1,11,440,1707,22,4620,1,0
2749,1871,1,2024-11-08,1,8,361,2076,15,4621,1,0
2750,1871,1,2024-11-14,1,8,361,2076,15,4623,1,0
2751,1872,1,2023-09-10,1,5,195,1781,10,4624,1,0
2752,1872,1,2023-08-29,1,5,195,1781,10,4626,1,0
2753,1873,1,2026-07-03,1,21,806,1785,42,4628,1,0
2754,1873,1,2026-06-15,1,21,806,1785,42,4629,1,0
2755,1874,1,2025-11-22,1,9,394,1108,18,4630,1,0
2756,1875,1,2025-09-09,1,5,206,2151,10,4632,1,0
2757,1875,1,2025-09-11,1,5,206,2151,10,4633,1,0
2758,1876,1,2024-02-09,1,12,504,2332,24,4634,1,0
2759,1876,1,2024-02-03,1,12,504,2332,24,4635,1,0
2760,1877,1,2023-05-22,1,18,695,1672,35,4636,1,0
2761,1878,1,2024-05-21,1,29,1039,1144,57,4638,1,0
2762,1878,2,2024-06-11,1,29,1039,1144,57,4639,1,0
2763,1881,1,2025-08-16,1,5,247,482,10,4644,1,0
2764,1882,1,2026-06-16,1,12,512,226,24,4645,1,0
2765,1883,1,2025-07-31,1,18,696,50,35,4646,1,0
2766,1884,1,2023-01-28,1,15,592,2248,30,4647,1,0
2767,1885,1,2025-11-09,1,5,234,1676,10,4648,1,0
2768,1885,1,2025-11-10,1,5,234,1676,10,4649,1,0
2769,1886,1,2024-10-17,1,28,1016,2326,56,4650,1,0
2770,1887,1,2026-07-16,1,26,966,1784,52,4652,1,0
2771,1887,2,2026-07-18,1,26,966,1784,52,4653,1,0
2772,1888,1,2024-06-06,1,11,466,815,22,4654,1,0
2773,1888,1,2024-06-02,1,11,466,815,22,4655,1,0
2774,1889,1,2023-10-14,1,22,820,1789,44,4658,1,0
2775,1890,1,2023-07-08,1,15,598,2026,30,4660,1,0
2776,1890,1,2023-07-03,1,15,598,2026,30,4661,1,0
2777,1890,2,2023-07-05,1,15,598,2026,30,4662,1,0
2778,1891,2,2023-12-16,1,23,879,2434,45,4664,1,0
2779,1892,1,2025-06-13,1,1,19,1857,1,4665,1,0
2780,1892,1,2025-06-10,1,1,19,1857,1,4667,1,0
2781,1893,1,2023-10-25,1,7,337,1268,14,4670,1,0
2782,1894,1,2024-04-20,1,6,312,831,12,4672,1,0
2783,1894,1,2024-04-29,1,6,312,831,12,4673,1,0
2784,1895,1,2026-01-07,1,23,888,1942,45,4675,1,0
2785,1896,1,2024-01-28,1,23,886,527,45,4676,1,0
2786,1898,2,2025-02-21,1,5,273,1509,10,4678,1,0
2787,1898,1,2025-02-09,1,5,273,1509,10,4680,1,0
2788,1899,1,2026-02-12,1,17,637,1713,34,4681,1,0
2789,1899,1,2026-02-28,1,17,637,1713,34,4682,1,0
2790,1902,1,2024-02-28,1,3,127,1352,6,4686,1,0
2791,1903,1,2023-04-26,1,5,178,350,9,4687,1,0
2792,1903,1,2023-04-25,1,5,178,350,9,4688,1,0
2793,1903,2,2023-04-03,1,5,178,350,9,4689,1,0
2794,1905,1,2026-07-09,1,3,143,1689,6,4692,1,0
2795,1906,1,2023-12-27,1,17,654,217,34,4694,1,0
2796,1906,1,2024-01-10,1,17,654,217,34,4695,1,0
2797,1906,1,2023-12-29,1,17,654,217,34,4696,1,0
2798,1907,1,2024-07-31,1,22,825,1115,43,4697,1,0
2799,1908,2,2024-05-07,1,5,231,2282,9,4698,1,0
2800,1909,1,2026-06-20,1,1,9,1956,1,4699,1,0
2801,1909,1,2026-06-25,1,1,9,1956,1,4700,1,0
2802,1909,1,2026-07-16,1,1,9,1956,1,4702,1,0
2803,1910,1,2023-04-09,1,18,711,268,35,4703,1,0
2804,1910,1,2023-04-21,1,18,711,268,35,4704,1,0
2805,1911,1,2023-10-22,1,2,53,558,4,4706,1,0
2806,1912,1,2025-12-14,1,5,231,35,10,4707,1,0
2807,1912,2,2025-12-19,1,5,231,35,10,4708,1,0
2808,1912,2,2025-12-22,1,5,231,35,10,4709,1,0
2809,1913,2,2024-01-13,1,9,396,808,18,4710,1,0
2810,1913,1,2023-12-31,1,9,396,808,18,4711,1,0
2811,1913,1,2023-12-26,1,9,396,808,18,4713,1,0
2812,1914,1,2025-01-09,1,28,1025,217,55,4715,1,0
2813,1914,1,2025-01-03,1,28,1025,217,55,4716,1,0
2814,1915,1,2026-02-20,1,11,461,139,21,4718,1,0
2815,1915,1,2026-03-07,1,11,461,139,21,4719,1,0
2816,1916,1,2025-03-31,1,6,294,1464,12,4720,1,0
2817,1917,2,2025-12-09,1,23,877,1949,46,4722,1,0
2818,1917,1,2025-12-09,1,23,877,1949,46,4723,1,0
2819,1918,2,2024-12-14,1,10,416,2289,19,4724,1,0
2820,1918,2,2024-12-02,1,10,416,2289,19,4725,1,0
2821,1919,1,2024-09-20,1,17,689,1416,33,4727,1,0
2822,1919,1,2024-10-04,1,17,689,1416,33,4728,1,0
2823,1920,1,2024-11-07,1,1,1,1138,2,4730,1,0
2824,1921,1,2025-05-16,1,5,198,1138,10,4734,1,0
2825,1922,1,2023-03-22,1,23,885,1501,45,4736,1,0
2826,1924,1,2025-03-28,1,29,1051,536,58,4738,1,0
2827,1924,1,2025-03-06,1,29,1051,536,58,4739,1,0
2828,1925,2,2024-12-17,1,5,210,258,10,4741,1,0
2829,1925,1,2024-12-27,1,5,210,258,10,4742,1,0
2830,1926,1,2024-09-13,1,17,662,1676,34,4744,1,0
2831,1928,1,2026-06-15,1,5,210,2325,9,4746,1,0
2832,1928,1,2026-05-26,1,5,210,2325,9,4747,1,0
2833,1931,1,2024-09-02,1,13,527,2457,25,4754,1,0
2834,1932,2,2023-05-13,1,2,55,342,3,4756,1,0
2835,1932,1,2023-05-13,1,2,55,342,3,4757,1,0
2836,1932,1,2023-05-16,1,2,55,342,3,4758,1,0
2837,1933,1,2026-06-02,1,17,663,714,33,4759,1,0
2838,1933,2,2026-06-30,1,17,663,714,33,4760,1,0
2839,1934,1,2026-01-16,1,28,1022,1045,56,4763,1,0
2840,1935,1,2024-04-02,1,31,1113,308,62,4767,1,0
2841,1939,2,2024-11-10,1,8,346,754,15,4774,1,0
2842,1940,1,2024-03-27,1,15,599,245,29,4776,1,0
2843,1940,2,2024-04-03,1,15,599,245,29,4777,1,0
2844,1940,1,2024-04-13,1,15,599,245,29,4778,1,0
2845,1943,1,2023-08-30,1,2,41,207,3,4784,1,0
2846,1944,1,2026-06-06,1,1,1,1527,1,4785,1,0
2847,1945,2,2024-06-10,1,27,985,709,54,4786,1,0
2848,1945,1,2024-06-06,1,27,985,709,54,4787,1,0
2849,1946,1,2024-09-28,1,17,689,1817,34,4789,1,0
2850,1946,1,2024-09-03,1,17,689,1817,34,4790,1,0
2851,1947,1,2025-02-06,1,30,1086,1695,59,4791,1,0
2852,1947,1,2025-01-30,1,30,1086,1695,59,4793,1,0
2853,1948,1,2026-03-27,1,28,1038,162,56,4794,1,0
2854,1949,1,2025-03-07,1,29,1050,2143,57,4796,1,0
2855,1950,2,2025-05-25,1,30,1074,1799,59,4799,1,0
2856,1950,1,2025-05-31,1,30,1074,1799,59,4800,1,0
2857,1951,1,2023-09-29,1,15,592,1947,30,4804,1,0
2858,1952,2,2024-06-14,1,19,744,1510,37,4808,1,0
2859,1952,1,2024-06-04,1,19,744,1510,37,4809,1,0
2860,1953,1,2025-03-04,1,29,1059,1121,58,4810,1,0
2861,1953,1,2025-03-11,1,29,1059,1121,58,4811,1,0
2862,1953,2,2025-02-15,1,29,1059,1121,58,4812,1,0
2863,1953,1,2025-03-01,1,29,1059,1121,58,4813,1,0
2864,1955,1,2023-04-12,1,23,884,332,46,4815,1,0
2865,1956,1,2024-01-19,1,22,818,33,44,4816,1,0
2866,1956,1,2024-01-17,1,22,818,33,44,4819,1,0
2867,1957,1,2026-07-19,1,11,467,1694,21,4822,1,0
2868,1958,1,2025-09-16,1,14,552,1726,27,4823,1,0
2869,1958,1,2025-09-11,1,14,552,1726,27,4824,1,0
2870,1958,1,2025-09-29,1,14,552,1726,27,4825,1,0
2871,1959,1,2023-06-27,1,22,862,1390,43,4827,1,0
2872,1960,1,2024-08-13,1,17,664,2399,33,4829,1,0
2873,1961,1,2024-05-30,1,17,688,139,34,4830,1,0
2874,1961,2,2024-05-29,1,17,688,139,34,4832,1,0
2875,1962,2,2024-03-27,1,16,626,2037,31,4834,1,0
2876,1963,1,2024-07-06,1,11,444,919,21,4835,1,0
2877,1963,1,2024-07-05,1,11,444,919,21,4836,1,0
2878,1963,1,2024-07-12,1,11,444,919,21,4837,1,0
2879,1964,1,2023-04-06,1,2,39,215,3,4839,1,0
2880,1964,1,2023-04-01,1,2,39,215,3,4840,1,0
2881,1965,1,2024-01-28,1,31,1115,413,61,4843,1,0
2882,1966,2,2026-02-21,1,12,515,1851,23,4844,1,0
2883,1966,1,2026-02-17,1,12,515,1851,23,4846,1,0
2884,1967,1,2024-12-27,1,1,11,1168,1,4848,1,0
2885,1967,1,2025-01-16,1,1,11,1168,1,4849,1,0
2886,1968,1,2024-04-08,1,5,181,854,9,4851,1,0
2887,1968,1,2024-04-01,1,5,181,854,9,4852,1,0
2888,1968,1,2024-03-25,1,5,181,854,9,4853,1,0
2889,1969,1,2026-04-02,1,20,760,1011,40,4855,1,0
2890,1970,1,2025-03-12,1,16,626,1284,32,4856,1,0
2891,1970,1,2025-03-06,1,16,626,1284,32,4857,1,0
2892,1971,1,2024-05-12,1,2,48,697,4,4859,1,0
2893,1971,2,2024-05-05,1,2,48,697,4,4860,1,0
2894,1972,1,2026-03-10,1,19,747,1904,37,4863,1,0
2895,1972,1,2026-03-01,1,19,747,1904,37,4864,1,0
2896,1973,1,2023-09-20,1,27,993,1764,53,4866,1,0
2897,1973,1,2023-10-02,1,27,993,1764,53,4867,1,0
2898,1973,2,2023-09-28,1,27,993,1764,53,4868,1,0
2899,1976,1,2026-05-14,1,28,1028,635,56,4873,1,0
2900,1977,1,2024-08-11,1,22,814,277,43,4874,1,0
2901,1977,2,2024-07-26,1,22,814,277,43,4876,1,0
2902,1977,1,2024-08-13,1,22,814,277,43,4877,1,0
2903,1978,2,2025-07-15,1,13,545,1638,25,4878,1,0
2904,1979,1,2026-03-16,1,28,1036,1313,55,4880,1,0
2905,1979,1,2026-03-16,1,28,1036,1313,55,4881,1,0
2906,1980,1,2023-10-11,1,22,817,2292,43,4882,1,0
2907,1980,1,2023-10-09,1,22,817,2292,43,4883,1,0
2908,1980,1,2023-09-23,1,22,817,2292,43,4884,1,0
2909,1981,2,2026-05-31,1,11,465,904,22,4886,1,0
2910,1982,1,2026-08-07,1,2,58,2267,4,4887,1,0
2911,1983,1,2026-01-04,1,1,14,409,2,4888,1,0
2912,1983,1,2026-01-22,1,1,14,409,2,4889,1,0
2913,1986,1,2024-08-12,1,1,21,91,1,4893,1,0
2914,1986,1,2024-08-09,1,1,21,91,1,4894,1,0
2915,1986,1,2024-08-03,1,1,21,91,1,4895,1,0
2916,1987,1,2023-08-31,1,2,53,2212,4,4897,1,0
2917,1987,1,2023-08-16,1,2,53,2212,4,4898,1,0
2918,1988,1,2025-02-18,1,22,821,2016,43,4901,1,0
2919,1989,1,2023-03-11,1,21,805,2053,41,4903,1,0
2920,1989,1,2023-04-08,1,21,805,2053,41,4904,1,0
2921,1990,1,2023-05-27,1,26,957,2191,51,4910,1,0
2922,1991,2,2023-09-22,1,25,947,787,50,4911,1,0
2923,1992,1,2025-02-12,1,7,319,2286,14,4913,1,0
2924,1993,1,2023-11-10,1,5,286,1879,10,4914,1,0
2925,1993,1,2023-11-09,1,5,286,1879,10,4916,1,0
2926,1994,1,2025-11-18,1,29,1049,2496,57,4917,1,0
2927,1995,1,2023-12-04,1,27,1006,776,54,4918,1,0
2928,1995,2,2023-12-11,1,27,1006,776,54,4920,1,0
2929,1996,1,2025-04-01,1,3,102,975,6,4922,1,0
2930,1998,1,2024-09-10,1,18,693,36,36,4924,1,0
2931,1999,2,2025-12-24,1,11,477,155,21,4925,1,0
2932,1999,1,2025-12-11,1,11,477,155,21,4926,1,0
2933,1999,1,2025-12-03,1,11,477,155,21,4927,1,0
2934,1999,2,2025-12-27,1,11,477,155,21,4928,1,0
2935,2000,1,2025-02-02,1,20,751,203,39,4929,1,0
2936,2000,1,2025-02-08,1,20,751,203,39,4931,1,0
2937,2000,1,2025-02-01,1,20,751,203,39,4932,1,0
2938,2002,1,2025-02-18,1,1,28,904,2,4934,1,0
2939,2002,1,2025-02-09,1,1,28,904,2,4936,1,0
2940,2003,1,2025-10-27,1,17,686,1585,33,4937,1,0
2941,2003,1,2025-11-01,1,17,686,1585,33,4938,1,0
2942,2004,1,2024-07-07,1,17,656,574,33,4942,1,0
2943,2005,1,2025-05-22,1,29,1067,2264,58,4943,1,0
2944,2006,1,2023-05-22,1,11,441,869,21,4944,1,0
2945,2006,2,2023-06-03,1,11,441,869,21,4945,1,0
2946,2006,1,2023-06-08,1,11,441,869,21,4946,1,0
2947,2006,1,2023-06-11,1,11,441,869,21,4947,1,0
2948,2007,1,2023-07-31,1,22,822,76,44,4948,1,0
2949,2008,1,2023-05-26,1,26,953,843,51,4949,1,0
2950,2008,2,2023-05-28,1,26,953,843,51,4950,1,0
2951,2008,1,2023-06-01,1,26,953,843,51,4951,1,0
2952,2008,1,2023-05-27,1,26,953,843,51,4952,1,0
2953,2010,1,2023-04-03,1,8,350,1281,16,4956,1,0
2954,2011,1,2025-10-21,1,5,228,518,10,4959,1,0
2955,2011,1,2025-10-20,1,5,228,518,10,4960,1,0
2956,2012,2,2024-02-08,1,5,176,622,9,4962,1,0
2957,2013,1,2026-01-25,1,29,1046,1146,57,4963,1,0
2958,2014,2,2024-07-22,1,11,480,791,22,4964,1,0
2959,2015,1,2023-09-19,1,23,871,1047,46,4965,1,0
2960,2015,1,2023-09-04,1,23,871,1047,46,4966,1,0
2961,2015,1,2023-09-04,1,23,871,1047,46,4968,1,0
2962,2016,1,2025-07-11,1,3,118,194,6,4969,1,0
2963,2016,1,2025-08-08,1,3,118,194,6,4971,1,0
2964,2016,1,2025-08-05,1,3,118,194,6,4972,1,0
2965,2017,1,2024-03-14,1,19,726,2073,37,4974,1,0
2966,2018,1,2023-12-26,1,8,367,2301,16,4977,1,0
2967,2019,1,2026-06-25,1,12,507,172,24,4979,1,0
2968,2020,1,2026-07-12,1,21,786,1594,41,4981,1,0
2969,2021,1,2025-10-16,1,25,932,1488,50,4983,1,0
2970,2021,1,2025-10-05,1,25,932,1488,50,4984,1,0
2971,2021,1,2025-10-19,1,25,932,1488,50,4985,1,0
2972,2021,1,2025-10-11,1,25,932,1488,50,4986,1,0
2973,2022,1,2026-03-22,1,25,935,1604,49,4988,1,0
2974,2023,1,2023-02-23,1,13,522,185,25,4990,1,0
2975,2024,1,2025-02-24,1,17,680,431,33,4991,1,0
2976,2024,1,2025-02-13,1,17,680,431,33,4992,1,0
2977,2025,2,2026-03-22,1,15,602,494,29,4994,1,0
2978,2025,1,2026-03-24,1,15,602,494,29,4995,1,0
2979,2026,1,2025-09-04,1,5,241,1612,9,4998,1,0
2980,2026,2,2025-09-17,1,5,241,1612,9,4999,1,0
2981,2027,2,2023-11-23,1,13,530,2053,26,5000,1,0
2982,2027,2,2023-11-25,1,13,530,2053,26,5001,1,0
2983,2027,1,2023-11-20,1,13,530,2053,26,5002,1,0
2984,2027,1,2023-11-21,1,13,530,2053,26,5003,1,0
2985,2028,1,2026-01-07,1,10,407,2083,19,5004,1,0
2986,2029,1,2023-02-28,1,25,927,1520,49,5006,1,0
2987,2030,1,2026-02-04,1,1,19,482,1,5007,1,0
2988,2032,1,2026-03-13,1,6,296,1530,11,5014,1,0
2989,2033,1,2024-05-31,1,26,959,323,51,5016,1,0
2990,2034,1,2023-08-27,1,28,1026,1895,56,5017,1,0
2991,2034,2,2023-08-23,1,28,1026,1895,56,5018,1,0
2992,2039,1,2023-10-07,1,5,272,1406,9,5027,1,0
2993,2039,1,2023-09-16,1,5,272,1406,9,5029,1,0
2994,2040,1,2024-04-09,1,7,345,515,14,5030,1,0
2995,2040,1,2024-04-04,1,7,345,515,14,5031,1,0
2996,2041,1,2025-01-30,1,14,563,1861,27,5032,1,0
2997,2041,1,2025-02-18,1,14,563,1861,27,5033,1,0
2998,2041,2,2025-02-23,1,14,563,1861,27,5034,1,0
2999,2041,1,2025-02-02,1,14,563,1861,27,5035,1,0
3000,2043,1,2024-01-30,1,5,177,789,10,5038,1,0
3001,2043,1,2024-01-30,1,5,177,789,10,5039,1,0
3002,2046,1,2025-05-21,1,2,49,2063,3,5045,1,0
3003,2046,1,2025-05-17,1,2,49,2063,3,5047,1,0
3004,2047,1,2026-01-27,1,4,144,2441,7,5048,1,0
3005,2048,1,2023-10-14,1,5,252,648,10,5049,1,0
3006,2048,1,2023-10-13,1,5,252,648,10,5050,1,0
3007,2049,1,2023-09-09,1,16,616,2442,31,5052,1,0
3008,2049,1,2023-09-24,1,16,616,2442,31,5053,1,0
3009,2049,1,2023-09-22,1,16,616,2442,31,5054,1,0
3010,2050,1,2023-03-31,1,14,555,175,27,5057,1,0
3011,2050,2,2023-03-28,1,14,555,175,27,5058,1,0
3012,2051,1,2023-09-21,1,6,310,1424,11,5060,1,0
3013,2051,1,2023-10-03,1,6,310,1424,11,5062,1,0
3014,2052,1,2024-07-19,1,22,840,858,44,5063,1,0
3015,2053,1,2025-04-29,1,11,488,289,21,5065,1,0
3016,2053,1,2025-05-08,1,11,488,289,21,5066,1,0
3017,2054,1,2025-03-15,1,10,404,1125,20,5068,1,0
3018,2055,1,2026-06-11,1,2,78,317,3,5069,1,0
3019,2055,1,2026-06-14,1,2,78,317,3,5071,1,0
3020,2057,1,2026-04-16,1,5,194,953,9,5075,1,0
3021,2058,1,2025-08-22,1,5,180,2313,10,5077,1,0
3022,2059,1,2026-07-18,1,18,708,285,36,5078,1,0
3023,2060,1,2023-05-26,1,18,702,2237,35,5079,1,0
3024,2061,1,2023-02-12,1,17,690,732,34,5082,1,0
3025,2061,2,2023-02-08,1,17,690,732,34,5083,1,0
3026,2061,1,2023-01-30,1,17,690,732,34,5084,1,0
3027,2062,1,2023-04-11,1,7,321,1381,14,5085,1,0
3028,2063,1,2024-01-07,1,25,939,345,50,5087,1,0
3029,2064,1,2023-11-15,1,11,482,146,21,5089,1,0
3030,2064,1,2023-12-04,1,11,482,146,21,5090,1,0
3031,2064,1,2023-11-16,1,11,482,146,21,5091,1,0
3032,2064,1,2023-11-12,1,11,482,146,21,5092,1,0
3033,2065,1,2025-07-06,1,9,394,2026,17,5093,1,0
3034,2065,1,2025-07-09,1,9,394,2026,17,5094,1,0
3035,2065,1,2025-07-01,1,9,394,2026,17,5095,1,0
3036,2066,1,2026-01-16,1,13,544,2003,25,5097,1,0
3037,2066,1,2025-12-30,1,13,544,2003,25,5099,1,0
3038,2067,1,2024-12-01,1,11,451,1615,21,5101,1,0
3039,2067,1,2024-12-02,1,11,451,1615,21,5102,1,0
3040,2068,1,2025-09-16,1,17,683,1223,34,5104,1,0
3041,2068,1,2025-09-21,1,17,683,1223,34,5105,1,0
3042,2068,1,2025-09-22,1,17,683,1223,34,5106,1,0
3043,2069,1,2025-03-03,1,24,899,1441,47,5107,1,0
3044,2070,1,2025-02-19,1,7,318,660,13,5108,1,0
3045,2071,1,2025-10-27,1,11,480,556,21,5111,1,0
3046,2071,1,2025-10-05,1,11,480,556,21,5112,1,0
3047,2072,1,2026-03-11,1,7,335,439,13,5115,1,0
3048,2073,1,2023-10-08,1,14,565,2061,28,5116,1,0
3049,2076,2,2025-03-06,1,5,265,1663,10,5120,1,0
3050,2077,1,2026-06-20,1,29,1044,2019,58,5123,1,0
3051,2078,1,2025-12-12,1,4,165,2063,8,5125,1,0
3052,2079,2,2024-07-27,1,18,709,817,36,5126,1,0
3053,2080,2,2024-01-09,1,5,192,1360,9,5127,1,0
3054,2081,1,2023-07-21,1,10,426,690,20,5129,1,0
3055,2082,1,2024-05-18,1,2,44,2046,3,5130,1,0
3056,2082,1,2024-05-22,1,2,44,2046,3,5132,1,0
3057,2083,1,2024-06-02,1,5,186,369,9,5134,1,0
3058,2084,1,2026-05-31,1,16,623,2254,32,5137,1,0
3059,2085,2,2024-07-06,1,3,111,1144,5,5138,1,0
3060,2086,1,2026-08-01,1,5,202,2108,10,5139,1,0
3061,2086,1,2026-07-19,1,5,202,2108,10,5140,1,0
3062,2087,1,2024-02-24,1,17,673,1428,33,5141,1,0
3063,2088,1,2023-12-17,1,5,257,2372,10,5142,1,0
3064,2090,2,2024-07-23,1,14,555,2356,28,5145,1,0
3065,2090,1,2024-07-31,1,14,555,2356,28,5147,1,0
3066,2090,1,2024-07-04,1,14,555,2356,28,5148,1,0
3067,2091,1,2024-10-30,1,26,972,1203,51,5149,1,0
3068,2091,1,2024-10-21,1,26,972,1203,51,5150,1,0
3069,2092,1,2024-07-04,1,18,693,63,36,5151,1,0
3070,2093,1,2023-11-01,1,10,424,1144,20,5154,1,0
3071,2094,1,2024-08-02,1,1,17,527,1,5155,1,0
3072,2094,1,2024-08-11,1,1,17,527,1,5156,1,0
3073,2095,1,2023-07-11,1,14,563,56,28,5157,1,0
3074,2096,1,2023-04-30,1,9,383,613,18,5159,1,0
3075,2096,1,2023-05-10,1,9,383,613,18,5160,1,0
3076,2096,1,2023-05-09,1,9,383,613,18,5161,1,0
3077,2096,2,2023-05-17,1,9,383,613,18,5162,1,0
3078,2097,1,2024-11-09,1,28,1020,1963,56,5163,1,0
3079,2097,1,2024-11-02,1,28,1020,1963,56,5164,1,0
3080,2097,1,2024-10-25,1,28,1020,1963,56,5165,1,0
3081,2097,1,2024-10-15,1,28,1020,1963,56,5166,1,0
3082,2098,1,2024-05-28,1,6,316,736,11,5169,1,0
3083,2099,1,2023-08-14,1,3,90,1157,6,5172,1,0
3084,2100,1,2026-04-08,1,17,667,566,33,5173,1,0
3085,2100,1,2026-04-04,1,17,667,566,33,5176,1,0
3086,2101,1,2023-08-20,1,22,841,1988,43,5178,1,0
3087,2101,1,2023-08-07,1,22,841,1988,43,5179,1,0
3088,2101,1,2023-08-09,1,22,841,1988,43,5180,1,0
3089,2102,1,2024-02-25,1,27,1003,8,54,5181,1,0
3090,2103,2,2024-12-24,1,28,1010,2230,56,5184,1,0
3091,2103,1,2024-12-20,1,28,1010,2230,56,5185,1,0
3092,2104,1,2026-06-15,1,17,642,1904,34,5186,1,0
3093,2104,2,2026-06-22,1,17,642,1904,34,5189,1,0
3094,2105,1,2023-06-09,1,29,1043,18,58,5190,1,0
3095,2105,1,2023-06-24,1,29,1043,18,58,5191,1,0
3096,2105,1,2023-06-23,1,29,1043,18,58,5193,1,0
3097,2106,2,2026-01-13,1,26,976,1723,51,5197,1,0
3098,2107,1,2025-10-27,1,30,1092,44,59,5198,1,0
3099,2108,1,2025-07-20,1,16,610,2374,31,5201,1,0
3100,2108,1,2025-07-05,1,16,610,2374,31,5203,1,0
3101,2109,1,2024-01-26,1,5,173,1742,9,5204,1,0
3102,2109,2,2024-01-29,1,5,173,1742,9,5205,1,0
3103,2109,1,2024-02-02,1,5,173,1742,9,5206,1,0
3104,2112,1,2025-08-29,1,30,1069,1042,59,5209,1,0
3105,2112,1,2025-09-22,1,30,1069,1042,59,5210,1,0
3106,2112,1,2025-09-21,1,30,1069,1042,59,5211,1,0
3107,2113,1,2023-10-12,1,26,962,287,52,5212,1,0
3108,2113,1,2023-09-21,1,26,962,287,52,5213,1,0
3109,2113,2,2023-10-09,1,26,962,287,52,5214,1,0
3110,2113,1,2023-09-22,1,26,962,287,52,5215,1,0
3111,2114,1,2026-07-27,1,22,860,338,44,5216,1,0
3112,2114,1,2026-08-05,1,22,860,338,44,5217,1,0
3113,2116,1,2024-09-30,1,30,1078,2320,59,5219,1,0
3114,2117,2,2025-02-17,1,14,570,1910,28,5223,1,0
3115,2117,1,2025-02-16,1,14,570,1910,28,5224,1,0
3116,2118,1,2025-03-09,1,10,431,253,19,5226,1,0
3117,2119,2,2023-11-14,1,24,907,100,47,5228,1,0
3118,2119,2,2023-11-22,1,24,907,100,47,5229,1,0
3119,2119,1,2023-11-13,1,24,907,100,47,5230,1,0
3120,2120,1,2025-01-12,1,16,606,2169,32,5231,1,0
3121,2120,1,2025-01-25,1,16,606,2169,32,5232,1,0
3122,2121,1,2024-11-14,1,31,1124,1505,61,5233,1,0
3123,2122,2,2024-01-16,1,14,576,1131,27,5235,1,0
3124,2122,1,2024-01-26,1,14,576,1131,27,5236,1,0
3125,2123,1,2025-09-13,1,18,694,2435,35,5238,1,0
3126,2123,1,2025-08-21,1,18,694,2435,35,5240,1,0
3127,2123,1,2025-08-21,1,18,694,2435,35,5241,1,0
3128,2124,1,2023-12-22,1,2,50,1449,3,5242,1,0
3129,2124,1,2023-11-25,1,2,50,1449,3,5243,1,0
3130,2125,2,2024-08-26,1,22,828,1674,43,5244,1,0
3131,2126,1,2026-01-02,1,29,1060,1930,57,5245,1,0
3132,2126,1,2025-12-11,1,29,1060,1930,57,5246,1,0
3133,2126,1,2025-12-24,1,29,1060,1930,57,5247,1,0
3134,2129,1,2024-09-21,1,31,1115,2016,62,5251,1,0
3135,2129,1,2024-10-02,1,31,1115,2016,62,5252,1,0
3136,2129,1,2024-10-04,1,31,1115,2016,62,5253,1,0
3137,2130,2,2023-06-18,1,18,709,1430,36,5254,1,0
3138,2131,2,2025-05-24,1,18,710,2143,36,5255,1,0
3139,2131,1,2025-05-15,1,18,710,2143,36,5256,1,0
3140,2131,2,2025-06-04,1,18,710,2143,36,5257,1,0
3141,2131,1,2025-05-28,1,18,710,2143,36,5258,1,0
3142,2133,2,2023-09-06,1,29,1054,127,57,5261,1,0
3143,2135,1,2025-01-05,1,28,1012,812,55,5264,1,0
3144,2135,1,2025-01-09,1,28,1012,812,55,5265,1,0
3145,2135,1,2024-12-25,1,28,1012,812,55,5266,1,0
3146,2135,1,2025-01-18,1,28,1012,812,55,5267,1,0
3147,2138,1,2026-01-30,1,15,584,1140,30,5272,1,0
3148,2138,2,2026-02-16,1,15,584,1140,30,5273,1,0
3149,2139,1,2023-07-16,1,6,288,2122,11,5274,1,0
3150,2139,1,2023-07-08,1,6,288,2122,11,5276,1,0
3151,2139,1,2023-07-04,1,6,288,2122,11,5277,1,0
3152,2140,2,2024-06-20,1,27,1000,217,53,5278,1,0
3153,2141,1,2024-01-27,1,11,440,2367,21,5280,1,0
3154,2141,1,2024-02-09,1,11,440,2367,21,5281,1,0
3155,2141,1,2024-02-14,1,11,440,2367,21,5282,1,0
3156,2142,2,2024-05-02,1,9,397,653,18,5283,1,0
3157,2142,2,2024-04-26,1,9,397,653,18,5285,1,0
3158,2143,1,2024-04-05,1,27,987,1761,53,5287,1,0
3159,2145,1,2026-05-16,1,6,302,328,12,5294,1,0
3160,2145,1,2026-05-21,1,6,302,328,12,5296,1,0
3161,2146,1,2026-04-29,1,15,592,118,29,5298,1,0
3162,2147,2,2023-11-11,1,11,478,1681,22,5302,1,0
3163,2147,1,2023-11-17,1,11,478,1681,22,5303,1,0
3164,2148,1,2026-02-17,1,5,194,920,10,5304,1,0
3165,2149,1,2024-09-20,1,26,979,1518,51,5305,1,0
3166,2149,1,2024-10-14,1,26,979,1518,51,5307,1,0
3167,2149,1,2024-09-23,1,26,979,1518,51,5308,1,0
3168,2151,1,2023-09-05,1,19,749,1773,38,5310,1,0
3169,2151,1,2023-09-26,1,19,749,1773,38,5312,1,0
3170,2151,1,2023-09-08,1,19,749,1773,38,5313,1,0
3171,2152,1,2025-04-23,1,12,494,667,24,5314,1,0
3172,2153,2,2026-06-26,1,5,283,755,9,5317,1,0
3173,2153,1,2026-06-09,1,5,283,755,9,5319,1,0
3174,2154,1,2023-09-06,1,27,995,591,54,5320,1,0
3175,2154,1,2023-10-02,1,27,995,591,54,5322,1,0
3176,2155,1,2026-06-19,1,11,484,1141,21,5324,1,0
3177,2155,2,2026-06-12,1,11,484,1141,21,5325,1,0
3178,2157,1,2023-01-28,1,25,946,2345,49,5329,1,0
3179,2157,1,2023-01-18,1,25,946,2345,49,5330,1,0
3180,2158,1,2023-09-11,1,29,1039,2320,58,5331,1,0
3181,2159,1,2024-01-17,1,3,92,2296,6,5333,1,0
3182,2160,1,2025-10-17,1,6,295,771,11,5334,1,0
3183,2160,2,2025-10-20,1,6,295,771,11,5336,1,0
3184,2161,1,2026-07-10,1,5,251,1631,9,5337,1,0
3185,2161,1,2026-06-26,1,5,251,1631,9,5340,1,0
3186,2162,2,2025-04-03,1,5,179,1173,9,5342,1,0
3187,2162,1,2025-04-16,1,5,179,1173,9,5343,1,0
3188,2163,1,2025-05-11,1,17,672,53,34,5346,1,0
3189,2164,1,2026-07-05,1,7,339,2442,14,5347,1,0
3190,2165,2,2023-06-16,1,5,222,2139,9,5348,1,0
3191,2166,2,2025-05-15,1,17,674,2444,34,5349,1,0
3192,2167,2,2023-01-15,1,17,657,1238,34,5352,1,0
3193,2168,1,2025-12-17,1,26,963,2011,51,5354,1,0
3194,2168,2,2025-12-30,1,26,963,2011,51,5355,1,0
3195,2169,1,2026-01-21,1,11,472,28,22,5357,1,0
3196,2170,1,2025-07-25,1,11,459,1720,22,5358,1,0
3197,2170,1,2025-07-25,1,11,459,1720,22,5359,1,0
3198,2170,1,2025-07-14,1,11,459,1720,22,5360,1,0
3199,2170,1,2025-07-11,1,11,459,1720,22,5361,1,0
3200,2171,1,2025-06-03,1,29,1058,1966,57,5362,1,0
3201,2171,1,2025-06-01,1,29,1058,1966,57,5364,1,0
3202,2171,1,2025-05-19,1,29,1058,1966,57,5365,1,0
3203,2172,1,2023-08-09,1,27,1006,1245,53,5368,1,0
3204,2173,1,2024-11-05,1,15,594,1569,29,5369,1,0
3205,2173,1,2024-10-23,1,15,594,1569,29,5370,1,0
3206,2174,2,2024-06-21,1,20,751,337,39,5373,1,0
3207,2174,1,2024-07-03,1,20,751,337,39,5374,1,0
3208,2175,2,2023-09-01,1,27,1007,62,53,5379,1,0
3209,2175,1,2023-08-22,1,27,1007,62,53,5380,1,0
3210,2176,1,2023-04-18,1,9,394,2132,17,5382,1,0
3211,2176,1,2023-03-25,1,9,394,2132,17,5384,1,0
3212,2179,1,2025-12-19,1,2,84,1067,3,5390,1,0
3213,2180,1,2023-11-08,1,3,97,1536,5,5395,1,0
3214,2180,1,2023-11-14,1,3,97,1536,5,5396,1,0
3215,2181,1,2025-05-03,1,23,891,2115,46,5397,1,0
3216,2183,1,2025-11-05,1,29,1048,816,58,5399,1,0
3217,2184,1,2024-11-17,1,21,779,213,42,5400,1,0
3218,2184,1,2024-11-21,1,21,779,213,42,5401,1,0
3219,2184,1,2024-11-17,1,21,779,213,42,5403,1,0
3220,2186,1,2025-08-07,1,24,900,1908,47,5405,1,0
3221,2186,1,2025-08-22,1,24,900,1908,47,5406,1,0
3222,2187,2,2025-07-31,1,14,568,523,27,5407,1,0
3223,2188,1,2025-08-06,1,22,849,158,43,5409,1,0
3224,2189,1,2025-07-17,1,31,1113,448,62,5410,1,0
3225,2189,1,2025-07-23,1,31,1113,448,62,5411,1,0
3226,2189,1,2025-07-15,1,31,1113,448,62,5413,1,0
3227,2190,1,2023-08-19,1,13,530,1855,25,5414,1,0
3228,2190,1,2023-08-17,1,13,530,1855,25,5415,1,0
3229,2191,1,2025-02-01,1,5,177,1664,9,5420,1,0
3230,2192,1,2025-07-23,1,29,1046,1185,57,5421,1,0
3231,2194,1,2023-06-27,1,22,855,2181,44,5423,1,0
3232,2194,1,2023-06-14,1,22,855,2181,44,5424,1,0
3233,2194,1,2023-06-07,1,22,855,2181,44,5425,1,0
3234,2194,2,2023-06-16,1,22,855,2181,44,5426,1,0
3235,2195,1,2026-03-06,1,7,344,1814,13,5427,1,0
3236,2195,1,2026-03-07,1,7,344,1814,13,5429,1,0
3237,2195,1,2026-03-15,1,7,344,1814,13,5430,1,0
3238,2197,1,2026-08-12,1,12,502,405,23,5435,1,0
3239,2198,1,2025-03-01,1,6,303,2091,11,5436,1,0
3240,2199,2,2024-11-30,1,6,316,2407,12,5438,1,0
3241,2199,1,2024-11-21,1,6,316,2407,12,5439,1,0
3242,2199,1,2024-11-17,1,6,316,2407,12,5440,1,0
3243,2201,1,2023-08-03,1,7,335,1469,13,5442,1,0
3244,2201,1,2023-08-27,1,7,335,1469,13,5443,1,0
3245,2201,1,2023-08-18,1,7,335,1469,13,5444,1,0
3246,2202,1,2023-01-05,1,22,814,1613,43,5445,1,0
3247,2202,1,2023-02-01,1,22,814,1613,43,5446,1,0
3248,2203,1,2025-04-11,1,3,111,1836,5,5447,1,0
3249,2203,1,2025-04-11,1,3,111,1836,5,5449,1,0
3250,2206,1,2024-05-10,1,29,1056,319,57,5452,1,0
3251,2208,1,2023-11-15,1,2,69,1786,3,5456,1,0
3252,2208,1,2023-11-12,1,2,69,1786,3,5457,1,0
3253,2208,1,2023-11-17,1,2,69,1786,3,5458,1,0
3254,2208,1,2023-11-28,1,2,69,1786,3,5459,1,0
3255,2209,2,2024-03-19,1,11,487,1939,22,5460,1,0
3256,2210,1,2024-05-06,1,8,358,312,15,5462,1,0
3257,2210,1,2024-04-27,1,8,358,312,15,5463,1,0
3258,2210,2,2024-04-29,1,8,358,312,15,5464,1,0
3259,2211,1,2025-08-21,1,22,840,835,44,5465,1,0
3260,2211,1,2025-08-16,1,22,840,835,44,5466,1,0
3261,2211,2,2025-08-19,1,22,840,835,44,5468,1,0
3262,2213,1,2025-07-21,1,4,171,828,7,5471,1,0
3263,2214,1,2023-10-22,1,21,783,1752,42,5472,1,0
3264,2214,1,2023-11-11,1,21,783,1752,42,5473,1,0
3265,2215,1,2025-03-08,1,29,1064,1923,57,5475,1,0
3266,2215,2,2025-03-07,1,29,1064,1923,57,5476,1,0
3267,2215,1,2025-03-27,1,29,1064,1923,57,5477,1,0
3268,2216,1,2023-12-08,1,28,1014,275,56,5478,1,0
3269,2216,2,2023-12-20,1,28,1014,275,56,5479,1,0
3270,2217,1,2025-09-21,1,10,406,2161,19,5480,1,0
3271,2217,1,2025-10-01,1,10,406,2161,19,5481,1,0
3272,2217,1,2025-10-05,1,10,406,2161,19,5482,1,0
3273,2218,1,2023-08-23,1,8,372,920,15,5484,1,0
3274,2219,1,2024-08-14,1,17,661,2257,33,5486,1,0
3275,2219,1,2024-08-26,1,17,661,2257,33,5487,1,0
3276,2220,1,2024-01-21,1,26,955,564,52,5488,1,0
3277,2220,1,2024-02-16,1,26,955,564,52,5489,1,0
3278,2221,1,2024-12-21,1,16,628,330,32,5491,1,0
3279,2221,1,2024-12-04,1,16,628,330,32,5492,1,0
3280,2222,1,2024-07-15,1,3,94,1127,6,5493,1,0
3281,2222,1,2024-07-15,1,3,94,1127,6,5495,1,0
3282,2223,2,2025-08-26,1,14,573,2472,27,5496,1,0
3283,2223,1,2025-09-02,1,14,573,2472,27,5497,1,0
3284,2224,1,2026-04-10,1,29,1067,713,57,5499,1,0
3285,2224,1,2026-04-02,1,29,1067,713,57,5500,1,0
3286,2225,1,2023-09-08,1,31,1120,1571,61,5501,1,0
3287,2226,1,2026-02-03,1,8,369,304,15,5502,1,0
3288,2227,1,2026-02-10,1,5,201,824,9,5503,1,0
3289,2228,1,2024-01-03,1,19,724,2349,38,5505,1,0
3290,2228,1,2023-12-13,1,19,724,2349,38,5506,1,0
3291,2228,1,2024-01-06,1,19,724,2349,38,5507,1,0
3292,2229,1,2023-12-03,1,8,373,2210,16,5508,1,0
3293,2229,1,2023-11-17,1,8,373,2210,16,5509,1,0
3294,2230,1,2024-05-18,1,7,342,673,14,5510,1,0
3295,2231,2,2023-08-16,1,26,959,166,51,5513,1,0
3296,2232,1,2024-12-18,1,25,944,733,50,5514,1,0
3297,2232,1,2024-12-04,1,25,944,733,50,5516,1,0
3298,2233,1,2024-09-15,1,17,640,2047,34,5519,1,0
3299,2233,1,2024-09-17,1,17,640,2047,34,5520,1,0
3300,2234,1,2023-11-18,1,17,643,2006,34,5521,1,0
3301,2235,1,2026-04-09,1,22,836,1905,43,5524,1,0
3302,2235,1,2026-04-05,1,22,836,1905,43,5526,1,0
3303,2235,1,2026-04-09,1,22,836,1905,43,5527,1,0
3304,2238,1,2024-02-26,1,21,785,531,42,5531,1,0
3305,2239,2,2025-03-08,1,2,67,1801,3,5532,1,0
3306,2239,1,2025-03-07,1,2,67,1801,3,5533,1,0
3307,2240,1,2025-11-15,1,5,255,516,10,5535,1,0
3308,2240,2,2025-10-22,1,5,255,516,10,5536,1,0
3309,2242,2,2024-04-06,1,23,870,2491,46,5538,1,0
3310,2242,2,2024-04-06,1,23,870,2491,46,5539,1,0
3311,2243,2,2024-04-07,1,2,58,320,3,5540,1,0
3312,2245,1,2026-07-04,1,3,98,1956,5,5544,1,0
3313,2246,1,2023-06-27,1,10,406,1146,19,5545,1,0
3314,2246,1,2023-07-03,1,10,406,1146,19,5546,1,0
3315,2247,1,2024-01-18,1,20,772,637,40,5549,1,0
3316,2248,1,2025-08-02,1,27,989,1396,53,5552,1,0
3317,2249,1,2025-11-18,1,6,309,132,11,5555,1,0
3318,2249,1,2025-11-22,1,6,309,132,11,5556,1,0
3319,2250,1,2023-10-14,1,27,989,1942,54,5557,1,0
3320,2250,1,2023-10-12,1,27,989,1942,54,5558,1,0
3321,2251,1,2023-08-29,1,20,769,302,40,5560,1,0
3322,2251,1,2023-08-18,1,20,769,302,40,5561,1,0
3323,2252,2,2024-05-27,1,23,881,457,46,5563,1,0
3324,2254,1,2024-08-26,1,26,970,367,52,5565,1,0
3325,2255,1,2025-10-09,1,3,138,527,5,5566,1,0
3326,2256,1,2025-08-26,1,3,129,1089,5,5568,1,0
3327,2256,1,2025-09-22,1,3,129,1089,5,5569,1,0
3328,2257,1,2024-12-14,1,30,1094,812,59,5570,1,0
3329,2258,1,2025-02-03,1,12,516,215,24,5573,1,0
3330,2258,1,2025-01-29,1,12,516,215,24,5575,1,0
3331,2259,2,2025-04-30,1,5,256,256,9,5576,1,0
3332,2259,1,2025-04-18,1,5,256,256,9,5577,1,0
3333,2260,1,2025-08-11,1,22,828,1682,43,5578,1,0
3334,2261,1,2024-10-15,1,5,252,431,9,5579,1,0
3335,2261,1,2024-09-30,1,5,252,431,9,5580,1,0
3336,2261,1,2024-10-03,1,5,252,431,9,5581,1,0
3337,2261,1,2024-10-18,1,5,252,431,9,5582,1,0
3338,2262,2,2025-12-04,1,26,969,803,51,5583,1,0
3339,2262,1,2025-12-03,1,26,969,803,51,5584,1,0
3340,2263,1,2023-08-27,1,2,85,2292,3,5585,1,0
3341,2265,1,2026-03-06,1,25,944,265,50,5587,1,0
3342,2265,1,2026-02-11,1,25,944,265,50,5588,1,0
3343,2265,1,2026-03-06,1,25,944,265,50,5589,1,0
3344,2265,1,2026-03-01,1,25,944,265,50,5590,1,0
3345,2266,1,2023-10-06,1,19,734,769,38,5591,1,0
3346,2266,1,2023-10-09,1,19,734,769,38,5593,1,0
3347,2267,2,2026-02-15,1,14,560,2115,27,5594,1,0
3348,2267,1,2026-01-29,1,14,560,2115,27,5595,1,0
3349,2267,1,2026-01-23,1,14,560,2115,27,5596,1,0
3350,2268,2,2025-04-01,1,3,103,1753,5,5598,1,0
3351,2268,1,2025-04-07,1,3,103,1753,5,5600,1,0
3352,2269,1,2023-05-30,1,31,1111,2343,61,5602,1,0
3353,2270,1,2023-04-21,1,14,551,1760,28,5606,1,0
3354,2270,1,2023-04-08,1,14,551,1760,28,5607,1,0
3355,2271,1,2026-08-06,1,13,535,1274,26,5608,1,0
3356,2272,1,2023-05-28,1,3,130,613,6,5609,1,0
3357,2272,1,2023-05-25,1,3,130,613,6,5610,1,0
3358,2272,1,2023-05-11,1,3,130,613,6,5611,1,0
3359,2273,1,2026-01-23,1,5,252,1329,9,5612,1,0
3360,2273,1,2026-01-23,1,5,252,1329,9,5614,1,0
3361,2273,1,2026-01-04,1,5,252,1329,9,5615,1,0
3362,2274,1,2025-02-18,1,3,130,31,6,5616,1,0
3363,2274,2,2025-03-08,1,3,130,31,6,5617,1,0
3364,2274,1,2025-02-26,1,3,130,31,6,5618,1,0
3365,2275,1,2023-04-15,1,28,1033,1804,55,5620,1,0
3366,2276,2,2023-05-08,1,15,588,1648,29,5621,1,0
3367,2276,1,2023-05-16,1,15,588,1648,29,5622,1,0
3368,2276,1,2023-04-28,1,15,588,1648,29,5624,1,0
3369,2277,1,2023-03-17,1,3,108,793,5,5625,1,0
3370,2277,1,2023-03-16,1,3,108,793,5,5626,1,0
3371,2278,2,2024-02-18,1,26,972,1227,51,5627,1,0
3372,2281,2,2023-08-11,1,13,532,889,26,5631,1,0
3373,2281,1,2023-08-19,1,13,532,889,26,5632,1,0
3374,2282,1,2025-06-25,1,10,409,1679,20,5634,1,0
3375,2282,2,2025-06-23,1,10,409,1679,20,5635,1,0
3376,2283,1,2024-11-30,1,10,425,1873,20,5638,1,0
3377,2283,1,2024-11-29,1,10,425,1873,20,5639,1,0
3378,2283,2,2024-11-29,1,10,425,1873,20,5640,1,0
3379,2284,2,2025-06-06,1,26,972,1025,51,5642,1,0
3380,2285,1,2025-12-16,1,5,266,1676,10,5644,1,0
3381,2285,1,2026-01-01,1,5,266,1676,10,5647,1,0
3382,2286,1,2024-04-21,1,25,941,2192,50,5650,1,0
3383,2288,1,2024-11-05,1,2,73,20,4,5654,1,0
3384,2289,1,2025-01-24,1,22,824,870,44,5656,1,0
3385,2289,1,2025-02-08,1,22,824,870,44,5657,1,0
3386,2290,1,2025-02-24,1,29,1063,420,58,5660,1,0
3387,2290,2,2025-02-15,1,29,1063,420,58,5661,1,0
3388,2290,1,2025-02-25,1,29,1063,420,58,5662,1,0
3389,2291,1,2023-09-09,1,4,146,765,8,5663,1,0
3390,2291,1,2023-08-24,1,4,146,765,8,5665,1,0
3391,2292,2,2026-03-16,1,18,706,2043,35,5666,1,0
3392,2294,1,2025-07-09,1,2,78,1911,4,5669,1,0
3393,2296,1,2024-05-15,1,5,245,445,9,5675,1,0
3394,2297,1,2023-08-07,1,25,947,1062,50,5676,1,0
3395,2297,2,2023-08-22,1,25,947,1062,50,5678,1,0
3396,2297,1,2023-08-18,1,25,947,1062,50,5679,1,0
3397,2299,1,2024-03-22,1,23,865,699,46,5681,1,0
3398,2299,1,2024-03-17,1,23,865,699,46,5682,1,0
3399,2299,1,2024-03-16,1,23,865,699,46,5683,1,0
3400,2301,2,2026-02-21,1,3,90,281,5,5685,1,0
3401,2301,1,2026-02-12,1,3,90,281,5,5686,1,0
3402,2301,1,2026-02-15,1,3,90,281,5,5687,1,0
3403,2302,1,2025-05-15,1,16,627,2037,31,5689,1,0
3404,2302,1,2025-06-04,1,16,627,2037,31,5690,1,0
3405,2303,2,2024-02-15,1,2,51,442,3,5692,1,0
3406,2304,1,2025-12-06,1,12,504,941,24,5693,1,0
3407,2304,2,2025-12-07,1,12,504,941,24,5694,1,0
3408,2304,1,2025-12-13,1,12,504,941,24,5695,1,0
3409,2304,1,2025-12-17,1,12,504,941,24,5696,1,0
3410,2305,1,2026-07-09,1,26,975,547,52,5697,1,0
3411,2306,2,2025-11-28,1,17,658,643,34,5698,1,0
3412,2306,1,2025-11-13,1,17,658,643,34,5699,1,0
3413,2307,1,2026-03-08,1,19,737,1308,38,5703,1,0
3414,2307,1,2026-03-09,1,19,737,1308,38,5704,1,0
3415,2308,1,2025-12-12,1,10,429,1035,19,5706,1,0
3416,2308,1,2025-12-29,1,10,429,1035,19,5708,1,0
3417,2309,1,2024-03-10,1,14,563,759,28,5709,1,0
3418,2309,1,2024-02-20,1,14,563,759,28,5710,1,0
3419,2310,1,2026-01-06,1,2,81,2355,3,5711,1,0
3420,2310,1,2026-01-18,1,2,81,2355,3,5712,1,0
3421,2311,1,2026-02-28,1,5,257,205,10,5716,1,0
3422,2312,1,2026-02-03,1,2,40,1316,4,5717,1,0
3423,2312,1,2026-01-27,1,2,40,1316,4,5719,1,0
3424,2313,2,2024-12-24,1,30,1073,2414,60,5722,1,0
3425,2314,1,2024-08-13,1,22,817,2076,44,5724,1,0
3426,2314,1,2024-08-03,1,22,817,2076,44,5725,1,0
3427,2314,1,2024-08-15,1,22,817,2076,44,5726,1,0
3428,2316,1,2026-03-20,1,28,1038,2365,56,5729,1,0
3429,2316,1,2026-04-01,1,28,1038,2365,56,5731,1,0
3430,2319,1,2024-09-14,1,1,20,615,2,5737,1,0
3431,2319,1,2024-09-11,1,1,20,615,2,5739,1,0
3432,2320,1,2026-07-22,1,31,1103,2474,62,5740,1,0
3433,2320,2,2026-07-22,1,31,1103,2474,62,5741,1,0
3434,2321,1,2025-06-21,1,30,1068,196,59,5742,1,0
3435,2322,2,2023-11-24,1,26,958,556,51,5746,1,0
3436,2323,1,2024-07-09,1,24,906,1766,47,5748,1,0
3437,2324,1,2026-01-20,1,27,999,88,53,5749,1,0
3438,2324,1,2026-02-07,1,27,999,88,53,5750,1,0
3439,2324,1,2026-01-24,1,27,999,88,53,5751,1,0
3440,2325,1,2025-03-09,1,19,748,2441,37,5752,1,0
3441,2325,1,2025-03-09,1,19,748,2441,37,5753,1,0
3442,2326,1,2025-10-06,1,30,1070,855,59,5754,1,0
3443,2327,1,2023-05-29,1,30,1074,753,59,5756,1,0
3444,2328,1,2025-05-02,1,12,493,2214,23,5757,1,0
3445,2329,2,2023-07-22,1,29,1060,1095,58,5758,1,0
3446,2330,1,2024-12-23,1,15,588,1988,30,5759,1,0
3447,2330,1,2024-12-18,1,15,588,1988,30,5760,1,0
3448,2330,2,2024-12-26,1,15,588,1988,30,5761,1,0
3449,2331,1,2023-04-01,1,30,1095,2396,59,5763,1,0
3450,2331,1,2023-03-22,1,30,1095,2396,59,5764,1,0
3451,2331,1,2023-04-02,1,30,1095,2396,59,5765,1,0
3452,2332,2,2026-04-17,1,2,85,1105,3,5767,1,0
3453,2332,1,2026-05-05,1,2,85,1105,3,5768,1,0
3454,2332,1,2026-04-26,1,2,85,1105,3,5769,1,0
3455,2333,1,2026-01-23,1,10,414,1654,20,5770,1,0
3456,2334,1,2024-12-12,1,22,852,338,43,5771,1,0
3457,2334,1,2024-12-30,1,22,852,338,43,5772,1,0
3458,2334,1,2024-12-22,1,22,852,338,43,5774,1,0
3459,2335,1,2024-10-07,1,5,233,1619,10,5775,1,0
3460,2336,1,2025-11-19,1,8,371,870,16,5776,1,0
3461,2336,1,2025-11-30,1,8,371,870,16,5777,1,0
3462,2337,1,2024-08-27,1,27,1002,23,53,5780,1,0
3463,2338,1,2023-09-04,1,5,235,31,10,5781,1,0
3464,2338,1,2023-09-02,1,5,235,31,10,5782,1,0
3465,2338,2,2023-08-16,1,5,235,31,10,5783,1,0
3466,2338,2,2023-08-19,1,5,235,31,10,5784,1,0
3467,2339,1,2025-08-08,1,25,933,1853,49,5785,1,0
3468,2339,1,2025-08-12,1,25,933,1853,49,5786,1,0
3469,2339,1,2025-08-19,1,25,933,1853,49,5787,1,0
3470,2340,1,2025-10-20,1,11,452,1103,22,5788,1,0
3471,2341,1,2023-08-14,1,17,669,1112,33,5789,1,0
3472,2341,1,2023-08-08,1,17,669,1112,33,5791,1,0
3473,2342,1,2025-05-29,1,22,837,213,43,5793,1,0
3474,2342,1,2025-06-01,1,22,837,213,43,5794,1,0
3475,2342,1,2025-05-19,1,22,837,213,43,5795,1,0
3476,2343,1,2026-04-22,1,21,790,1580,42,5796,1,0
3477,2343,1,2026-04-26,1,21,790,1580,42,5797,1,0
3478,2343,1,2026-04-03,1,21,790,1580,42,5798,1,0
3479,2344,1,2024-03-08,1,12,518,258,24,5799,1,0
3480,2344,1,2024-03-08,1,12,518,258,24,5800,1,0
3481,2346,1,2024-07-05,1,4,172,127,8,5802,1,0
3482,2346,1,2024-06-15,1,4,172,127,8,5803,1,0
3483,2347,1,2024-08-30,1,26,963,281,51,5805,1,0
3484,2347,1,2024-09-29,1,26,963,281,51,5806,1,0
3485,2348,1,2024-11-03,1,7,322,1406,13,5807,1,0
3486,2348,1,2024-11-07,1,7,322,1406,13,5808,1,0
3487,2348,1,2024-11-09,1,7,322,1406,13,5809,1,0
3488,2349,1,2026-01-29,1,24,921,1484,47,5811,1,0
3489,2349,1,2026-01-04,1,24,921,1484,47,5812,1,0
3490,2350,1,2025-05-28,1,28,1018,1792,56,5814,1,0
3491,2351,1,2026-02-17,1,31,1115,1312,61,5815,1,0
3492,2351,1,2026-02-19,1,31,1115,1312,61,5816,1,0
3493,2352,1,2026-05-01,1,28,1012,1218,55,5818,1,0
3494,2352,1,2026-05-02,1,28,1012,1218,55,5819,1,0
3495,2353,1,2023-12-10,1,14,558,749,28,5820,1,0
3496,2353,2,2023-11-25,1,14,558,749,28,5821,1,0
3497,2353,1,2023-11-20,1,14,558,749,28,5822,1,0
3498,2354,2,2024-06-11,1,6,291,1981,11,5823,1,0
3499,2354,1,2024-06-11,1,6,291,1981,11,5825,1,0
3500,2354,1,2024-07-02,1,6,291,1981,11,5826,1,0
3501,2355,1,2023-02-20,1,5,223,2029,10,5827,1,0
3502,2355,1,2023-02-17,1,5,223,2029,10,5828,1,0
3503,2357,1,2025-03-07,1,5,279,2330,9,5834,1,0
3504,2357,1,2025-03-04,1,5,279,2330,9,5835,1,0
3505,2357,2,2025-02-15,1,5,279,2330,9,5836,1,0
3506,2358,1,2026-05-14,1,28,1032,1337,56,5839,1,0
3507,2360,1,2023-04-05,1,23,873,190,46,5841,1,0
3508,2360,1,2023-04-05,1,23,873,190,46,5842,1,0
3509,2361,1,2026-05-08,1,5,216,443,10,5844,1,0
3510,2362,1,2025-09-08,1,31,1119,2105,62,5846,1,0
3511,2364,1,2025-09-29,1,2,65,1713,4,5852,1,0
3512,2364,2,2025-09-27,1,2,65,1713,4,5853,1,0
3513,2365,1,2025-04-05,1,15,596,1823,29,5854,1,0
3514,2365,1,2025-04-07,1,15,596,1823,29,5855,1,0
3515,2366,2,2024-10-17,1,5,243,2332,9,5858,1,0
3516,2367,1,2024-07-27,1,5,237,421,9,5859,1,0
3517,2368,1,2025-09-29,1,27,1002,1533,53,5860,1,0
3518,2368,1,2025-10-03,1,27,1002,1533,53,5861,1,0
3519,2369,1,2025-09-17,1,3,102,1879,6,5863,1,0
3520,2369,1,2025-09-13,1,3,102,1879,6,5864,1,0
3521,2369,2,2025-09-26,1,3,102,1879,6,5865,1,0
3522,2369,1,2025-09-22,1,3,102,1879,6,5866,1,0
3523,2370,1,2023-06-01,1,23,869,1631,45,5868,1,0
3524,2370,1,2023-05-17,1,23,869,1631,45,5869,1,0
3525,2370,1,2023-05-15,1,23,869,1631,45,5870,1,0
3526,2371,1,2026-03-14,1,27,989,27,54,5871,1,0
3527,2373,1,2024-07-30,1,16,622,662,32,5878,1,0
3528,2373,2,2024-08-17,1,16,622,662,32,5879,1,0
3529,2374,1,2026-06-21,1,30,1071,448,60,5881,1,0
3530,2375,1,2024-02-10,1,5,188,2484,9,5884,1,0
3531,2377,1,2026-06-02,1,20,767,1835,40,5887,1,0
3532,2378,1,2023-02-21,1,7,328,633,14,5889,1,0
3533,2379,1,2026-03-07,1,26,980,638,51,5890,1,0
3534,2379,1,2026-02-28,1,26,980,638,51,5891,1,0
3535,2379,1,2026-02-10,1,26,980,638,51,5893,1,0
3536,2380,1,2025-04-18,1,3,89,466,6,5894,1,0
3537,2381,1,2025-02-17,1,29,1055,1526,58,5895,1,0
3538,2381,1,2025-03-07,1,29,1055,1526,58,5898,1,0
3539,2382,1,2026-02-26,1,21,804,2160,41,5899,1,0
3540,2382,1,2026-02-24,1,21,804,2160,41,5900,1,0
3541,2382,1,2026-02-17,1,21,804,2160,41,5901,1,0
3542,2383,1,2026-04-07,1,12,497,868,23,5902,1,0
3543,2383,1,2026-04-14,1,12,497,868,23,5903,1,0
3544,2383,2,2026-03-21,1,12,497,868,23,5904,1,0
3545,2384,1,2024-05-08,1,20,768,724,40,5906,1,0
3546,2384,1,2024-05-29,1,20,768,724,40,5907,1,0
3547,2384,1,2024-06-04,1,20,768,724,40,5908,1,0
3548,2384,1,2024-05-17,1,20,768,724,40,5909,1,0
3549,2385,1,2024-07-31,1,2,62,1924,4,5910,1,0
3550,2385,1,2024-07-10,1,2,62,1924,4,5911,1,0
3551,2386,2,2025-10-25,1,25,939,1084,50,5912,1,0
3552,2386,1,2025-10-22,1,25,939,1084,50,5914,1,0
3553,2387,1,2024-05-12,1,3,132,379,6,5915,1,0
3554,2388,1,2026-04-20,1,5,198,834,9,5919,1,0
3555,2389,1,2024-05-25,1,18,720,1649,35,5921,1,0
3556,2389,1,2024-05-08,1,18,720,1649,35,5922,1,0
3557,2389,1,2024-05-26,1,18,720,1649,35,5923,1,0
3558,2389,1,2024-05-10,1,18,720,1649,35,5924,1,0
3559,2390,1,2025-05-11,1,2,73,29,3,5925,1,0
3560,2391,2,2024-11-22,1,30,1088,180,59,5927,1,0
3561,2391,1,2024-11-21,1,30,1088,180,59,5928,1,0
3562,2391,1,2024-12-07,1,30,1088,180,59,5929,1,0
3563,2392,1,2024-06-21,1,5,243,192,10,5931,1,0
3564,2392,1,2024-07-02,1,5,243,192,10,5932,1,0
3565,2392,1,2024-06-12,1,5,243,192,10,5933,1,0
3566,2393,1,2024-07-17,1,20,765,1279,40,5936,1,0
3567,2393,1,2024-07-01,1,20,765,1279,40,5937,1,0
3568,2394,1,2025-02-21,1,28,1024,336,56,5939,1,0
3569,2394,1,2025-02-17,1,28,1024,336,56,5940,1,0
3570,2395,1,2023-02-23,1,8,374,996,15,5942,1,0
3571,2396,1,2024-12-24,1,27,992,1827,53,5944,1,0
3572,2397,1,2025-12-06,1,7,327,2391,13,5949,1,0
3573,2398,1,2025-05-05,1,4,161,5,7,5950,1,0
3574,2398,1,2025-04-29,1,4,161,5,7,5951,1,0
3575,2399,1,2026-03-13,1,31,1117,516,62,5953,1,0
3576,2399,1,2026-04-03,1,31,1117,516,62,5955,1,0
3577,2400,1,2023-12-14,1,13,546,1464,26,5956,1,0
3578,2400,2,2023-12-29,1,13,546,1464,26,5957,1,0
3579,2401,2,2025-08-02,1,23,886,2272,46,5959,1,0
3580,2401,1,2025-07-10,1,23,886,2272,46,5960,1,0
3581,2402,1,2025-03-01,1,17,691,474,34,5962,1,0
3582,2403,1,2023-08-26,1,10,413,1350,20,5965,1,0
3583,2404,1,2023-05-27,1,7,337,2145,13,5966,1,0
3584,2405,1,2024-04-28,1,1,21,1122,1,5968,1,0
3585,2405,1,2024-04-15,1,1,21,1122,1,5969,1,0
3586,2406,1,2023-07-21,1,3,110,1454,6,5972,1,0
3587,2406,1,2023-07-07,1,3,110,1454,6,5973,1,0
3588,2407,1,2023-02-11,1,19,735,514,37,5977,1,0
3589,2408,1,2025-04-18,1,21,805,1842,42,5978,1,0
3590,2409,1,2024-08-26,1,28,1010,1182,56,5982,1,0
3591,2410,1,2024-04-25,1,2,37,2248,3,5984,1,0
3592,2411,2,2023-05-09,1,5,200,526,9,5985,1,0
3593,2412,1,2025-01-09,1,3,111,830,5,5986,1,0
3594,2413,2,2024-10-16,1,13,544,1946,25,5989,1,0
3595,2413,1,2024-10-22,1,13,544,1946,25,5990,1,0
3596,2415,1,2023-11-20,1,26,956,2443,52,5992,1,0
3597,2415,1,2023-11-22,1,26,956,2443,52,5994,1,0
3598,2416,1,2023-05-31,1,26,954,2111,52,5995,1,0
3599,2416,1,2023-05-15,1,26,954,2111,52,5996,1,0
3600,2418,1,2024-06-19,1,19,747,542,37,5999,1,0
3601,2418,1,2024-06-26,1,19,747,542,37,6000,1,0
3602,2421,1,2024-09-02,1,22,856,99,44,6004,1,0
3603,2421,1,2024-09-16,1,22,856,99,44,6005,1,0
3604,2423,1,2025-11-13,1,6,303,2327,12,6012,1,0
3605,2423,2,2025-11-21,1,6,303,2327,12,6013,1,0
3606,2426,1,2025-01-20,1,9,393,1831,18,6019,1,0
3607,2427,2,2023-01-29,1,16,625,1941,32,6022,1,0
3608,2428,1,2023-04-15,1,15,577,362,29,6024,1,0
3609,2428,2,2023-04-28,1,15,577,362,29,6025,1,0
3610,2428,2,2023-04-16,1,15,577,362,29,6026,1,0
3611,2429,1,2024-04-19,1,2,33,1600,4,6028,1,0
3612,2430,1,2023-08-01,1,8,370,2261,16,6030,1,0
3613,2430,1,2023-07-23,1,8,370,2261,16,6031,1,0
3614,2430,1,2023-08-03,1,8,370,2261,16,6032,1,0
3615,2430,1,2023-08-09,1,8,370,2261,16,6033,1,0
3616,2431,1,2026-08-11,1,20,776,2138,39,6034,1,0
3617,2432,2,2024-05-02,1,16,607,1865,31,6036,1,0
3618,2433,1,2023-08-08,1,14,571,2469,27,6037,1,0
3619,2433,1,2023-08-10,1,14,571,2469,27,6039,1,0
3620,2434,2,2025-11-12,1,25,951,382,50,6040,1,0
3621,2434,1,2025-10-28,1,25,951,382,50,6041,1,0
3622,2434,1,2025-10-29,1,25,951,382,50,6042,1,0
3623,2435,1,2026-02-02,1,30,1079,2500,60,6045,1,0
3624,2436,2,2026-03-03,1,21,781,1909,42,6048,1,0
3625,2436,2,2026-03-02,1,21,781,1909,42,6051,1,0
3626,2438,1,2024-08-02,1,27,987,2017,53,6053,1,0
3627,2439,1,2024-06-25,1,5,234,1906,10,6055,1,0
3628,2441,1,2024-02-10,1,21,782,423,42,6057,1,0
3629,2441,1,2024-02-22,1,21,782,423,42,6058,1,0
3630,2441,1,2024-02-16,1,21,782,423,42,6059,1,0
3631,2442,2,2023-04-25,1,25,948,615,49,6060,1,0
3632,2443,1,2024-06-21,1,17,681,1830,33,6061,1,0
3633,2443,1,2024-07-05,1,17,681,1830,33,6062,1,0
3634,2444,1,2023-10-06,1,24,898,444,47,6063,1,0
3635,2444,1,2023-10-12,1,24,898,444,47,6064,1,0
3636,2445,2,2026-07-12,1,12,513,1921,23,6065,1,0
3637,2446,1,2024-08-31,1,30,1082,1251,60,6066,1,0
3638,2446,1,2024-08-23,1,30,1082,1251,60,6067,1,0
3639,2447,2,2024-09-02,1,5,224,2001,9,6068,1,0
3640,2448,2,2026-01-19,1,10,407,2337,19,6069,1,0
3641,2448,1,2026-02-10,1,10,407,2337,19,6071,1,0
3642,2449,1,2023-03-13,1,29,1047,310,58,6072,1,0
3643,2449,1,2023-03-04,1,29,1047,310,58,6073,1,0
3644,2451,1,2025-04-30,1,26,955,1416,52,6079,1,0
3645,2451,1,2025-04-29,1,26,955,1416,52,6081,1,0
3646,2452,1,2023-08-05,1,3,131,1282,5,6083,1,0
3647,2453,1,2023-04-14,1,3,129,1599,5,6086,1,0
3648,2454,1,2026-03-02,1,15,587,1967,29,6088,1,0
3649,2454,1,2026-03-13,1,15,587,1967,29,6091,1,0
3650,2455,1,2023-05-28,1,10,428,385,19,6092,1,0
3651,2455,1,2023-06-15,1,10,428,385,19,6093,1,0
3652,2455,1,2023-06-23,1,10,428,385,19,6094,1,0
3653,2456,2,2025-12-27,1,9,384,1454,17,6096,1,0
3654,2456,1,2025-12-21,1,9,384,1454,17,6098,1,0
3655,2457,1,2024-09-17,1,3,105,1645,5,6100,1,0
3656,2458,1,2025-12-01,1,2,68,1868,3,6102,1,0
3657,2458,1,2025-11-23,1,2,68,1868,3,6103,1,0
3658,2459,1,2026-02-03,1,23,877,2184,45,6105,1,0
3659,2460,1,2024-05-01,1,5,284,1988,9,6108,1,0
3660,2461,1,2025-10-17,1,10,414,2425,19,6110,1,0
3661,2464,1,2024-05-20,1,14,559,934,28,6116,1,0
3662,2464,1,2024-04-28,1,14,559,934,28,6117,1,0
3663,2464,2,2024-05-12,1,14,559,934,28,6118,1,0
3664,2464,1,2024-05-22,1,14,559,934,28,6119,1,0
3665,2465,1,2024-05-21,1,5,267,1763,9,6120,1,0
3666,2466,1,2023-08-02,1,17,681,171,33,6121,1,0
3667,2467,2,2023-06-09,1,30,1085,2311,59,6122,1,0
3668,2468,1,2024-08-23,1,17,662,1842,33,6123,1,0
3669,2468,1,2024-09-02,1,17,662,1842,33,6124,1,0
3670,2468,1,2024-08-28,1,17,662,1842,33,6125,1,0
3671,2469,1,2024-07-16,1,17,653,1472,33,6126,1,0
3672,2471,1,2023-08-05,1,6,313,95,11,6130,1,0
3673,2471,1,2023-08-08,1,6,313,95,11,6131,1,0
3674,2471,1,2023-07-26,1,6,313,95,11,6132,1,0
3675,2472,1,2023-09-17,1,1,19,350,2,6134,1,0
3676,2473,1,2025-06-23,1,12,492,145,24,6135,1,0
3677,2474,1,2025-10-17,1,25,925,1345,50,6137,1,0
3678,2476,1,2024-11-10,1,7,324,845,13,6140,1,0
3679,2476,1,2024-11-25,1,7,324,845,13,6142,1,0
3680,2476,1,2024-11-06,1,7,324,845,13,6143,1,0
3681,2477,1,2024-10-01,1,17,641,16,33,6144,1,0
3682,2477,1,2024-10-03,1,17,641,16,33,6146,1,0
3683,2478,1,2023-10-30,1,5,187,565,9,6147,1,0
3684,2478,2,2023-10-17,1,5,187,565,9,6148,1,0
3685,2478,2,2023-10-21,1,5,187,565,9,6149,1,0
3686,2479,1,2025-01-30,1,29,1067,1607,58,6150,1,0
3687,2480,1,2023-04-16,1,26,963,232,51,6151,1,0
3688,2480,1,2023-04-13,1,26,963,232,51,6152,1,0
3689,2480,1,2023-04-03,1,26,963,232,51,6153,1,0
3690,2480,1,2023-04-04,1,26,963,232,51,6154,1,0
3691,2482,1,2025-12-02,1,1,26,1078,2,6157,1,0
3692,2482,1,2025-11-19,1,1,26,1078,2,6158,1,0
3693,2482,1,2025-11-19,1,1,26,1078,2,6159,1,0
3694,2483,1,2023-04-24,1,5,229,1312,9,6161,1,0
3695,2483,1,2023-04-08,1,5,229,1312,9,6163,1,0
3696,2484,1,2025-02-17,1,29,1047,435,58,6165,1,0
3697,2485,1,2026-05-05,1,14,574,1693,28,6167,1,0
3698,2486,1,2024-08-15,1,8,350,602,16,6168,1,0
3699,2487,1,2024-02-21,1,18,720,1558,36,6169,1,0
3700,2487,1,2024-03-02,1,18,720,1558,36,6170,1,0
3701,2488,1,2025-06-02,1,30,1088,2412,60,6171,1,0
3702,2489,1,2023-11-30,1,2,82,1564,3,6172,1,0
3703,2489,1,2023-11-15,1,2,82,1564,3,6174,1,0
3704,2489,1,2023-11-22,1,2,82,1564,3,6175,1,0
3705,2491,1,2023-08-06,1,19,737,835,37,6179,1,0
3706,2491,1,2023-08-05,1,19,737,835,37,6180,1,0
3707,2492,1,2024-08-16,1,22,855,1161,43,6181,1,0
3708,2494,1,2024-06-16,1,5,249,1555,9,6183,1,0
3709,2494,1,2024-06-09,1,5,249,1555,9,6184,1,0
3710,2495,1,2025-09-17,1,4,149,247,8,6186,1,0
3711,2495,1,2025-09-01,1,4,149,247,8,6187,1,0
3712,2496,2,2023-01-13,1,31,1100,994,61,6188,1,0
3713,2497,1,2025-05-05,1,8,348,2333,15,6189,1,0
3714,2498,1,2024-07-13,1,7,324,546,14,6191,1,0
3715,2498,1,2024-07-14,1,7,324,546,14,6192,1,0
3716,2500,1,2023-08-15,1,31,1109,542,61,6196,1,0
3717,2501,1,2026-02-22,1,5,233,607,10,6198,1,0
3718,2501,2,2026-03-04,1,5,233,607,10,6199,1,0
3719,2501,1,2026-02-13,1,5,233,607,10,6200,1,0
3720,2502,1,2023-06-16,1,25,939,1023,50,6201,1,0
3721,2503,1,2023-08-31,1,7,318,937,13,6203,1,0
3722,2505,1,2024-05-19,1,13,527,2481,25,6206,1,0
3723,2506,1,2026-02-09,1,22,816,2092,43,6208,1,0
3724,2508,1,2026-06-03,1,3,107,724,6,6214,1,0
3725,2508,1,2026-05-17,1,3,107,724,6,6215,1,0
3726,2508,1,2026-06-11,1,3,107,724,6,6216,1,0
3727,2509,1,2025-12-25,1,18,696,554,36,6218,1,0
3728,2509,1,2025-12-26,1,18,696,554,36,6219,1,0
3729,2510,1,2026-02-06,1,25,934,1463,49,6221,1,0
3730,2511,1,2025-10-15,1,4,147,2089,8,6226,1,0
3731,2511,1,2025-10-01,1,4,147,2089,8,6227,1,0
3732,2512,1,2025-05-16,1,24,920,1619,48,6229,1,0
3733,2514,1,2024-08-26,1,11,464,909,22,6233,1,0
3734,2515,1,2023-03-19,1,3,90,567,6,6235,1,0
3735,2515,1,2023-03-20,1,3,90,567,6,6236,1,0
3736,2517,1,2026-07-27,1,8,372,717,16,6240,1,0
3737,2517,1,2026-08-12,1,8,372,717,16,6241,1,0
3738,2518,1,2023-12-03,1,24,895,1923,47,6243,1,0
3739,2518,1,2023-11-30,1,24,895,1923,47,6244,1,0
3740,2519,1,2026-01-16,1,5,279,2268,9,6245,1,0
3741,2519,1,2026-01-08,1,5,279,2268,9,6246,1,0
3742,2519,1,2026-01-20,1,5,279,2268,9,6247,1,0
3743,2520,1,2025-06-04,1,26,974,997,51,6248,1,0
3744,2520,1,2025-05-19,1,26,974,997,51,6249,1,0
3745,2520,1,2025-05-11,1,26,974,997,51,6251,1,0
3746,2521,1,2025-02-10,1,24,918,1850,48,6252,1,0
3747,2521,1,2025-01-26,1,24,918,1850,48,6253,1,0
3748,2521,1,2025-01-25,1,24,918,1850,48,6254,1,0
3749,2522,1,2023-06-18,1,29,1056,1707,57,6257,1,0
3750,2523,1,2026-05-10,1,9,390,928,18,6259,1,0
3751,2524,1,2023-10-04,1,2,85,1548,4,6261,1,0
3752,2525,1,2024-03-23,1,2,40,261,3,6263,1,0
3753,2526,1,2026-01-14,1,11,455,1317,22,6264,1,0
3754,2527,2,2025-08-06,1,13,535,1032,25,6267,1,0
3755,2528,1,2024-06-09,1,5,173,2326,9,6268,1,0
3756,2528,1,2024-06-07,1,5,173,2326,9,6271,1,0
3757,2529,1,2025-10-29,1,12,512,1934,23,6273,1,0
3758,2529,1,2025-11-04,1,12,512,1934,23,6274,1,0
3759,2529,1,2025-10-27,1,12,512,1934,23,6275,1,0
3760,2530,1,2025-07-11,1,10,417,1207,20,6277,1,0
3761,2531,1,2025-05-14,1,9,391,334,17,6279,1,0
3762,2532,1,2023-02-04,1,12,503,75,24,6281,1,0
3763,2533,1,2025-04-29,1,15,603,2484,30,6282,1,0
3764,2533,1,2025-04-09,1,15,603,2484,30,6283,1,0
3765,2533,1,2025-04-13,1,15,603,2484,30,6285,1,0
3766,2534,1,2024-10-26,1,23,874,879,46,6286,1,0
3767,2535,1,2023-12-04,1,16,627,1323,31,6288,1,0
3768,2535,1,2023-11-07,1,16,627,1323,31,6289,1,0
3769,2536,1,2025-08-27,1,27,991,1609,53,6290,1,0
3770,2536,2,2025-08-20,1,27,991,1609,53,6292,1,0
3771,2537,1,2025-09-16,1,8,360,1498,15,6294,1,0
3772,2537,2,2025-09-05,1,8,360,1498,15,6295,1,0
3773,2538,1,2025-05-24,1,8,346,315,16,6296,1,0
3774,2539,1,2024-03-08,1,21,788,747,42,6297,1,0
3775,2540,1,2024-03-07,1,17,650,863,33,6299,1,0
3776,2540,1,2024-03-28,1,17,650,863,33,6300,1,0
3777,2542,1,2023-12-20,1,31,1124,1621,62,6304,1,0
3778,2542,1,2024-01-03,1,31,1124,1621,62,6305,1,0
3779,2542,1,2023-12-30,1,31,1124,1621,62,6306,1,0
3780,2544,2,2026-06-03,1,22,838,1008,44,6308,1,0
3781,2544,2,2026-05-29,1,22,838,1008,44,6311,1,0
3782,2545,1,2023-10-19,1,24,902,261,48,6312,1,0
3783,2546,1,2023-01-20,1,1,17,1787,1,6313,1,0
3784,2546,1,2023-01-20,1,1,17,1787,1,6315,1,0
3785,2547,1,2023-10-19,1,3,87,1770,6,6316,1,0
3786,2547,1,2023-10-17,1,3,87,1770,6,6317,1,0
3787,2547,1,2023-11-03,1,3,87,1770,6,6319,1,0
3788,2548,1,2025-03-31,1,8,365,1139,16,6320,1,0
3789,2549,1,2023-07-30,1,9,397,589,18,6321,1,0
3790,2549,2,2023-08-03,1,9,397,589,18,6322,1,0
3791,2549,1,2023-08-06,1,9,397,589,18,6323,1,0
3792,2550,1,2024-01-26,1,16,632,1285,31,6324,1,0
3793,2550,2,2024-01-20,1,16,632,1285,31,6325,1,0
3794,2550,1,2024-01-25,1,16,632,1285,31,6326,1,0
3795,2551,1,2024-02-05,1,22,808,474,43,6327,1,0
3796,2551,1,2024-01-26,1,22,808,474,43,6328,1,0
3797,2551,1,2024-01-27,1,22,808,474,43,6329,1,0
3798,2555,1,2025-02-25,1,28,1033,1794,56,6334,1,0
3799,2556,1,2023-09-12,1,27,989,867,54,6336,1,0
3800,2556,2,2023-09-26,1,27,989,867,54,6337,1,0
3801,2557,1,2024-12-19,1,29,1041,372,57,6338,1,0
3802,2557,1,2024-12-22,1,29,1041,372,57,6339,1,0
3803,2558,1,2025-10-25,1,5,193,1816,9,6341,1,0
3804,2558,1,2025-10-27,1,5,193,1816,9,6342,1,0
3805,2559,2,2023-12-07,1,9,379,1975,18,6343,1,0
3806,2561,1,2023-06-30,1,4,164,208,8,6348,1,0
3807,2562,2,2025-12-10,1,2,84,30,3,6349,1,0
3808,2563,1,2025-06-02,1,6,299,1543,12,6351,1,0
3809,2564,1,2026-02-05,1,28,1032,589,56,6352,1,0
3810,2565,1,2023-10-16,1,5,262,1835,9,6353,1,0
3811,2566,1,2023-07-08,1,22,837,212,44,6356,1,0
3812,2566,1,2023-07-20,1,22,837,212,44,6358,1,0
3813,2567,1,2023-12-09,1,24,896,664,47,6359,1,0
3814,2568,2,2023-09-02,1,5,187,2144,10,6360,1,0
3815,2569,1,2023-01-30,1,18,695,101,36,6361,1,0
3816,2571,1,2023-12-18,1,1,17,1782,2,6363,1,0
3817,2571,1,2023-12-22,1,1,17,1782,2,6364,1,0
3818,2571,1,2024-01-15,1,1,17,1782,2,6366,1,0
3819,2573,1,2023-09-01,1,11,438,709,22,6370,1,0
3820,2574,1,2024-08-30,1,4,168,928,8,6371,1,0
3821,2574,2,2024-09-19,1,4,168,928,8,6372,1,0
3822,2575,1,2023-06-22,1,16,630,596,31,6373,1,0
3823,2576,1,2026-04-13,1,24,916,804,48,6374,1,0
3824,2576,1,2026-03-31,1,24,916,804,48,6377,1,0
3825,2577,1,2024-08-03,1,16,624,173,31,6378,1,0
3826,2577,1,2024-08-01,1,16,624,173,31,6380,1,0
3827,2579,2,2024-03-29,1,31,1104,1672,61,6385,1,0
3828,2579,1,2024-03-18,1,31,1104,1672,61,6387,1,0
3829,2580,1,2023-11-09,1,5,267,330,9,6390,1,0
3830,2580,1,2023-11-11,1,5,267,330,9,6391,1,0
3831,2581,1,2023-03-26,1,17,672,1468,33,6392,1,0
3832,2581,1,2023-04-10,1,17,672,1468,33,6393,1,0
3833,2581,1,2023-03-26,1,17,672,1468,33,6394,1,0
3834,2581,1,2023-03-29,1,17,672,1468,33,6395,1,0
3835,2582,1,2026-01-12,1,11,447,73,22,6397,1,0
3836,2582,1,2026-01-13,1,11,447,73,22,6398,1,0
3837,2582,1,2026-01-19,1,11,447,73,22,6399,1,0
3838,2584,1,2023-05-20,1,17,686,2166,33,6402,1,0
3839,2584,1,2023-06-12,1,17,686,2166,33,6403,1,0
3840,2584,2,2023-06-04,1,17,686,2166,33,6404,1,0
3841,2584,1,2023-05-17,1,17,686,2166,33,6405,1,0
3842,2585,1,2024-07-07,1,18,718,577,35,6406,1,0
3843,2585,1,2024-07-24,1,18,718,577,35,6407,1,0
3844,2586,1,2024-11-23,1,29,1053,2073,58,6409,1,0
3845,2586,1,2024-11-27,1,29,1053,2073,58,6410,1,0
3846,2587,1,2023-06-20,1,17,640,150,33,6412,1,0
3847,2588,2,2023-10-29,1,28,1032,397,56,6413,1,0
3848,2588,1,2023-10-28,1,28,1032,397,56,6414,1,0
3849,2588,1,2023-10-13,1,28,1032,397,56,6415,1,0
3850,2588,1,2023-11-03,1,28,1032,397,56,6416,1,0
3851,2590,1,2023-12-31,1,29,1062,2109,58,6419,1,0
3852,2590,1,2023-12-07,1,29,1062,2109,58,6420,1,0
3853,2591,1,2024-01-20,1,28,1035,421,56,6422,1,0
3854,2592,1,2024-01-27,1,15,578,553,29,6424,1,0
3855,2592,1,2024-02-06,1,15,578,553,29,6426,1,0
3856,2592,1,2024-02-03,1,15,578,553,29,6427,1,0
3857,2593,1,2024-11-15,1,22,857,692,43,6429,1,0
3858,2593,1,2024-10-31,1,22,857,692,43,6430,1,0
3859,2593,1,2024-11-23,1,22,857,692,43,6431,1,0
3860,2595,1,2025-02-23,1,7,342,2028,13,6434,1,0
3861,2595,1,2025-02-16,1,7,342,2028,13,6435,1,0
3862,2596,1,2026-03-17,1,9,385,1667,17,6436,1,0
3863,2596,2,2026-04-08,1,9,385,1667,17,6437,1,0
3864,2596,1,2026-03-13,1,9,385,1667,17,6438,1,0
3865,2597,1,2025-10-31,1,18,710,1037,35,6440,1,0
3866,2597,1,2025-11-06,1,18,710,1037,35,6442,1,0
3867,2598,1,2025-06-16,1,24,915,67,47,6443,1,0
3868,2598,1,2025-05-30,1,24,915,67,47,6444,1,0
3869,2598,1,2025-05-28,1,24,915,67,47,6445,1,0
3870,2598,1,2025-06-09,1,24,915,67,47,6446,1,0
3871,2599,1,2023-01-27,1,29,1062,648,57,6447,1,0
3872,2601,1,2023-05-26,1,16,634,1467,31,6449,1,0
3873,2602,2,2026-06-04,1,4,166,1978,8,6450,1,0
3874,2603,1,2024-08-21,1,29,1065,1818,57,6452,1,0
3875,2604,2,2023-04-23,1,24,906,1523,47,6453,1,0
3876,2605,1,2023-07-21,1,3,115,417,6,6455,1,0
3877,2607,1,2024-07-16,1,10,407,823,20,6458,1,0
3878,2607,1,2024-07-08,1,10,407,823,20,6459,1,0
3879,2607,1,2024-06-24,1,10,407,823,20,6460,1,0
3880,2608,1,2023-05-28,1,26,973,962,51,6461,1,0
3881,2608,1,2023-05-15,1,26,973,962,51,6463,1,0
3882,2609,1,2026-02-16,1,11,469,811,22,6465,1,0
3883,2610,1,2025-05-22,1,26,973,254,52,6466,1,0
3884,2610,1,2025-05-28,1,26,973,254,52,6468,1,0
3885,2612,1,2024-09-12,1,31,1117,9,61,6471,1,0
3886,2612,1,2024-09-26,1,31,1117,9,61,6472,1,0
3887,2613,1,2024-07-04,1,19,737,1314,38,6475,1,0
3888,2614,1,2025-10-30,1,21,797,431,42,6476,1,0
3889,2614,1,2025-10-19,1,21,797,431,42,6477,1,0
3890,2614,1,2025-10-15,1,21,797,431,42,6478,1,0
3891,2615,1,2023-04-16,1,19,746,1701,38,6479,1,0
3892,2615,1,2023-04-24,1,19,746,1701,38,6480,1,0
3893,2615,2,2023-05-07,1,19,746,1701,38,6481,1,0
3894,2615,1,2023-05-11,1,19,746,1701,38,6482,1,0
3895,2616,1,2025-06-28,1,15,604,604,30,6483,1,0
3896,2616,1,2025-07-08,1,15,604,604,30,6484,1,0
3897,2616,1,2025-06-30,1,15,604,604,30,6485,1,0
3898,2617,1,2024-08-25,1,27,1008,402,53,6487,1,0
3899,2618,2,2026-04-30,1,16,611,979,31,6488,1,0
3900,2618,2,2026-04-16,1,16,611,979,31,6489,1,0
3901,2618,1,2026-04-29,1,16,611,979,31,6491,1,0
3902,2619,1,2026-03-03,1,15,584,737,30,6492,1,0
3903,2619,1,2026-02-15,1,15,584,737,30,6493,1,0
3904,2619,2,2026-02-17,1,15,584,737,30,6494,1,0
3905,2619,1,2026-02-21,1,15,584,737,30,6495,1,0
3906,2620,1,2025-11-06,1,31,1122,1532,61,6497,1,0
3907,2621,1,2023-11-30,1,23,892,501,46,6499,1,0
3908,2621,1,2023-12-11,1,23,892,501,46,6501,1,0
3909,2622,1,2024-01-13,1,5,183,587,10,6502,1,0
3910,2622,1,2024-01-28,1,5,183,587,10,6503,1,0
3911,2624,1,2023-09-20,1,9,379,696,17,6508,1,0
3912,2625,1,2024-01-22,1,17,663,1621,34,6510,1,0
3913,2625,1,2024-01-21,1,17,663,1621,34,6511,1,0
3914,2625,1,2024-01-11,1,17,663,1621,34,6513,1,0
3915,2626,2,2026-05-21,1,22,845,1696,44,6514,1,0
3916,2627,1,2025-04-18,1,17,635,1618,34,6515,1,0
3917,2627,1,2025-04-15,1,17,635,1618,34,6516,1,0
3918,2627,2,2025-04-06,1,17,635,1618,34,6518,1,0
3919,2628,1,2025-04-09,1,7,331,1468,14,6521,1,0
3920,2628,1,2025-03-26,1,7,331,1468,14,6522,1,0
3921,2629,1,2023-05-22,1,13,544,254,25,6523,1,0
3922,2629,1,2023-06-11,1,13,544,254,25,6524,1,0
3923,2630,1,2023-07-26,1,11,453,1912,21,6525,1,0
3924,2632,1,2026-03-09,1,9,399,352,18,6531,1,0
3925,2632,1,2026-03-11,1,9,399,352,18,6532,1,0
3926,2634,1,2025-03-17,1,18,697,2171,35,6535,1,0
3927,2635,1,2023-08-23,1,11,441,176,22,6536,1,0
3928,2636,2,2026-06-30,1,5,251,2091,10,6537,1,0
3929,2636,1,2026-07-09,1,5,251,2091,10,6538,1,0
3930,2638,1,2023-09-13,1,16,620,128,32,6542,1,0
3931,2639,2,2024-03-25,1,12,491,1410,23,6544,1,0
3932,2639,2,2024-03-15,1,12,491,1410,23,6547,1,0
3933,2641,1,2023-05-27,1,26,962,2063,52,6549,1,0
3934,2642,1,2025-10-29,1,28,1036,1152,56,6550,1,0
3935,2643,1,2024-02-14,1,3,132,1557,5,6551,1,0
3936,2643,1,2024-02-17,1,3,132,1557,5,6553,1,0
3937,2644,2,2024-04-15,1,4,144,467,8,6554,1,0
3938,2644,1,2024-05-09,1,4,144,467,8,6556,1,0
3939,2644,1,2024-04-17,1,4,144,467,8,6557,1,0
3940,2645,1,2024-10-31,1,22,835,1348,43,6559,1,0
3941,2645,1,2024-10-11,1,22,835,1348,43,6560,1,0
3942,2646,2,2023-11-23,1,23,890,2149,45,6561,1,0
3943,2647,1,2025-02-13,1,17,658,59,34,6563,1,0
3944,2648,1,2023-11-27,1,24,896,2100,47,6565,1,0
3945,2649,1,2025-01-19,1,19,732,1442,37,6566,1,0
3946,2649,1,2025-01-27,1,19,732,1442,37,6567,1,0
3947,2649,1,2025-01-14,1,19,732,1442,37,6568,1,0
3948,2650,1,2026-04-23,1,25,945,2321,50,6569,1,0
3949,2651,2,2024-04-11,1,8,373,2459,15,6571,1,0
3950,2653,2,2023-08-01,1,18,719,741,35,6575,1,0
3951,2653,2,2023-07-18,1,18,719,741,35,6576,1,0
3952,2654,1,2025-03-03,1,28,1026,2168,56,6577,1,0
3953,2654,1,2025-02-24,1,28,1026,2168,56,6578,1,0
3954,2655,1,2026-03-23,1,26,958,2105,52,6580,1,0
3955,2655,2,2026-04-02,1,26,958,2105,52,6581,1,0
3956,2656,2,2023-03-09,1,3,118,636,6,6582,1,0
3957,2656,2,2023-03-05,1,3,118,636,6,6583,1,0
3958,2657,1,2023-10-23,1,9,383,111,17,6585,1,0
3959,2658,1,2025-12-10,1,2,64,1639,3,6587,1,0
3960,2659,1,2025-03-27,1,3,103,409,5,6588,1,0
3961,2659,1,2025-04-08,1,3,103,409,5,6589,1,0
3962,2659,2,2025-04-21,1,3,103,409,5,6590,1,0
3963,2660,1,2023-07-20,1,1,21,2302,1,6592,1,0
3964,2660,1,2023-08-11,1,1,21,2302,1,6593,1,0
3965,2660,1,2023-07-19,1,1,21,2302,1,6594,1,0
3966,2662,1,2025-09-29,1,3,117,606,6,6596,1,0
3967,2663,1,2024-05-11,1,26,954,2078,52,6599,1,0
3968,2664,1,2023-03-24,1,1,18,2226,1,6601,1,0
3969,2665,1,2025-01-24,1,9,382,1217,17,6603,1,0
3970,2665,1,2025-01-08,1,9,382,1217,17,6604,1,0
3971,2666,1,2023-06-27,1,5,209,1932,9,6606,1,0
3972,2668,1,2025-06-21,1,7,317,1552,14,6608,1,0
3973,2669,1,2025-11-30,1,2,84,850,4,6612,1,0
3974,2669,1,2025-12-28,1,2,84,850,4,6613,1,0
3975,2670,1,2025-12-26,1,11,449,2400,21,6615,1,0
3976,2671,1,2024-01-24,1,5,183,1600,10,6616,1,0
3977,2672,1,2023-02-19,1,22,814,999,43,6620,1,0
3978,2673,1,2025-02-24,1,7,326,263,14,6622,1,0
3979,2673,1,2025-01-31,1,7,326,263,14,6623,1,0
3980,2673,1,2025-02-15,1,7,326,263,14,6624,1,0
3981,2673,1,2025-02-05,1,7,326,263,14,6625,1,0
3982,2674,1,2026-01-15,1,21,784,1023,41,6626,1,0
3983,2675,2,2023-09-13,1,2,40,160,3,6627,1,0
3984,2675,1,2023-09-10,1,2,40,160,3,6628,1,0
3985,2675,1,2023-09-06,1,2,40,160,3,6630,1,0
3986,2676,1,2023-01-20,1,3,100,2112,6,6631,1,0
3987,2676,1,2023-01-10,1,3,100,2112,6,6632,1,0
3988,2678,1,2024-04-24,1,14,570,158,27,6637,1,0
3989,2678,1,2024-04-27,1,14,570,158,27,6638,1,0
3990,2678,1,2024-04-14,1,14,570,158,27,6639,1,0
3991,2679,1,2026-01-25,1,20,763,145,40,6640,1,0
3992,2681,1,2023-04-17,1,13,538,1608,25,6645,1,0
3993,2681,1,2023-04-29,1,13,538,1608,25,6646,1,0
3994,2681,2,2023-05-04,1,13,538,1608,25,6647,1,0
3995,2682,2,2023-03-28,1,30,1071,328,60,6648,1,0
3996,2683,1,2024-10-31,1,10,426,2486,20,6649,1,0
3997,2683,1,2024-10-10,1,10,426,2486,20,6650,1,0
3998,2684,1,2024-05-23,1,6,294,1387,12,6651,1,0
3999,2685,2,2026-07-23,1,16,608,1801,31,6652,1,0
4000,2686,1,2025-02-07,1,3,124,940,6,6653,1,0
4001,2687,2,2024-12-20,1,30,1077,927,60,6656,1,0
4002,2688,1,2025-12-31,1,28,1026,1315,56,6658,1,0
4003,2689,2,2024-01-29,1,11,475,2002,21,6659,1,0
4004,2690,1,2024-07-17,1,15,578,413,29,6662,1,0
4005,2690,1,2024-07-09,1,15,578,413,29,6663,1,0
4006,2691,1,2025-06-18,1,5,190,905,10,6665,1,0
4007,2691,1,2025-07-02,1,5,190,905,10,6666,1,0
4008,2693,1,2023-03-28,1,15,581,432,29,6672,1,0
4009,2693,1,2023-04-10,1,15,581,432,29,6673,1,0
4010,2694,1,2023-12-11,1,28,1019,2294,56,6675,1,0
4011,2694,2,2023-12-03,1,28,1019,2294,56,6677,1,0
4012,2694,1,2023-11-25,1,28,1019,2294,56,6678,1,0
4013,2695,1,2024-09-29,1,17,674,1416,33,6679,1,0
4014,2695,1,2024-09-24,1,17,674,1416,33,6680,1,0
4015,2697,1,2023-11-28,1,13,542,732,26,6682,1,0
4016,2699,1,2026-07-14,1,8,347,2188,16,6689,1,0
4017,2701,1,2024-04-21,1,17,680,2208,34,6693,1,0
4018,2701,1,2024-04-18,1,17,680,2208,34,6695,1,0
4019,2702,1,2026-02-02,1,26,970,349,52,6697,1,0
4020,2702,1,2026-01-20,1,26,970,349,52,6698,1,0
4021,2702,1,2026-01-20,1,26,970,349,52,6699,1,0
4022,2703,1,2025-03-07,1,5,204,2144,9,6700,1,0
4023,2703,1,2025-03-28,1,5,204,2144,9,6701,1,0
4024,2703,1,2025-03-31,1,5,204,2144,9,6702,1,0
4025,2703,2,2025-03-18,1,5,204,2144,9,6703,1,0
4026,2704,1,2023-09-05,1,22,862,1163,43,6704,1,0
4027,2705,1,2026-07-19,1,25,931,416,50,6705,1,0
4028,2706,2,2023-01-17,1,27,995,1376,53,6709,1,0
4029,2707,1,2025-02-03,1,3,131,1941,6,6713,1,0
4030,2708,1,2023-10-18,1,5,233,1217,9,6714,1,0
4031,2708,2,2023-10-07,1,5,233,1217,9,6715,1,0
4032,2709,1,2024-04-09,1,10,410,2083,19,6717,1,0
4033,2709,1,2024-03-31,1,10,410,2083,19,6718,1,0
4034,2710,1,2024-08-11,1,11,464,1459,22,6719,1,0
4035,2710,1,2024-08-22,1,11,464,1459,22,6720,1,0
4036,2711,1,2024-09-19,1,15,591,708,29,6721,1,0
4037,2712,1,2023-06-17,1,7,330,1123,13,6722,1,0
4038,2712,1,2023-05-29,1,7,330,1123,13,6724,1,0
4039,2713,1,2025-05-31,1,24,916,135,47,6725,1,0
4040,2714,1,2024-05-09,1,5,227,1376,10,6729,1,0
4041,2715,1,2024-10-27,1,25,935,1567,50,6731,1,0
4042,2715,1,2024-10-05,1,25,935,1567,50,6732,1,0
4043,2716,1,2023-03-09,1,11,474,1457,21,6733,1,0
4044,2717,1,2024-05-10,1,14,548,2468,28,6737,1,0
4045,2718,2,2026-02-18,1,9,396,1623,17,6739,1,0
4046,2720,1,2026-02-17,1,17,674,1371,33,6742,1,0
4047,2721,1,2025-01-31,1,1,7,2313,2,6743,1,0
4048,2721,2,2025-02-01,1,1,7,2313,2,6744,1,0
4049,2722,1,2025-04-14,1,26,955,2475,52,6745,1,0
4050,2722,1,2025-04-02,1,26,955,2475,52,6747,1,0
4051,2723,2,2026-01-24,1,22,852,1351,44,6748,1,0
4052,2723,1,2026-01-23,1,22,852,1351,44,6749,1,0
4053,2723,1,2026-01-08,1,22,852,1351,44,6750,1,0
4054,2723,1,2026-01-27,1,22,852,1351,44,6751,1,0
4055,2724,1,2023-10-13,1,8,374,337,16,6752,1,0
4056,2724,1,2023-10-27,1,8,374,337,16,6753,1,0
4057,2724,1,2023-10-01,1,8,374,337,16,6754,1,0
4058,2725,2,2025-07-24,1,31,1104,2456,61,6756,1,0
4059,2725,1,2025-07-29,1,31,1104,2456,61,6757,1,0
4060,2727,1,2023-04-12,1,5,180,1625,10,6759,1,0
4061,2728,1,2023-12-03,1,5,233,2207,9,6761,1,0
4062,2728,1,2023-12-26,1,5,233,2207,9,6762,1,0
4063,2728,1,2023-12-24,1,5,233,2207,9,6763,1,0
4064,2728,2,2023-12-17,1,5,233,2207,9,6764,1,0
4065,2729,1,2023-07-28,1,23,883,1734,46,6765,1,0
4066,2729,1,2023-08-17,1,23,883,1734,46,6766,1,0
4067,2729,1,2023-07-28,1,23,883,1734,46,6767,1,0
4068,2729,1,2023-08-08,1,23,883,1734,46,6768,1,0
4069,2730,1,2026-05-18,1,5,215,1600,9,6769,1,0
4070,2730,1,2026-05-31,1,5,215,1600,9,6771,1,0
4071,2731,2,2024-10-11,1,5,241,2065,9,6772,1,0
4072,2731,1,2024-09-25,1,5,241,2065,9,6773,1,0
4073,2732,1,2023-05-15,1,5,184,487,9,6774,1,0
4074,2732,1,2023-05-04,1,5,184,487,9,6775,1,0
4075,2732,2,2023-05-17,1,5,184,487,9,6776,1,0
4076,2733,1,2026-03-21,1,9,398,2379,17,6779,1,0
4077,2734,1,2024-03-03,1,23,870,1193,45,6780,1,0
4078,2735,1,2023-08-18,1,25,938,1063,49,6782,1,0
4079,2735,2,2023-08-19,1,25,938,1063,49,6784,1,0
4080,2736,2,2023-11-20,1,4,155,2216,7,6786,1,0
4081,2737,1,2026-07-30,1,1,5,1078,2,6789,1,0
4082,2738,1,2025-05-28,1,12,518,508,23,6794,1,0
4083,2741,1,2026-06-18,1,19,747,243,37,6797,1,0
4084,2741,2,2026-07-01,1,19,747,243,37,6798,1,0
4085,2741,1,2026-07-06,1,19,747,243,37,6800,1,0
4086,2742,1,2024-08-05,1,5,270,1618,9,6801,1,0
4087,2742,1,2024-08-04,1,5,270,1618,9,6802,1,0
4088,2743,1,2024-11-20,1,5,193,1139,10,6804,1,0
4089,2745,1,2025-12-03,1,5,218,424,9,6809,1,0
4090,2746,1,2023-08-27,1,22,819,991,44,6811,1,0
4091,2746,1,2023-08-28,1,22,819,991,44,6812,1,0
4092,2747,2,2026-07-01,1,5,183,964,10,6813,1,0
4093,2747,1,2026-07-20,1,5,183,964,10,6814,1,0
4094,2747,1,2026-06-28,1,5,183,964,10,6815,1,0
4095,2747,1,2026-07-04,1,5,183,964,10,6816,1,0
4096,2748,1,2025-03-23,1,20,758,520,40,6818,1,0
4097,2749,1,2024-08-23,1,29,1044,278,57,6823,1,0
4098,2749,1,2024-08-15,1,29,1044,278,57,6824,1,0
4099,2751,1,2026-05-23,1,3,92,2332,6,6826,1,0
4100,2751,1,2026-05-26,1,3,92,2332,6,6827,1,0
4101,2751,2,2026-05-27,1,3,92,2332,6,6829,1,0
4102,2752,2,2025-03-25,1,21,799,2483,42,6830,1,0
4103,2754,1,2023-09-15,1,26,954,2175,52,6835,1,0
4104,2755,1,2024-08-13,1,28,1012,312,56,6836,1,0
4105,2756,1,2023-02-19,1,30,1092,1121,59,6837,1,0
4106,2759,1,2023-12-22,1,25,949,55,49,6844,1,0
4107,2759,1,2023-12-20,1,25,949,55,49,6845,1,0
4108,2760,1,2024-06-26,1,24,906,199,48,6846,1,0
4109,2761,1,2026-05-04,1,24,908,297,47,6847,1,0
4110,2761,2,2026-04-22,1,24,908,297,47,6848,1,0
4111,2762,1,2026-01-16,1,5,213,2388,10,6851,1,0
4112,2763,1,2024-10-06,1,9,401,958,17,6853,1,0
4113,2763,1,2024-10-26,1,9,401,958,17,6854,1,0
4114,2763,1,2024-10-26,1,9,401,958,17,6855,1,0
4115,2764,1,2025-03-15,1,5,255,2436,9,6856,1,0
4116,2764,1,2025-03-24,1,5,255,2436,9,6858,1,0
4117,2764,1,2025-03-17,1,5,255,2436,9,6859,1,0
4118,2766,1,2024-12-12,1,16,620,2493,31,6861,1,0
4119,2766,1,2024-11-28,1,16,620,2493,31,6863,1,0
4120,2767,1,2025-07-20,1,22,864,2490,44,6864,1,0
4121,2767,1,2025-08-13,1,22,864,2490,44,6865,1,0
4122,2767,1,2025-08-09,1,22,864,2490,44,6866,1,0
4123,2767,1,2025-08-14,1,22,864,2490,44,6867,1,0
4124,2768,1,2023-10-09,1,30,1072,410,60,6869,1,0
4125,2768,1,2023-10-15,1,30,1072,410,60,6870,1,0
4126,2769,1,2025-10-17,1,10,410,2016,20,6871,1,0
4127,2769,1,2025-11-01,1,10,410,2016,20,6874,1,0
4128,2770,1,2023-03-30,1,18,705,656,36,6875,1,0
4129,2771,1,2024-04-30,1,9,400,1223,18,6876,1,0
4130,2771,1,2024-04-20,1,9,400,1223,18,6877,1,0
4131,2772,1,2023-08-17,1,11,486,1702,22,6878,1,0
4132,2774,1,2025-02-24,1,13,524,2080,26,6881,1,0
4133,2774,1,2025-02-08,1,13,524,2080,26,6883,1,0
4134,2774,1,2025-02-10,1,13,524,2080,26,6884,1,0
4135,2777,1,2025-11-02,1,12,499,1852,23,6888,1,0
4136,2778,1,2023-03-20,1,5,266,1446,9,6889,1,0
4137,2778,1,2023-03-17,1,5,266,1446,9,6890,1,0
4138,2782,1,2025-10-21,1,5,273,1848,9,6898,1,0
4139,2783,1,2025-05-08,1,19,725,180,38,6899,1,0
4140,2783,1,2025-05-06,1,19,725,180,38,6900,1,0
4141,2784,1,2024-01-25,1,15,581,2204,30,6901,1,0
4142,2785,1,2026-05-12,1,28,1038,1337,56,6904,1,0
4143,2786,2,2023-03-27,1,11,436,945,22,6905,1,0
4144,2787,1,2025-02-13,1,5,231,2034,10,6909,1,0
4145,2789,1,2023-10-13,1,11,485,1326,22,6913,1,0
4146,2789,1,2023-10-15,1,11,485,1326,22,6914,1,0
4147,2790,1,2025-06-15,1,3,87,1152,6,6917,1,0
4148,2791,1,2025-03-21,1,18,720,707,35,6918,1,0
4149,2791,1,2025-03-26,1,18,720,707,35,6919,1,0
4150,2792,1,2024-12-02,1,7,330,2436,14,6921,1,0
4151,2793,1,2023-03-19,1,14,575,743,27,6922,1,0
4152,2794,1,2025-09-17,1,20,764,1938,39,6923,1,0
4153,2794,1,2025-10-02,1,20,764,1938,39,6925,1,0
4154,2795,1,2024-11-24,1,17,671,921,34,6927,1,0
4155,2798,1,2023-09-24,1,12,507,2237,23,6933,1,0
4156,2803,1,2023-08-25,1,17,639,2036,34,6940,1,0
4157,2804,1,2026-05-08,1,2,84,1292,4,6941,1,0
4158,2804,1,2026-05-10,1,2,84,1292,4,6942,1,0
4159,2805,1,2023-01-26,1,13,532,635,25,6943,1,0
4160,2805,1,2023-02-03,1,13,532,635,25,6944,1,0
4161,2806,1,2024-07-05,1,5,230,506,9,6947,1,0
4162,2807,1,2025-10-12,1,10,419,1940,19,6948,1,0
4163,2808,1,2025-11-15,1,2,51,2365,4,6949,1,0
4164,2808,2,2025-11-02,1,2,51,2365,4,6950,1,0
4165,2809,1,2023-05-14,1,10,410,2205,20,6952,1,0
4166,2809,1,2023-05-24,1,10,410,2205,20,6953,1,0
4167,2810,2,2025-10-12,1,28,1029,351,56,6955,1,0
4168,2812,2,2025-10-02,1,5,240,682,9,6958,1,0
4169,2812,1,2025-09-11,1,5,240,682,9,6959,1,0
4170,2813,1,2026-05-12,1,14,563,1101,27,6961,1,0
4171,2813,1,2026-05-04,1,14,563,1101,27,6962,1,0
4172,2814,2,2024-11-16,1,5,192,1611,9,6963,1,0
4173,2815,1,2023-01-26,1,1,4,1065,1,6965,1,0
4174,2815,1,2023-02-04,1,1,4,1065,1,6966,1,0
4175,2816,1,2024-01-05,1,25,939,2240,49,6968,1,0
4176,2816,1,2024-01-22,1,25,939,2240,49,6969,1,0
4177,2816,1,2024-01-17,1,25,939,2240,49,6970,1,0
4178,2817,1,2025-03-24,1,4,148,447,8,6972,1,0
4179,2817,1,2025-03-25,1,4,148,447,8,6973,1,0
4180,2818,1,2025-03-07,1,27,1008,52,53,6975,1,0
4181,2818,1,2025-02-11,1,27,1008,52,53,6976,1,0
4182,2819,2,2026-07-20,1,11,435,283,21,6977,1,0
4183,2820,1,2024-01-04,1,2,49,2317,4,6979,1,0
4184,2820,1,2023-12-26,1,2,49,2317,4,6982,1,0
4185,2822,1,2026-04-12,1,12,504,1111,24,6985,1,0
4186,2823,1,2023-11-20,1,27,1005,2173,54,6986,1,0
4187,2824,1,2025-08-23,1,15,578,1062,30,6987,1,0
4188,2826,1,2023-04-17,1,19,745,1695,38,6990,1,0
4189,2827,1,2025-10-26,1,27,1004,903,53,6993,1,0
4190,2829,1,2024-11-23,1,19,739,295,37,6995,1,0
4191,2830,1,2023-10-23,1,2,49,2087,3,6998,1,0
4192,2830,1,2023-10-11,1,2,49,2087,3,6999,1,0
4193,2831,1,2024-01-12,1,13,525,2136,25,7000,1,0
4194,2832,1,2026-04-06,1,3,114,1603,5,7001,1,0
4195,2832,1,2026-04-03,1,3,114,1603,5,7002,1,0
4196,2833,1,2024-12-18,1,27,987,1391,54,7005,1,0
4197,2833,1,2024-12-12,1,27,987,1391,54,7006,1,0
4198,2834,1,2023-07-08,1,3,90,2279,6,7008,1,0
4199,2834,1,2023-07-22,1,3,90,2279,6,7009,1,0
4200,2835,1,2024-06-06,1,16,625,1149,31,7012,1,0
4201,2836,2,2025-12-02,1,2,79,972,3,7013,1,0
4202,2837,1,2026-01-09,1,18,694,2484,35,7015,1,0
4203,2840,1,2024-07-27,1,28,1020,2435,56,7019,1,0
4204,2840,2,2024-07-25,1,28,1020,2435,56,7020,1,0
4205,2840,1,2024-08-14,1,28,1020,2435,56,7021,1,0
4206,2842,1,2023-02-11,1,31,1112,376,62,7024,1,0
4207,2842,2,2023-01-25,1,31,1112,376,62,7025,1,0
4208,2843,1,2023-07-26,1,29,1042,302,57,7026,1,0
4209,2843,1,2023-08-06,1,29,1042,302,57,7027,1,0
4210,2844,2,2024-12-20,1,24,899,1551,48,7029,1,0
4211,2844,1,2024-12-22,1,24,899,1551,48,7030,1,0
4212,2845,1,2025-10-23,1,2,81,572,4,7032,1,0
4213,2847,1,2024-09-30,1,6,305,332,11,7034,1,0
4214,2848,1,2025-01-23,1,25,949,2321,50,7035,1,0
4215,2848,1,2025-01-07,1,25,949,2321,50,7036,1,0
4216,2850,2,2023-04-21,1,11,435,679,21,7041,1,0
4217,2851,1,2024-07-06,1,2,59,779,3,7042,1,0
4218,2851,1,2024-06-23,1,2,59,779,3,7043,1,0
4219,2852,1,2023-11-29,1,17,684,609,33,7045,1,0
4220,2853,1,2024-12-02,1,15,604,727,30,7047,1,0
4221,2854,1,2025-06-08,1,6,290,1049,11,7049,1,0
4222,2854,1,2025-05-15,1,6,290,1049,11,7050,1,0
4223,2854,1,2025-06-02,1,6,290,1049,11,7051,1,0
4224,2855,1,2024-12-02,1,30,1074,493,59,7053,1,0
4225,2855,1,2024-12-19,1,30,1074,493,59,7054,1,0
4226,2857,1,2026-03-23,1,13,545,2213,26,7056,1,0
4227,2857,2,2026-03-31,1,13,545,2213,26,7057,1,0
4228,2858,1,2023-12-19,1,27,1006,1913,53,7059,1,0
4229,2859,1,2023-10-11,1,4,169,2231,7,7062,1,0
4230,2860,2,2023-01-26,1,13,527,2107,26,7064,1,0
4231,2860,1,2023-02-17,1,13,527,2107,26,7066,1,0
4232,2860,1,2023-01-31,1,13,527,2107,26,7067,1,0
4233,2861,1,2026-01-22,1,18,704,17,36,7068,1,0
4234,2863,1,2026-05-15,1,9,382,813,18,7073,1,0
4235,2863,1,2026-05-24,1,9,382,813,18,7074,1,0
4236,2864,1,2023-01-07,1,5,235,1350,9,7075,1,0
4237,2866,1,2025-08-18,1,27,996,1926,53,7078,1,0
4238,2866,1,2025-09-03,1,27,996,1926,53,7079,1,0
4239,2866,1,2025-08-28,1,27,996,1926,53,7080,1,0
4240,2867,1,2026-04-04,1,12,498,726,24,7081,1,0
4241,2867,1,2026-03-22,1,12,498,726,24,7082,1,0
4242,2868,2,2024-02-21,1,16,623,965,31,7084,1,0
4243,2868,1,2024-03-02,1,16,623,965,31,7085,1,0
4244,2868,1,2024-02-16,1,16,623,965,31,7086,1,0
4245,2869,1,2025-03-21,1,2,81,2443,4,7087,1,0
4246,2869,1,2025-03-28,1,2,81,2443,4,7088,1,0
4247,2869,1,2025-04-04,1,2,81,2443,4,7089,1,0
4248,2869,1,2025-03-22,1,2,81,2443,4,7090,1,0
4249,2870,1,2025-03-13,1,1,12,898,2,7091,1,0
4250,2870,1,2025-03-09,1,1,12,898,2,7092,1,0
4251,2871,1,2023-11-28,1,28,1021,1571,55,7093,1,0
4252,2872,2,2025-05-09,1,24,916,402,47,7094,1,0
4253,2872,1,2025-05-04,1,24,916,402,47,7095,1,0
4254,2873,1,2026-03-11,1,24,918,1593,47,7097,1,0
4255,2873,1,2026-03-05,1,24,918,1593,47,7099,1,0
4256,2873,1,2026-03-25,1,24,918,1593,47,7100,1,0
4257,2874,1,2026-05-12,1,17,644,2475,33,7101,1,0
4258,2874,1,2026-06-09,1,17,644,2475,33,7102,1,0
4259,2875,1,2023-02-04,1,7,327,1994,14,7103,1,0
4260,2877,1,2025-12-22,1,18,716,933,35,7106,1,0
4261,2878,1,2023-03-11,1,25,946,261,49,7109,1,0
4262,2879,2,2026-03-06,1,27,1009,1359,53,7110,1,0
4263,2879,1,2026-02-21,1,27,1009,1359,53,7111,1,0
4264,2880,1,2025-09-12,1,31,1105,362,61,7114,1,0
4265,2882,1,2023-07-09,1,5,269,1187,10,7116,1,0
4266,2883,1,2026-03-07,1,19,746,1321,38,7117,1,0
4267,2883,1,2026-03-19,1,19,746,1321,38,7118,1,0
4268,2884,1,2024-01-10,1,22,846,726,44,7123,1,0
4269,2885,1,2025-05-04,1,5,233,476,10,7124,1,0
4270,2885,1,2025-05-08,1,5,233,476,10,7125,1,0
4271,2886,1,2026-04-02,1,5,261,329,9,7126,1,0
4272,2887,2,2026-06-28,1,28,1032,1086,55,7128,1,0
4273,2887,1,2026-06-15,1,28,1032,1086,55,7129,1,0
4274,2887,1,2026-05-30,1,28,1032,1086,55,7130,1,0
4275,2887,1,2026-06-13,1,28,1032,1086,55,7131,1,0
4276,2888,2,2024-03-30,1,21,807,413,41,7132,1,0
4277,2888,1,2024-03-03,1,21,807,413,41,7133,1,0
4278,2888,1,2024-03-13,1,21,807,413,41,7134,1,0
4279,2889,1,2025-04-16,1,4,158,1137,7,7135,1,0
4280,2889,1,2025-04-22,1,4,158,1137,7,7137,1,0
4281,2891,1,2025-08-09,1,29,1063,497,57,7142,1,0
4282,2891,2,2025-08-05,1,29,1063,497,57,7143,1,0
4283,2892,1,2023-06-15,1,7,331,831,13,7144,1,0
4284,2892,1,2023-07-06,1,7,331,831,13,7146,1,0
4285,2893,1,2024-11-17,1,11,459,334,22,7148,1,0
4286,2894,1,2026-04-25,1,5,175,443,10,7149,1,0
4287,2894,1,2026-04-08,1,5,175,443,10,7150,1,0
4288,2895,1,2024-01-18,1,22,824,1577,43,7154,1,0
4289,2896,2,2026-02-03,1,12,517,684,24,7157,1,0
4290,2896,1,2026-02-28,1,12,517,684,24,7158,1,0
4291,2897,1,2025-01-20,1,5,229,906,9,7160,1,0
4292,2898,1,2023-11-13,1,18,713,466,36,7161,1,0
4293,2898,1,2023-11-15,1,18,713,466,36,7162,1,0
4294,2899,1,2026-01-09,1,11,483,1405,22,7164,1,0
4295,2899,1,2026-01-14,1,11,483,1405,22,7165,1,0
4296,2900,2,2025-02-13,1,6,303,500,11,7166,1,0
4297,2901,1,2026-06-14,1,22,863,43,43,7169,1,0
4298,2902,1,2023-07-01,1,30,1093,1930,59,7171,1,0
4299,2903,1,2025-11-02,1,17,686,2354,33,7172,1,0
4300,2903,2,2025-11-04,1,17,686,2354,33,7173,1,0
4301,2904,2,2025-03-28,1,18,701,487,36,7174,1,0
4302,2904,1,2025-04-24,1,18,701,487,36,7175,1,0
4303,2904,1,2025-04-02,1,18,701,487,36,7176,1,0
4304,2905,1,2024-02-28,1,8,374,1030,16,7177,1,0
4305,2906,1,2025-01-16,1,10,412,459,19,7178,1,0
4306,2907,1,2025-11-06,1,1,19,1554,2,7179,1,0
4307,2907,1,2025-12-02,1,1,19,1554,2,7181,1,0
4308,2908,1,2023-01-30,1,22,852,1748,44,7183,1,0
4309,2909,2,2025-12-08,1,3,116,2106,5,7184,1,0
4310,2909,1,2026-01-05,1,3,116,2106,5,7185,1,0
4311,2909,1,2025-12-19,1,3,116,2106,5,7186,1,0
4312,2909,2,2025-12-16,1,3,116,2106,5,7187,1,0
4313,2910,1,2024-02-06,1,9,390,487,18,7188,1,0
4314,2910,2,2024-02-13,1,9,390,487,18,7189,1,0
4315,2910,1,2024-02-04,1,9,390,487,18,7191,1,0
4316,2911,1,2025-05-06,1,22,844,249,43,7192,1,0
4317,2912,1,2025-06-20,1,19,725,28,37,7193,1,0
4318,2912,1,2025-06-23,1,19,725,28,37,7194,1,0
4319,2913,1,2024-06-27,1,5,227,2328,10,7195,1,0
4320,2913,1,2024-07-12,1,5,227,2328,10,7196,1,0
4321,2913,1,2024-06-25,1,5,227,2328,10,7197,1,0
4322,2914,1,2023-05-23,1,1,21,2470,2,7198,1,0
4323,2915,1,2025-08-09,1,2,54,2339,3,7202,1,0
4324,2915,1,2025-08-15,1,2,54,2339,3,7203,1,0
4325,2916,1,2024-11-16,1,15,595,1325,30,7206,1,0
4326,2917,2,2025-04-18,1,20,766,275,39,7207,1,0
4327,2918,1,2026-01-08,1,17,665,2264,33,7209,1,0
4328,2919,1,2024-01-18,1,17,645,1697,33,7211,1,0
4329,2919,2,2024-02-14,1,17,645,1697,33,7212,1,0
4330,2920,1,2025-08-28,1,5,256,1291,10,7213,1,0
4331,2920,1,2025-09-19,1,5,256,1291,10,7214,1,0
4332,2920,1,2025-09-14,1,5,256,1291,10,7215,1,0
4333,2920,1,2025-09-02,1,5,256,1291,10,7216,1,0
4334,2921,1,2024-05-11,1,5,183,1957,9,7217,1,0
4335,2921,2,2024-05-17,1,5,183,1957,9,7219,1,0
4336,2922,1,2026-07-26,1,5,247,860,9,7220,1,0
4337,2923,2,2023-04-23,1,15,599,795,30,7222,1,0
4338,2923,1,2023-05-09,1,15,599,795,30,7223,1,0
4339,2923,1,2023-05-01,1,15,599,795,30,7224,1,0
4340,2923,1,2023-05-14,1,15,599,795,30,7225,1,0
4341,2924,1,2025-12-11,1,14,566,1284,28,7226,1,0
4342,2924,1,2025-12-03,1,14,566,1284,28,7227,1,0
4343,2924,1,2025-11-25,1,14,566,1284,28,7228,1,0
4344,2925,1,2025-01-14,1,19,723,2058,37,7229,1,0
4345,2926,1,2025-01-06,1,22,834,103,43,7233,1,0
4346,2927,1,2024-01-20,1,25,949,2373,50,7236,1,0
4347,2927,1,2024-01-20,1,25,949,2373,50,7238,1,0
4348,2928,1,2024-07-31,1,5,245,1319,10,7239,1,0
4349,2928,1,2024-08-08,1,5,245,1319,10,7240,1,0
4350,2928,1,2024-08-05,1,5,245,1319,10,7242,1,0
4351,2929,2,2024-12-30,1,25,924,2447,50,7243,1,0
4352,2929,1,2024-12-30,1,25,924,2447,50,7244,1,0
4353,2930,1,2024-12-03,1,26,967,927,51,7246,1,0
4354,2930,1,2024-12-12,1,26,967,927,51,7248,1,0
4355,2930,1,2024-11-16,1,26,967,927,51,7249,1,0
4356,2932,1,2026-02-17,1,3,106,1647,5,7253,1,0
4357,2932,1,2026-03-03,1,3,106,1647,5,7254,1,0
4358,2934,1,2026-06-27,1,3,138,789,6,7257,1,0
4359,2934,2,2026-06-12,1,3,138,789,6,7258,1,0
4360,2935,1,2024-10-01,1,5,283,2081,9,7259,1,0
4361,2935,1,2024-10-11,1,5,283,2081,9,7260,1,0
4362,2935,1,2024-09-29,1,5,283,2081,9,7261,1,0
4363,2937,1,2023-02-25,1,14,574,511,27,7264,1,0
4364,2938,2,2025-05-08,1,27,997,1861,53,7266,1,0
4365,2940,2,2025-04-11,1,5,177,649,10,7268,1,0
4366,2940,1,2025-04-01,1,5,177,649,10,7269,1,0
4367,2941,1,2024-11-04,1,29,1047,1256,58,7270,1,0
4368,2942,1,2025-04-01,1,9,386,1652,17,7271,1,0
4369,2942,1,2025-04-18,1,9,386,1652,17,7272,1,0
4370,2942,1,2025-04-16,1,9,386,1652,17,7274,1,0
4371,2943,1,2023-10-25,1,2,37,153,4,7275,1,0
4372,2943,1,2023-10-20,1,2,37,153,4,7276,1,0
4373,2943,2,2023-10-21,1,2,37,153,4,7277,1,0
4374,2943,1,2023-10-23,1,2,37,153,4,7278,1,0
4375,2944,2,2023-11-17,1,31,1111,2025,62,7279,1,0
4376,2945,2,2023-11-09,1,24,914,1677,48,7280,1,0
4377,2945,1,2023-11-30,1,24,914,1677,48,7281,1,0
4378,2945,1,2023-11-14,1,24,914,1677,48,7282,1,0
4379,2946,1,2025-01-06,1,18,718,1708,36,7283,1,0
4380,2947,2,2023-04-09,1,4,150,1062,8,7285,1,0
4381,2948,1,2024-05-20,1,31,1107,1124,62,7288,1,0
4382,2948,1,2024-04-26,1,31,1107,1124,62,7291,1,0
4383,2950,1,2023-10-03,1,10,404,1931,20,7293,1,0
4384,2950,1,2023-10-09,1,10,404,1931,20,7295,1,0
4385,2951,1,2026-03-24,1,17,669,1919,34,7297,1,0
4386,2951,1,2026-03-31,1,17,669,1919,34,7299,1,0
4387,2952,1,2024-07-20,1,28,1036,382,56,7300,1,0
4388,2952,2,2024-08-06,1,28,1036,382,56,7301,1,0
4389,2952,1,2024-07-28,1,28,1036,382,56,7302,1,0
4390,2952,1,2024-07-26,1,28,1036,382,56,7303,1,0
4391,2954,1,2025-08-06,1,3,99,371,5,7306,1,0
4392,2955,1,2023-07-18,1,22,810,1757,44,7308,1,0
4393,2956,1,2026-01-15,1,19,721,336,37,7310,1,0
4394,2956,1,2026-01-19,1,19,721,336,37,7311,1,0
4395,2956,1,2026-01-28,1,19,721,336,37,7313,1,0
4396,2957,1,2025-03-13,1,10,413,2236,19,7314,1,0
4397,2957,1,2025-03-03,1,10,413,2236,19,7315,1,0
4398,2958,2,2025-08-02,1,1,12,1889,1,7317,1,0
4399,2958,1,2025-08-09,1,1,12,1889,1,7318,1,0
4400,2959,1,2023-11-11,1,14,556,134,27,7319,1,0
4401,2959,2,2023-11-22,1,14,556,134,27,7320,1,0
4402,2961,1,2025-11-03,1,18,693,935,35,7323,1,0
4403,2963,2,2025-05-26,1,4,158,986,8,7327,1,0
4404,2963,2,2025-05-18,1,4,158,986,8,7329,1,0
4405,2963,1,2025-05-31,1,4,158,986,8,7330,1,0
4406,2964,1,2024-02-17,1,11,454,440,21,7332,1,0
4407,2965,1,2023-08-30,1,15,604,2417,29,7335,1,0
4408,2967,1,2026-04-08,1,2,48,1581,4,7342,1,0
4409,2967,1,2026-03-28,1,2,48,1581,4,7343,1,0
4410,2968,2,2023-04-16,1,5,231,1491,10,7344,1,0
4411,2968,2,2023-03-31,1,5,231,1491,10,7345,1,0
4412,2969,2,2023-02-22,1,5,286,1175,9,7346,1,0
4413,2969,1,2023-02-01,1,5,286,1175,9,7347,1,0
4414,2969,1,2023-02-10,1,5,286,1175,9,7349,1,0
4415,2970,2,2023-11-28,1,16,627,2306,31,7350,1,0
4416,2970,1,2023-11-28,1,16,627,2306,31,7351,1,0
4417,2971,1,2024-02-25,1,29,1055,2129,57,7352,1,0
4418,2971,1,2024-03-03,1,29,1055,2129,57,7353,1,0
4419,2972,1,2026-04-10,1,8,352,494,16,7355,1,0
4420,2972,1,2026-03-20,1,8,352,494,16,7356,1,0
4421,2973,1,2025-09-07,1,20,752,1058,39,7357,1,0
4422,2975,1,2025-07-23,1,8,348,210,15,7360,1,0
4423,2976,1,2026-01-15,1,25,936,1286,49,7363,1,0
4424,2976,1,2026-01-08,1,25,936,1286,49,7364,1,0
4425,2977,1,2025-02-09,1,5,194,1023,9,7366,1,0
4426,2978,1,2024-08-16,1,12,513,1436,23,7367,1,0
4427,2979,2,2026-04-19,1,3,91,481,5,7368,1,0
4428,2980,1,2026-08-11,1,13,528,586,25,7371,1,0
4429,2980,1,2026-07-30,1,13,528,586,25,7372,1,0
4430,2980,2,2026-07-21,1,13,528,586,25,7373,1,0
4431,2981,1,2024-06-18,1,31,1120,2107,62,7375,1,0
4432,2981,1,2024-07-09,1,31,1120,2107,62,7377,1,0
4433,2981,1,2024-06-22,1,31,1120,2107,62,7378,1,0
4434,2982,1,2024-10-02,1,13,537,1454,26,7379,1,0
4435,2983,1,2025-11-23,1,24,920,662,47,7381,1,0
4436,2983,2,2025-11-17,1,24,920,662,47,7382,1,0
4437,2985,1,2024-05-11,1,3,114,115,6,7385,1,0
4438,2985,1,2024-05-17,1,3,114,115,6,7387,1,0
4439,2986,2,2023-12-01,1,27,987,729,54,7390,1,0
4440,2986,1,2023-11-29,1,27,987,729,54,7392,1,0
4441,2987,1,2025-02-14,1,28,1029,1503,55,7393,1,0
4442,2987,1,2025-01-30,1,28,1029,1503,55,7395,1,0
4443,2987,1,2025-02-08,1,28,1029,1503,55,7396,1,0
4444,2988,1,2025-09-22,1,7,332,547,13,7397,1,0
4445,2988,1,2025-10-04,1,7,332,547,13,7398,1,0
4446,2988,1,2025-09-19,1,7,332,547,13,7399,1,0
4447,2990,1,2023-07-30,1,15,589,365,30,7402,1,0
4448,2990,1,2023-08-11,1,15,589,365,30,7403,1,0
4449,2990,1,2023-08-03,1,15,589,365,30,7404,1,0
4450,2991,1,2024-04-25,1,2,51,2119,4,7405,1,0
4451,2991,1,2024-04-22,1,2,51,2119,4,7406,1,0
4452,2992,2,2024-11-08,1,18,704,763,36,7409,1,0
4453,2993,1,2024-05-02,1,6,300,1683,11,7410,1,0
4454,2994,1,2025-09-21,1,27,997,317,53,7412,1,0
4455,2994,1,2025-10-03,1,27,997,317,53,7413,1,0
4456,2994,2,2025-10-06,1,27,997,317,53,7414,1,0
4457,2995,1,2025-06-17,1,14,567,1495,28,7415,1,0
4458,2995,1,2025-07-06,1,14,567,1495,28,7416,1,0
4459,2996,2,2024-06-02,1,3,106,575,5,7417,1,0
4460,2996,1,2024-05-30,1,3,106,575,5,7418,1,0
4461,2997,2,2024-05-20,1,11,455,2313,21,7421,1,0
4462,2997,1,2024-04-28,1,11,455,2313,21,7423,1,0
4463,2998,2,2024-12-30,1,27,993,43,53,7425,1,0
4464,2999,1,2024-08-07,1,17,641,1377,33,7426,1,0
4465,2999,1,2024-07-31,1,17,641,1377,33,7427,1,0
4466,2999,1,2024-08-11,1,17,641,1377,33,7428,1,0
4467,2999,1,2024-08-18,1,17,641,1377,33,7429,1,0
4468,3000,2,2025-10-11,1,8,348,1412,16,7430,1,0
