CaseMasterID,CrimeNo,CaseNo,CrimeRegisteredDate,PolicePersonID,PoliceStationID,CaseCategoryID,GravityOffenceID,CrimeMajorHeadID,CrimeMinorHeadID,CaseStatusID,CourtID,IncidentFromDate,IncidentToDate,InfoReceivedPSDate,latitude,longitude,BriefFacts
1,100150597202600001,202600001,2026-06-14,267,597,3,1,1,3,2,30,2026-06-14T00:00:00,2026-06-15T09:00:00,2026-06-14T00:00:00,12.670279,77.569946,Case registered at Hassan PS 21 regarding grievous hurt. Investigation ongoing under IO Amara.
2,100160634202400002,202400002,2024-10-30,636,634,1,2,4,11,1,31,2024-10-30T00:00:00,2024-10-30T07:00:00,2024-10-30T00:00:00,15.596245,74.541503,Case registered at Haveri PS 29 regarding gambling. Investigation ongoing under IO Tejas.
3,100210798202400003,202400003,2024-01-18,1326,798,3,2,4,12,2,42,2024-01-18T00:00:00,2024-01-19T19:00:00,2024-01-18T00:00:00,16.667913,77.253969,Case registered at Mandya PS 20 regarding public nuisance. Investigation ongoing under IO Victor.
4,100010019202600004,202600004,2026-07-17,12,19,1,1,3,10,1,1,2026-07-17T00:00:00,2026-07-18T19:00:00,2026-07-17T00:00:00,13.03522,75.529582,Case registered at Bagalkot PS 19 regarding sexual assault. Investigation ongoing under IO Kritika.
5,100110473202400005,202400005,2024-10-07,1085,473,3,2,2,7,1,21,2024-10-07T00:00:00,2024-10-08T14:00:00,2024-10-07T00:00:00,17.153807,77.074788,Case registered at Dakshina Kannada PS 41 regarding vehicle theft. Investigation ongoing under IO Mekhala.
6,100160628202600006,202600006,2026-05-14,2188,628,1,2,4,11,3,32,2026-05-14T00:00:00,2026-05-15T01:00:00,2026-05-14T00:00:00,16.901789,77.934076,Case registered at Haveri PS 23 regarding gambling. Investigation ongoing under IO Warda.
7,100150592202400007,202400007,2024-09-25,313,592,4,2,6,15,4,29,2024-09-25T00:00:00,2024-09-25T16:00:00,2024-09-25T00:00:00,17.400606,74.01531,Case registered at Hassan PS 16 regarding online fraud. Investigation ongoing under IO Jasmit.
8,100190724202300008,202300008,2023-12-28,75,724,1,2,2,6,4,37,2023-12-28T00:00:00,2023-12-28T22:00:00,2023-12-28T00:00:00,18.346436,74.746544,Case registered at Kolar PS 4 regarding burglary. Investigation ongoing under IO Yadavi.
9,100200756202400009,202400009,2024-02-12,2339,756,3,1,1,2,2,40,2024-02-12T00:00:00,2024-02-12T01:00:00,2024-02-12T00:00:00,16.011274,75.911455,Case registered at Koppal PS 7 regarding attempt to murder. Investigation ongoing under IO Tanay.
10,100200778202300010,202300010,2023-11-10,2175,778,1,2,4,11,2,40,2023-11-10T00:00:00,2023-11-10T02:00:00,2023-11-10T00:00:00,13.697019,75.379173,Case registered at Koppal PS 29 regarding gambling. Investigation ongoing under IO Kalpit.
11,100090375202600011,202600011,2026-03-26,1276,375,1,1,1,1,3,17,2026-03-26T00:00:00,2026-03-27T13:00:00,2026-03-26T00:00:00,17.118724,76.525108,Case registered at Chikkamagaluru PS 1 regarding murder. Investigation ongoing under IO Kashvi.
12,100120508202300012,202300012,2023-06-17,69,508,1,2,2,4,2,23,2023-06-17T00:00:00,2023-06-18T20:00:00,2023-06-17T00:00:00,12.751713,78.403541,Case registered at Davanagere PS 19 regarding theft. Investigation ongoing under IO Nitesh.
13,100220861202400013,202400013,2024-06-06,470,861,1,2,4,11,2,43,2024-06-06T00:00:00,2024-06-07T13:00:00,2024-06-06T00:00:00,16.678142,77.17998,Case registered at Mysuru PS 54 regarding gambling. Investigation ongoing under IO Charvi.
14,100050227202300014,202300014,2023-01-29,603,227,1,2,3,8,3,9,2023-01-29T00:00:00,2023-01-30T03:00:00,2023-01-29T00:00:00,17.507848,75.495513,Case registered at Bengaluru Urban PS 55 regarding domestic violence. Investigation ongoing under IO Wriddhish.
15,100030123202500015,202500015,2025-07-28,453,123,1,2,2,7,3,5,2025-07-28T00:00:00,2025-07-28T01:00:00,2025-07-28T00:00:00,13.527434,74.814476,Case registered at Belagavi PS 37 regarding vehicle theft. Investigation ongoing under IO Neel.
16,100291044202300016,202300016,2023-10-24,2139,1044,1,2,6,16,1,57,2023-10-24T00:00:00,2023-10-24T20:00:00,2023-10-24T00:00:00,13.448322,77.028152,Case registered at Vijayapura PS 6 regarding identity theft. Investigation ongoing under IO Devansh.
17,100170671202600017,202600017,2026-02-08,768,671,1,2,3,8,1,34,2026-02-08T00:00:00,2026-02-09T21:00:00,2026-02-08T00:00:00,16.501989,75.954304,Case registered at Kalaburagi PS 37 regarding domestic violence. Investigation ongoing under IO Shaurya.
18,100020034202300018,202300018,2023-06-06,1683,34,1,2,2,5,3,3,2023-06-06T00:00:00,2023-06-08T00:00:00,2023-06-06T00:00:00,14.776164,76.460911,Case registered at Ballari PS 5 regarding robbery. Investigation ongoing under IO Oeshi.
19,100240922202400019,202400019,2024-03-04,384,922,1,2,2,4,3,47,2024-03-04T00:00:00,2024-03-05T11:00:00,2024-03-04T00:00:00,11.90036,77.169385,Case registered at Ramanagara PS 29 regarding theft. Investigation ongoing under IO Chandran.
20,100140564202400020,202400020,2024-01-30,186,564,1,2,2,5,3,27,2024-01-30T00:00:00,2024-01-30T19:00:00,2024-01-30T00:00:00,17.225487,74.909165,Case registered at Gadag PS 17 regarding robbery. Investigation ongoing under IO Kamala.
21,100050223202300021,202300021,2023-06-23,630,223,2,2,2,4,2,10,2023-06-23T00:00:00,2023-06-23T18:00:00,2023-06-23T00:00:00,13.158948,77.737958,Case registered at Bengaluru Urban PS 51 regarding theft. Investigation ongoing under IO Damyanti.
22,100050260202300022,202300022,2023-04-21,2295,260,1,2,6,15,2,9,2023-04-21T00:00:00,2023-04-21T15:00:00,2023-04-21T00:00:00,11.959256,74.827046,Case registered at Bengaluru Urban PS 88 regarding online fraud. Investigation ongoing under IO Gabriel.
23,100271005202400023,202400023,2024-02-25,2122,1005,1,2,2,4,1,54,2024-02-25T00:00:00,2024-02-26T11:00:00,2024-02-25T00:00:00,12.08576,77.316231,Case registered at Udupi PS 25 regarding theft. Investigation ongoing under IO Tanay.
24,100040167202300024,202300024,2023-06-19,1799,167,1,2,4,11,3,8,2023-06-19T00:00:00,2023-06-20T15:00:00,2023-06-19T00:00:00,11.989284,76.901892,Case registered at Bengaluru Rural PS 24 regarding gambling. Investigation ongoing under IO Sanya.
25,100080360202400025,202400025,2024-08-14,166,360,1,1,1,2,2,16,2024-08-14T00:00:00,2024-08-14T01:00:00,2024-08-14T00:00:00,11.778509,76.756374,Case registered at Chikkaballapur PS 15 regarding attempt to murder. Investigation ongoing under IO Fiyaz.
26,100200750202400026,202400026,2024-09-27,172,750,3,2,5,14,2,39,2024-09-27T00:00:00,2024-09-27T14:00:00,2024-09-27T00:00:00,15.850115,74.243969,Case registered at Koppal PS 1 regarding criminal breach of trust. Investigation ongoing under IO Inaya.
27,100010011202400027,202400027,2024-06-19,1941,11,1,1,3,10,2,1,2024-06-19T00:00:00,2024-06-19T13:00:00,2024-06-19T00:00:00,15.106511,75.739204,Case registered at Bagalkot PS 11 regarding sexual assault. Investigation ongoing under IO Jeevika.
28,100250947202300028,202300028,2023-03-25,1453,947,3,1,3,10,4,50,2023-03-25T00:00:00,2023-03-25T03:00:00,2023-03-25T00:00:00,16.752074,77.984858,Case registered at Shivamogga PS 25 regarding sexual assault. Investigation ongoing under IO Dayamai.
29,100291051202600029,202600029,2026-03-25,926,1051,4,2,5,13,3,58,2026-03-25T00:00:00,2026-03-26T10:00:00,2026-03-25T00:00:00,13.241815,77.208068,Case registered at Vijayapura PS 13 regarding cheating. Investigation ongoing under IO Aditya.
30,100090398202500030,202500030,2025-12-13,909,398,1,1,3,10,3,17,2025-12-13T00:00:00,2025-12-14T06:00:00,2025-12-13T00:00:00,12.212392,77.272005,Case registered at Chikkamagaluru PS 24 regarding sexual assault. Investigation ongoing under IO Chaitanya.
31,100040158202300031,202300031,2023-06-21,1342,158,3,2,5,14,4,7,2023-06-21T00:00:00,2023-06-22T03:00:00,2023-06-21T00:00:00,14.739649,76.303144,Case registered at Bengaluru Rural PS 15 regarding criminal breach of trust. Investigation ongoing under IO Oni.
32,100010027202400032,202400032,2024-05-15,2038,27,1,2,3,9,1,2,2024-05-15T00:00:00,2024-05-16T23:00:00,2024-05-15T00:00:00,17.196678,76.741932,Case registered at Bagalkot PS 27 regarding dowry harassment. Investigation ongoing under IO Zehaan.
33,100080350202300033,202300033,2023-11-19,302,350,3,2,5,13,1,16,2023-11-19T00:00:00,2023-11-19T06:00:00,2023-11-19T00:00:00,13.879301,75.924037,Case registered at Chikkaballapur PS 5 regarding cheating. Investigation ongoing under IO Chakrika.
34,100020037202300034,202300034,2023-03-28,1480,37,3,2,1,3,2,3,2023-03-28T00:00:00,2023-03-29T01:00:00,2023-03-28T00:00:00,17.163572,77.508586,Case registered at Ballari PS 8 regarding grievous hurt. Investigation ongoing under IO Matthew.
35,100301075202400035,202400035,2024-06-24,2272,1075,1,1,1,1,1,60,2024-06-24T00:00:00,2024-06-24T16:00:00,2024-06-24T00:00:00,16.905654,75.576003,Case registered at Yadgir PS 8 regarding murder. Investigation ongoing under IO Avi.
36,100030098202500036,202500036,2025-11-05,1186,98,1,2,5,13,1,5,2025-11-05T00:00:00,2025-11-06T05:00:00,2025-11-05T00:00:00,17.957739,77.287403,Case registered at Belagavi PS 12 regarding cheating. Investigation ongoing under IO Chatura.
37,100090399202300037,202300037,2023-12-25,914,399,3,2,1,1,1,17,2023-12-25T00:00:00,2023-12-26T13:00:00,2023-12-25T00:00:00,16.878628,75.977423,Case registered at Chikkamagaluru PS 25 regarding murder. Investigation ongoing under IO Ekaja.
38,100020036202400038,202400038,2024-08-06,483,36,3,2,3,9,4,4,2024-08-06T00:00:00,2024-08-06T10:00:00,2024-08-06T00:00:00,13.92111,76.52656,Case registered at Ballari PS 7 regarding dowry harassment. Investigation ongoing under IO Hamsini.
39,100170643202600039,202600039,2026-03-16,1094,643,1,2,1,2,2,33,2026-03-16T00:00:00,2026-03-16T20:00:00,2026-03-16T00:00:00,13.236085,77.662904,Case registered at Kalaburagi PS 9 regarding attempt to murder. Investigation ongoing under IO Aashi.
40,100030113202300040,202300040,2023-08-28,308,113,3,2,4,11,1,5,2023-08-28T00:00:00,2023-08-28T02:00:00,2023-08-28T00:00:00,17.137334,75.540269,Case registered at Belagavi PS 27 regarding gambling. Investigation ongoing under IO Laksh.
41,100030104202500041,202500041,2025-01-24,2029,104,1,1,3,9,2,6,2025-01-24T00:00:00,2025-01-25T05:00:00,2025-01-24T00:00:00,14.257018,74.267637,Case registered at Belagavi PS 18 regarding dowry harassment. Investigation ongoing under IO Varsha.
42,100080351202400042,202400042,2024-02-19,1914,351,1,2,4,11,2,15,2024-02-19T00:00:00,2024-02-19T11:00:00,2024-02-19T00:00:00,14.756934,74.942618,Case registered at Chikkaballapur PS 6 regarding gambling. Investigation ongoing under IO Hemal.
43,100311117202400043,202400043,2024-08-30,691,1117,1,2,5,13,3,62,2024-08-30T00:00:00,2024-08-30T19:00:00,2024-08-30T00:00:00,11.924942,77.974965,Case registered at Vijayanagara PS 21 regarding cheating. Investigation ongoing under IO Barkha.
44,100311099202400044,202400044,2024-01-09,2128,1099,1,2,2,6,4,62,2024-01-09T00:00:00,2024-01-11T00:00:00,2024-01-09T00:00:00,12.767013,76.512175,Case registered at Vijayanagara PS 3 regarding burglary. Investigation ongoing under IO Devansh.
45,100250929202500045,202500045,2025-09-06,967,929,2,2,4,12,4,49,2025-09-06T00:00:00,2025-09-06T01:00:00,2025-09-06T00:00:00,17.448687,74.071124,Case registered at Shivamogga PS 7 regarding public nuisance. Investigation ongoing under IO Anirudh.
46,100220830202600046,202600046,2026-03-12,714,830,1,2,1,3,1,43,2026-03-12T00:00:00,2026-03-13T06:00:00,2026-03-12T00:00:00,13.826269,75.83048,Case registered at Mysuru PS 23 regarding grievous hurt. Investigation ongoing under IO Manthan.
47,100120514202500047,202500047,2025-11-05,1222,514,4,2,6,15,3,24,2025-11-05T00:00:00,2025-11-06T12:00:00,2025-11-05T00:00:00,17.353722,76.804758,Case registered at Davanagere PS 25 regarding online fraud. Investigation ongoing under IO David.
48,100030131202600048,202600048,2026-07-09,2180,131,1,2,4,12,2,5,2026-07-09T00:00:00,2026-07-10T04:00:00,2026-07-09T00:00:00,17.427762,76.643127,Case registered at Belagavi PS 45 regarding public nuisance. Investigation ongoing under IO Krishna.
49,100200756202300049,202300049,2023-04-17,1477,756,1,2,1,3,3,40,2023-04-17T00:00:00,2023-04-18T20:00:00,2023-04-17T00:00:00,14.190386,76.84988,Case registered at Koppal PS 7 regarding grievous hurt. Investigation ongoing under IO Chandran.
50,100140552202500050,202500050,2025-03-12,2238,552,3,2,2,5,4,27,2025-03-12T00:00:00,2025-03-12T06:00:00,2025-03-12T00:00:00,13.913265,74.756339,Case registered at Gadag PS 5 regarding robbery. Investigation ongoing under IO Mohini.
51,100281034202300051,202300051,2023-08-06,1499,1034,1,2,4,12,1,56,2023-08-06T00:00:00,2023-08-07T12:00:00,2023-08-06T00:00:00,15.128758,78.398791,Case registered at Uttara Kannada PS 25 regarding public nuisance. Investigation ongoing under IO Vaishnavi.
52,100270992202300052,202300052,2023-12-04,2384,992,1,2,5,14,1,53,2023-12-04T00:00:00,2023-12-05T02:00:00,2023-12-04T00:00:00,12.184869,75.675429,Case registered at Udupi PS 12 regarding criminal breach of trust. Investigation ongoing under IO Vamakshi.
53,100050200202400053,202400053,2024-05-02,188,200,2,2,4,12,1,10,2024-05-02T00:00:00,2024-05-03T18:00:00,2024-05-02T00:00:00,18.078568,74.688558,Case registered at Bengaluru Urban PS 28 regarding public nuisance. Investigation ongoing under IO Hitesh.
54,100050270202500054,202500054,2025-09-05,2107,270,1,1,3,8,2,10,2025-09-05T00:00:00,2025-09-05T22:00:00,2025-09-05T00:00:00,14.334917,78.094852,Case registered at Bengaluru Urban PS 98 regarding domestic violence. Investigation ongoing under IO Gayathri.
55,100050264202400055,202400055,2024-09-15,1754,264,4,2,1,1,4,9,2024-09-15T00:00:00,2024-09-15T03:00:00,2024-09-15T00:00:00,12.525652,77.91466,Case registered at Bengaluru Urban PS 92 regarding murder. Investigation ongoing under IO Aadi.
56,100150582202400056,202400056,2024-09-13,1581,582,1,2,5,14,2,30,2024-09-13T00:00:00,2024-09-14T21:00:00,2024-09-13T00:00:00,12.579692,78.430238,Case registered at Hassan PS 6 regarding criminal breach of trust. Investigation ongoing under IO Manbir.
57,100090390202300057,202300057,2023-05-09,30,390,1,2,5,13,2,17,2023-05-09T00:00:00,2023-05-09T06:00:00,2023-05-09T00:00:00,12.001095,77.396164,Case registered at Chikkamagaluru PS 16 regarding cheating. Investigation ongoing under IO Nathaniel.
58,100020067202400058,202400058,2024-10-28,1858,67,1,2,1,3,2,3,2024-10-28T00:00:00,2024-10-29T12:00:00,2024-10-28T00:00:00,16.560983,75.80548,Case registered at Ballari PS 38 regarding grievous hurt. Investigation ongoing under IO William.
59,100170668202400059,202400059,2024-01-08,1688,668,1,2,5,13,3,33,2024-01-08T00:00:00,2024-01-09T19:00:00,2024-01-08T00:00:00,16.583075,77.677254,Case registered at Kalaburagi PS 34 regarding cheating. Investigation ongoing under IO Meghana.
60,100110449202300060,202300060,2023-11-27,2339,449,3,2,3,8,1,22,2023-11-27T00:00:00,2023-11-28T08:00:00,2023-11-27T00:00:00,15.527741,78.384156,Case registered at Dakshina Kannada PS 17 regarding domestic violence. Investigation ongoing under IO Tanay.
61,100050231202400061,202400061,2024-03-14,2287,231,1,2,3,8,4,9,2024-03-14T00:00:00,2024-03-15T20:00:00,2024-03-14T00:00:00,12.488545,74.129161,Case registered at Bengaluru Urban PS 59 regarding domestic violence. Investigation ongoing under IO Idika.
62,100190732202400062,202400062,2024-01-14,250,732,1,2,5,14,3,37,2024-01-14T00:00:00,2024-01-14T20:00:00,2024-01-14T00:00:00,12.973567,75.279399,Case registered at Kolar PS 12 regarding criminal breach of trust. Investigation ongoing under IO Ekiya.
63,100020050202300063,202300063,2023-07-09,2095,50,1,2,4,12,1,3,2023-07-09T00:00:00,2023-07-10T07:00:00,2023-07-09T00:00:00,17.79925,76.652126,Case registered at Ballari PS 21 regarding public nuisance. Investigation ongoing under IO Avi.
64,100050183202300064,202300064,2023-08-26,531,183,1,2,4,11,4,9,2023-08-26T00:00:00,2023-08-27T05:00:00,2023-08-26T00:00:00,12.422506,77.319685,Case registered at Bengaluru Urban PS 11 regarding gambling. Investigation ongoing under IO Yadavi.
65,100160618202500065,202500065,2025-12-02,1166,618,1,1,3,8,1,32,2025-12-02T00:00:00,2025-12-02T22:00:00,2025-12-02T00:00:00,15.852369,74.646812,Case registered at Haveri PS 13 regarding domestic violence. Investigation ongoing under IO Nisha.
66,100281017202300066,202300066,2023-02-04,486,1017,2,2,2,7,1,55,2023-02-04T00:00:00,2023-02-04T21:00:00,2023-02-04T00:00:00,14.482262,75.651474,Case registered at Uttara Kannada PS 8 regarding vehicle theft. Investigation ongoing under IO Tanvi.
67,100030111202500067,202500067,2025-05-15,1964,111,1,2,5,13,1,6,2025-05-15T00:00:00,2025-05-16T16:00:00,2025-05-15T00:00:00,13.489929,74.765218,Case registered at Belagavi PS 25 regarding cheating. Investigation ongoing under IO Veda.
68,100010016202400068,202400068,2024-03-30,511,16,2,1,3,8,1,2,2024-03-30T00:00:00,2024-03-31T08:00:00,2024-03-30T00:00:00,17.774267,75.865484,Case registered at Bagalkot PS 16 regarding domestic violence. Investigation ongoing under IO Arya.
69,100050252202300069,202300069,2023-03-21,2269,252,1,2,6,16,1,10,2023-03-21T00:00:00,2023-03-21T06:00:00,2023-03-21T00:00:00,14.310741,77.511844,Case registered at Bengaluru Urban PS 80 regarding identity theft. Investigation ongoing under IO Megha.
70,100030125202500070,202500070,2025-08-07,1674,125,1,2,5,13,2,5,2025-08-07T00:00:00,2025-08-07T22:00:00,2025-08-07T00:00:00,11.966405,77.278058,Case registered at Belagavi PS 39 regarding cheating. Investigation ongoing under IO Gagan.
71,100190728202500071,202500071,2025-07-04,2033,728,1,2,4,12,1,37,2025-07-04T00:00:00,2025-07-05T19:00:00,2025-07-04T00:00:00,15.416553,75.535308,Case registered at Kolar PS 8 regarding public nuisance. Investigation ongoing under IO Lucky.
72,100220826202500072,202500072,2025-04-29,103,826,1,2,3,9,3,43,2025-04-29T00:00:00,2025-04-30T19:00:00,2025-04-29T00:00:00,11.943927,76.707166,Case registered at Mysuru PS 19 regarding dowry harassment. Investigation ongoing under IO Janya.
73,100281018202500073,202500073,2025-03-19,917,1018,2,2,5,14,2,55,2025-03-19T00:00:00,2025-03-19T08:00:00,2025-03-19T00:00:00,14.750085,76.01948,Case registered at Uttara Kannada PS 9 regarding criminal breach of trust. Investigation ongoing under IO Chakradhar.
74,100170661202500074,202500074,2025-06-13,2388,661,1,2,6,16,2,33,2025-06-13T00:00:00,2025-06-13T01:00:00,2025-06-13T00:00:00,18.37056,76.051913,Case registered at Kalaburagi PS 27 regarding identity theft. Investigation ongoing under IO Ekani.
75,100020057202600075,202600075,2026-07-15,390,57,3,2,6,16,3,3,2026-07-15T00:00:00,2026-07-16T16:00:00,2026-07-15T00:00:00,13.199433,77.147992,Case registered at Ballari PS 28 regarding identity theft. Investigation ongoing under IO Abhimanyu.
76,100301069202500076,202500076,2025-11-16,2077,1069,2,2,2,7,2,59,2025-11-16T00:00:00,2025-11-16T02:00:00,2025-11-16T00:00:00,15.265878,74.283887,Case registered at Yadgir PS 2 regarding vehicle theft. Investigation ongoing under IO Michael.
77,100281024202600077,202600077,2026-04-24,2293,1024,1,2,2,7,4,55,2026-04-24T00:00:00,2026-04-25T14:00:00,2026-04-24T00:00:00,14.750842,77.45992,Case registered at Uttara Kannada PS 15 regarding vehicle theft. Investigation ongoing under IO Jagvi.
78,100080363202500078,202500078,2025-09-25,1366,363,1,2,6,15,3,16,2025-09-25T00:00:00,2025-09-26T14:00:00,2025-09-25T00:00:00,12.32766,78.282647,Case registered at Chikkaballapur PS 18 regarding online fraud. Investigation ongoing under IO Charles.
79,100050210202500079,202500079,2025-03-01,1666,210,1,2,3,10,1,9,2025-03-01T00:00:00,2025-03-01T15:00:00,2025-03-01T00:00:00,11.602334,78.451242,Case registered at Bengaluru Urban PS 38 regarding sexual assault. Investigation ongoing under IO Peter.
80,100050232202600080,202600080,2026-04-16,1466,232,3,2,6,15,3,9,2026-04-16T00:00:00,2026-04-17T22:00:00,2026-04-16T00:00:00,18.390337,78.016411,Case registered at Bengaluru Urban PS 60 regarding online fraud. Investigation ongoing under IO Vansha.
81,100230879202400081,202400081,2024-10-13,1121,879,1,2,2,6,1,46,2024-10-13T00:00:00,2024-10-15T00:00:00,2024-10-13T00:00:00,14.33404,74.290626,Case registered at Raichur PS 15 regarding burglary. Investigation ongoing under IO Yuvraj.
82,100291059202300082,202300082,2023-08-03,1616,1059,2,1,3,10,2,58,2023-08-03T00:00:00,2023-08-04T11:00:00,2023-08-03T00:00:00,15.312222,76.835754,Case registered at Vijayapura PS 21 regarding sexual assault. Investigation ongoing under IO Odika.
83,100120505202500083,202500083,2025-02-20,1944,505,3,1,1,2,1,23,2025-02-20T00:00:00,2025-02-21T12:00:00,2025-02-20T00:00:00,13.144071,76.74163,Case registered at Davanagere PS 16 regarding attempt to murder. Investigation ongoing under IO Ishaan.
84,100160617202300084,202300084,2023-10-06,733,617,1,2,5,14,1,32,2023-10-06T00:00:00,2023-10-06T18:00:00,2023-10-06T00:00:00,18.390752,77.139079,Case registered at Haveri PS 12 regarding criminal breach of trust. Investigation ongoing under IO Farhan.
85,100090394202500085,202500085,2025-11-03,1514,394,3,1,1,2,1,18,2025-11-03T00:00:00,2025-11-04T17:00:00,2025-11-03T00:00:00,17.556022,77.603084,Case registered at Chikkamagaluru PS 20 regarding attempt to murder. Investigation ongoing under IO Januja.
86,100230877202500086,202500086,2025-09-06,1644,877,1,2,4,12,1,46,2025-09-06T00:00:00,2025-09-06T07:00:00,2025-09-06T00:00:00,15.770257,75.79466,Case registered at Raichur PS 13 regarding public nuisance. Investigation ongoing under IO Saksham.
87,100140560202500087,202500087,2025-07-02,1078,560,1,2,6,16,3,28,2025-07-02T00:00:00,2025-07-02T11:00:00,2025-07-02T00:00:00,12.11775,77.360056,Case registered at Gadag PS 13 regarding identity theft. Investigation ongoing under IO Anmol.
88,100140550202300088,202300088,2023-04-07,1252,550,1,2,4,12,3,28,2023-04-07T00:00:00,2023-04-07T10:00:00,2023-04-07T00:00:00,16.035008,75.55728,Case registered at Gadag PS 3 regarding public nuisance. Investigation ongoing under IO Ishaan.
89,100311104202500089,202500089,2025-02-16,52,1104,1,1,1,2,3,61,2025-02-16T00:00:00,2025-02-17T01:00:00,2025-02-16T00:00:00,17.048134,74.309449,Case registered at Vijayanagara PS 8 regarding attempt to murder. Investigation ongoing under IO Thomas.
90,100160626202300090,202300090,2023-01-25,2109,626,1,2,6,15,1,32,2023-01-25T00:00:00,2023-01-26T09:00:00,2023-01-25T00:00:00,14.595683,76.32372,Case registered at Haveri PS 21 regarding online fraud. Investigation ongoing under IO Rajata.
91,100170657202400091,202400091,2024-05-08,2058,657,1,2,1,1,2,34,2024-05-08T00:00:00,2024-05-09T16:00:00,2024-05-08T00:00:00,17.544108,77.382569,Case registered at Kalaburagi PS 23 regarding murder. Investigation ongoing under IO Sachi.
92,100210781202400092,202400092,2024-06-01,2281,781,1,2,2,5,2,42,2024-06-01T00:00:00,2024-06-02T13:00:00,2024-06-01T00:00:00,12.706591,75.083143,Case registered at Mandya PS 3 regarding robbery. Investigation ongoing under IO Bina.
93,100301070202500093,202500093,2025-03-01,186,1070,1,2,4,11,4,60,2025-03-01T00:00:00,2025-03-02T12:00:00,2025-03-01T00:00:00,16.461088,74.559832,Case registered at Yadgir PS 3 regarding gambling. Investigation ongoing under IO Kamala.
94,100270989202400094,202400094,2024-07-19,799,989,1,2,5,13,1,54,2024-07-19T00:00:00,2024-07-20T20:00:00,2024-07-19T00:00:00,17.491211,76.708027,Case registered at Udupi PS 9 regarding cheating. Investigation ongoing under IO Rachit.
95,100200760202400095,202400095,2024-09-04,921,760,3,2,6,15,4,39,2024-09-04T00:00:00,2024-09-04T07:00:00,2024-09-04T00:00:00,17.092787,76.491608,Case registered at Koppal PS 11 regarding online fraud. Investigation ongoing under IO Daksha.
96,100301082202400096,202400096,2024-04-24,1936,1082,1,2,5,13,2,60,2024-04-24T00:00:00,2024-04-24T02:00:00,2024-04-24T00:00:00,16.914807,74.33418,Case registered at Yadgir PS 15 regarding cheating. Investigation ongoing under IO Anamika.
97,100200755202300097,202300097,2023-10-13,1375,755,3,2,4,12,2,39,2023-10-13T00:00:00,2023-10-14T22:00:00,2023-10-13T00:00:00,14.73188,76.101824,Case registered at Koppal PS 6 regarding public nuisance. Investigation ongoing under IO Yashvi.
98,100200751202400098,202400098,2024-06-29,1203,751,3,1,1,3,2,39,2024-06-29T00:00:00,2024-06-29T09:00:00,2024-06-29T00:00:00,13.768931,77.585711,Case registered at Koppal PS 2 regarding grievous hurt. Investigation ongoing under IO Kabir.
99,100050279202400099,202400099,2024-07-24,2061,279,3,2,4,11,1,10,2024-07-24T00:00:00,2024-07-24T18:00:00,2024-07-24T00:00:00,17.634484,78.073203,Case registered at Bengaluru Urban PS 107 regarding gambling. Investigation ongoing under IO Agastya.
100,100080365202500100,202500100,2025-08-07,762,365,3,1,1,3,2,15,2025-08-07T00:00:00,2025-08-08T05:00:00,2025-08-07T00:00:00,16.658304,75.046099,Case registered at Chikkaballapur PS 20 regarding grievous hurt. Investigation ongoing under IO Mitali.
101,100170671202400101,202400101,2024-08-23,2325,671,1,2,6,15,2,34,2024-08-23T00:00:00,2024-08-24T03:00:00,2024-08-23T00:00:00,15.633067,76.636188,Case registered at Kalaburagi PS 37 regarding online fraud. Investigation ongoing under IO Advaith.
102,100170681202300102,202300102,2023-04-03,909,681,1,2,5,14,3,33,2023-04-03T00:00:00,2023-04-04T23:00:00,2023-04-03T00:00:00,14.78425,75.365142,Case registered at Kalaburagi PS 47 regarding criminal breach of trust. Investigation ongoing under IO Chaitanya.
103,100160611202500103,202500103,2025-04-11,1356,611,3,2,5,13,1,32,2025-04-11T00:00:00,2025-04-12T22:00:00,2025-04-11T00:00:00,17.15087,78.264255,Case registered at Haveri PS 6 regarding cheating. Investigation ongoing under IO Pooja.
104,100170665202300104,202300104,2023-08-08,113,665,1,2,6,16,3,33,2023-08-08T00:00:00,2023-08-08T06:00:00,2023-08-08T00:00:00,17.648486,74.458757,Case registered at Kalaburagi PS 31 regarding identity theft. Investigation ongoing under IO Triveni.
105,100040170202300105,202300105,2023-10-04,244,170,1,1,3,10,1,8,2023-10-04T00:00:00,2023-10-04T04:00:00,2023-10-04T00:00:00,16.764917,77.218326,Case registered at Bengaluru Rural PS 27 regarding sexual assault. Investigation ongoing under IO Arunima.
106,100030135202300106,202300106,2023-04-09,886,135,1,2,4,12,4,5,2023-04-09T00:00:00,2023-04-09T08:00:00,2023-04-09T00:00:00,12.982191,78.127407,Case registered at Belagavi PS 49 regarding public nuisance. Investigation ongoing under IO Anay.
107,100120499202500107,202500107,2025-02-04,1589,499,1,1,3,8,1,23,2025-02-04T00:00:00,2025-02-05T13:00:00,2025-02-04T00:00:00,14.371388,76.239707,Case registered at Davanagere PS 10 regarding domestic violence. Investigation ongoing under IO Sai.
108,100200768202400108,202400108,2024-04-05,1878,768,1,2,4,12,2,39,2024-04-05T00:00:00,2024-04-05T11:00:00,2024-04-05T00:00:00,13.872385,74.03703,Case registered at Koppal PS 19 regarding public nuisance. Investigation ongoing under IO Ojasvi.
109,100050196202300109,202300109,2023-05-23,1728,196,1,1,1,3,3,9,2023-05-23T00:00:00,2023-05-24T11:00:00,2023-05-23T00:00:00,14.021953,74.025846,Case registered at Bengaluru Urban PS 24 regarding grievous hurt. Investigation ongoing under IO Rudra.
110,100010014202400110,202400110,2024-07-30,2305,14,3,1,3,9,2,2,2024-07-30T00:00:00,2024-07-30T12:00:00,2024-07-30T00:00:00,13.798288,76.601731,Case registered at Bagalkot PS 14 regarding dowry harassment. Investigation ongoing under IO Amara.
111,100050259202300111,202300111,2023-01-03,664,259,3,2,1,1,1,9,2023-01-03T00:00:00,2023-01-03T11:00:00,2023-01-03T00:00:00,12.830341,75.984666,Case registered at Bengaluru Urban PS 87 regarding murder. Investigation ongoing under IO Bahadurjit.
112,100040168202600112,202600112,2026-04-20,1927,168,3,2,5,14,1,7,2026-04-20T00:00:00,2026-04-21T22:00:00,2026-04-20T00:00:00,14.195694,76.377115,Case registered at Bengaluru Rural PS 25 regarding criminal breach of trust. Investigation ongoing under IO Advik.
113,100291053202300113,202300113,2023-10-10,5,1053,1,2,4,11,1,57,2023-10-10T00:00:00,2023-10-11T17:00:00,2023-10-10T00:00:00,15.782285,76.468611,Case registered at Vijayapura PS 15 regarding gambling. Investigation ongoing under IO Avi.
114,100010027202300114,202300114,2023-09-19,1135,27,1,2,2,4,4,1,2023-09-19T00:00:00,2023-09-20T22:00:00,2023-09-19T00:00:00,13.089319,74.603523,Case registered at Bagalkot PS 27 regarding theft. Investigation ongoing under IO Zayyan.
115,100030118202400115,202400115,2024-12-06,1803,118,2,2,5,13,2,6,2024-12-06T00:00:00,2024-12-07T16:00:00,2024-12-06T00:00:00,14.305609,76.688986,Case registered at Belagavi PS 32 regarding cheating. Investigation ongoing under IO Warhi.
116,100210793202500116,202500116,2025-03-13,832,793,1,2,5,13,4,42,2025-03-13T00:00:00,2025-03-14T00:00:00,2025-03-13T00:00:00,14.910566,76.305001,Case registered at Mandya PS 15 regarding cheating. Investigation ongoing under IO Bimala.
117,100160628202600117,202600117,2026-05-23,2325,628,2,2,6,15,2,31,2026-05-23T00:00:00,2026-05-23T11:00:00,2026-05-23T00:00:00,13.655646,76.780785,Case registered at Haveri PS 23 regarding online fraud. Investigation ongoing under IO Advaith.
118,100180704202600118,202600118,2026-02-10,2109,704,1,1,3,10,3,35,2026-02-10T00:00:00,2026-02-11T15:00:00,2026-02-10T00:00:00,15.229846,76.267765,Case registered at Kodagu PS 13 regarding sexual assault. Investigation ongoing under IO Rajata.
119,100150577202500119,202500119,2025-08-01,236,577,4,2,2,6,2,29,2025-08-01T00:00:00,2025-08-01T13:00:00,2025-08-01T00:00:00,13.129407,75.199413,Case registered at Hassan PS 1 regarding burglary. Investigation ongoing under IO Bhavya.
120,100100409202500120,202500120,2025-01-08,2312,409,4,2,4,12,2,20,2025-01-08T00:00:00,2025-01-09T15:00:00,2025-01-08T00:00:00,14.272587,78.283489,Case registered at Chitradurga PS 6 regarding public nuisance. Investigation ongoing under IO Samesh.
121,100220814202400121,202400121,2024-09-10,982,814,3,2,2,4,1,44,2024-09-10T00:00:00,2024-09-11T22:00:00,2024-09-10T00:00:00,12.52962,75.692537,Case registered at Mysuru PS 7 regarding theft. Investigation ongoing under IO Waida.
122,100220846202400122,202400122,2024-03-26,428,846,1,2,4,11,4,43,2024-03-26T00:00:00,2024-03-27T23:00:00,2024-03-26T00:00:00,11.803916,76.969836,Case registered at Mysuru PS 39 regarding gambling. Investigation ongoing under IO Nilima.
123,100250944202400123,202400123,2024-06-15,200,944,1,2,6,16,1,49,2024-06-15T00:00:00,2024-06-16T18:00:00,2024-06-15T00:00:00,15.971148,74.752563,Case registered at Shivamogga PS 22 regarding identity theft. Investigation ongoing under IO Vrinda.
124,100311100202300124,202300124,2023-05-09,187,1100,1,2,3,9,1,61,2023-05-09T00:00:00,2023-05-10T23:00:00,2023-05-09T00:00:00,14.890146,77.139125,Case registered at Vijayanagara PS 4 regarding dowry harassment. Investigation ongoing under IO Advik.
125,100180709202400125,202400125,2024-12-19,721,709,2,2,5,14,4,35,2024-12-19T00:00:00,2024-12-20T23:00:00,2024-12-19T00:00:00,15.686345,74.85784,Case registered at Kodagu PS 18 regarding criminal breach of trust. Investigation ongoing under IO Vamakshi.
126,100260971202400126,202400126,2024-03-30,929,971,2,2,2,5,2,51,2024-03-30T00:00:00,2024-03-31T07:00:00,2024-03-30T00:00:00,15.049476,78.471167,Case registered at Tumakuru PS 20 regarding robbery. Investigation ongoing under IO Oni.
127,100090375202300127,202300127,2023-07-03,1074,375,4,2,4,12,2,18,2023-07-03T00:00:00,2023-07-03T21:00:00,2023-07-03T00:00:00,16.899585,76.200991,Case registered at Chikkamagaluru PS 1 regarding public nuisance. Investigation ongoing under IO Aarna.
128,100090378202400128,202400128,2024-01-01,750,378,2,1,3,9,3,18,2024-01-01T00:00:00,2024-01-02T01:00:00,2024-01-01T00:00:00,13.035232,77.018013,Case registered at Chikkamagaluru PS 4 regarding dowry harassment. Investigation ongoing under IO Odika.
129,100050250202600129,202600129,2026-02-24,1579,250,1,1,1,3,1,9,2026-02-24T00:00:00,2026-02-25T02:00:00,2026-02-24T00:00:00,15.059282,75.319389,Case registered at Bengaluru Urban PS 78 regarding grievous hurt. Investigation ongoing under IO Vivaan.
130,100140549202300130,202300130,2023-05-28,1352,549,1,2,6,16,2,27,2023-05-28T00:00:00,2023-05-29T13:00:00,2023-05-28T00:00:00,15.473113,77.084416,Case registered at Gadag PS 2 regarding identity theft. Investigation ongoing under IO Nilima.
131,100281017202300131,202300131,2023-07-16,614,1017,1,2,6,15,1,55,2023-07-16T00:00:00,2023-07-17T04:00:00,2023-07-16T00:00:00,15.486701,77.45873,Case registered at Uttara Kannada PS 8 regarding online fraud. Investigation ongoing under IO Bimala.
132,100090380202300132,202300132,2023-09-28,1886,380,1,2,4,11,4,18,2023-09-28T00:00:00,2023-09-28T16:00:00,2023-09-28T00:00:00,16.011489,75.93364,Case registered at Chikkamagaluru PS 6 regarding gambling. Investigation ongoing under IO Anika.
133,100170686202400133,202400133,2024-01-08,650,686,1,2,2,4,1,33,2024-01-08T00:00:00,2024-01-08T23:00:00,2024-01-08T00:00:00,13.993415,74.108187,Case registered at Kalaburagi PS 52 regarding theft. Investigation ongoing under IO Urmi.
134,100240918202600134,202600134,2026-04-29,825,918,1,2,3,8,2,48,2026-04-29T00:00:00,2026-04-29T17:00:00,2026-04-29T00:00:00,14.501087,78.556795,Case registered at Ramanagara PS 25 regarding domestic violence. Investigation ongoing under IO Gagan.
135,100190734202300135,202300135,2023-10-09,1316,734,1,2,4,11,1,38,2023-10-09T00:00:00,2023-10-09T12:00:00,2023-10-09T00:00:00,15.636238,77.307473,Case registered at Kolar PS 14 regarding gambling. Investigation ongoing under IO Harshil.
136,100150599202400136,202400136,2024-03-29,1251,599,1,2,3,8,2,30,2024-03-29T00:00:00,2024-03-29T16:00:00,2024-03-29T00:00:00,15.471821,76.776011,Case registered at Hassan PS 23 regarding domestic violence. Investigation ongoing under IO Ekani.
137,100301092202500137,202500137,2025-12-05,425,1092,1,1,3,8,4,60,2025-12-05T00:00:00,2025-12-05T08:00:00,2025-12-05T00:00:00,12.477804,77.179851,Case registered at Yadgir PS 25 regarding domestic violence. Investigation ongoing under IO Orinder.
138,100110458202600138,202600138,2026-03-06,1458,458,1,2,1,1,1,21,2026-03-06T00:00:00,2026-03-06T22:00:00,2026-03-06T00:00:00,12.987473,77.973362,Case registered at Dakshina Kannada PS 26 regarding murder. Investigation ongoing under IO Peter.
139,100090388202400139,202400139,2024-06-15,907,388,1,2,4,12,1,17,2024-06-15T00:00:00,2024-06-15T04:00:00,2024-06-15T00:00:00,17.954932,76.533358,Case registered at Chikkamagaluru PS 14 regarding public nuisance. Investigation ongoing under IO Jhalak.
140,100220852202500140,202500140,2025-10-30,2213,852,2,2,6,16,3,43,2025-10-30T00:00:00,2025-10-31T18:00:00,2025-10-30T00:00:00,15.354749,78.14739,Case registered at Mysuru PS 45 regarding identity theft. Investigation ongoing under IO Aishani.
141,100140575202500141,202500141,2025-05-14,1380,575,1,2,2,7,3,27,2025-05-14T00:00:00,2025-05-14T10:00:00,2025-05-14T00:00:00,12.952998,74.613992,Case registered at Gadag PS 28 regarding vehicle theft. Investigation ongoing under IO Alexander.
142,100260960202500142,202500142,2025-06-22,1753,960,1,2,6,15,3,52,2025-06-22T00:00:00,2025-06-23T04:00:00,2025-06-22T00:00:00,17.94314,74.049248,Case registered at Tumakuru PS 9 regarding online fraud. Investigation ongoing under IO Darsh.
143,100050270202300143,202300143,2023-04-06,2382,270,1,1,3,9,3,9,2023-04-06T00:00:00,2023-04-06T11:00:00,2023-04-06T00:00:00,12.217895,77.301417,Case registered at Bengaluru Urban PS 98 regarding dowry harassment. Investigation ongoing under IO Frederick.
144,100030103202500144,202500144,2025-03-02,2199,103,1,2,5,13,3,6,2025-03-02T00:00:00,2025-03-03T17:00:00,2025-03-02T00:00:00,12.647786,77.117136,Case registered at Belagavi PS 17 regarding cheating. Investigation ongoing under IO Simon.
145,100150578202400145,202400145,2024-06-05,1014,578,3,2,6,15,2,29,2024-06-05T00:00:00,2024-06-05T05:00:00,2024-06-05T00:00:00,14.669313,77.539336,Case registered at Hassan PS 2 regarding online fraud. Investigation ongoing under IO Vasudha.
146,100110462202600146,202600146,2026-05-10,1032,462,1,2,1,3,3,21,2026-05-10T00:00:00,2026-05-10T08:00:00,2026-05-10T00:00:00,15.667608,77.382006,Case registered at Dakshina Kannada PS 30 regarding grievous hurt. Investigation ongoing under IO Odika.
147,100200772202400147,202400147,2024-10-18,1567,772,1,2,3,10,3,39,2024-10-18T00:00:00,2024-10-18T01:00:00,2024-10-18T00:00:00,17.779647,77.404174,Case registered at Koppal PS 23 regarding sexual assault. Investigation ongoing under IO Vamakshi.
148,100090389202500148,202500148,2025-07-06,1628,389,1,2,5,13,2,17,2025-07-06T00:00:00,2025-07-08T00:00:00,2025-07-06T00:00:00,12.687717,78.037181,Case registered at Chikkamagaluru PS 15 regarding cheating. Investigation ongoing under IO Reva.
149,100070323202300149,202300149,2023-11-06,1682,323,1,1,1,1,1,13,2023-11-06T00:00:00,2023-11-07T19:00:00,2023-11-06T00:00:00,15.621604,75.452701,Case registered at Chamarajanagar PS 7 regarding murder. Investigation ongoing under IO Jacob.
150,100110457202600150,202600150,2026-01-07,2190,457,2,1,1,1,3,21,2026-01-07T00:00:00,2026-01-08T18:00:00,2026-01-07T00:00:00,16.389733,74.722356,Case registered at Dakshina Kannada PS 25 regarding murder. Investigation ongoing under IO Amaira.
151,100311101202300151,202300151,2023-04-30,4,1101,1,2,3,8,1,62,2023-04-30T00:00:00,2023-05-01T08:00:00,2023-04-30T00:00:00,12.808097,78.269116,Case registered at Vijayanagara PS 5 regarding domestic violence. Investigation ongoing under IO Girik.
152,100020036202400152,202400152,2024-09-17,1037,36,1,1,1,2,2,3,2024-09-17T00:00:00,2024-09-18T09:00:00,2024-09-17T00:00:00,13.513551,76.233749,Case registered at Ballari PS 7 regarding attempt to murder. Investigation ongoing under IO Bakhshi.
153,100010005202300153,202300153,2023-05-08,2209,5,1,2,2,5,1,2,2023-05-08T00:00:00,2023-05-08T21:00:00,2023-05-08T00:00:00,12.882154,74.443261,Case registered at Bagalkot PS 5 regarding robbery. Investigation ongoing under IO Rachita.
154,100080351202600154,202600154,2026-03-02,2188,351,2,2,1,1,3,15,2026-03-02T00:00:00,2026-03-02T16:00:00,2026-03-02T00:00:00,17.193918,77.478918,Case registered at Chikkaballapur PS 6 regarding murder. Investigation ongoing under IO Warda.
155,100090389202300155,202300155,2023-11-14,925,389,1,2,2,5,3,17,2023-11-14T00:00:00,2023-11-15T09:00:00,2023-11-14T00:00:00,12.274216,76.486596,Case registered at Chikkamagaluru PS 15 regarding robbery. Investigation ongoing under IO Arjun.
156,100220840202300156,202300156,2023-08-28,1444,840,1,2,5,13,4,44,2023-08-28T00:00:00,2023-08-28T16:00:00,2023-08-28T00:00:00,15.540977,76.452909,Case registered at Mysuru PS 33 regarding cheating. Investigation ongoing under IO Sai.
157,100180704202400157,202400157,2024-10-29,37,704,1,2,3,10,3,36,2024-10-29T00:00:00,2024-10-30T15:00:00,2024-10-29T00:00:00,17.628842,76.664925,Case registered at Kodagu PS 13 regarding sexual assault. Investigation ongoing under IO Yashica.
158,100250947202400158,202400158,2024-05-11,845,947,1,2,4,12,2,49,2024-05-11T00:00:00,2024-05-12T14:00:00,2024-05-11T00:00:00,18.381242,75.34765,Case registered at Shivamogga PS 25 regarding public nuisance. Investigation ongoing under IO Ishita.
159,100090390202300159,202300159,2023-03-26,2258,390,1,2,3,10,1,18,2023-03-26T00:00:00,2023-03-26T07:00:00,2023-03-26T00:00:00,13.380998,77.931208,Case registered at Chikkamagaluru PS 16 regarding sexual assault. Investigation ongoing under IO Turvi.
160,100210800202500160,202500160,2025-04-05,833,800,1,2,5,14,1,42,2025-04-05T00:00:00,2025-04-05T17:00:00,2025-04-05T00:00:00,14.234337,74.44662,Case registered at Mandya PS 22 regarding criminal breach of trust. Investigation ongoing under IO Yoshita.
161,100120517202300161,202300161,2023-09-27,1405,517,1,2,1,2,4,24,2023-09-27T00:00:00,2023-09-27T20:00:00,2023-09-27T00:00:00,17.165801,75.721436,Case registered at Davanagere PS 28 regarding attempt to murder. Investigation ongoing under IO Brijesh.
162,100150604202500162,202500162,2025-06-19,1593,604,2,1,3,9,1,30,2025-06-19T00:00:00,2025-06-20T15:00:00,2025-06-19T00:00:00,16.256193,75.498129,Case registered at Hassan PS 28 regarding dowry harassment. Investigation ongoing under IO Libni.
163,100050188202300163,202300163,2023-05-20,587,188,3,2,4,11,2,10,2023-05-20T00:00:00,2023-05-20T18:00:00,2023-05-20T00:00:00,14.963644,75.957754,Case registered at Bengaluru Urban PS 16 regarding gambling. Investigation ongoing under IO David.
164,100190744202400164,202400164,2024-09-23,1103,744,1,2,3,9,2,38,2024-09-23T00:00:00,2024-09-23T10:00:00,2024-09-23T00:00:00,15.942674,75.640461,Case registered at Kolar PS 24 regarding dowry harassment. Investigation ongoing under IO Damyanti.
165,100080374202500165,202500165,2025-05-24,2073,374,3,2,5,14,2,15,2025-05-24T00:00:00,2025-05-24T23:00:00,2025-05-24T00:00:00,17.122178,76.561355,Case registered at Chikkaballapur PS 29 regarding criminal breach of trust. Investigation ongoing under IO Zashil.
166,100260980202400166,202400166,2024-01-21,359,980,1,2,4,12,3,52,2024-01-21T00:00:00,2024-01-22T14:00:00,2024-01-21T00:00:00,16.647686,78.294171,Case registered at Tumakuru PS 29 regarding public nuisance. Investigation ongoing under IO Hardik.
167,100020060202300167,202300167,2023-03-17,1965,60,1,2,5,14,1,3,2023-03-17T00:00:00,2023-03-18T20:00:00,2023-03-17T00:00:00,15.212784,75.076182,Case registered at Ballari PS 31 regarding criminal breach of trust. Investigation ongoing under IO Champak.
168,100271005202400168,202400168,2024-11-03,2130,1005,1,2,5,14,1,53,2024-11-03T00:00:00,2024-11-03T10:00:00,2024-11-03T00:00:00,17.329592,74.236174,Case registered at Udupi PS 25 regarding criminal breach of trust. Investigation ongoing under IO Aahana.
169,100170674202300169,202300169,2023-07-22,2034,674,2,2,2,7,3,33,2023-07-22T00:00:00,2023-07-23T10:00:00,2023-07-22T00:00:00,15.156892,75.799606,Case registered at Kalaburagi PS 40 regarding vehicle theft. Investigation ongoing under IO Shaurya.
170,100170690202600170,202600170,2026-03-26,2347,690,1,2,1,3,2,33,2026-03-26T00:00:00,2026-03-27T13:00:00,2026-03-26T00:00:00,17.267083,76.048356,Case registered at Kalaburagi PS 56 regarding grievous hurt. Investigation ongoing under IO Abdul.
171,100010025202400171,202400171,2024-10-14,82,25,1,2,6,16,3,1,2024-10-14T00:00:00,2024-10-15T14:00:00,2024-10-14T00:00:00,12.428652,75.109203,Case registered at Bagalkot PS 25 regarding identity theft. Investigation ongoing under IO Dipta.
172,100301096202300172,202300172,2023-07-26,175,1096,3,2,6,15,1,59,2023-07-26T00:00:00,2023-07-27T22:00:00,2023-07-26T00:00:00,17.579373,75.37695,Case registered at Yadgir PS 29 regarding online fraud. Investigation ongoing under IO William.
173,100230882202300173,202300173,2023-07-05,353,882,1,2,3,9,3,46,2023-07-05T00:00:00,2023-07-06T08:00:00,2023-07-05T00:00:00,17.178797,75.10128,Case registered at Raichur PS 18 regarding dowry harassment. Investigation ongoing under IO Darsh.
174,100070325202600174,202600174,2026-01-20,1679,325,1,2,6,16,1,13,2026-01-20T00:00:00,2026-01-21T01:00:00,2026-01-20T00:00:00,13.6059,76.397704,Case registered at Chamarajanagar PS 9 regarding identity theft. Investigation ongoing under IO Waida.
175,100100428202500175,202500175,2025-05-14,1079,428,1,2,5,13,2,20,2025-05-14T00:00:00,2025-05-15T14:00:00,2025-05-14T00:00:00,14.682356,76.432795,Case registered at Chitradurga PS 25 regarding cheating. Investigation ongoing under IO Aditya.
176,100140553202400176,202400176,2024-10-17,972,553,2,2,3,8,3,28,2024-10-17T00:00:00,2024-10-17T09:00:00,2024-10-17T00:00:00,15.255936,78.106681,Case registered at Gadag PS 6 regarding domestic violence. Investigation ongoing under IO Avni.
177,100301071202300177,202300177,2023-05-14,1816,1071,1,2,2,7,3,60,2023-05-14T00:00:00,2023-05-14T15:00:00,2023-05-14T00:00:00,18.140244,75.023246,Case registered at Yadgir PS 4 regarding vehicle theft. Investigation ongoing under IO Guneet.
178,100050262202500178,202500178,2025-03-21,1074,262,1,2,3,8,1,9,2025-03-21T00:00:00,2025-03-21T06:00:00,2025-03-21T00:00:00,17.464024,75.070161,Case registered at Bengaluru Urban PS 90 regarding domestic violence. Investigation ongoing under IO Aarna.
179,100200761202400179,202400179,2024-05-06,244,761,3,2,6,15,2,40,2024-05-06T00:00:00,2024-05-06T10:00:00,2024-05-06T00:00:00,12.271777,76.917742,Case registered at Koppal PS 12 regarding online fraud. Investigation ongoing under IO Arunima.
180,100301077202500180,202500180,2025-06-02,206,1077,1,2,4,11,2,59,2025-06-02T00:00:00,2025-06-03T18:00:00,2025-06-02T00:00:00,15.313856,76.063794,Case registered at Yadgir PS 10 regarding gambling. Investigation ongoing under IO Damini.
181,100250945202400181,202400181,2024-03-18,142,945,1,2,1,1,3,49,2024-03-18T00:00:00,2024-03-19T11:00:00,2024-03-18T00:00:00,12.689684,74.502123,Case registered at Shivamogga PS 23 regarding murder. Investigation ongoing under IO Abdul.
182,100050228202600182,202600182,2026-03-12,1863,228,1,2,1,2,1,9,2026-03-12T00:00:00,2026-03-12T10:00:00,2026-03-12T00:00:00,14.368024,78.522952,Case registered at Bengaluru Urban PS 56 regarding attempt to murder. Investigation ongoing under IO Tara.
183,100140553202300183,202300183,2023-06-18,2390,553,1,2,6,15,1,28,2023-06-18T00:00:00,2023-06-18T12:00:00,2023-06-18T00:00:00,17.025287,76.182518,Case registered at Gadag PS 6 regarding online fraud. Investigation ongoing under IO Arjun.
184,100050227202400184,202400184,2024-10-16,700,227,4,2,5,13,3,10,2024-10-16T00:00:00,2024-10-17T23:00:00,2024-10-16T00:00:00,18.354901,77.234346,Case registered at Bengaluru Urban PS 55 regarding cheating. Investigation ongoing under IO Geetika.
185,100240898202600185,202600185,2026-02-15,2343,898,4,2,5,13,1,48,2026-02-15T00:00:00,2026-02-15T06:00:00,2026-02-15T00:00:00,15.814036,76.609367,Case registered at Ramanagara PS 5 regarding cheating. Investigation ongoing under IO Pahal.
186,100060304202300186,202300186,2023-01-20,2014,304,1,2,2,5,3,11,2023-01-20T00:00:00,2023-01-20T22:00:00,2023-01-20T00:00:00,17.490295,75.652686,Case registered at Bidar PS 17 regarding robbery. Investigation ongoing under IO Dalbir.
187,100050190202500187,202500187,2025-02-26,963,190,1,2,6,15,1,10,2025-02-26T00:00:00,2025-02-27T14:00:00,2025-02-26T00:00:00,12.970482,76.101033,Case registered at Bengaluru Urban PS 18 regarding online fraud. Investigation ongoing under IO Yatan.
188,100291055202400188,202400188,2024-07-21,487,1055,1,2,2,7,3,57,2024-07-21T00:00:00,2024-07-21T07:00:00,2024-07-21T00:00:00,18.081027,74.379417,Case registered at Vijayapura PS 17 regarding vehicle theft. Investigation ongoing under IO Ryan.
189,100170659202500189,202500189,2025-02-07,1161,659,3,2,5,14,2,34,2025-02-07T00:00:00,2025-02-07T10:00:00,2025-02-07T00:00:00,17.469965,75.986935,Case registered at Kalaburagi PS 25 regarding criminal breach of trust. Investigation ongoing under IO Daniel.
190,100281026202300190,202300190,2023-05-24,557,1026,1,2,6,16,2,56,2023-05-24T00:00:00,2023-05-24T20:00:00,2023-05-24T00:00:00,15.93278,74.886206,Case registered at Uttara Kannada PS 17 regarding identity theft. Investigation ongoing under IO Widisha.
191,100080362202600191,202600191,2026-07-17,1629,362,4,1,3,10,1,15,2026-07-17T00:00:00,2026-07-17T15:00:00,2026-07-17T00:00:00,12.013659,76.767429,Case registered at Chikkaballapur PS 17 regarding sexual assault. Investigation ongoing under IO Ekta.
192,100080360202400192,202400192,2024-02-15,282,360,4,2,2,7,2,15,2024-02-15T00:00:00,2024-02-16T11:00:00,2024-02-15T00:00:00,11.799682,78.160467,Case registered at Chikkaballapur PS 15 regarding vehicle theft. Investigation ongoing under IO Faris.
193,100160634202500193,202500193,2025-10-04,1728,634,3,1,3,8,1,32,2025-10-04T00:00:00,2025-10-04T21:00:00,2025-10-04T00:00:00,15.236355,74.750637,Case registered at Haveri PS 29 regarding domestic violence. Investigation ongoing under IO Rudra.
194,100140553202600194,202600194,2026-07-01,654,553,1,2,4,11,2,27,2026-07-01T00:00:00,2026-07-01T07:00:00,2026-07-01T00:00:00,14.058918,74.167897,Case registered at Gadag PS 6 regarding gambling. Investigation ongoing under IO Keya.
195,100190731202400195,202400195,2024-06-09,1638,731,1,2,2,4,3,38,2024-06-09T00:00:00,2024-06-09T06:00:00,2024-06-09T00:00:00,17.047003,76.956963,Case registered at Kolar PS 11 regarding theft. Investigation ongoing under IO Ojas.
196,100230879202400196,202400196,2024-04-23,1178,879,1,2,3,10,2,45,2024-04-23T00:00:00,2024-04-23T18:00:00,2024-04-23T00:00:00,16.523306,76.429881,Case registered at Raichur PS 15 regarding sexual assault. Investigation ongoing under IO Neha.
197,100140572202300197,202300197,2023-06-18,121,572,3,2,2,5,1,28,2023-06-18T00:00:00,2023-06-19T10:00:00,2023-06-18T00:00:00,11.946512,76.811984,Case registered at Gadag PS 25 regarding robbery. Investigation ongoing under IO Yasti.
198,100100413202300198,202300198,2023-08-04,329,413,1,2,5,13,1,20,2023-08-04T00:00:00,2023-08-04T20:00:00,2023-08-04T00:00:00,11.820549,74.060749,Case registered at Chitradurga PS 10 regarding cheating. Investigation ongoing under IO Krishna.
199,100070319202400199,202400199,2024-12-27,2079,319,1,2,5,13,1,14,2024-12-27T00:00:00,2024-12-28T10:00:00,2024-12-27T00:00:00,17.348727,76.92621,Case registered at Chamarajanagar PS 3 regarding cheating. Investigation ongoing under IO Waida.
200,100240909202500200,202500200,2025-12-06,1917,909,2,2,4,11,2,47,2025-12-06T00:00:00,2025-12-07T03:00:00,2025-12-06T00:00:00,16.4624,76.152562,Case registered at Ramanagara PS 16 regarding gambling. Investigation ongoing under IO Victor.
201,100190721202500201,202500201,2025-08-11,61,721,3,2,5,13,1,38,2025-08-11T00:00:00,2025-08-11T09:00:00,2025-08-11T00:00:00,16.150082,75.348537,Case registered at Kolar PS 1 regarding cheating. Investigation ongoing under IO Ikbal.
202,100060291202300202,202300202,2023-07-03,1666,291,1,2,6,15,3,11,2023-07-03T00:00:00,2023-07-03T01:00:00,2023-07-03T00:00:00,14.241087,74.020294,Case registered at Bidar PS 4 regarding online fraud. Investigation ongoing under IO Peter.
203,100281031202300203,202300203,2023-05-16,1742,1031,1,2,1,2,2,55,2023-05-16T00:00:00,2023-05-16T15:00:00,2023-05-16T00:00:00,17.135522,75.455407,Case registered at Uttara Kannada PS 22 regarding attempt to murder. Investigation ongoing under IO Odika.
204,100230870202300204,202300204,2023-09-08,1315,870,1,2,2,6,3,45,2023-09-08T00:00:00,2023-09-09T05:00:00,2023-09-08T00:00:00,12.530347,77.543971,Case registered at Raichur PS 6 regarding burglary. Investigation ongoing under IO Chakradhar.
205,100140574202500205,202500205,2025-05-15,151,574,2,2,4,11,2,28,2025-05-15T00:00:00,2025-05-15T04:00:00,2025-05-15T00:00:00,12.29187,76.119186,Case registered at Gadag PS 27 regarding gambling. Investigation ongoing under IO William.
206,100090381202500206,202500206,2025-06-24,1329,381,1,2,1,2,3,17,2025-06-24T00:00:00,2025-06-24T12:00:00,2025-06-24T00:00:00,14.206594,74.745189,Case registered at Chikkamagaluru PS 7 regarding attempt to murder. Investigation ongoing under IO Nirja.
207,100100423202400207,202400207,2024-11-23,1950,423,1,2,5,14,2,19,2024-11-23T00:00:00,2024-11-24T10:00:00,2024-11-23T00:00:00,14.035315,74.57675,Case registered at Chitradurga PS 20 regarding criminal breach of trust. Investigation ongoing under IO Brinda.
208,100220857202300208,202300208,2023-06-21,1758,857,4,2,3,10,4,43,2023-06-21T00:00:00,2023-06-23T00:00:00,2023-06-21T00:00:00,13.73704,77.136333,Case registered at Mysuru PS 50 regarding sexual assault. Investigation ongoing under IO Daksha.
209,100270988202300209,202300209,2023-07-31,2008,988,1,2,1,2,2,53,2023-07-31T00:00:00,2023-07-31T11:00:00,2023-07-31T00:00:00,18.187242,74.490397,Case registered at Udupi PS 8 regarding attempt to murder. Investigation ongoing under IO Yash.
210,100050196202400210,202400210,2024-06-29,2030,196,1,2,4,12,3,9,2024-06-29T00:00:00,2024-06-29T05:00:00,2024-06-29T00:00:00,14.47166,74.116257,Case registered at Bengaluru Urban PS 24 regarding public nuisance. Investigation ongoing under IO Liam.
211,100130520202400211,202400211,2024-07-26,1805,520,1,2,2,4,1,26,2024-07-26T00:00:00,2024-07-26T16:00:00,2024-07-26T00:00:00,16.921134,75.992864,Case registered at Dharwad PS 2 regarding theft. Investigation ongoing under IO Oliver.
212,100210794202400212,202400212,2024-03-31,2307,794,1,2,1,2,3,41,2024-03-31T00:00:00,2024-04-01T03:00:00,2024-03-31T00:00:00,12.452983,75.980057,Case registered at Mandya PS 16 regarding attempt to murder. Investigation ongoing under IO Chandresh.
213,100010006202500213,202500213,2025-05-07,89,6,2,2,3,9,1,1,2025-05-07T00:00:00,2025-05-08T13:00:00,2025-05-07T00:00:00,16.12273,78.242884,Case registered at Bagalkot PS 6 regarding dowry harassment. Investigation ongoing under IO Chasmum.
214,100060316202500214,202500214,2025-02-05,244,316,3,2,3,9,1,11,2025-02-05T00:00:00,2025-02-06T22:00:00,2025-02-05T00:00:00,18.327312,75.304928,Case registered at Bidar PS 29 regarding dowry harassment. Investigation ongoing under IO Arunima.
215,100140554202300215,202300215,2023-07-05,1820,554,1,2,5,13,3,28,2023-07-05T00:00:00,2023-07-06T15:00:00,2023-07-05T00:00:00,13.728787,78.023003,Case registered at Gadag PS 7 regarding cheating. Investigation ongoing under IO Abhiram.
216,100050191202600216,202600216,2026-03-05,401,191,1,2,4,12,2,9,2026-03-05T00:00:00,2026-03-05T15:00:00,2026-03-05T00:00:00,14.289558,74.349662,Case registered at Bengaluru Urban PS 19 regarding public nuisance. Investigation ongoing under IO Janaki.
217,100301092202400217,202400217,2024-07-04,251,1092,1,2,2,6,1,59,2024-07-04T00:00:00,2024-07-04T22:00:00,2024-07-04T00:00:00,12.027003,77.178983,Case registered at Yadgir PS 25 regarding burglary. Investigation ongoing under IO Yoshita.
218,100270994202600218,202600218,2026-04-25,1910,994,1,2,2,6,2,53,2026-04-25T00:00:00,2026-04-25T09:00:00,2026-04-25T00:00:00,14.14566,77.409745,Case registered at Udupi PS 14 regarding burglary. Investigation ongoing under IO Tanvi.
219,100230881202400219,202400219,2024-12-26,680,881,1,2,5,13,1,46,2024-12-26T00:00:00,2024-12-27T10:00:00,2024-12-26T00:00:00,18.128238,75.264711,Case registered at Raichur PS 17 regarding cheating. Investigation ongoing under IO Xavier.
220,100170654202500220,202500220,2025-02-03,692,654,1,2,5,14,2,33,2025-02-03T00:00:00,2025-02-03T07:00:00,2025-02-03T00:00:00,12.848255,75.61167,Case registered at Kalaburagi PS 20 regarding criminal breach of trust. Investigation ongoing under IO Jagrati.
221,100080359202600221,202600221,2026-05-01,1711,359,1,2,1,3,2,16,2026-05-01T00:00:00,2026-05-01T01:00:00,2026-05-01T00:00:00,11.870351,75.885583,Case registered at Chikkaballapur PS 14 regarding grievous hurt. Investigation ongoing under IO Balhaar.
222,100050276202300222,202300222,2023-11-25,356,276,1,2,4,11,4,9,2023-11-25T00:00:00,2023-11-25T03:00:00,2023-11-25T00:00:00,14.199786,74.02663,Case registered at Bengaluru Urban PS 104 regarding gambling. Investigation ongoing under IO Manbir.
223,100230868202300223,202300223,2023-07-04,914,868,1,2,4,11,3,45,2023-07-04T00:00:00,2023-07-05T03:00:00,2023-07-04T00:00:00,18.284664,78.075872,Case registered at Raichur PS 4 regarding gambling. Investigation ongoing under IO Ekaja.
224,100210796202500224,202500224,2025-12-07,1729,796,1,2,4,11,3,41,2025-12-07T00:00:00,2025-12-07T12:00:00,2025-12-07T00:00:00,16.972266,76.780264,Case registered at Mandya PS 18 regarding gambling. Investigation ongoing under IO Farhan.
225,100230878202400225,202400225,2024-11-17,2346,878,2,2,5,14,1,45,2024-11-17T00:00:00,2024-11-18T11:00:00,2024-11-17T00:00:00,12.725453,78.021074,Case registered at Raichur PS 14 regarding criminal breach of trust. Investigation ongoing under IO Jeet.
226,100170641202500226,202500226,2025-09-13,1141,641,2,1,3,8,1,33,2025-09-13T00:00:00,2025-09-13T15:00:00,2025-09-13T00:00:00,17.279558,74.149506,Case registered at Kalaburagi PS 7 regarding domestic violence. Investigation ongoing under IO Ryan.
227,100220812202500227,202500227,2025-02-07,1703,812,1,2,4,12,1,44,2025-02-07T00:00:00,2025-02-08T01:00:00,2025-02-07T00:00:00,17.373742,74.604319,Case registered at Mysuru PS 5 regarding public nuisance. Investigation ongoing under IO Siya.
228,100020084202500228,202500228,2025-07-19,84,84,1,2,5,14,1,3,2025-07-19T00:00:00,2025-07-20T04:00:00,2025-07-19T00:00:00,14.070718,77.463334,Case registered at Ballari PS 55 regarding criminal breach of trust. Investigation ongoing under IO Elijah.
229,100050247202600229,202600229,2026-01-27,1723,247,3,2,2,5,2,10,2026-01-27T00:00:00,2026-01-27T06:00:00,2026-01-27T00:00:00,17.796327,76.954916,Case registered at Bengaluru Urban PS 75 regarding robbery. Investigation ongoing under IO Deepa.
230,100281032202500230,202500230,2025-09-13,1322,1032,4,2,1,3,3,56,2025-09-13T00:00:00,2025-09-13T08:00:00,2025-09-13T00:00:00,15.482812,74.639395,Case registered at Uttara Kannada PS 23 regarding grievous hurt. Investigation ongoing under IO Abeer.
231,100311099202300231,202300231,2023-11-24,1715,1099,1,2,5,13,3,61,2023-11-24T00:00:00,2023-11-24T06:00:00,2023-11-24T00:00:00,16.853782,75.07355,Case registered at Vijayanagara PS 3 regarding cheating. Investigation ongoing under IO Devika.
232,100110487202400232,202400232,2024-10-31,463,487,1,2,6,15,1,22,2024-10-31T00:00:00,2024-11-01T15:00:00,2024-10-31T00:00:00,14.65756,78.571866,Case registered at Dakshina Kannada PS 55 regarding online fraud. Investigation ongoing under IO Udarsh.
233,100040155202500233,202500233,2025-08-12,23,155,2,2,1,2,2,8,2025-08-12T00:00:00,2025-08-12T15:00:00,2025-08-12T00:00:00,18.086167,75.246965,Case registered at Bengaluru Rural PS 12 regarding attempt to murder. Investigation ongoing under IO Diya.
234,100030099202400234,202400234,2024-02-21,2121,99,1,2,6,15,2,5,2024-02-21T00:00:00,2024-02-22T10:00:00,2024-02-21T00:00:00,14.688979,75.849711,Case registered at Belagavi PS 13 regarding online fraud. Investigation ongoing under IO Zaitra.
235,100050182202300235,202300235,2023-06-04,461,182,1,2,1,2,3,10,2023-06-04T00:00:00,2023-06-05T07:00:00,2023-06-04T00:00:00,17.438341,74.788856,Case registered at Bengaluru Urban PS 10 regarding attempt to murder. Investigation ongoing under IO Oeshi.
236,100130542202400236,202400236,2024-07-28,754,542,1,1,3,10,2,26,2024-07-28T00:00:00,2024-07-29T08:00:00,2024-07-28T00:00:00,18.388575,77.130147,Case registered at Dharwad PS 24 regarding sexual assault. Investigation ongoing under IO Radhika.
237,100150602202400237,202400237,2024-05-11,173,602,1,2,2,6,2,29,2024-05-11T00:00:00,2024-05-12T09:00:00,2024-05-11T00:00:00,16.349128,75.954606,Case registered at Hassan PS 26 regarding burglary. Investigation ongoing under IO Banjeet.
238,100301084202500238,202500238,2025-04-15,1272,1084,1,1,1,1,2,60,2025-04-15T00:00:00,2025-04-16T19:00:00,2025-04-15T00:00:00,18.180976,77.93447,Case registered at Yadgir PS 17 regarding murder. Investigation ongoing under IO Raksha.
239,100180707202500239,202500239,2025-02-11,2409,707,1,2,5,13,4,35,2025-02-11T00:00:00,2025-02-13T00:00:00,2025-02-11T00:00:00,13.064286,77.45688,Case registered at Kodagu PS 16 regarding cheating. Investigation ongoing under IO Siya.
240,100050174202300240,202300240,2023-11-13,121,174,4,2,4,11,1,9,2023-11-13T00:00:00,2023-11-14T19:00:00,2023-11-13T00:00:00,13.569231,74.228484,Case registered at Bengaluru Urban PS 2 regarding gambling. Investigation ongoing under IO Yasti.
241,100170659202300241,202300241,2023-11-08,543,659,3,2,5,14,1,34,2023-11-08T00:00:00,2023-11-09T01:00:00,2023-11-08T00:00:00,15.982106,77.830987,Case registered at Kalaburagi PS 25 regarding criminal breach of trust. Investigation ongoing under IO Bimala.
242,100130535202600242,202600242,2026-02-18,2329,535,3,2,4,11,4,25,2026-02-18T00:00:00,2026-02-19T02:00:00,2026-02-18T00:00:00,16.013438,77.94361,Case registered at Dharwad PS 17 regarding gambling. Investigation ongoing under IO Dalbir.
243,100150595202300243,202300243,2023-01-14,670,595,1,1,3,9,1,29,2023-01-14T00:00:00,2023-01-15T16:00:00,2023-01-14T00:00:00,16.06521,76.217945,Case registered at Hassan PS 19 regarding dowry harassment. Investigation ongoing under IO Ekani.
244,100170684202600244,202600244,2026-06-27,2420,684,2,2,5,13,1,34,2026-06-27T00:00:00,2026-06-27T13:00:00,2026-06-27T00:00:00,12.914958,76.11426,Case registered at Kalaburagi PS 50 regarding cheating. Investigation ongoing under IO Sneha.
245,100190732202300245,202300245,2023-07-03,2205,732,1,2,2,5,2,37,2023-07-03T00:00:00,2023-07-03T17:00:00,2023-07-03T00:00:00,13.422295,75.764223,Case registered at Kolar PS 12 regarding robbery. Investigation ongoing under IO Kamala.
246,100220816202300246,202300246,2023-04-07,208,816,1,2,4,11,1,43,2023-04-07T00:00:00,2023-04-08T22:00:00,2023-04-07T00:00:00,17.667373,77.685333,Case registered at Mysuru PS 9 regarding gambling. Investigation ongoing under IO Qasim.
247,100020082202400247,202400247,2024-05-03,1142,82,1,2,5,14,2,3,2024-05-03T00:00:00,2024-05-03T01:00:00,2024-05-03T00:00:00,16.088486,76.45722,Case registered at Ballari PS 53 regarding criminal breach of trust. Investigation ongoing under IO Saksham.
248,100230885202500248,202500248,2025-09-25,175,885,1,2,6,16,2,45,2025-09-25T00:00:00,2025-09-26T15:00:00,2025-09-25T00:00:00,18.257526,77.291938,Case registered at Raichur PS 21 regarding identity theft. Investigation ongoing under IO William.
249,100220826202300249,202300249,2023-03-08,602,826,1,2,4,11,1,43,2023-03-08T00:00:00,2023-03-08T01:00:00,2023-03-08T00:00:00,15.684214,76.163765,Case registered at Mysuru PS 19 regarding gambling. Investigation ongoing under IO Laksh.
250,100140558202500250,202500250,2025-05-12,1672,558,3,2,4,12,1,28,2025-05-12T00:00:00,2025-05-13T13:00:00,2025-05-12T00:00:00,12.822653,75.502898,Case registered at Gadag PS 11 regarding public nuisance. Investigation ongoing under IO Shaurya.
251,100210806202400251,202400251,2024-04-29,1778,806,1,2,4,11,3,42,2024-04-29T00:00:00,2024-04-30T18:00:00,2024-04-29T00:00:00,11.899314,77.362297,Case registered at Mandya PS 28 regarding gambling. Investigation ongoing under IO Abhimanyu.
252,100110486202300252,202300252,2023-03-01,2492,486,1,2,2,4,1,21,2023-03-01T00:00:00,2023-03-02T06:00:00,2023-03-01T00:00:00,16.282205,77.530006,Case registered at Dakshina Kannada PS 54 regarding theft. Investigation ongoing under IO Brijesh.
253,100281010202400253,202400253,2024-08-27,2419,1010,1,2,3,9,4,55,2024-08-27T00:00:00,2024-08-28T15:00:00,2024-08-27T00:00:00,13.769355,77.436966,Case registered at Uttara Kannada PS 1 regarding dowry harassment. Investigation ongoing under IO Hema.
254,100150580202400254,202400254,2024-11-07,688,580,1,2,4,11,2,30,2024-11-07T00:00:00,2024-11-08T08:00:00,2024-11-07T00:00:00,12.615975,76.269288,Case registered at Hassan PS 4 regarding gambling. Investigation ongoing under IO Jacob.
255,100220864202500255,202500255,2025-04-11,258,864,1,2,2,6,2,44,2025-04-11T00:00:00,2025-04-11T13:00:00,2025-04-11T00:00:00,11.784777,75.722511,Case registered at Mysuru PS 57 regarding burglary. Investigation ongoing under IO Akshay.
256,100170669202400256,202400256,2024-09-21,1083,669,1,2,3,8,3,34,2024-09-21T00:00:00,2024-09-21T21:00:00,2024-09-21T00:00:00,13.0538,77.128043,Case registered at Kalaburagi PS 35 regarding domestic violence. Investigation ongoing under IO Ikshita.
257,100200767202500257,202500257,2025-08-17,1959,767,1,2,2,5,3,39,2025-08-17T00:00:00,2025-08-17T01:00:00,2025-08-17T00:00:00,15.286014,75.124059,Case registered at Koppal PS 18 regarding robbery. Investigation ongoing under IO Vincent.
258,100170660202400258,202400258,2024-05-06,1541,660,2,2,4,12,2,33,2024-05-06T00:00:00,2024-05-06T16:00:00,2024-05-06T00:00:00,13.356354,76.020762,Case registered at Kalaburagi PS 26 regarding public nuisance. Investigation ongoing under IO Qushi.
259,100140572202400259,202400259,2024-08-23,2477,572,1,2,3,9,2,27,2024-08-23T00:00:00,2024-08-24T20:00:00,2024-08-23T00:00:00,17.648314,74.041827,Case registered at Gadag PS 25 regarding dowry harassment. Investigation ongoing under IO Oviya.
260,100060309202300260,202300260,2023-09-20,895,309,1,2,4,12,1,11,2023-09-20T00:00:00,2023-09-21T21:00:00,2023-09-20T00:00:00,14.416339,77.339492,Case registered at Bidar PS 22 regarding public nuisance. Investigation ongoing under IO William.
261,100050278202600261,202600261,2026-07-14,1938,278,1,2,6,15,3,10,2026-07-14T00:00:00,2026-07-15T08:00:00,2026-07-14T00:00:00,16.549887,74.608472,Case registered at Bengaluru Urban PS 106 regarding online fraud. Investigation ongoing under IO Gautami.
262,100130538202500262,202500262,2025-04-23,1291,538,2,2,3,10,2,25,2025-04-23T00:00:00,2025-04-24T14:00:00,2025-04-23T00:00:00,12.310513,78.256433,Case registered at Dharwad PS 20 regarding sexual assault. Investigation ongoing under IO Om.
263,100130527202500263,202500263,2025-02-19,2400,527,1,2,1,1,3,25,2025-02-19T00:00:00,2025-02-19T22:00:00,2025-02-19T00:00:00,16.091624,78.187056,Case registered at Dharwad PS 9 regarding murder. Investigation ongoing under IO Lekha.
264,100030132202500264,202500264,2025-11-17,528,132,2,2,5,13,1,6,2025-11-17T00:00:00,2025-11-17T19:00:00,2025-11-17T00:00:00,11.993098,77.023417,Case registered at Belagavi PS 46 regarding cheating. Investigation ongoing under IO Ethan.
265,100210793202400265,202400265,2024-01-30,16,793,3,2,5,13,3,42,2024-01-30T00:00:00,2024-01-30T08:00:00,2024-01-30T00:00:00,12.648324,75.816869,Case registered at Mandya PS 15 regarding cheating. Investigation ongoing under IO Lajita.
266,100301071202500266,202500266,2025-03-27,706,1071,1,1,3,9,1,60,2025-03-27T00:00:00,2025-03-28T01:00:00,2025-03-27T00:00:00,13.467261,74.031504,Case registered at Yadgir PS 4 regarding dowry harassment. Investigation ongoing under IO Abeer.
267,100110478202400267,202400267,2024-10-13,82,478,3,1,1,3,4,22,2024-10-13T00:00:00,2024-10-13T20:00:00,2024-10-13T00:00:00,12.919104,78.056726,Case registered at Dakshina Kannada PS 46 regarding grievous hurt. Investigation ongoing under IO Dipta.
268,100010025202600268,202600268,2026-04-10,2488,25,2,2,6,15,2,2,2026-04-10T00:00:00,2026-04-11T13:00:00,2026-04-10T00:00:00,17.502445,78.228762,Case registered at Bagalkot PS 25 regarding online fraud. Investigation ongoing under IO Ekapad.
269,100281021202400269,202400269,2024-04-01,1380,1021,1,2,6,15,2,55,2024-04-01T00:00:00,2024-04-01T01:00:00,2024-04-01T00:00:00,12.55442,78.519919,Case registered at Uttara Kannada PS 12 regarding online fraud. Investigation ongoing under IO Alexander.
270,100150586202500270,202500270,2025-12-26,466,586,1,1,3,10,3,29,2025-12-26T00:00:00,2025-12-26T18:00:00,2025-12-26T00:00:00,15.0917,75.956659,Case registered at Hassan PS 10 regarding sexual assault. Investigation ongoing under IO Liam.
271,100110451202300271,202300271,2023-12-11,1477,451,4,2,4,11,3,22,2023-12-11T00:00:00,2023-12-11T11:00:00,2023-12-11T00:00:00,16.471734,77.481022,Case registered at Dakshina Kannada PS 19 regarding gambling. Investigation ongoing under IO Chandran.
272,100050178202500272,202500272,2025-01-30,1920,178,1,2,5,13,2,9,2025-01-30T00:00:00,2025-01-31T01:00:00,2025-01-30T00:00:00,13.605327,74.674734,Case registered at Bengaluru Urban PS 6 regarding cheating. Investigation ongoing under IO Priya.
273,100060311202300273,202300273,2023-12-17,148,311,1,2,6,15,3,12,2023-12-17T00:00:00,2023-12-18T22:00:00,2023-12-17T00:00:00,13.751237,75.254571,Case registered at Bidar PS 24 regarding online fraud. Investigation ongoing under IO Sanaya.
274,100250927202400274,202400274,2024-03-06,1313,927,1,2,1,2,2,49,2024-03-06T00:00:00,2024-03-07T09:00:00,2024-03-06T00:00:00,15.393219,75.3915,Case registered at Shivamogga PS 5 regarding attempt to murder. Investigation ongoing under IO Brijesh.
275,100020058202600275,202600275,2026-07-18,2242,58,3,2,6,15,3,3,2026-07-18T00:00:00,2026-07-19T11:00:00,2026-07-18T00:00:00,12.651867,76.608533,Case registered at Ballari PS 29 regarding online fraud. Investigation ongoing under IO Karan.
276,100160623202600276,202600276,2026-05-29,182,623,3,2,1,1,2,32,2026-05-29T00:00:00,2026-05-30T10:00:00,2026-05-29T00:00:00,14.729643,76.825244,Case registered at Haveri PS 18 regarding murder. Investigation ongoing under IO Faqid.
277,100170652202500277,202500277,2025-06-20,384,652,1,1,1,2,2,33,2025-06-20T00:00:00,2025-06-20T18:00:00,2025-06-20T00:00:00,15.112732,77.270178,Case registered at Kalaburagi PS 18 regarding attempt to murder. Investigation ongoing under IO Chandran.
278,100110465202400278,202400278,2024-10-22,2195,465,3,2,2,7,4,21,2024-10-22T00:00:00,2024-10-23T11:00:00,2024-10-22T00:00:00,13.805236,77.450239,Case registered at Dakshina Kannada PS 33 regarding vehicle theft. Investigation ongoing under IO Warinder.
279,100110475202500279,202500279,2025-05-16,89,475,2,2,4,12,1,21,2025-05-16T00:00:00,2025-05-17T07:00:00,2025-05-16T00:00:00,17.975896,76.820518,Case registered at Dakshina Kannada PS 43 regarding public nuisance. Investigation ongoing under IO Chasmum.
280,100020078202300280,202300280,2023-10-07,1247,78,1,2,1,2,2,3,2023-10-07T00:00:00,2023-10-08T01:00:00,2023-10-07T00:00:00,13.141146,75.380395,Case registered at Ballari PS 49 regarding attempt to murder. Investigation ongoing under IO Vaishnavi.
281,100080362202300281,202300281,2023-09-08,2232,362,1,2,6,16,1,15,2023-09-08T00:00:00,2023-09-10T00:00:00,2023-09-08T00:00:00,17.866731,76.240458,Case registered at Chikkaballapur PS 17 regarding identity theft. Investigation ongoing under IO Abdul.
282,100050203202400282,202400282,2024-04-11,1584,203,2,2,3,9,3,9,2024-04-11T00:00:00,2024-04-12T12:00:00,2024-04-11T00:00:00,16.395587,75.173669,Case registered at Bengaluru Urban PS 31 regarding dowry harassment. Investigation ongoing under IO Shaurya.
283,100050239202600283,202600283,2026-02-16,1854,239,3,2,4,12,2,10,2026-02-16T00:00:00,2026-02-16T05:00:00,2026-02-16T00:00:00,18.331644,75.90377,Case registered at Bengaluru Urban PS 67 regarding public nuisance. Investigation ongoing under IO Chandani.
284,100220863202500284,202500284,2025-09-26,385,863,1,2,6,15,2,44,2025-09-26T00:00:00,2025-09-27T17:00:00,2025-09-26T00:00:00,15.777024,75.50603,Case registered at Mysuru PS 56 regarding online fraud. Investigation ongoing under IO Panini.
285,100210786202400285,202400285,2024-05-19,894,786,1,2,2,7,1,42,2024-05-19T00:00:00,2024-05-20T16:00:00,2024-05-19T00:00:00,16.598436,76.957091,Case registered at Mandya PS 8 regarding vehicle theft. Investigation ongoing under IO Dominic.
286,100140556202400286,202400286,2024-08-13,577,556,3,1,3,10,1,27,2024-08-13T00:00:00,2024-08-13T16:00:00,2024-08-13T00:00:00,15.494108,75.383174,Case registered at Gadag PS 9 regarding sexual assault. Investigation ongoing under IO Garima.
287,100010017202400287,202400287,2024-08-15,2030,17,1,1,3,9,3,2,2024-08-15T00:00:00,2024-08-16T21:00:00,2024-08-15T00:00:00,12.244358,74.893868,Case registered at Bagalkot PS 17 regarding dowry harassment. Investigation ongoing under IO Liam.
288,100050213202300288,202300288,2023-01-31,2248,213,1,2,5,13,2,9,2023-01-31T00:00:00,2023-02-01T10:00:00,2023-01-31T00:00:00,15.782948,75.86479,Case registered at Bengaluru Urban PS 41 regarding cheating. Investigation ongoing under IO Ubika.
289,100130540202400289,202400289,2024-01-03,1656,540,2,2,2,4,1,25,2024-01-03T00:00:00,2024-01-04T09:00:00,2024-01-03T00:00:00,12.927616,74.85109,Case registered at Dharwad PS 22 regarding theft. Investigation ongoing under IO Zehaan.
290,100291064202300290,202300290,2023-10-16,154,1064,1,2,2,6,1,58,2023-10-16T00:00:00,2023-10-16T09:00:00,2023-10-16T00:00:00,13.178329,78.495649,Case registered at Vijayapura PS 26 regarding burglary. Investigation ongoing under IO Michael.
291,100050207202400291,202400291,2024-01-30,744,207,1,2,2,6,2,9,2024-01-30T00:00:00,2024-01-31T23:00:00,2024-01-30T00:00:00,17.016928,74.72829,Case registered at Bengaluru Urban PS 35 regarding burglary. Investigation ongoing under IO Hredhaan.
292,100120497202400292,202400292,2024-07-20,727,497,1,2,5,14,2,23,2024-07-20T00:00:00,2024-07-20T06:00:00,2024-07-20T00:00:00,14.022237,77.84026,Case registered at Davanagere PS 8 regarding criminal breach of trust. Investigation ongoing under IO Avni.
293,100210807202500293,202500293,2025-06-08,1385,807,2,2,6,15,1,42,2025-06-08T00:00:00,2025-06-09T13:00:00,2025-06-08T00:00:00,12.465516,76.915436,Case registered at Mandya PS 29 regarding online fraud. Investigation ongoing under IO Niharika.
294,100220857202400294,202400294,2024-02-07,1328,857,2,2,5,13,1,44,2024-02-07T00:00:00,2024-02-09T00:00:00,2024-02-07T00:00:00,14.393605,75.511209,Case registered at Mysuru PS 50 regarding cheating. Investigation ongoing under IO Shivansh.
295,100291056202400295,202400295,2024-02-07,2037,1056,1,1,1,1,3,58,2024-02-07T00:00:00,2024-02-08T21:00:00,2024-02-07T00:00:00,12.489431,74.271081,Case registered at Vijayapura PS 18 regarding murder. Investigation ongoing under IO Yochana.
296,100160610202500296,202500296,2025-06-24,591,610,1,1,3,10,3,31,2025-06-24T00:00:00,2025-06-24T23:00:00,2025-06-24T00:00:00,14.242483,77.231644,Case registered at Haveri PS 5 regarding sexual assault. Investigation ongoing under IO Aishani.
297,100250943202300297,202300297,2023-07-01,1687,943,1,2,4,11,3,49,2023-07-01T00:00:00,2023-07-01T08:00:00,2023-07-01T00:00:00,13.085466,75.015099,Case registered at Shivamogga PS 21 regarding gambling. Investigation ongoing under IO Abeer.
298,100270988202400298,202400298,2024-02-25,1153,988,4,2,3,10,1,54,2024-02-25T00:00:00,2024-02-25T05:00:00,2024-02-25T00:00:00,12.202554,74.285551,Case registered at Udupi PS 8 regarding sexual assault. Investigation ongoing under IO Jack.
299,100040171202300299,202300299,2023-02-21,662,171,1,2,3,10,3,7,2023-02-21T00:00:00,2023-02-22T03:00:00,2023-02-21T00:00:00,12.62355,76.584378,Case registered at Bengaluru Rural PS 28 regarding sexual assault. Investigation ongoing under IO Isaiah.
300,100030123202400300,202400300,2024-03-05,1959,123,1,1,1,2,2,5,2024-03-05T00:00:00,2024-03-06T14:00:00,2024-03-05T00:00:00,14.902512,78.320372,Case registered at Belagavi PS 37 regarding attempt to murder. Investigation ongoing under IO Vincent.
301,100160634202300301,202300301,2023-02-03,18,634,4,2,3,9,1,31,2023-02-03T00:00:00,2023-02-04T11:00:00,2023-02-03T00:00:00,13.567432,74.548463,Case registered at Haveri PS 29 regarding dowry harassment. Investigation ongoing under IO Amara.
302,100200777202300302,202300302,2023-09-08,622,777,2,1,3,8,1,40,2023-09-08T00:00:00,2023-09-08T16:00:00,2023-09-08T00:00:00,17.563454,74.350222,Case registered at Koppal PS 28 regarding domestic violence. Investigation ongoing under IO Reyansh.
303,100281018202400303,202400303,2024-09-30,1160,1018,3,2,1,1,2,55,2024-09-30T00:00:00,2024-10-01T11:00:00,2024-09-30T00:00:00,17.952813,76.146106,Case registered at Uttara Kannada PS 9 regarding murder. Investigation ongoing under IO Ojas.
304,100090378202500304,202500304,2025-07-07,1656,378,1,1,1,2,1,18,2025-07-07T00:00:00,2025-07-08T01:00:00,2025-07-07T00:00:00,14.354637,74.119096,Case registered at Chikkamagaluru PS 4 regarding attempt to murder. Investigation ongoing under IO Zehaan.
305,100050206202500305,202500305,2025-09-22,1933,206,1,2,2,4,2,9,2025-09-22T00:00:00,2025-09-22T23:00:00,2025-09-22T00:00:00,15.010215,74.512075,Case registered at Bengaluru Urban PS 34 regarding theft. Investigation ongoing under IO Kamala.
306,100020066202300306,202300306,2023-01-03,1098,66,1,2,1,3,2,3,2023-01-03T00:00:00,2023-01-03T07:00:00,2023-01-03T00:00:00,13.151577,78.093572,Case registered at Ballari PS 37 regarding grievous hurt. Investigation ongoing under IO Yashica.
307,100271003202600307,202600307,2026-02-13,2148,1003,4,2,5,14,1,53,2026-02-13T00:00:00,2026-02-13T05:00:00,2026-02-13T00:00:00,17.901113,74.079091,Case registered at Udupi PS 23 regarding criminal breach of trust. Investigation ongoing under IO Tanish.
308,100050264202600308,202600308,2026-02-01,2276,264,1,2,1,3,4,9,2026-02-01T00:00:00,2026-02-01T23:00:00,2026-02-01T00:00:00,11.753495,75.02126,Case registered at Bengaluru Urban PS 92 regarding grievous hurt. Investigation ongoing under IO Ojas.
309,100020043202600309,202600309,2026-01-20,1717,43,2,2,2,4,2,4,2026-01-20T00:00:00,2026-01-20T20:00:00,2026-01-20T00:00:00,15.451783,74.224659,Case registered at Ballari PS 14 regarding theft. Investigation ongoing under IO Aradhana.
310,100040170202500310,202500310,2025-03-28,382,170,1,2,4,12,4,8,2025-03-28T00:00:00,2025-03-29T14:00:00,2025-03-28T00:00:00,16.114399,74.317916,Case registered at Bengaluru Rural PS 27 regarding public nuisance. Investigation ongoing under IO Kala.
311,100080357202400311,202400311,2024-03-11,1862,357,1,1,1,1,3,16,2024-03-11T00:00:00,2024-03-11T16:00:00,2024-03-11T00:00:00,12.352154,75.522572,Case registered at Chikkaballapur PS 12 regarding murder. Investigation ongoing under IO Brijesh.
312,100080372202400312,202400312,2024-03-31,571,372,3,2,3,10,2,15,2024-03-31T00:00:00,2024-03-31T09:00:00,2024-03-31T00:00:00,11.913413,74.093177,Case registered at Chikkaballapur PS 27 regarding sexual assault. Investigation ongoing under IO Urvi.
313,100080361202500313,202500313,2025-04-11,21,361,1,2,2,7,2,15,2025-04-11T00:00:00,2025-04-11T14:00:00,2025-04-11T00:00:00,17.171966,77.457012,Case registered at Chikkaballapur PS 16 regarding vehicle theft. Investigation ongoing under IO Theodore.
314,100030127202300314,202300314,2023-01-05,1400,127,1,2,1,1,2,6,2023-01-05T00:00:00,2023-01-06T01:00:00,2023-01-05T00:00:00,12.594329,77.871757,Case registered at Belagavi PS 41 regarding murder. Investigation ongoing under IO Wyatt.
315,100301095202300315,202300315,2023-06-04,1807,1095,1,2,4,12,3,59,2023-06-04T00:00:00,2023-06-04T08:00:00,2023-06-04T00:00:00,14.618778,77.598908,Case registered at Yadgir PS 28 regarding public nuisance. Investigation ongoing under IO Jack.
316,100040152202600316,202600316,2026-07-03,284,152,1,2,2,5,3,8,2026-07-03T00:00:00,2026-07-04T05:00:00,2026-07-03T00:00:00,14.853531,76.516635,Case registered at Bengaluru Rural PS 9 regarding robbery. Investigation ongoing under IO Vinaya.
317,100150583202500317,202500317,2025-11-15,344,583,1,2,2,7,1,29,2025-11-15T00:00:00,2025-11-15T03:00:00,2025-11-15T00:00:00,15.722663,74.8858,Case registered at Hassan PS 7 regarding vehicle theft. Investigation ongoing under IO Kalpit.
318,100130529202300318,202300318,2023-07-31,2036,529,1,2,5,13,2,25,2023-07-31T00:00:00,2023-07-31T14:00:00,2023-07-31T00:00:00,17.600216,75.567805,Case registered at Dharwad PS 11 regarding cheating. Investigation ongoing under IO Raagini.
319,100210791202600319,202600319,2026-06-10,2167,791,1,2,4,12,2,42,2026-06-10T00:00:00,2026-06-10T18:00:00,2026-06-10T00:00:00,15.603028,74.734817,Case registered at Mandya PS 13 regarding public nuisance. Investigation ongoing under IO Gaurangi.
320,100220864202300320,202300320,2023-09-16,735,864,2,2,4,12,2,43,2023-09-16T00:00:00,2023-09-17T16:00:00,2023-09-16T00:00:00,16.629927,77.229905,Case registered at Mysuru PS 57 regarding public nuisance. Investigation ongoing under IO Faqid.
321,100010013202400321,202400321,2024-08-10,561,13,3,2,4,12,2,2,2024-08-10T00:00:00,2024-08-10T02:00:00,2024-08-10T00:00:00,16.347179,74.238922,Case registered at Bagalkot PS 13 regarding public nuisance. Investigation ongoing under IO Hritik.
322,100220809202500322,202500322,2025-09-26,49,809,1,2,6,16,2,44,2025-09-26T00:00:00,2025-09-27T10:00:00,2025-09-26T00:00:00,15.884953,77.086151,Case registered at Mysuru PS 2 regarding identity theft. Investigation ongoing under IO Kashvi.
323,100100420202400323,202400323,2024-03-11,94,420,1,2,4,12,4,19,2024-03-11T00:00:00,2024-03-12T15:00:00,2024-03-11T00:00:00,17.981833,77.180154,Case registered at Chitradurga PS 17 regarding public nuisance. Investigation ongoing under IO Hemal.
324,100050192202600324,202600324,2026-02-28,4,192,3,2,3,8,1,10,2026-02-28T00:00:00,2026-02-28T23:00:00,2026-02-28T00:00:00,13.58406,74.504732,Case registered at Bengaluru Urban PS 20 regarding domestic violence. Investigation ongoing under IO Girik.
325,100291043202400325,202400325,2024-11-27,783,1043,1,2,2,6,2,57,2024-11-27T00:00:00,2024-11-28T07:00:00,2024-11-27T00:00:00,13.466195,76.970341,Case registered at Vijayapura PS 5 regarding burglary. Investigation ongoing under IO Vasudha.
326,100020074202300326,202300326,2023-07-06,634,74,4,2,5,13,3,3,2023-07-06T00:00:00,2023-07-07T21:00:00,2023-07-06T00:00:00,14.352629,76.789023,Case registered at Ballari PS 45 regarding cheating. Investigation ongoing under IO Kashvi.
327,100170682202600327,202600327,2026-01-03,1461,682,1,2,2,6,2,33,2026-01-03T00:00:00,2026-01-04T05:00:00,2026-01-03T00:00:00,15.598825,75.941117,Case registered at Kalaburagi PS 48 regarding burglary. Investigation ongoing under IO Utkarsh.
328,100140549202500328,202500328,2025-05-21,18,549,1,2,4,11,3,27,2025-05-21T00:00:00,2025-05-21T22:00:00,2025-05-21T00:00:00,11.643928,77.627988,Case registered at Gadag PS 2 regarding gambling. Investigation ongoing under IO Amara.
329,100230874202300329,202300329,2023-08-07,781,874,4,2,1,3,4,45,2023-08-07T00:00:00,2023-08-08T07:00:00,2023-08-07T00:00:00,15.239162,76.595793,Case registered at Raichur PS 10 regarding grievous hurt. Investigation ongoing under IO Timothy.
330,100281033202500330,202500330,2025-03-09,36,1033,1,2,5,13,2,55,2025-03-09T00:00:00,2025-03-09T10:00:00,2025-03-09T00:00:00,12.595703,74.22103,Case registered at Uttara Kannada PS 24 regarding cheating. Investigation ongoing under IO Adya.
331,100200774202500331,202500331,2025-12-09,1090,774,3,2,2,6,1,40,2025-12-09T00:00:00,2025-12-09T19:00:00,2025-12-09T00:00:00,12.635906,78.306378,Case registered at Koppal PS 25 regarding burglary. Investigation ongoing under IO Chanchal.
332,100250940202300332,202300332,2023-02-13,1726,940,1,2,3,9,1,49,2023-02-13T00:00:00,2023-02-14T14:00:00,2023-02-13T00:00:00,13.87511,77.627518,Case registered at Shivamogga PS 18 regarding dowry harassment. Investigation ongoing under IO Pooja.
333,100170689202600333,202600333,2026-05-09,904,689,1,2,5,13,1,33,2026-05-09T00:00:00,2026-05-10T15:00:00,2026-05-09T00:00:00,14.035465,78.114382,Case registered at Kalaburagi PS 55 regarding cheating. Investigation ongoing under IO Devansh.
334,100020047202400334,202400334,2024-03-01,1670,47,1,2,4,11,2,3,2024-03-01T00:00:00,2024-03-02T02:00:00,2024-03-01T00:00:00,16.895025,74.65314,Case registered at Ballari PS 18 regarding gambling. Investigation ongoing under IO Dhruv.
335,100200773202300335,202300335,2023-02-05,2292,773,1,2,5,13,3,40,2023-02-05T00:00:00,2023-02-05T08:00:00,2023-02-05T00:00:00,13.017606,74.658908,Case registered at Koppal PS 24 regarding cheating. Investigation ongoing under IO Madhavi.
336,100301078202600336,202600336,2026-05-03,467,1078,1,2,1,3,3,60,2026-05-03T00:00:00,2026-05-03T03:00:00,2026-05-03T00:00:00,17.404534,76.445795,Case registered at Yadgir PS 11 regarding grievous hurt. Investigation ongoing under IO Abdul.
337,100110452202600337,202600337,2026-07-21,994,452,1,2,4,11,3,22,2026-07-21T00:00:00,2026-07-21T02:00:00,2026-07-21T00:00:00,12.758677,78.214474,Case registered at Dakshina Kannada PS 20 regarding gambling. Investigation ongoing under IO Ishanvi.
338,100120501202300338,202300338,2023-01-18,831,501,3,2,4,12,2,24,2023-01-18T00:00:00,2023-01-19T14:00:00,2023-01-18T00:00:00,18.255377,74.435457,Case registered at Davanagere PS 12 regarding public nuisance. Investigation ongoing under IO Om.
339,100050202202500339,202500339,2025-11-08,2175,202,1,2,4,11,2,9,2025-11-08T00:00:00,2025-11-09T11:00:00,2025-11-08T00:00:00,14.382336,75.086463,Case registered at Bengaluru Urban PS 30 regarding gambling. Investigation ongoing under IO Kalpit.
340,100170666202300340,202300340,2023-12-13,1900,666,1,2,6,15,1,33,2023-12-13T00:00:00,2023-12-13T07:00:00,2023-12-13T00:00:00,17.09728,76.601763,Case registered at Kalaburagi PS 32 regarding online fraud. Investigation ongoing under IO Patrick.
341,100210794202400341,202400341,2024-11-06,2342,794,1,2,5,13,1,41,2024-11-06T00:00:00,2024-11-06T23:00:00,2024-11-06T00:00:00,15.613573,78.365423,Case registered at Mandya PS 16 regarding cheating. Investigation ongoing under IO Aarna.
342,100110478202300342,202300342,2023-02-04,74,478,2,2,5,13,1,21,2023-02-04T00:00:00,2023-02-05T18:00:00,2023-02-04T00:00:00,13.911289,74.060687,Case registered at Dakshina Kannada PS 46 regarding cheating. Investigation ongoing under IO Dipta.
343,100090401202300343,202300343,2023-02-10,1735,401,3,2,3,8,1,18,2023-02-10T00:00:00,2023-02-12T00:00:00,2023-02-10T00:00:00,14.071664,76.160038,Case registered at Chikkamagaluru PS 27 regarding domestic violence. Investigation ongoing under IO Ganga.
344,100030135202400344,202400344,2024-07-28,1450,135,1,2,4,12,4,5,2024-07-28T00:00:00,2024-07-29T09:00:00,2024-07-28T00:00:00,16.130548,78.013872,Case registered at Belagavi PS 49 regarding public nuisance. Investigation ongoing under IO Chatura.
345,100110448202400345,202400345,2024-05-30,2446,448,1,2,6,16,3,21,2024-05-30T00:00:00,2024-05-30T20:00:00,2024-05-30T00:00:00,14.021011,77.510531,Case registered at Dakshina Kannada PS 16 regarding identity theft. Investigation ongoing under IO Charles.
346,100010010202400346,202400346,2024-05-09,1373,10,1,2,1,1,2,2,2024-05-09T00:00:00,2024-05-09T09:00:00,2024-05-09T00:00:00,12.347583,74.176877,Case registered at Bagalkot PS 10 regarding murder. Investigation ongoing under IO Warda.
347,100170678202400347,202400347,2024-01-21,458,678,1,2,6,15,1,34,2024-01-21T00:00:00,2024-01-21T11:00:00,2024-01-21T00:00:00,15.51751,75.263948,Case registered at Kalaburagi PS 44 regarding online fraud. Investigation ongoing under IO Anjali.
348,100040166202600348,202600348,2026-04-12,1247,166,1,2,1,1,1,8,2026-04-12T00:00:00,2026-04-13T21:00:00,2026-04-12T00:00:00,13.726119,77.14761,Case registered at Bengaluru Rural PS 23 regarding murder. Investigation ongoing under IO Vaishnavi.
349,100130528202300349,202300349,2023-07-27,2105,528,1,2,4,11,1,25,2023-07-27T00:00:00,2023-07-28T05:00:00,2023-07-27T00:00:00,15.075915,77.604266,Case registered at Dharwad PS 10 regarding gambling. Investigation ongoing under IO Madhavi.
350,100220858202500350,202500350,2025-06-21,882,858,1,2,1,1,1,43,2025-06-21T00:00:00,2025-06-22T12:00:00,2025-06-21T00:00:00,17.228936,76.442672,Case registered at Mysuru PS 51 regarding murder. Investigation ongoing under IO Advik.
351,100110487202300351,202300351,2023-08-08,1482,487,1,2,2,7,3,22,2023-08-08T00:00:00,2023-08-09T16:00:00,2023-08-08T00:00:00,14.174458,74.850105,Case registered at Dakshina Kannada PS 55 regarding vehicle theft. Investigation ongoing under IO Kamya.
352,100200763202400352,202400352,2024-04-05,643,763,3,2,1,1,3,40,2024-04-05T00:00:00,2024-04-05T07:00:00,2024-04-05T00:00:00,14.88878,77.119737,Case registered at Koppal PS 14 regarding murder. Investigation ongoing under IO Yashvi.
353,100170660202500353,202500353,2025-06-25,1983,660,1,2,4,12,1,33,2025-06-25T00:00:00,2025-06-26T20:00:00,2025-06-25T00:00:00,14.041097,76.598448,Case registered at Kalaburagi PS 26 regarding public nuisance. Investigation ongoing under IO Thomas.
354,100170635202400354,202400354,2024-12-10,2061,635,3,2,2,6,2,34,2024-12-10T00:00:00,2024-12-10T04:00:00,2024-12-10T00:00:00,11.92117,76.98344,Case registered at Kalaburagi PS 1 regarding burglary. Investigation ongoing under IO Agastya.
355,100030092202300355,202300355,2023-06-04,1829,92,3,2,5,13,1,5,2023-06-04T00:00:00,2023-06-04T16:00:00,2023-06-04T00:00:00,17.525163,75.442432,Case registered at Belagavi PS 6 regarding cheating. Investigation ongoing under IO Zehaan.
356,100210793202500356,202500356,2025-12-07,911,793,1,2,6,16,2,41,2025-12-07T00:00:00,2025-12-08T19:00:00,2025-12-07T00:00:00,13.215401,76.600565,Case registered at Mandya PS 15 regarding identity theft. Investigation ongoing under IO Mason.
357,100250936202300357,202300357,2023-08-22,113,936,1,1,3,10,3,50,2023-08-22T00:00:00,2023-08-22T01:00:00,2023-08-22T00:00:00,12.308557,74.996781,Case registered at Shivamogga PS 14 regarding sexual assault. Investigation ongoing under IO Triveni.
358,100281027202500358,202500358,2025-10-21,986,1027,1,2,2,7,2,56,2025-10-21T00:00:00,2025-10-22T01:00:00,2025-10-21T00:00:00,12.324552,77.414052,Case registered at Uttara Kannada PS 18 regarding vehicle theft. Investigation ongoing under IO Kalpit.
359,100150592202500359,202500359,2025-02-18,1562,592,4,2,3,9,1,30,2025-02-18T00:00:00,2025-02-18T19:00:00,2025-02-18T00:00:00,12.992596,75.004697,Case registered at Hassan PS 16 regarding dowry harassment. Investigation ongoing under IO Mason.
360,100220864202400360,202400360,2024-02-29,1963,864,3,2,4,12,1,44,2024-02-29T00:00:00,2024-03-01T13:00:00,2024-02-29T00:00:00,14.240427,75.734695,Case registered at Mysuru PS 57 regarding public nuisance. Investigation ongoing under IO Damini.
361,100040162202400361,202400361,2024-12-06,2433,162,1,2,2,5,1,7,2024-12-06T00:00:00,2024-12-06T22:00:00,2024-12-06T00:00:00,14.881369,74.265195,Case registered at Bengaluru Rural PS 19 regarding robbery. Investigation ongoing under IO Ishita.
362,100291063202400362,202400362,2024-01-30,1829,1063,1,2,5,13,3,58,2024-01-30T00:00:00,2024-01-31T07:00:00,2024-01-30T00:00:00,16.033625,77.900719,Case registered at Vijayapura PS 25 regarding cheating. Investigation ongoing under IO Zehaan.
363,100220839202400363,202400363,2024-11-18,2265,839,4,2,3,10,2,43,2024-11-18T00:00:00,2024-11-18T01:00:00,2024-11-18T00:00:00,18.365326,78.100375,Case registered at Mysuru PS 32 regarding sexual assault. Investigation ongoing under IO Onveer.
364,100220858202600364,202600364,2026-05-07,1999,858,1,2,4,11,4,43,2026-05-07T00:00:00,2026-05-07T14:00:00,2026-05-07T00:00:00,12.203024,77.860229,Case registered at Mysuru PS 51 regarding gambling. Investigation ongoing under IO Keya.
365,100050236202500365,202500365,2025-03-07,1727,236,1,2,6,15,4,9,2025-03-07T00:00:00,2025-03-08T10:00:00,2025-03-07T00:00:00,12.122796,76.824033,Case registered at Bengaluru Urban PS 64 regarding online fraud. Investigation ongoing under IO Sanaya.
366,100110481202600366,202600366,2026-05-09,628,481,3,2,5,13,2,22,2026-05-09T00:00:00,2026-05-10T17:00:00,2026-05-09T00:00:00,18.394496,75.002005,Case registered at Dakshina Kannada PS 49 regarding cheating. Investigation ongoing under IO Advay.
367,100080374202400367,202400367,2024-01-20,1619,374,1,2,1,1,1,16,2024-01-20T00:00:00,2024-01-20T14:00:00,2024-01-20T00:00:00,14.034451,74.449272,Case registered at Chikkaballapur PS 29 regarding murder. Investigation ongoing under IO Amara.
368,100311103202500368,202500368,2025-08-09,2480,1103,1,1,3,10,3,61,2025-08-09T00:00:00,2025-08-09T13:00:00,2025-08-09T00:00:00,14.734135,76.925835,Case registered at Vijayanagara PS 7 regarding sexual assault. Investigation ongoing under IO Yochana.
369,100080350202400369,202400369,2024-07-07,252,350,1,2,5,13,2,15,2024-07-07T00:00:00,2024-07-07T21:00:00,2024-07-07T00:00:00,12.856827,75.079567,Case registered at Chikkaballapur PS 5 regarding cheating. Investigation ongoing under IO Turvi.
370,100170689202500370,202500370,2025-05-03,1168,689,4,2,1,3,1,34,2025-05-03T00:00:00,2025-05-04T16:00:00,2025-05-03T00:00:00,13.99056,76.856587,Case registered at Kalaburagi PS 55 regarding grievous hurt. Investigation ongoing under IO Udarsh.
371,100040145202300371,202300371,2023-02-25,1095,145,1,1,3,9,1,7,2023-02-25T00:00:00,2023-02-25T16:00:00,2023-02-25T00:00:00,11.839582,78.401327,Case registered at Bengaluru Rural PS 2 regarding dowry harassment. Investigation ongoing under IO Balendra.
372,100020034202600372,202600372,2026-06-26,610,34,2,1,3,8,1,4,2026-06-26T00:00:00,2026-06-28T00:00:00,2026-06-26T00:00:00,14.487551,74.817303,Case registered at Ballari PS 5 regarding domestic violence. Investigation ongoing under IO Gaurav.
373,100120511202600373,202600373,2026-02-25,2272,511,1,2,5,13,1,23,2026-02-25T00:00:00,2026-02-25T02:00:00,2026-02-25T00:00:00,14.658414,74.939331,Case registered at Davanagere PS 22 regarding cheating. Investigation ongoing under IO Avi.
374,100250933202400374,202400374,2024-03-10,1647,933,3,2,3,10,3,50,2024-03-10T00:00:00,2024-03-11T16:00:00,2024-03-10T00:00:00,14.521956,76.709597,Case registered at Shivamogga PS 11 regarding sexual assault. Investigation ongoing under IO Ishaan.
375,100301073202400375,202400375,2024-06-17,421,1073,2,2,6,16,1,60,2024-06-17T00:00:00,2024-06-18T23:00:00,2024-06-17T00:00:00,17.239031,75.926624,Case registered at Yadgir PS 6 regarding identity theft. Investigation ongoing under IO Benjamin.
376,100140570202400376,202400376,2024-10-25,1676,570,2,1,1,3,2,27,2024-10-25T00:00:00,2024-10-25T09:00:00,2024-10-25T00:00:00,14.894413,75.429987,Case registered at Gadag PS 23 regarding grievous hurt. Investigation ongoing under IO Aashi.
377,100271005202500377,202500377,2025-05-26,2107,1005,2,2,4,12,4,53,2025-05-26T00:00:00,2025-05-26T16:00:00,2025-05-26T00:00:00,15.878458,77.498719,Case registered at Udupi PS 25 regarding public nuisance. Investigation ongoing under IO Gayathri.
378,100281032202500378,202500378,2025-01-25,1883,1032,1,2,6,16,2,56,2025-01-25T00:00:00,2025-01-25T14:00:00,2025-01-25T00:00:00,16.761109,74.224354,Case registered at Uttara Kannada PS 23 regarding identity theft. Investigation ongoing under IO Gaurav.
379,100200760202500379,202500379,2025-06-19,196,760,1,2,1,2,2,39,2025-06-19T00:00:00,2025-06-19T20:00:00,2025-06-19T00:00:00,17.29975,78.075181,Case registered at Koppal PS 11 regarding attempt to murder. Investigation ongoing under IO Qabil.
380,100120491202400380,202400380,2024-08-07,567,491,3,2,6,16,2,23,2024-08-07T00:00:00,2024-08-07T17:00:00,2024-08-07T00:00:00,14.633651,76.114601,Case registered at Davanagere PS 2 regarding identity theft. Investigation ongoing under IO Kashvi.
381,100100410202400381,202400381,2024-09-02,852,410,1,2,3,9,1,19,2024-09-02T00:00:00,2024-09-02T03:00:00,2024-09-02T00:00:00,16.963611,76.959409,Case registered at Chitradurga PS 7 regarding dowry harassment. Investigation ongoing under IO Nakul.
382,100230866202500382,202500382,2025-01-18,534,866,1,2,2,5,4,46,2025-01-18T00:00:00,2025-01-19T19:00:00,2025-01-18T00:00:00,18.290203,76.90397,Case registered at Raichur PS 2 regarding robbery. Investigation ongoing under IO Hiral.
383,100220864202300383,202300383,2023-06-09,1288,864,1,2,6,16,4,43,2023-06-09T00:00:00,2023-06-09T21:00:00,2023-06-09T00:00:00,15.323806,77.141098,Case registered at Mysuru PS 57 regarding identity theft. Investigation ongoing under IO Rishi.
384,100210786202600384,202600384,2026-01-26,1528,786,3,2,6,15,3,42,2026-01-26T00:00:00,2026-01-27T14:00:00,2026-01-26T00:00:00,14.347989,78.498574,Case registered at Mandya PS 8 regarding online fraud. Investigation ongoing under IO Dalbir.
385,100120496202600385,202600385,2026-06-30,275,496,1,2,2,5,1,24,2026-06-30T00:00:00,2026-07-01T11:00:00,2026-06-30T00:00:00,12.057182,78.028085,Case registered at Davanagere PS 7 regarding robbery. Investigation ongoing under IO Lakshmi.
386,100050263202300386,202300386,2023-01-06,1156,263,1,2,5,14,1,9,2023-01-06T00:00:00,2023-01-07T09:00:00,2023-01-06T00:00:00,17.831003,75.039279,Case registered at Bengaluru Urban PS 91 regarding criminal breach of trust. Investigation ongoing under IO Amrita.
387,100060290202400387,202400387,2024-12-28,1714,290,1,2,2,6,3,11,2024-12-28T00:00:00,2024-12-29T10:00:00,2024-12-28T00:00:00,13.97498,78.373985,Case registered at Bidar PS 3 regarding burglary. Investigation ongoing under IO Harshil.
388,100200769202400388,202400388,2024-11-07,1544,769,1,2,5,13,2,39,2024-11-07T00:00:00,2024-11-07T07:00:00,2024-11-07T00:00:00,13.062899,74.945456,Case registered at Koppal PS 20 regarding cheating. Investigation ongoing under IO Mekhala.
389,100050209202300389,202300389,2023-12-22,792,209,1,2,3,8,1,9,2023-12-22T00:00:00,2023-12-22T13:00:00,2023-12-22T00:00:00,13.610916,75.847256,Case registered at Bengaluru Urban PS 37 regarding domestic violence. Investigation ongoing under IO Ganga.
390,100190739202600390,202600390,2026-06-11,1310,739,1,2,6,16,2,38,2026-06-11T00:00:00,2026-06-11T21:00:00,2026-06-11T00:00:00,13.21419,77.681012,Case registered at Kolar PS 19 regarding identity theft. Investigation ongoing under IO Madhav.
391,100210780202600391,202600391,2026-06-15,543,780,1,2,1,3,1,42,2026-06-15T00:00:00,2026-06-16T02:00:00,2026-06-15T00:00:00,12.511184,77.404246,Case registered at Mandya PS 2 regarding grievous hurt. Investigation ongoing under IO Bimala.
392,100190721202500392,202500392,2025-10-05,202,721,1,2,2,7,3,37,2025-10-05T00:00:00,2025-10-06T18:00:00,2025-10-05T00:00:00,12.591217,74.214482,Case registered at Kolar PS 1 regarding vehicle theft. Investigation ongoing under IO Anay.
393,100291057202500393,202500393,2025-03-29,1180,1057,1,2,4,11,2,57,2025-03-29T00:00:00,2025-03-29T17:00:00,2025-03-29T00:00:00,16.980805,77.826066,Case registered at Vijayapura PS 19 regarding gambling. Investigation ongoing under IO Wishi.
394,100050193202500394,202500394,2025-03-07,904,193,1,2,3,9,2,10,2025-03-07T00:00:00,2025-03-08T05:00:00,2025-03-07T00:00:00,15.209733,78.263032,Case registered at Bengaluru Urban PS 21 regarding dowry harassment. Investigation ongoing under IO Devansh.
395,100050201202400395,202400395,2024-02-01,2414,201,1,2,1,2,1,10,2024-02-01T00:00:00,2024-02-02T13:00:00,2024-02-01T00:00:00,17.737345,74.366351,Case registered at Bengaluru Urban PS 29 regarding attempt to murder. Investigation ongoing under IO Yashvi.
396,100030098202500396,202500396,2025-01-10,2298,98,1,2,4,11,1,6,2025-01-10T00:00:00,2025-01-11T03:00:00,2025-01-10T00:00:00,17.602394,78.403639,Case registered at Belagavi PS 12 regarding gambling. Investigation ongoing under IO Wahab.
397,100301096202400397,202400397,2024-01-16,2198,1096,3,2,2,5,4,59,2024-01-16T00:00:00,2024-01-17T00:00:00,2024-01-16T00:00:00,15.183208,74.709607,Case registered at Yadgir PS 29 regarding robbery. Investigation ongoing under IO Ekiya.
398,100260979202400398,202400398,2024-10-22,2457,979,3,2,6,16,2,52,2024-10-22T00:00:00,2024-10-22T18:00:00,2024-10-22T00:00:00,13.466858,77.259273,Case registered at Tumakuru PS 28 regarding identity theft. Investigation ongoing under IO Arjun.
399,100040148202500399,202500399,2025-01-03,458,148,2,2,4,12,2,8,2025-01-03T00:00:00,2025-01-04T23:00:00,2025-01-03T00:00:00,15.199841,75.963132,Case registered at Bengaluru Rural PS 5 regarding public nuisance. Investigation ongoing under IO Anjali.
400,100140576202300400,202300400,2023-10-24,881,576,1,2,3,10,1,27,2023-10-24T00:00:00,2023-10-24T04:00:00,2023-10-24T00:00:00,14.861262,75.886965,Case registered at Gadag PS 29 regarding sexual assault. Investigation ongoing under IO Xalak.
401,100130535202400401,202400401,2024-07-12,632,535,1,1,1,2,3,25,2024-07-12T00:00:00,2024-07-12T18:00:00,2024-07-12T00:00:00,15.782369,76.012125,Case registered at Dharwad PS 17 regarding attempt to murder. Investigation ongoing under IO Chakrika.
402,100060315202500402,202500402,2025-10-23,1464,315,1,2,1,1,4,11,2025-10-23T00:00:00,2025-10-24T20:00:00,2025-10-23T00:00:00,15.388163,77.960119,Case registered at Bidar PS 28 regarding murder. Investigation ongoing under IO Laban.
403,100240914202600403,202600403,2026-02-23,337,914,1,2,1,2,3,47,2026-02-23T00:00:00,2026-02-24T07:00:00,2026-02-23T00:00:00,15.728619,74.297501,Case registered at Ramanagara PS 21 regarding attempt to murder. Investigation ongoing under IO Jason.
404,100291060202400404,202400404,2024-11-19,1803,1060,1,2,4,12,2,58,2024-11-19T00:00:00,2024-11-19T03:00:00,2024-11-19T00:00:00,14.1788,75.468501,Case registered at Vijayapura PS 22 regarding public nuisance. Investigation ongoing under IO Warhi.
405,100050231202400405,202400405,2024-12-09,1912,231,1,2,5,14,1,9,2024-12-09T00:00:00,2024-12-09T22:00:00,2024-12-09T00:00:00,16.115133,74.505033,Case registered at Bengaluru Urban PS 59 regarding criminal breach of trust. Investigation ongoing under IO Darpan.
406,100160633202300406,202300406,2023-07-15,877,633,1,1,3,10,2,32,2023-07-15T00:00:00,2023-07-16T11:00:00,2023-07-15T00:00:00,12.631211,77.959236,Case registered at Haveri PS 28 regarding sexual assault. Investigation ongoing under IO Charvi.
407,100160619202500407,202500407,2025-06-28,1641,619,1,1,1,2,3,32,2025-06-28T00:00:00,2025-06-29T23:00:00,2025-06-28T00:00:00,15.90847,74.441674,Case registered at Haveri PS 14 regarding attempt to murder. Investigation ongoing under IO Xiti.
408,100020040202300408,202300408,2023-06-09,162,40,1,2,5,13,3,4,2023-06-09T00:00:00,2023-06-10T06:00:00,2023-06-09T00:00:00,16.697992,78.324539,Case registered at Ballari PS 11 regarding cheating. Investigation ongoing under IO Vedika.
409,100190748202600409,202600409,2026-03-30,1824,748,3,2,2,7,2,37,2026-03-30T00:00:00,2026-03-31T04:00:00,2026-03-30T00:00:00,13.999996,74.910532,Case registered at Kolar PS 28 regarding vehicle theft. Investigation ongoing under IO Dakshesh.
410,100030097202600410,202600410,2026-05-21,1269,97,1,2,3,8,4,5,2026-05-21T00:00:00,2026-05-21T15:00:00,2026-05-21T00:00:00,14.53905,77.914903,Case registered at Belagavi PS 11 regarding domestic violence. Investigation ongoing under IO Chakradev.
411,100110468202500411,202500411,2025-01-15,2297,468,2,2,4,12,3,22,2025-01-15T00:00:00,2025-01-15T22:00:00,2025-01-15T00:00:00,17.205662,76.362864,Case registered at Dakshina Kannada PS 36 regarding public nuisance. Investigation ongoing under IO Ojasvi.
412,100070341202300412,202300412,2023-06-04,1321,341,1,2,6,15,3,14,2023-06-04T00:00:00,2023-06-05T08:00:00,2023-06-04T00:00:00,12.161737,74.497745,Case registered at Chamarajanagar PS 25 regarding online fraud. Investigation ongoing under IO Hemani.
413,100180702202300413,202300413,2023-06-24,2094,702,1,2,4,11,4,36,2023-06-24T00:00:00,2023-06-25T18:00:00,2023-06-24T00:00:00,12.581814,74.947957,Case registered at Kodagu PS 11 regarding gambling. Investigation ongoing under IO Chakradev.
414,100050200202300414,202300414,2023-08-16,1595,200,1,2,2,5,1,9,2023-08-16T00:00:00,2023-08-17T02:00:00,2023-08-16T00:00:00,15.055476,78.040869,Case registered at Bengaluru Urban PS 28 regarding robbery. Investigation ongoing under IO Gaurang.
415,100050193202500415,202500415,2025-10-18,2115,193,1,2,3,10,2,9,2025-10-18T00:00:00,2025-10-19T01:00:00,2025-10-18T00:00:00,16.066041,74.473699,Case registered at Bengaluru Urban PS 21 regarding sexual assault. Investigation ongoing under IO Vaishnavi.
416,100120513202600416,202600416,2026-03-11,64,513,1,2,5,14,1,23,2026-03-11T00:00:00,2026-03-11T08:00:00,2026-03-11T00:00:00,13.886793,77.045217,Case registered at Davanagere PS 24 regarding criminal breach of trust. Investigation ongoing under IO Saanvi.
417,100120510202500417,202500417,2025-03-26,15,510,2,2,3,8,1,23,2025-03-26T00:00:00,2025-03-26T02:00:00,2025-03-26T00:00:00,14.479417,77.380864,Case registered at Davanagere PS 21 regarding domestic violence. Investigation ongoing under IO Fariq.
418,100270984202400418,202400418,2024-09-29,1414,984,1,2,3,9,1,53,2024-09-29T00:00:00,2024-09-29T06:00:00,2024-09-29T00:00:00,16.593952,75.399588,Case registered at Udupi PS 4 regarding dowry harassment. Investigation ongoing under IO Advik.
419,100160622202300419,202300419,2023-05-31,20,622,1,2,6,16,1,32,2023-05-31T00:00:00,2023-06-01T17:00:00,2023-05-31T00:00:00,13.322916,77.722096,Case registered at Haveri PS 17 regarding identity theft. Investigation ongoing under IO Yash.
420,100250932202400420,202400420,2024-04-22,969,932,3,2,6,16,1,49,2024-04-22T00:00:00,2024-04-23T03:00:00,2024-04-22T00:00:00,12.80392,76.668663,Case registered at Shivamogga PS 10 regarding identity theft. Investigation ongoing under IO Hemangini.
421,100190738202600421,202600421,2026-04-02,481,738,2,2,3,9,1,37,2026-04-02T00:00:00,2026-04-03T07:00:00,2026-04-02T00:00:00,14.891994,78.568856,Case registered at Kolar PS 18 regarding dowry harassment. Investigation ongoing under IO Wridesh.
422,100220854202300422,202300422,2023-01-24,1671,854,3,2,4,11,1,43,2023-01-24T00:00:00,2023-01-25T07:00:00,2023-01-24T00:00:00,17.934118,77.596224,Case registered at Mysuru PS 47 regarding gambling. Investigation ongoing under IO Anvi.
423,100080354202400423,202400423,2024-01-19,688,354,1,2,1,2,1,15,2024-01-19T00:00:00,2024-01-19T16:00:00,2024-01-19T00:00:00,13.176432,77.14829,Case registered at Chikkaballapur PS 9 regarding attempt to murder. Investigation ongoing under IO Jacob.
424,100220817202600424,202600424,2026-06-07,1397,817,1,2,2,5,2,44,2026-06-07T00:00:00,2026-06-07T20:00:00,2026-06-07T00:00:00,13.797207,74.646644,Case registered at Mysuru PS 10 regarding robbery. Investigation ongoing under IO Vamakshi.
425,100170637202300425,202300425,2023-10-21,1819,637,1,1,1,2,2,34,2023-10-21T00:00:00,2023-10-21T02:00:00,2023-10-21T00:00:00,18.200236,75.679752,Case registered at Kalaburagi PS 3 regarding attempt to murder. Investigation ongoing under IO Pranit.
426,100220850202400426,202400426,2024-03-03,2212,850,4,2,5,13,3,44,2024-03-03T00:00:00,2024-03-04T08:00:00,2024-03-03T00:00:00,12.684461,78.073521,Case registered at Mysuru PS 43 regarding cheating. Investigation ongoing under IO Barkha.
427,100010008202300427,202300427,2023-06-18,1219,8,2,2,4,12,2,2,2023-06-18T00:00:00,2023-06-19T08:00:00,2023-06-18T00:00:00,12.054398,75.266963,Case registered at Bagalkot PS 8 regarding public nuisance. Investigation ongoing under IO Maanav.
428,100180700202400428,202400428,2024-08-21,55,700,2,2,2,5,2,36,2024-08-21T00:00:00,2024-08-21T16:00:00,2024-08-21T00:00:00,15.052283,76.269692,Case registered at Kodagu PS 9 regarding robbery. Investigation ongoing under IO Vedika.
429,100020057202600429,202600429,2026-06-18,489,57,1,1,1,3,3,3,2026-06-18T00:00:00,2026-06-18T09:00:00,2026-06-18T00:00:00,15.338019,77.316004,Case registered at Ballari PS 28 regarding grievous hurt. Investigation ongoing under IO Urvashi.
430,100200762202400430,202400430,2024-10-22,2476,762,3,2,1,2,2,39,2024-10-22T00:00:00,2024-10-22T02:00:00,2024-10-22T00:00:00,13.520472,74.758419,Case registered at Koppal PS 13 regarding attempt to murder. Investigation ongoing under IO Jonathan.
431,100260963202500431,202500431,2025-07-09,1889,963,1,2,6,16,2,52,2025-07-09T00:00:00,2025-07-09T13:00:00,2025-07-09T00:00:00,13.620055,76.922639,Case registered at Tumakuru PS 12 regarding identity theft. Investigation ongoing under IO Gaurang.
432,100150601202500432,202500432,2025-08-22,126,601,1,2,4,11,3,30,2025-08-22T00:00:00,2025-08-23T21:00:00,2025-08-22T00:00:00,11.66449,74.302751,Case registered at Hassan PS 25 regarding gambling. Investigation ongoing under IO Jeet.
433,100030121202300433,202300433,2023-07-25,991,121,1,2,2,7,1,5,2023-07-25T00:00:00,2023-07-25T12:00:00,2023-07-25T00:00:00,16.714566,74.847995,Case registered at Belagavi PS 35 regarding vehicle theft. Investigation ongoing under IO Ekantika.
434,100110446202400434,202400434,2024-11-06,1837,446,1,2,6,16,3,21,2024-11-06T00:00:00,2024-11-06T16:00:00,2024-11-06T00:00:00,12.673819,76.478038,Case registered at Dakshina Kannada PS 14 regarding identity theft. Investigation ongoing under IO Vyanjana.
435,100170665202300435,202300435,2023-01-22,2479,665,1,2,2,5,2,33,2023-01-22T00:00:00,2023-01-23T04:00:00,2023-01-22T00:00:00,16.381563,76.926313,Case registered at Kalaburagi PS 31 regarding robbery. Investigation ongoing under IO Darpan.
436,100060295202300436,202300436,2023-05-06,1097,295,2,2,4,12,4,11,2023-05-06T00:00:00,2023-05-06T15:00:00,2023-05-06T00:00:00,15.829415,75.406574,Case registered at Bidar PS 8 regarding public nuisance. Investigation ongoing under IO Vamakshi.
437,100110477202400437,202400437,2024-07-21,207,477,1,2,6,15,1,21,2024-07-21T00:00:00,2024-07-21T12:00:00,2024-07-21T00:00:00,14.477084,74.466766,Case registered at Dakshina Kannada PS 45 regarding online fraud. Investigation ongoing under IO Reyansh.
438,100220819202300438,202300438,2023-04-09,393,819,1,2,2,6,3,44,2023-04-09T00:00:00,2023-04-09T23:00:00,2023-04-09T00:00:00,16.419172,75.681933,Case registered at Mysuru PS 12 regarding burglary. Investigation ongoing under IO Parth.
439,100180708202300439,202300439,2023-02-13,1271,708,1,2,6,15,2,36,2023-02-13T00:00:00,2023-02-14T16:00:00,2023-02-13T00:00:00,17.934884,78.48089,Case registered at Kodagu PS 17 regarding online fraud. Investigation ongoing under IO Charvi.
440,100230886202400440,202400440,2024-05-01,300,886,1,2,1,1,1,46,2024-05-01T00:00:00,2024-05-02T12:00:00,2024-05-01T00:00:00,12.646131,75.446205,Case registered at Raichur PS 22 regarding murder. Investigation ongoing under IO Leena.
441,100050197202300441,202300441,2023-04-13,1989,197,2,2,5,13,3,9,2023-04-13T00:00:00,2023-04-13T18:00:00,2023-04-13T00:00:00,15.25804,74.952771,Case registered at Bengaluru Urban PS 25 regarding cheating. Investigation ongoing under IO Yasti.
442,100220862202600442,202600442,2026-05-05,2422,862,1,1,3,10,2,44,2026-05-05T00:00:00,2026-05-05T11:00:00,2026-05-05T00:00:00,16.759469,76.466993,Case registered at Mysuru PS 55 regarding sexual assault. Investigation ongoing under IO Falguni.
443,100301093202400443,202400443,2024-03-30,2132,1093,1,2,4,12,3,60,2024-03-30T00:00:00,2024-03-30T19:00:00,2024-03-30T00:00:00,12.302033,75.174395,Case registered at Yadgir PS 26 regarding public nuisance. Investigation ongoing under IO Yatan.
444,100271007202300444,202300444,2023-07-26,1439,1007,1,2,3,9,3,54,2023-07-26T00:00:00,2023-07-26T20:00:00,2023-07-26T00:00:00,17.182982,74.95325,Case registered at Udupi PS 27 regarding dowry harassment. Investigation ongoing under IO Oliver.
445,100170679202400445,202400445,2024-03-14,1975,679,1,2,4,12,3,33,2024-03-14T00:00:00,2024-03-15T08:00:00,2024-03-14T00:00:00,16.203647,74.45734,Case registered at Kalaburagi PS 45 regarding public nuisance. Investigation ongoing under IO Maanav.
446,100291039202300446,202300446,2023-03-16,2327,1039,1,2,5,13,3,58,2023-03-16T00:00:00,2023-03-17T09:00:00,2023-03-16T00:00:00,15.891462,75.089747,Case registered at Vijayapura PS 1 regarding cheating. Investigation ongoing under IO Nitesh.
447,100110463202300447,202300447,2023-02-06,436,463,1,2,6,16,2,22,2023-02-06T00:00:00,2023-02-07T01:00:00,2023-02-06T00:00:00,13.735825,75.248761,Case registered at Dakshina Kannada PS 31 regarding identity theft. Investigation ongoing under IO Falguni.
448,100040162202500448,202500448,2025-01-25,1075,162,1,2,6,15,1,7,2025-01-25T00:00:00,2025-01-25T01:00:00,2025-01-25T00:00:00,16.850979,76.331469,Case registered at Bengaluru Rural PS 19 regarding online fraud. Investigation ongoing under IO Bhavani.
449,100090397202500449,202500449,2025-05-02,1602,397,1,2,2,7,2,18,2025-05-02T00:00:00,2025-05-02T10:00:00,2025-05-02T00:00:00,13.658674,74.714347,Case registered at Chikkamagaluru PS 23 regarding vehicle theft. Investigation ongoing under IO Aarini.
450,100050226202500450,202500450,2025-12-27,1560,226,1,2,2,7,2,9,2025-12-27T00:00:00,2025-12-28T15:00:00,2025-12-27T00:00:00,17.856589,77.624737,Case registered at Bengaluru Urban PS 54 regarding vehicle theft. Investigation ongoing under IO Advay.
451,100050257202400451,202400451,2024-10-07,1245,257,3,2,4,11,3,10,2024-10-07T00:00:00,2024-10-07T14:00:00,2024-10-07T00:00:00,15.409353,77.077771,Case registered at Bengaluru Urban PS 85 regarding gambling. Investigation ongoing under IO Tanay.
452,100050176202400452,202400452,2024-04-19,1823,176,1,2,6,15,3,9,2024-04-19T00:00:00,2024-04-20T09:00:00,2024-04-19T00:00:00,13.706081,76.072005,Case registered at Bengaluru Urban PS 4 regarding online fraud. Investigation ongoing under IO Reyansh.
453,100190725202500453,202500453,2025-03-09,625,725,1,2,4,11,2,38,2025-03-09T00:00:00,2025-03-10T06:00:00,2025-03-09T00:00:00,15.677576,77.636574,Case registered at Kolar PS 5 regarding gambling. Investigation ongoing under IO Logan.
454,100030134202600454,202600454,2026-02-13,989,134,1,2,4,12,1,5,2026-02-13T00:00:00,2026-02-14T15:00:00,2026-02-13T00:00:00,12.152256,78.583674,Case registered at Belagavi PS 48 regarding public nuisance. Investigation ongoing under IO Janya.
455,100010025202400455,202400455,2024-05-19,1868,25,1,2,1,1,3,1,2024-05-19T00:00:00,2024-05-19T15:00:00,2024-05-19T00:00:00,16.723756,76.044773,Case registered at Bagalkot PS 25 regarding murder. Investigation ongoing under IO Akshay.
456,100230867202300456,202300456,2023-04-17,381,867,4,1,3,10,1,46,2023-04-17T00:00:00,2023-04-17T23:00:00,2023-04-17T00:00:00,12.185691,78.469999,Case registered at Raichur PS 3 regarding sexual assault. Investigation ongoing under IO Krisha.
457,100110480202500457,202500457,2025-01-07,2399,480,1,1,1,1,2,22,2025-01-07T00:00:00,2025-01-07T14:00:00,2025-01-07T00:00:00,15.860253,78.507755,Case registered at Dakshina Kannada PS 48 regarding murder. Investigation ongoing under IO Warjas.
458,100170675202400458,202400458,2024-05-13,1590,675,3,2,2,7,2,33,2024-05-13T00:00:00,2024-05-13T16:00:00,2024-05-13T00:00:00,13.373267,74.359908,Case registered at Kalaburagi PS 41 regarding vehicle theft. Investigation ongoing under IO Chatresh.
459,100200760202400459,202400459,2024-06-22,2428,760,1,2,4,11,2,40,2024-06-22T00:00:00,2024-06-23T19:00:00,2024-06-22T00:00:00,11.705914,78.317889,Case registered at Koppal PS 11 regarding gambling. Investigation ongoing under IO Krisha.
460,100170675202300460,202300460,2023-02-18,220,675,1,2,2,7,1,33,2023-02-18T00:00:00,2023-02-18T08:00:00,2023-02-18T00:00:00,16.929647,77.662853,Case registered at Kalaburagi PS 41 regarding vehicle theft. Investigation ongoing under IO Max.
461,100301088202400461,202400461,2024-09-12,2297,1088,1,2,4,11,3,60,2024-09-12T00:00:00,2024-09-12T14:00:00,2024-09-12T00:00:00,12.469426,77.099727,Case registered at Yadgir PS 21 regarding gambling. Investigation ongoing under IO Ojasvi.
462,100210788202300462,202300462,2023-05-10,120,788,1,2,6,15,1,42,2023-05-10T00:00:00,2023-05-11T17:00:00,2023-05-10T00:00:00,13.380229,74.535295,Case registered at Mandya PS 10 regarding online fraud. Investigation ongoing under IO Hemani.
463,100080359202500463,202500463,2025-02-18,2389,359,3,2,2,7,1,16,2025-02-18T00:00:00,2025-02-18T12:00:00,2025-02-18T00:00:00,17.350485,74.760913,Case registered at Chikkaballapur PS 14 regarding vehicle theft. Investigation ongoing under IO Arin.
464,100040153202400464,202400464,2024-09-25,190,153,2,2,2,5,2,7,2024-09-25T00:00:00,2024-09-25T21:00:00,2024-09-25T00:00:00,15.713999,76.390791,Case registered at Bengaluru Rural PS 10 regarding robbery. Investigation ongoing under IO Anamika.
465,100220813202500465,202500465,2025-03-20,780,813,2,2,2,5,1,44,2025-03-20T00:00:00,2025-03-20T12:00:00,2025-03-20T00:00:00,12.09273,77.662999,Case registered at Mysuru PS 6 regarding robbery. Investigation ongoing under IO Tristan.
466,100050175202300466,202300466,2023-05-31,1604,175,1,2,6,15,4,10,2023-05-31T00:00:00,2023-06-01T04:00:00,2023-05-31T00:00:00,11.680576,77.268226,Case registered at Bengaluru Urban PS 3 regarding online fraud. Investigation ongoing under IO Umang.
467,100070341202600467,202600467,2026-07-10,2095,341,1,2,6,15,2,13,2026-07-10T00:00:00,2026-07-11T07:00:00,2026-07-10T00:00:00,17.035723,74.180851,Case registered at Chamarajanagar PS 25 regarding online fraud. Investigation ongoing under IO Avi.
468,100271004202600468,202600468,2026-06-09,1337,1004,1,2,2,7,1,54,2026-06-09T00:00:00,2026-06-10T22:00:00,2026-06-09T00:00:00,14.003681,74.420322,Case registered at Udupi PS 24 regarding vehicle theft. Investigation ongoing under IO Qabil.
469,100060315202500469,202500469,2025-12-19,1113,315,1,2,6,15,3,12,2025-12-19T00:00:00,2025-12-19T14:00:00,2025-12-19T00:00:00,12.942941,76.101725,Case registered at Bidar PS 28 regarding online fraud. Investigation ongoing under IO Peter.
470,100160626202300470,202300470,2023-01-19,1036,626,1,1,1,2,1,31,2023-01-19T00:00:00,2023-01-19T17:00:00,2023-01-19T00:00:00,14.248837,76.005113,Case registered at Haveri PS 21 regarding attempt to murder. Investigation ongoing under IO Chandani.
471,100160606202300471,202300471,2023-07-16,2498,606,1,2,1,2,4,32,2023-07-16T00:00:00,2023-07-17T03:00:00,2023-07-16T00:00:00,15.783862,78.499834,Case registered at Haveri PS 1 regarding attempt to murder. Investigation ongoing under IO Ishwar.
472,100110482202400472,202400472,2024-12-17,1254,482,3,2,6,15,2,22,2024-12-17T00:00:00,2024-12-18T20:00:00,2024-12-17T00:00:00,12.785626,75.563367,Case registered at Dakshina Kannada PS 50 regarding online fraud. Investigation ongoing under IO Kavya.
473,100190735202500473,202500473,2025-12-28,2429,735,3,2,5,13,2,38,2025-12-28T00:00:00,2025-12-28T20:00:00,2025-12-28T00:00:00,12.058367,78.088696,Case registered at Kolar PS 15 regarding cheating. Investigation ongoing under IO Peter.
474,100160626202400474,202400474,2024-11-09,1025,626,1,2,2,7,1,31,2024-11-09T00:00:00,2024-11-10T12:00:00,2024-11-09T00:00:00,12.196789,75.789651,Case registered at Haveri PS 21 regarding vehicle theft. Investigation ongoing under IO Mitali.
475,100291053202400475,202400475,2024-02-05,533,1053,1,2,4,11,3,57,2024-02-05T00:00:00,2024-02-06T08:00:00,2024-02-05T00:00:00,11.647821,78.546591,Case registered at Vijayapura PS 15 regarding gambling. Investigation ongoing under IO Neel.
476,100311108202500476,202500476,2025-11-29,2298,1108,1,2,2,6,3,62,2025-11-29T00:00:00,2025-11-29T17:00:00,2025-11-29T00:00:00,15.085201,74.482602,Case registered at Vijayanagara PS 12 regarding burglary. Investigation ongoing under IO Wahab.
477,100050226202300477,202300477,2023-03-30,1746,226,1,2,5,13,1,10,2023-03-30T00:00:00,2023-03-31T05:00:00,2023-03-30T00:00:00,13.536703,75.068394,Case registered at Bengaluru Urban PS 54 regarding cheating. Investigation ongoing under IO Hema.
478,100281018202400478,202400478,2024-11-06,1550,1018,1,2,5,13,2,56,2024-11-06T00:00:00,2024-11-06T20:00:00,2024-11-06T00:00:00,18.372783,75.003172,Case registered at Uttara Kannada PS 9 regarding cheating. Investigation ongoing under IO Nachiket.
479,100180697202300479,202300479,2023-09-24,768,697,4,2,3,10,1,35,2023-09-24T00:00:00,2023-09-25T02:00:00,2023-09-24T00:00:00,17.921937,77.143533,Case registered at Kodagu PS 6 regarding sexual assault. Investigation ongoing under IO Shaurya.
480,100170643202500480,202500480,2025-01-23,610,643,1,2,4,11,1,34,2025-01-23T00:00:00,2025-01-23T13:00:00,2025-01-23T00:00:00,12.372114,75.156792,Case registered at Kalaburagi PS 9 regarding gambling. Investigation ongoing under IO Gaurav.
481,100020030202500481,202500481,2025-05-07,424,30,1,2,4,12,4,3,2025-05-07T00:00:00,2025-05-08T11:00:00,2025-05-07T00:00:00,17.511264,78.169218,Case registered at Ballari PS 1 regarding public nuisance. Investigation ongoing under IO Hemal.
482,100170639202400482,202400482,2024-03-19,1680,639,1,2,2,7,3,33,2024-03-19T00:00:00,2024-03-19T17:00:00,2024-03-19T00:00:00,15.520597,76.762788,Case registered at Kalaburagi PS 5 regarding vehicle theft. Investigation ongoing under IO Viraj.
483,100170691202300483,202300483,2023-02-17,1769,691,1,2,4,11,2,34,2023-02-17T00:00:00,2023-02-17T22:00:00,2023-02-17T00:00:00,11.761548,77.31799,Case registered at Kalaburagi PS 57 regarding gambling. Investigation ongoing under IO Omisha.
484,100110474202600484,202600484,2026-04-19,2368,474,2,2,1,3,4,21,2026-04-19T00:00:00,2026-04-19T15:00:00,2026-04-19T00:00:00,12.364829,77.910464,Case registered at Dakshina Kannada PS 42 regarding grievous hurt. Investigation ongoing under IO Lucky.
485,100170664202500485,202500485,2025-10-02,683,664,2,2,5,14,3,33,2025-10-02T00:00:00,2025-10-02T11:00:00,2025-10-02T00:00:00,12.022549,74.890172,Case registered at Kalaburagi PS 30 regarding criminal breach of trust. Investigation ongoing under IO Charan.
486,100240902202300486,202300486,2023-11-15,1889,902,1,1,3,9,1,48,2023-11-15T00:00:00,2023-11-16T12:00:00,2023-11-15T00:00:00,16.325163,76.158658,Case registered at Ramanagara PS 9 regarding dowry harassment. Investigation ongoing under IO Gaurang.
487,100060314202600487,202600487,2026-01-22,2453,314,1,2,4,11,1,11,2026-01-22T00:00:00,2026-01-22T05:00:00,2026-01-22T00:00:00,17.67635,77.16028,Case registered at Bidar PS 27 regarding gambling. Investigation ongoing under IO Upkaar.
488,100220823202500488,202500488,2025-02-13,263,823,1,2,4,12,1,43,2025-02-13T00:00:00,2025-02-13T17:00:00,2025-02-13T00:00:00,17.703456,78.04854,Case registered at Mysuru PS 16 regarding public nuisance. Investigation ongoing under IO Maanav.
489,100301070202500489,202500489,2025-06-20,1931,1070,1,2,6,15,1,60,2025-06-20T00:00:00,2025-06-21T00:00:00,2025-06-20T00:00:00,14.904112,78.132696,Case registered at Yadgir PS 3 regarding online fraud. Investigation ongoing under IO Arjun.
490,100170671202300490,202300490,2023-05-18,210,671,1,2,5,13,3,33,2023-05-18T00:00:00,2023-05-20T00:00:00,2023-05-18T00:00:00,17.143646,76.283266,Case registered at Kalaburagi PS 37 regarding cheating. Investigation ongoing under IO Barkha.
491,100190747202600491,202600491,2026-07-02,1888,747,2,2,4,12,3,38,2026-07-02T00:00:00,2026-07-03T04:00:00,2026-07-02T00:00:00,15.952025,77.993518,Case registered at Kolar PS 27 regarding public nuisance. Investigation ongoing under IO Pranit.
492,100200751202300492,202300492,2023-07-10,1879,751,3,2,2,5,4,39,2023-07-10T00:00:00,2023-07-11T02:00:00,2023-07-10T00:00:00,17.505108,77.631308,Case registered at Koppal PS 2 regarding robbery. Investigation ongoing under IO Nitesh.
493,100291058202500493,202500493,2025-11-08,2112,1058,1,2,3,10,1,58,2025-11-08T00:00:00,2025-11-10T00:00:00,2025-11-08T00:00:00,15.022547,74.786211,Case registered at Vijayapura PS 20 regarding sexual assault. Investigation ongoing under IO Neelima.
494,100040146202500494,202500494,2025-12-30,2096,146,1,2,6,16,2,8,2025-12-30T00:00:00,2025-12-30T05:00:00,2025-12-30T00:00:00,15.655889,77.76513,Case registered at Bengaluru Rural PS 3 regarding identity theft. Investigation ongoing under IO Lajita.
495,100070336202600495,202600495,2026-03-22,2498,336,1,2,4,11,1,13,2026-03-22T00:00:00,2026-03-23T07:00:00,2026-03-22T00:00:00,17.406283,77.700081,Case registered at Chamarajanagar PS 20 regarding gambling. Investigation ongoing under IO Ishwar.
496,100080370202300496,202300496,2023-06-15,1377,370,1,1,1,2,2,16,2023-06-15T00:00:00,2023-06-15T12:00:00,2023-06-15T00:00:00,13.940132,74.662661,Case registered at Chikkaballapur PS 25 regarding attempt to murder. Investigation ongoing under IO Aadi.
497,100010007202400497,202400497,2024-11-03,1859,7,4,2,4,11,1,1,2024-11-03T00:00:00,2024-11-03T17:00:00,2024-11-03T00:00:00,18.317524,76.674563,Case registered at Bagalkot PS 7 regarding gambling. Investigation ongoing under IO Darika.
498,100050279202300498,202300498,2023-09-28,1907,279,2,2,2,4,1,10,2023-09-28T00:00:00,2023-09-28T02:00:00,2023-09-28T00:00:00,13.879958,75.160687,Case registered at Bengaluru Urban PS 107 regarding theft. Investigation ongoing under IO Urishilla.
499,100070332202400499,202400499,2024-08-05,257,332,1,1,3,9,3,13,2024-08-05T00:00:00,2024-08-06T11:00:00,2024-08-05T00:00:00,12.484398,74.351891,Case registered at Chamarajanagar PS 16 regarding dowry harassment. Investigation ongoing under IO Wriddhish.
500,100301070202300500,202300500,2023-12-27,2144,1070,1,2,1,1,3,60,2023-12-27T00:00:00,2023-12-27T21:00:00,2023-12-27T00:00:00,14.542981,74.190917,Case registered at Yadgir PS 3 regarding murder. Investigation ongoing under IO Zayan.
501,100311107202600501,202600501,2026-02-11,687,1107,3,2,4,11,1,61,2026-02-11T00:00:00,2026-02-12T04:00:00,2026-02-11T00:00:00,17.842156,74.956732,Case registered at Vijayanagara PS 11 regarding gambling. Investigation ongoing under IO Siddharth.
502,100010015202500502,202500502,2025-04-12,909,15,1,2,5,13,1,2,2025-04-12T00:00:00,2025-04-13T17:00:00,2025-04-12T00:00:00,17.130208,77.470204,Case registered at Bagalkot PS 15 regarding cheating. Investigation ongoing under IO Chaitanya.
503,100050260202300503,202300503,2023-12-15,1279,260,1,2,4,11,3,10,2023-12-15T00:00:00,2023-12-15T10:00:00,2023-12-15T00:00:00,11.88396,77.343376,Case registered at Bengaluru Urban PS 88 regarding gambling. Investigation ongoing under IO Dalaja.
504,100030142202500504,202500504,2025-01-06,1638,142,2,2,4,12,3,6,2025-01-06T00:00:00,2025-01-06T22:00:00,2025-01-06T00:00:00,13.183357,75.798481,Case registered at Belagavi PS 56 regarding public nuisance. Investigation ongoing under IO Ojas.
505,100020060202300505,202300505,2023-01-22,980,60,1,2,4,11,3,4,2023-01-22T00:00:00,2023-01-23T14:00:00,2023-01-22T00:00:00,17.992114,76.680345,Case registered at Ballari PS 31 regarding gambling. Investigation ongoing under IO Indira.
506,100110462202400506,202400506,2024-05-16,2067,462,1,1,1,3,2,22,2024-05-16T00:00:00,2024-05-16T23:00:00,2024-05-16T00:00:00,12.577709,75.02969,Case registered at Dakshina Kannada PS 30 regarding grievous hurt. Investigation ongoing under IO Netra.
507,100020044202300507,202300507,2023-09-22,679,44,1,2,4,12,2,4,2023-09-22T00:00:00,2023-09-23T01:00:00,2023-09-22T00:00:00,12.081969,75.466343,Case registered at Ballari PS 15 regarding public nuisance. Investigation ongoing under IO Omaja.
508,100040153202600508,202600508,2026-02-19,537,153,1,2,3,8,3,8,2026-02-19T00:00:00,2026-02-20T06:00:00,2026-02-19T00:00:00,12.575203,78.291931,Case registered at Bengaluru Rural PS 10 regarding domestic violence. Investigation ongoing under IO Girik.
509,100050278202500509,202500509,2025-08-27,1898,278,1,2,5,14,1,9,2025-08-27T00:00:00,2025-08-28T23:00:00,2025-08-27T00:00:00,13.641262,74.260744,Case registered at Bengaluru Urban PS 106 regarding criminal breach of trust. Investigation ongoing under IO Shaurya.
510,100190741202300510,202300510,2023-12-04,2388,741,1,2,5,14,2,37,2023-12-04T00:00:00,2023-12-05T15:00:00,2023-12-04T00:00:00,13.519729,77.759577,Case registered at Kolar PS 21 regarding criminal breach of trust. Investigation ongoing under IO Ekani.
511,100030141202400511,202400511,2024-02-18,721,141,1,2,6,16,3,6,2024-02-18T00:00:00,2024-02-19T08:00:00,2024-02-18T00:00:00,15.31868,74.401047,Case registered at Belagavi PS 55 regarding identity theft. Investigation ongoing under IO Vamakshi.
512,100150594202600512,202600512,2026-04-27,667,594,3,2,5,13,2,29,2026-04-27T00:00:00,2026-04-28T22:00:00,2026-04-27T00:00:00,15.381194,76.965734,Case registered at Hassan PS 18 regarding cheating. Investigation ongoing under IO Daksh.
513,100100424202300513,202300513,2023-07-12,1766,424,1,2,2,5,3,20,2023-07-12T00:00:00,2023-07-13T22:00:00,2023-07-12T00:00:00,14.925582,78.561826,Case registered at Chitradurga PS 21 regarding robbery. Investigation ongoing under IO Nidra.
514,100020062202300514,202300514,2023-08-18,94,62,1,2,2,5,3,3,2023-08-18T00:00:00,2023-08-19T14:00:00,2023-08-18T00:00:00,13.45253,77.67546,Case registered at Ballari PS 33 regarding robbery. Investigation ongoing under IO Hemal.
515,100060312202400515,202400515,2024-04-08,482,312,1,2,4,11,2,11,2024-04-08T00:00:00,2024-04-09T09:00:00,2024-04-08T00:00:00,16.102532,78.414533,Case registered at Bidar PS 25 regarding gambling. Investigation ongoing under IO Gaurangi.
516,100220813202500516,202500516,2025-03-24,1016,813,1,2,2,5,1,44,2025-03-24T00:00:00,2025-03-26T00:00:00,2025-03-24T00:00:00,12.003003,76.2685,Case registered at Mysuru PS 6 regarding robbery. Investigation ongoing under IO Chatresh.
517,100010011202600517,202600517,2026-03-29,2219,11,1,2,2,6,3,1,2026-03-29T00:00:00,2026-03-29T22:00:00,2026-03-29T00:00:00,16.264098,76.531884,Case registered at Bagalkot PS 11 regarding burglary. Investigation ongoing under IO Warda.
518,100020067202400518,202400518,2024-06-12,1799,67,1,2,4,12,2,4,2024-06-12T00:00:00,2024-06-12T18:00:00,2024-06-12T00:00:00,14.410407,78.133496,Case registered at Ballari PS 38 regarding public nuisance. Investigation ongoing under IO Sanya.
519,100200758202500519,202500519,2025-06-18,878,758,1,1,1,3,3,39,2025-06-18T00:00:00,2025-06-18T08:00:00,2025-06-18T00:00:00,12.094303,76.479469,Case registered at Koppal PS 9 regarding grievous hurt. Investigation ongoing under IO Ranbir.
520,100130529202300520,202300520,2023-12-26,1556,529,2,2,5,13,2,26,2023-12-26T00:00:00,2023-12-26T15:00:00,2023-12-26T00:00:00,17.889316,78.338192,Case registered at Dharwad PS 11 regarding cheating. Investigation ongoing under IO Lakshmi.
521,100220848202300521,202300521,2023-10-09,2141,848,1,2,2,5,2,44,2023-10-09T00:00:00,2023-10-10T21:00:00,2023-10-09T00:00:00,17.76826,77.160149,Case registered at Mysuru PS 41 regarding robbery. Investigation ongoing under IO Mekhala.
522,100130532202300522,202300522,2023-02-09,2302,532,1,2,5,14,1,26,2023-02-09T00:00:00,2023-02-10T21:00:00,2023-02-09T00:00:00,17.128074,74.15606,Case registered at Dharwad PS 14 regarding criminal breach of trust. Investigation ongoing under IO Qushi.
523,100260975202400523,202400523,2024-12-25,1405,975,3,2,2,7,1,51,2024-12-25T00:00:00,2024-12-27T00:00:00,2024-12-25T00:00:00,18.177158,74.516332,Case registered at Tumakuru PS 24 regarding vehicle theft. Investigation ongoing under IO Brijesh.
524,100270997202300524,202300524,2023-07-06,218,997,1,2,6,15,1,53,2023-07-06T00:00:00,2023-07-06T07:00:00,2023-07-06T00:00:00,14.762838,78.443396,Case registered at Udupi PS 17 regarding online fraud. Investigation ongoing under IO Ishaan.
525,100120503202400525,202400525,2024-10-03,874,503,2,2,2,5,2,24,2024-10-03T00:00:00,2024-10-04T19:00:00,2024-10-03T00:00:00,16.448004,77.953448,Case registered at Davanagere PS 14 regarding robbery. Investigation ongoing under IO Logan.
526,100140569202300526,202300526,2023-05-30,495,569,3,2,1,2,1,28,2023-05-30T00:00:00,2023-05-31T02:00:00,2023-05-30T00:00:00,12.41097,75.383205,Case registered at Gadag PS 22 regarding attempt to murder. Investigation ongoing under IO Widisha.
527,100281015202500527,202500527,2025-07-27,603,1015,1,2,4,11,1,55,2025-07-27T00:00:00,2025-07-27T06:00:00,2025-07-27T00:00:00,13.873473,74.436111,Case registered at Uttara Kannada PS 6 regarding gambling. Investigation ongoing under IO Wriddhish.
528,100220825202500528,202500528,2025-12-20,57,825,1,1,1,3,1,44,2025-12-20T00:00:00,2025-12-21T14:00:00,2025-12-20T00:00:00,11.665459,77.482259,Case registered at Mysuru PS 18 regarding grievous hurt. Investigation ongoing under IO Niharika.
529,100271008202400529,202400529,2024-09-15,1679,1008,1,2,4,11,1,54,2024-09-15T00:00:00,2024-09-15T18:00:00,2024-09-15T00:00:00,17.029415,77.096709,Case registered at Udupi PS 28 regarding gambling. Investigation ongoing under IO Waida.
530,100060306202300530,202300530,2023-05-05,925,306,1,2,2,7,1,11,2023-05-05T00:00:00,2023-05-05T17:00:00,2023-05-05T00:00:00,17.347065,75.789124,Case registered at Bidar PS 19 regarding vehicle theft. Investigation ongoing under IO Arjun.
531,100180703202300531,202300531,2023-10-28,1961,703,1,1,3,9,2,35,2023-10-28T00:00:00,2023-10-29T07:00:00,2023-10-28T00:00:00,13.929666,76.566708,Case registered at Kodagu PS 12 regarding dowry harassment. Investigation ongoing under IO Eta.
532,100110449202500532,202500532,2025-10-15,2375,449,1,2,2,6,1,21,2025-10-15T00:00:00,2025-10-16T07:00:00,2025-10-15T00:00:00,13.184928,75.055368,Case registered at Dakshina Kannada PS 17 regarding burglary. Investigation ongoing under IO Triveni.
533,100090403202300533,202300533,2023-09-11,2185,403,1,2,5,13,1,18,2023-09-11T00:00:00,2023-09-11T09:00:00,2023-09-11T00:00:00,15.915398,78.454024,Case registered at Chikkamagaluru PS 29 regarding cheating. Investigation ongoing under IO Abha.
534,100190731202400534,202400534,2024-09-21,393,731,1,2,6,15,2,37,2024-09-21T00:00:00,2024-09-22T04:00:00,2024-09-21T00:00:00,14.752259,77.076099,Case registered at Kolar PS 11 regarding online fraud. Investigation ongoing under IO Parth.
535,100291061202400535,202400535,2024-03-21,975,1061,1,1,1,3,1,58,2024-03-21T00:00:00,2024-03-22T03:00:00,2024-03-21T00:00:00,16.751414,77.791664,Case registered at Vijayapura PS 23 regarding grievous hurt. Investigation ongoing under IO Amaira.
536,100050183202300536,202300536,2023-01-02,1924,183,1,1,3,8,2,9,2023-01-02T00:00:00,2023-01-03T02:00:00,2023-01-02T00:00:00,12.301511,75.62136,Case registered at Bengaluru Urban PS 11 regarding domestic violence. Investigation ongoing under IO Upma.
537,100030110202300537,202300537,2023-11-03,1916,110,2,2,1,1,4,6,2023-11-03T00:00:00,2023-11-05T00:00:00,2023-11-03T00:00:00,16.166071,75.018658,Case registered at Belagavi PS 24 regarding murder. Investigation ongoing under IO Onkar.
538,100050197202600538,202600538,2026-04-03,1239,197,1,2,5,13,2,10,2026-04-03T00:00:00,2026-04-03T02:00:00,2026-04-03T00:00:00,14.295047,78.462857,Case registered at Bengaluru Urban PS 25 regarding cheating. Investigation ongoing under IO Charan.
539,100281016202300539,202300539,2023-07-18,1499,1016,3,2,3,10,2,55,2023-07-18T00:00:00,2023-07-19T08:00:00,2023-07-18T00:00:00,11.698457,75.61032,Case registered at Uttara Kannada PS 7 regarding sexual assault. Investigation ongoing under IO Vaishnavi.
540,100050180202600540,202600540,2026-02-06,1841,180,1,2,5,14,2,9,2026-02-06T00:00:00,2026-02-06T17:00:00,2026-02-06T00:00:00,18.241318,75.257819,Case registered at Bengaluru Urban PS 8 regarding criminal breach of trust. Investigation ongoing under IO Sanaya.
541,100190734202400541,202400541,2024-05-29,725,734,1,2,5,14,4,37,2024-05-29T00:00:00,2024-05-30T01:00:00,2024-05-29T00:00:00,17.177685,77.155735,Case registered at Kolar PS 14 regarding criminal breach of trust. Investigation ongoing under IO Victor.
542,100160614202600542,202600542,2026-04-18,1649,614,3,2,2,7,1,32,2026-04-18T00:00:00,2026-04-19T14:00:00,2026-04-18T00:00:00,14.72498,77.379414,Case registered at Haveri PS 9 regarding vehicle theft. Investigation ongoing under IO Yasti.
543,100040144202600543,202600543,2026-02-27,1240,144,3,2,1,1,1,7,2026-02-27T00:00:00,2026-02-28T11:00:00,2026-02-27T00:00:00,13.06103,75.714912,Case registered at Bengaluru Rural PS 1 regarding murder. Investigation ongoing under IO Charvi.
544,100050194202600544,202600544,2026-01-14,372,194,1,1,3,10,2,9,2026-01-14T00:00:00,2026-01-15T23:00:00,2026-01-14T00:00:00,12.889911,75.845391,Case registered at Bengaluru Urban PS 22 regarding sexual assault. Investigation ongoing under IO Udarsh.
545,100190749202300545,202300545,2023-02-05,2459,749,1,2,6,15,2,37,2023-02-05T00:00:00,2023-02-05T09:00:00,2023-02-05T00:00:00,18.147305,75.012015,Case registered at Kolar PS 29 regarding online fraud. Investigation ongoing under IO Urvashi.
546,100080372202500546,202500546,2025-04-28,135,372,2,2,6,15,2,15,2025-04-28T00:00:00,2025-04-29T00:00:00,2025-04-28T00:00:00,18.363806,76.722781,Case registered at Chikkaballapur PS 27 regarding online fraud. Investigation ongoing under IO Gautami.
547,100090401202300547,202300547,2023-05-02,2081,401,1,2,3,10,3,17,2023-05-02T00:00:00,2023-05-02T15:00:00,2023-05-02T00:00:00,12.00506,77.62494,Case registered at Chikkamagaluru PS 27 regarding sexual assault. Investigation ongoing under IO Hemal.
548,100010028202400548,202400548,2024-06-02,2217,28,1,2,4,11,3,2,2024-06-02T00:00:00,2024-06-03T12:00:00,2024-06-02T00:00:00,17.76785,75.18061,Case registered at Bagalkot PS 28 regarding gambling. Investigation ongoing under IO Victor.
549,100270998202400549,202400549,2024-06-12,66,998,1,1,3,8,1,54,2024-06-12T00:00:00,2024-06-13T18:00:00,2024-06-12T00:00:00,14.689246,77.953216,Case registered at Udupi PS 18 regarding domestic violence. Investigation ongoing under IO Alexander.
550,100150586202500550,202500550,2025-10-11,506,586,1,2,6,16,2,30,2025-10-11T00:00:00,2025-10-12T10:00:00,2025-10-11T00:00:00,16.171613,75.726494,Case registered at Hassan PS 10 regarding identity theft. Investigation ongoing under IO Raksha.
551,100220846202500551,202500551,2025-09-16,645,846,1,1,1,2,3,44,2025-09-16T00:00:00,2025-09-16T11:00:00,2025-09-16T00:00:00,17.186336,75.358621,Case registered at Mysuru PS 39 regarding attempt to murder. Investigation ongoing under IO Dalbir.
552,100170658202500552,202500552,2025-12-06,257,658,3,1,3,10,2,33,2025-12-06T00:00:00,2025-12-06T22:00:00,2025-12-06T00:00:00,14.061366,77.906434,Case registered at Kalaburagi PS 24 regarding sexual assault. Investigation ongoing under IO Wriddhish.
553,100060306202400553,202400553,2024-05-11,28,306,1,2,6,15,2,11,2024-05-11T00:00:00,2024-05-11T17:00:00,2024-05-11T00:00:00,17.865226,76.6618,Case registered at Bidar PS 19 regarding online fraud. Investigation ongoing under IO Lakshit.
554,100050236202500554,202500554,2025-05-24,380,236,3,2,2,5,1,9,2025-05-24T00:00:00,2025-05-24T03:00:00,2025-05-24T00:00:00,15.015288,77.004461,Case registered at Bengaluru Urban PS 64 regarding robbery. Investigation ongoing under IO Azaan.
555,100060306202400555,202400555,2024-10-06,526,306,1,2,6,15,2,11,2024-10-06T00:00:00,2024-10-07T06:00:00,2024-10-06T00:00:00,13.823162,74.310999,Case registered at Bidar PS 19 regarding online fraud. Investigation ongoing under IO Varenya.
556,100050264202600556,202600556,2026-01-11,1315,264,1,2,4,12,3,10,2026-01-11T00:00:00,2026-01-11T04:00:00,2026-01-11T00:00:00,12.137407,77.059582,Case registered at Bengaluru Urban PS 92 regarding public nuisance. Investigation ongoing under IO Chakradhar.
557,100040169202400557,202400557,2024-06-10,499,169,2,1,3,8,1,8,2024-06-10T00:00:00,2024-06-10T23:00:00,2024-06-10T00:00:00,12.155013,78.241087,Case registered at Bengaluru Rural PS 26 regarding domestic violence. Investigation ongoing under IO Fariq.
558,100190747202600558,202600558,2026-01-16,282,747,2,2,5,14,3,37,2026-01-16T00:00:00,2026-01-17T02:00:00,2026-01-16T00:00:00,17.297513,76.190348,Case registered at Kolar PS 27 regarding criminal breach of trust. Investigation ongoing under IO Faris.
559,100020084202500559,202500559,2025-06-18,482,84,1,2,4,11,4,3,2025-06-18T00:00:00,2025-06-18T20:00:00,2025-06-18T00:00:00,17.023379,76.555648,Case registered at Ballari PS 55 regarding gambling. Investigation ongoing under IO Gaurangi.
560,100070332202600560,202600560,2026-01-30,2207,332,3,2,1,1,1,13,2026-01-30T00:00:00,2026-01-31T11:00:00,2026-01-30T00:00:00,17.439278,76.315848,Case registered at Chamarajanagar PS 16 regarding murder. Investigation ongoing under IO Yahvi.
561,100220824202500561,202500561,2025-04-01,1119,824,1,2,4,11,2,43,2025-04-01T00:00:00,2025-04-02T18:00:00,2025-04-01T00:00:00,12.242605,74.930969,Case registered at Mysuru PS 17 regarding gambling. Investigation ongoing under IO Kashvi.
562,100120517202600562,202600562,2026-07-05,1385,517,3,2,1,1,2,24,2026-07-05T00:00:00,2026-07-06T17:00:00,2026-07-05T00:00:00,16.619169,77.773232,Case registered at Davanagere PS 28 regarding murder. Investigation ongoing under IO Niharika.
563,100100430202500563,202500563,2025-01-09,855,430,2,2,4,11,3,20,2025-01-09T00:00:00,2025-01-10T15:00:00,2025-01-09T00:00:00,12.207232,75.181458,Case registered at Chitradurga PS 27 regarding gambling. Investigation ongoing under IO Anusha.
564,100170685202400564,202400564,2024-09-22,815,685,1,1,1,2,2,34,2024-09-22T00:00:00,2024-09-22T05:00:00,2024-09-22T00:00:00,14.995861,74.718906,Case registered at Kalaburagi PS 51 regarding attempt to murder. Investigation ongoing under IO Vrinda.
565,100020075202600565,202600565,2026-04-11,794,75,1,2,1,1,2,4,2026-04-11T00:00:00,2026-04-11T04:00:00,2026-04-11T00:00:00,13.677758,77.103283,Case registered at Ballari PS 46 regarding murder. Investigation ongoing under IO Quincy.
566,100100422202600566,202600566,2026-07-04,19,422,3,2,6,16,3,20,2026-07-04T00:00:00,2026-07-05T12:00:00,2026-07-04T00:00:00,15.05424,75.868984,Case registered at Chitradurga PS 19 regarding identity theft. Investigation ongoing under IO Ekbal.
567,100180719202600567,202600567,2026-05-02,1821,719,1,1,3,10,3,36,2026-05-02T00:00:00,2026-05-03T14:00:00,2026-05-02T00:00:00,14.218074,75.192702,Case registered at Kodagu PS 28 regarding sexual assault. Investigation ongoing under IO Guneet.
568,100301074202600568,202600568,2026-06-05,1364,1074,1,2,2,6,3,59,2026-06-05T00:00:00,2026-06-05T18:00:00,2026-06-05T00:00:00,14.598299,77.747811,Case registered at Yadgir PS 7 regarding burglary. Investigation ongoing under IO Neel.
569,100020060202500569,202500569,2025-08-30,1126,60,1,2,2,4,1,3,2025-08-30T00:00:00,2025-08-30T12:00:00,2025-08-30T00:00:00,16.507633,75.77709,Case registered at Ballari PS 31 regarding theft. Investigation ongoing under IO Krish.
570,100220808202500570,202500570,2025-06-03,560,808,2,2,2,5,4,43,2025-06-03T00:00:00,2025-06-04T07:00:00,2025-06-03T00:00:00,17.191205,76.623731,Case registered at Mysuru PS 1 regarding robbery. Investigation ongoing under IO Upma.
571,100240894202300571,202300571,2023-04-02,2443,894,1,2,5,13,1,48,2023-04-02T00:00:00,2023-04-03T14:00:00,2023-04-02T00:00:00,13.633402,76.381642,Case registered at Ramanagara PS 1 regarding cheating. Investigation ongoing under IO Anusha.
572,100090376202500572,202500572,2025-04-19,1653,376,1,2,4,11,3,18,2025-04-19T00:00:00,2025-04-19T04:00:00,2025-04-19T00:00:00,13.872017,77.4786,Case registered at Chikkamagaluru PS 2 regarding gambling. Investigation ongoing under IO Charan.
573,100120509202500573,202500573,2025-10-17,37,509,1,2,5,14,1,23,2025-10-17T00:00:00,2025-10-17T03:00:00,2025-10-17T00:00:00,14.927096,74.304236,Case registered at Davanagere PS 20 regarding criminal breach of trust. Investigation ongoing under IO Yashica.
574,100160618202500574,202500574,2025-06-22,44,618,1,2,3,10,1,32,2025-06-22T00:00:00,2025-06-22T22:00:00,2025-06-22T00:00:00,14.744593,75.991154,Case registered at Haveri PS 13 regarding sexual assault. Investigation ongoing under IO Ekapad.
575,100281037202400575,202400575,2024-05-16,1007,1037,2,2,4,12,3,55,2024-05-16T00:00:00,2024-05-16T21:00:00,2024-05-16T00:00:00,14.510554,77.423347,Case registered at Uttara Kannada PS 28 regarding public nuisance. Investigation ongoing under IO Odika.
576,100200762202500576,202500576,2025-06-11,633,762,1,2,6,16,2,39,2025-06-11T00:00:00,2025-06-11T14:00:00,2025-06-11T00:00:00,12.444546,75.663374,Case registered at Koppal PS 13 regarding identity theft. Investigation ongoing under IO Kiaan.
577,100080369202500577,202500577,2025-08-06,482,369,1,2,2,4,1,16,2025-08-06T00:00:00,2025-08-06T21:00:00,2025-08-06T00:00:00,13.062012,76.56876,Case registered at Chikkaballapur PS 24 regarding theft. Investigation ongoing under IO Gaurangi.
578,100030114202400578,202400578,2024-09-08,973,114,1,1,1,3,4,5,2024-09-08T00:00:00,2024-09-09T10:00:00,2024-09-08T00:00:00,17.784895,75.594315,Case registered at Belagavi PS 28 regarding grievous hurt. Investigation ongoing under IO Ishita.
579,100270996202300579,202300579,2023-10-25,1789,996,3,2,2,5,4,53,2023-10-25T00:00:00,2023-10-25T07:00:00,2023-10-25T00:00:00,15.590794,77.993138,Case registered at Udupi PS 16 regarding robbery. Investigation ongoing under IO Ira.
580,100230867202600580,202600580,2026-06-24,1858,867,1,2,3,9,2,46,2026-06-24T00:00:00,2026-06-24T19:00:00,2026-06-24T00:00:00,11.701272,77.259594,Case registered at Raichur PS 3 regarding dowry harassment. Investigation ongoing under IO William.
581,100291040202300581,202300581,2023-10-02,1351,1040,1,2,4,12,1,58,2023-10-02T00:00:00,2023-10-02T18:00:00,2023-10-02T00:00:00,15.867581,78.29535,Case registered at Vijayapura PS 2 regarding public nuisance. Investigation ongoing under IO Viraj.
582,100250946202400582,202400582,2024-06-27,809,946,3,2,1,2,3,50,2024-06-27T00:00:00,2024-06-28T08:00:00,2024-06-27T00:00:00,16.959026,77.031359,Case registered at Shivamogga PS 24 regarding attempt to murder. Investigation ongoing under IO Oscar.
583,100100414202400583,202400583,2024-07-19,229,414,1,2,6,15,1,20,2024-07-19T00:00:00,2024-07-19T19:00:00,2024-07-19T00:00:00,13.887452,75.107034,Case registered at Chitradurga PS 11 regarding online fraud. Investigation ongoing under IO Aarnav.
584,100050188202300584,202300584,2023-03-03,1204,188,1,2,6,15,1,10,2023-03-03T00:00:00,2023-03-04T20:00:00,2023-03-03T00:00:00,12.203802,78.189301,Case registered at Bengaluru Urban PS 16 regarding online fraud. Investigation ongoing under IO Ekanta.
585,100311119202400585,202400585,2024-12-18,1523,1119,1,1,1,1,3,61,2024-12-18T00:00:00,2024-12-19T00:00:00,2024-12-18T00:00:00,15.661077,74.427039,Case registered at Vijayanagara PS 23 regarding murder. Investigation ongoing under IO Aahana.
586,100110484202600586,202600586,2026-01-17,258,484,1,2,4,11,2,21,2026-01-17T00:00:00,2026-01-18T05:00:00,2026-01-17T00:00:00,15.191851,75.303302,Case registered at Dakshina Kannada PS 52 regarding gambling. Investigation ongoing under IO Akshay.
587,100270985202400587,202400587,2024-07-23,1126,985,1,2,4,12,3,54,2024-07-23T00:00:00,2024-07-24T20:00:00,2024-07-23T00:00:00,14.74908,76.570504,Case registered at Udupi PS 5 regarding public nuisance. Investigation ongoing under IO Krish.
588,100210795202500588,202500588,2025-12-14,1054,795,1,2,1,2,2,41,2025-12-14T00:00:00,2025-12-15T22:00:00,2025-12-14T00:00:00,18.282755,76.617569,Case registered at Mandya PS 17 regarding attempt to murder. Investigation ongoing under IO Garima.
589,100050285202600589,202600589,2026-03-26,559,285,2,2,2,5,1,10,2026-03-26T00:00:00,2026-03-26T15:00:00,2026-03-26T00:00:00,12.534122,78.155253,Case registered at Bengaluru Urban PS 113 regarding robbery. Investigation ongoing under IO Ira.
590,100291067202400590,202400590,2024-10-31,1088,1067,1,2,2,4,3,58,2024-10-31T00:00:00,2024-10-31T21:00:00,2024-10-31T00:00:00,15.572027,77.157836,Case registered at Vijayapura PS 29 regarding theft. Investigation ongoing under IO Devansh.
591,100270981202500591,202500591,2025-05-19,1697,981,1,1,3,10,4,53,2025-05-19T00:00:00,2025-05-19T07:00:00,2025-05-19T00:00:00,14.774867,75.691167,Case registered at Udupi PS 1 regarding sexual assault. Investigation ongoing under IO Irya.
592,100050282202300592,202300592,2023-04-14,2342,282,1,2,1,3,4,10,2023-04-14T00:00:00,2023-04-14T22:00:00,2023-04-14T00:00:00,16.160555,77.024027,Case registered at Bengaluru Urban PS 110 regarding grievous hurt. Investigation ongoing under IO Aarna.
593,100090382202500593,202500593,2025-09-30,1144,382,1,2,6,15,1,17,2025-09-30T00:00:00,2025-09-30T03:00:00,2025-09-30T00:00:00,15.326178,74.007194,Case registered at Chikkamagaluru PS 8 regarding online fraud. Investigation ongoing under IO Sarthak.
594,100220833202500594,202500594,2025-01-11,1938,833,1,2,1,2,1,43,2025-01-11T00:00:00,2025-01-11T07:00:00,2025-01-11T00:00:00,13.989161,76.854008,Case registered at Mysuru PS 26 regarding attempt to murder. Investigation ongoing under IO Gautami.
595,100250942202300595,202300595,2023-08-14,635,942,1,2,4,11,1,49,2023-08-14T00:00:00,2023-08-14T19:00:00,2023-08-14T00:00:00,12.162255,74.580791,Case registered at Shivamogga PS 20 regarding gambling. Investigation ongoing under IO Urishilla.
596,100220863202500596,202500596,2025-07-24,1938,863,3,1,1,3,3,43,2025-07-24T00:00:00,2025-07-24T01:00:00,2025-07-24T00:00:00,14.691923,75.444793,Case registered at Mysuru PS 56 regarding grievous hurt. Investigation ongoing under IO Gautami.
597,100040171202500597,202500597,2025-12-06,2453,171,1,2,4,12,1,7,2025-12-06T00:00:00,2025-12-06T13:00:00,2025-12-06T00:00:00,18.208504,75.678887,Case registered at Bengaluru Rural PS 28 regarding public nuisance. Investigation ongoing under IO Upkaar.
598,100220811202400598,202400598,2024-06-26,1356,811,1,2,5,14,3,43,2024-06-26T00:00:00,2024-06-26T05:00:00,2024-06-26T00:00:00,12.570255,74.158798,Case registered at Mysuru PS 4 regarding criminal breach of trust. Investigation ongoing under IO Pooja.
599,100030109202300599,202300599,2023-01-06,490,109,1,2,5,14,2,6,2023-01-06T00:00:00,2023-01-06T03:00:00,2023-01-06T00:00:00,13.186353,78.27375,Case registered at Belagavi PS 23 regarding criminal breach of trust. Investigation ongoing under IO Rayaan.
600,100050223202500600,202500600,2025-07-18,151,223,1,2,4,12,2,9,2025-07-18T00:00:00,2025-07-19T21:00:00,2025-07-18T00:00:00,14.956349,77.401685,Case registered at Bengaluru Urban PS 51 regarding public nuisance. Investigation ongoing under IO William.
601,100130528202400601,202400601,2024-09-06,1213,528,1,2,3,10,4,26,2024-09-06T00:00:00,2024-09-06T22:00:00,2024-09-06T00:00:00,17.230636,78.503938,Case registered at Dharwad PS 10 regarding sexual assault. Investigation ongoing under IO Pranav.
602,100030133202300602,202300602,2023-09-06,482,133,1,2,5,13,1,5,2023-09-06T00:00:00,2023-09-07T18:00:00,2023-09-06T00:00:00,14.564836,74.014848,Case registered at Belagavi PS 47 regarding cheating. Investigation ongoing under IO Gaurangi.
603,100050206202300603,202300603,2023-08-04,1254,206,1,2,4,12,2,10,2023-08-04T00:00:00,2023-08-05T15:00:00,2023-08-04T00:00:00,14.657267,76.924404,Case registered at Bengaluru Urban PS 34 regarding public nuisance. Investigation ongoing under IO Kavya.
604,100130545202500604,202500604,2025-12-11,1488,545,1,2,4,11,2,25,2025-12-11T00:00:00,2025-12-12T08:00:00,2025-12-11T00:00:00,16.569596,76.254296,Case registered at Dharwad PS 27 regarding gambling. Investigation ongoing under IO Lekha.
605,100230873202600605,202600605,2026-03-29,459,873,1,2,4,12,2,46,2026-03-29T00:00:00,2026-03-29T14:00:00,2026-03-29T00:00:00,18.142718,76.645902,Case registered at Raichur PS 9 regarding public nuisance. Investigation ongoing under IO Rajeshri.
606,100110483202400606,202400606,2024-11-05,704,483,3,2,2,7,1,22,2024-11-05T00:00:00,2024-11-05T17:00:00,2024-11-05T00:00:00,16.873754,78.398081,Case registered at Dakshina Kannada PS 51 regarding vehicle theft. Investigation ongoing under IO Daniel.
607,100010017202400607,202400607,2024-05-15,1800,17,1,2,3,10,2,1,2024-05-15T00:00:00,2024-05-16T21:00:00,2024-05-15T00:00:00,13.750608,78.441006,Case registered at Bagalkot PS 17 regarding sexual assault. Investigation ongoing under IO Warinder.
608,100070324202300608,202300608,2023-04-13,771,324,1,2,5,13,2,14,2023-04-13T00:00:00,2023-04-14T03:00:00,2023-04-13T00:00:00,14.66481,75.620758,Case registered at Chamarajanagar PS 8 regarding cheating. Investigation ongoing under IO Chavvi.
609,100060299202500609,202500609,2025-09-23,1067,299,2,2,5,14,2,12,2025-09-23T00:00:00,2025-09-23T08:00:00,2025-09-23T00:00:00,13.493155,76.688867,Case registered at Bidar PS 12 regarding criminal breach of trust. Investigation ongoing under IO Sai.
610,100220844202400610,202400610,2024-08-09,1575,844,3,2,6,15,1,44,2024-08-09T00:00:00,2024-08-09T11:00:00,2024-08-09T00:00:00,17.778422,75.305629,Case registered at Mysuru PS 37 regarding online fraud. Investigation ongoing under IO Jasmit.
611,100180698202400611,202400611,2024-06-14,1709,698,1,2,1,3,1,35,2024-06-14T00:00:00,2024-06-14T05:00:00,2024-06-14T00:00:00,17.899097,76.417252,Case registered at Kodagu PS 7 regarding grievous hurt. Investigation ongoing under IO Falak.
612,100180692202500612,202500612,2025-06-12,1376,692,1,2,1,3,1,35,2025-06-12T00:00:00,2025-06-13T02:00:00,2025-06-12T00:00:00,13.084657,74.906471,Case registered at Kodagu PS 1 regarding grievous hurt. Investigation ongoing under IO Omkaar.
613,100030122202400613,202400613,2024-11-05,351,122,1,1,3,10,3,5,2024-11-05T00:00:00,2024-11-05T19:00:00,2024-11-05T00:00:00,15.97325,74.472163,Case registered at Belagavi PS 36 regarding sexual assault. Investigation ongoing under IO Timothy.
614,100070345202500614,202500614,2025-04-24,126,345,1,2,1,1,1,14,2025-04-24T00:00:00,2025-04-25T16:00:00,2025-04-24T00:00:00,17.652201,74.699875,Case registered at Chamarajanagar PS 29 regarding murder. Investigation ongoing under IO Jeet.
615,100220853202400615,202400615,2024-10-01,1284,853,4,2,6,15,1,43,2024-10-01T00:00:00,2024-10-01T02:00:00,2024-10-01T00:00:00,16.491397,76.574834,Case registered at Mysuru PS 46 regarding online fraud. Investigation ongoing under IO Triya.
616,100120516202500616,202500616,2025-03-19,335,516,1,2,4,12,2,23,2025-03-19T00:00:00,2025-03-19T16:00:00,2025-03-19T00:00:00,11.668188,74.641413,Case registered at Davanagere PS 27 regarding public nuisance. Investigation ongoing under IO Jhalak.
617,100311097202500617,202500617,2025-10-07,1925,1097,1,2,4,12,1,62,2025-10-07T00:00:00,2025-10-07T03:00:00,2025-10-07T00:00:00,14.910205,74.61683,Case registered at Vijayanagara PS 1 regarding public nuisance. Investigation ongoing under IO Pavani.
618,100281010202300618,202300618,2023-10-24,1412,1010,1,2,4,11,1,56,2023-10-24T00:00:00,2023-10-25T04:00:00,2023-10-24T00:00:00,13.955215,78.072669,Case registered at Uttara Kannada PS 1 regarding gambling. Investigation ongoing under IO Owen.
619,100250941202600619,202600619,2026-01-29,1959,941,1,2,5,13,3,49,2026-01-29T00:00:00,2026-01-29T15:00:00,2026-01-29T00:00:00,13.464541,76.993282,Case registered at Shivamogga PS 19 regarding cheating. Investigation ongoing under IO Vincent.
620,100010007202500620,202500620,2025-10-12,1219,7,1,2,1,3,2,2,2025-10-12T00:00:00,2025-10-13T01:00:00,2025-10-12T00:00:00,12.945174,75.593914,Case registered at Bagalkot PS 7 regarding grievous hurt. Investigation ongoing under IO Maanav.
621,100190736202400621,202400621,2024-07-23,2387,736,2,2,2,6,1,37,2024-07-23T00:00:00,2024-07-23T13:00:00,2024-07-23T00:00:00,12.933782,77.892095,Case registered at Kolar PS 16 regarding burglary. Investigation ongoing under IO Sachi.
622,100230879202400622,202400622,2024-04-14,1373,879,1,2,3,10,3,46,2024-04-14T00:00:00,2024-04-14T10:00:00,2024-04-14T00:00:00,12.041222,75.091815,Case registered at Raichur PS 15 regarding sexual assault. Investigation ongoing under IO Warda.
623,100110472202400623,202400623,2024-12-24,1312,472,3,2,3,10,3,21,2024-12-24T00:00:00,2024-12-26T00:00:00,2024-12-24T00:00:00,12.080121,74.741664,Case registered at Dakshina Kannada PS 40 regarding sexual assault. Investigation ongoing under IO Vincent.
624,100130532202300624,202300624,2023-02-23,2087,532,1,2,5,13,3,25,2023-02-23T00:00:00,2023-02-24T00:00:00,2023-02-23T00:00:00,16.393893,75.370065,Case registered at Dharwad PS 14 regarding cheating. Investigation ongoing under IO Raagini.
625,100260964202500625,202500625,2025-12-27,753,964,1,2,6,15,3,52,2025-12-27T00:00:00,2025-12-27T01:00:00,2025-12-27T00:00:00,15.46153,76.640135,Case registered at Tumakuru PS 13 regarding online fraud. Investigation ongoing under IO Amrita.
626,100030135202300626,202300626,2023-01-25,1378,135,1,1,1,1,2,6,2023-01-25T00:00:00,2023-01-26T23:00:00,2023-01-25T00:00:00,15.484328,74.612527,Case registered at Belagavi PS 49 regarding murder. Investigation ongoing under IO Anya.
627,100110437202600627,202600627,2026-05-27,1870,437,1,2,5,13,2,21,2026-05-27T00:00:00,2026-05-27T15:00:00,2026-05-27T00:00:00,11.883694,76.330723,Case registered at Dakshina Kannada PS 5 regarding cheating. Investigation ongoing under IO Onkar.
628,100220825202400628,202400628,2024-09-30,439,825,2,2,1,1,1,44,2024-09-30T00:00:00,2024-10-01T16:00:00,2024-09-30T00:00:00,17.073033,76.345994,Case registered at Mysuru PS 18 regarding murder. Investigation ongoing under IO Tanish.
629,100030112202500629,202500629,2025-08-16,2290,112,4,1,1,2,3,5,2025-08-16T00:00:00,2025-08-16T23:00:00,2025-08-16T00:00:00,11.975155,78.118505,Case registered at Belagavi PS 26 regarding attempt to murder. Investigation ongoing under IO Harinakshi.
630,100170636202500630,202500630,2025-10-09,1209,636,2,2,1,1,2,34,2025-10-09T00:00:00,2025-10-10T21:00:00,2025-10-09T00:00:00,14.096015,76.262194,Case registered at Kalaburagi PS 2 regarding murder. Investigation ongoing under IO Dipta.
631,100010029202400631,202400631,2024-04-17,1169,29,1,2,3,9,3,1,2024-04-17T00:00:00,2024-04-17T16:00:00,2024-04-17T00:00:00,16.943646,74.134082,Case registered at Bagalkot PS 29 regarding dowry harassment. Investigation ongoing under IO Hamsini.
632,100050249202300632,202300632,2023-08-04,243,249,3,2,6,15,1,10,2023-08-04T00:00:00,2023-08-04T09:00:00,2023-08-04T00:00:00,16.821066,75.326697,Case registered at Bengaluru Urban PS 77 regarding online fraud. Investigation ongoing under IO Parth.
633,100170678202400633,202400633,2024-03-06,635,678,1,2,3,8,1,33,2024-03-06T00:00:00,2024-03-07T17:00:00,2024-03-06T00:00:00,17.187009,75.186039,Case registered at Kalaburagi PS 44 regarding domestic violence. Investigation ongoing under IO Urishilla.
634,100240897202400634,202400634,2024-05-15,558,897,2,2,3,8,1,48,2024-05-15T00:00:00,2024-05-15T07:00:00,2024-05-15T00:00:00,12.41545,77.829589,Case registered at Ramanagara PS 4 regarding domestic violence. Investigation ongoing under IO Yashasvi.
635,100170637202300635,202300635,2023-03-06,799,637,1,2,2,5,1,34,2023-03-06T00:00:00,2023-03-07T09:00:00,2023-03-06T00:00:00,15.633501,77.797195,Case registered at Kalaburagi PS 3 regarding robbery. Investigation ongoing under IO Rachit.
636,100250924202400636,202400636,2024-03-09,1149,924,1,1,3,8,3,50,2024-03-09T00:00:00,2024-03-09T19:00:00,2024-03-09T00:00:00,14.947916,76.219149,Case registered at Shivamogga PS 2 regarding domestic violence. Investigation ongoing under IO Aahana.
637,100050278202500637,202500637,2025-03-10,1874,278,1,2,4,11,2,10,2025-03-10T00:00:00,2025-03-11T14:00:00,2025-03-10T00:00:00,17.055822,76.28546,Case registered at Bengaluru Urban PS 106 regarding gambling. Investigation ongoing under IO Neelima.
638,100110456202300638,202300638,2023-10-17,1920,456,3,2,6,16,1,21,2023-10-17T00:00:00,2023-10-18T19:00:00,2023-10-17T00:00:00,14.300544,74.625949,Case registered at Dakshina Kannada PS 24 regarding identity theft. Investigation ongoing under IO Priya.
639,100120498202500639,202500639,2025-05-25,2335,498,1,2,4,12,2,24,2025-05-25T00:00:00,2025-05-26T15:00:00,2025-05-25T00:00:00,13.885638,77.672817,Case registered at Davanagere PS 9 regarding public nuisance. Investigation ongoing under IO Riya.
640,100140574202300640,202300640,2023-02-18,1615,574,1,2,5,13,3,27,2023-02-18T00:00:00,2023-02-19T03:00:00,2023-02-18T00:00:00,14.83542,74.470865,Case registered at Gadag PS 27 regarding cheating. Investigation ongoing under IO Madhav.
641,100020078202500641,202500641,2025-09-03,2408,78,2,2,3,10,2,3,2025-09-03T00:00:00,2025-09-04T03:00:00,2025-09-03T00:00:00,14.608003,78.283762,Case registered at Ballari PS 49 regarding sexual assault. Investigation ongoing under IO Yatan.
642,100301069202500642,202500642,2025-02-28,1407,1069,4,2,5,14,1,60,2025-02-28T00:00:00,2025-03-01T07:00:00,2025-02-28T00:00:00,12.064326,78.151978,Case registered at Yadgir PS 2 regarding criminal breach of trust. Investigation ongoing under IO Anvi.
643,100030106202500643,202500643,2025-09-02,1841,106,1,2,2,7,3,5,2025-09-02T00:00:00,2025-09-03T07:00:00,2025-09-02T00:00:00,12.317062,74.598823,Case registered at Belagavi PS 20 regarding vehicle theft. Investigation ongoing under IO Sanaya.
644,100301070202600644,202600644,2026-04-11,2443,1070,3,1,3,9,4,60,2026-04-11T00:00:00,2026-04-11T09:00:00,2026-04-11T00:00:00,15.477596,77.553158,Case registered at Yadgir PS 3 regarding dowry harassment. Investigation ongoing under IO Anusha.
645,100301077202600645,202600645,2026-01-07,2479,1077,1,2,4,11,1,59,2026-01-07T00:00:00,2026-01-08T23:00:00,2026-01-07T00:00:00,14.761027,74.054221,Case registered at Yadgir PS 10 regarding gambling. Investigation ongoing under IO Darpan.
646,100150597202500646,202500646,2025-03-16,1390,597,1,2,2,7,1,29,2025-03-16T00:00:00,2025-03-16T03:00:00,2025-03-16T00:00:00,13.558622,77.173074,Case registered at Hassan PS 21 regarding vehicle theft. Investigation ongoing under IO Tara.
647,100240920202400647,202400647,2024-06-09,2309,920,4,2,4,12,2,48,2024-06-09T00:00:00,2024-06-10T16:00:00,2024-06-09T00:00:00,15.223709,76.053986,Case registered at Ramanagara PS 27 regarding public nuisance. Investigation ongoing under IO Hitesh.
648,100060302202400648,202400648,2024-06-13,1108,302,4,2,4,11,2,12,2024-06-13T00:00:00,2024-06-13T13:00:00,2024-06-13T00:00:00,11.867087,76.890024,Case registered at Bidar PS 15 regarding gambling. Investigation ongoing under IO Chanchal.
649,100060289202500649,202500649,2025-01-15,297,289,1,2,4,11,1,11,2025-01-15T00:00:00,2025-01-15T22:00:00,2025-01-15T00:00:00,11.633046,76.541806,Case registered at Bidar PS 2 regarding gambling. Investigation ongoing under IO Nakul.
650,100110436202500650,202500650,2025-04-14,127,436,1,2,1,3,1,22,2025-04-14T00:00:00,2025-04-14T16:00:00,2025-04-14T00:00:00,12.097589,78.18699,Case registered at Dakshina Kannada PS 4 regarding grievous hurt. Investigation ongoing under IO Dayamai.
651,100271000202400651,202400651,2024-09-24,1793,1000,3,1,3,8,1,54,2024-09-24T00:00:00,2024-09-25T06:00:00,2024-09-24T00:00:00,13.220859,78.187956,Case registered at Udupi PS 20 regarding domestic violence. Investigation ongoing under IO Charan.
652,100281031202500652,202500652,2025-10-22,1058,1031,1,2,4,11,3,55,2025-10-22T00:00:00,2025-10-22T14:00:00,2025-10-22T00:00:00,12.158673,74.740753,Case registered at Uttara Kannada PS 22 regarding gambling. Investigation ongoing under IO Guneet.
653,100050284202300653,202300653,2023-01-14,1439,284,1,1,3,10,2,10,2023-01-14T00:00:00,2023-01-15T19:00:00,2023-01-14T00:00:00,12.083284,77.81822,Case registered at Bengaluru Urban PS 112 regarding sexual assault. Investigation ongoing under IO Oliver.
654,100220819202500654,202500654,2025-02-01,1577,819,3,2,6,16,2,44,2025-02-01T00:00:00,2025-02-02T12:00:00,2025-02-01T00:00:00,14.868474,75.812625,Case registered at Mysuru PS 12 regarding identity theft. Investigation ongoing under IO Inaya.
655,100140565202300655,202300655,2023-10-18,2270,565,1,2,4,11,2,27,2023-10-18T00:00:00,2023-10-19T15:00:00,2023-10-18T00:00:00,14.416248,76.793692,Case registered at Gadag PS 18 regarding gambling. Investigation ongoing under IO Krishna.
656,100020041202300656,202300656,2023-06-11,88,41,1,1,1,3,2,4,2023-06-11T00:00:00,2023-06-12T10:00:00,2023-06-11T00:00:00,15.012019,75.487563,Case registered at Ballari PS 12 regarding grievous hurt. Investigation ongoing under IO Nakul.
657,100250935202300657,202300657,2023-07-02,1738,935,1,2,3,9,4,50,2023-07-02T00:00:00,2023-07-02T14:00:00,2023-07-02T00:00:00,18.218962,75.138237,Case registered at Shivamogga PS 13 regarding dowry harassment. Investigation ongoing under IO Onkar.
658,100220863202300658,202300658,2023-12-11,563,863,1,2,4,12,2,44,2023-12-11T00:00:00,2023-12-12T14:00:00,2023-12-11T00:00:00,17.288268,76.232133,Case registered at Mysuru PS 56 regarding public nuisance. Investigation ongoing under IO Nandini.
659,100020085202600659,202600659,2026-07-22,703,85,1,2,3,10,3,4,2026-07-22T00:00:00,2026-07-22T03:00:00,2026-07-22T00:00:00,14.436093,74.841212,Case registered at Ballari PS 56 regarding sexual assault. Investigation ongoing under IO Vrinda.
660,100140567202300660,202300660,2023-01-30,1286,567,1,2,6,16,1,28,2023-01-30T00:00:00,2023-01-30T11:00:00,2023-01-30T00:00:00,12.045711,75.25881,Case registered at Gadag PS 20 regarding identity theft. Investigation ongoing under IO Vidhi.
661,100010009202400661,202400661,2024-09-11,99,9,3,2,2,4,4,1,2024-09-11T00:00:00,2024-09-12T12:00:00,2024-09-11T00:00:00,14.78279,74.442486,Case registered at Bagalkot PS 9 regarding theft. Investigation ongoing under IO Riya.
662,100170635202600662,202600662,2026-02-15,737,635,3,2,3,9,4,34,2026-02-15T00:00:00,2026-02-16T20:00:00,2026-02-15T00:00:00,14.510337,75.562094,Case registered at Kalaburagi PS 1 regarding dowry harassment. Investigation ongoing under IO Anjali.
663,100110456202400663,202400663,2024-05-26,1936,456,1,2,4,11,2,22,2024-05-26T00:00:00,2024-05-27T05:00:00,2024-05-26T00:00:00,15.028876,78.101538,Case registered at Dakshina Kannada PS 24 regarding gambling. Investigation ongoing under IO Anamika.
664,100080364202300664,202300664,2023-03-10,1333,364,3,2,6,16,2,15,2023-03-10T00:00:00,2023-03-10T17:00:00,2023-03-10T00:00:00,11.626216,75.270088,Case registered at Chikkaballapur PS 19 regarding identity theft. Investigation ongoing under IO Anirudh.
665,100030097202600665,202600665,2026-07-08,1976,97,1,2,4,12,1,5,2026-07-08T00:00:00,2026-07-08T14:00:00,2026-07-08T00:00:00,12.880814,77.452805,Case registered at Belagavi PS 11 regarding public nuisance. Investigation ongoing under IO Nachiket.
666,100160633202500666,202500666,2025-08-05,1124,633,1,2,2,6,3,31,2025-08-05T00:00:00,2025-08-06T01:00:00,2025-08-05T00:00:00,13.097491,77.273994,Case registered at Haveri PS 28 regarding burglary. Investigation ongoing under IO Chanchal.
667,100291055202500667,202500667,2025-01-20,1622,1055,1,2,6,16,2,58,2025-01-20T00:00:00,2025-01-21T00:00:00,2025-01-20T00:00:00,14.041033,77.758259,Case registered at Vijayapura PS 17 regarding identity theft. Investigation ongoing under IO Yadavi.
668,100050287202300668,202300668,2023-06-30,524,287,1,2,2,5,1,10,2023-06-30T00:00:00,2023-07-01T14:00:00,2023-06-30T00:00:00,13.901878,76.207803,Case registered at Bengaluru Urban PS 115 regarding robbery. Investigation ongoing under IO Kai.
669,100070318202400669,202400669,2024-01-02,67,318,1,2,2,4,2,13,2024-01-02T00:00:00,2024-01-02T20:00:00,2024-01-02T00:00:00,14.059585,77.483163,Case registered at Chamarajanagar PS 2 regarding theft. Investigation ongoing under IO Warjas.
670,100250938202600670,202600670,2026-07-01,1273,938,1,2,4,11,1,50,2026-07-01T00:00:00,2026-07-01T20:00:00,2026-07-01T00:00:00,18.267686,75.735515,Case registered at Shivamogga PS 16 regarding gambling. Investigation ongoing under IO Azaan.
671,100230875202300671,202300671,2023-12-05,1558,875,1,2,2,7,2,45,2023-12-05T00:00:00,2023-12-05T10:00:00,2023-12-05T00:00:00,13.032863,78.200276,Case registered at Raichur PS 11 regarding vehicle theft. Investigation ongoing under IO Omaja.
672,100160611202600672,202600672,2026-05-12,2240,611,2,2,4,11,1,32,2026-05-12T00:00:00,2026-05-13T09:00:00,2026-05-12T00:00:00,17.516605,75.820936,Case registered at Haveri PS 6 regarding gambling. Investigation ongoing under IO Mitesh.
673,100170664202500673,202500673,2025-05-04,1119,664,3,2,2,6,1,33,2025-05-04T00:00:00,2025-05-04T07:00:00,2025-05-04T00:00:00,16.328742,75.082543,Case registered at Kalaburagi PS 30 regarding burglary. Investigation ongoing under IO Kashvi.
674,100040158202500674,202500674,2025-02-28,739,158,1,2,5,14,1,7,2025-02-28T00:00:00,2025-02-28T10:00:00,2025-02-28T00:00:00,13.23513,74.457268,Case registered at Bengaluru Rural PS 15 regarding criminal breach of trust. Investigation ongoing under IO Rachana.
675,100090375202600675,202600675,2026-06-28,1870,375,1,1,1,1,2,18,2026-06-28T00:00:00,2026-06-29T21:00:00,2026-06-28T00:00:00,14.3122,76.646358,Case registered at Chikkamagaluru PS 1 regarding murder. Investigation ongoing under IO Onkar.
676,100270986202300676,202300676,2023-08-21,2019,986,1,1,1,2,1,53,2023-08-21T00:00:00,2023-08-21T04:00:00,2023-08-21T00:00:00,12.372253,78.491296,Case registered at Udupi PS 6 regarding attempt to murder. Investigation ongoing under IO Qadim.
677,100291065202300677,202300677,2023-01-20,1160,1065,3,2,5,13,2,57,2023-01-20T00:00:00,2023-01-20T08:00:00,2023-01-20T00:00:00,12.815304,74.942518,Case registered at Vijayapura PS 27 regarding cheating. Investigation ongoing under IO Ojas.
678,100250924202500678,202500678,2025-02-26,672,924,1,2,2,4,1,49,2025-02-26T00:00:00,2025-02-26T23:00:00,2025-02-26T00:00:00,12.271352,76.149683,Case registered at Shivamogga PS 2 regarding theft. Investigation ongoing under IO Parth.
679,100230887202500679,202500679,2025-08-17,556,887,2,2,6,16,4,45,2025-08-17T00:00:00,2025-08-17T13:00:00,2025-08-17T00:00:00,12.820725,74.440913,Case registered at Raichur PS 23 regarding identity theft. Investigation ongoing under IO Yutika.
680,100180693202400680,202400680,2024-03-03,49,693,1,2,1,2,2,35,2024-03-03T00:00:00,2024-03-03T05:00:00,2024-03-03T00:00:00,12.127705,76.400767,Case registered at Kodagu PS 2 regarding attempt to murder. Investigation ongoing under IO Kashvi.
681,100020049202500681,202500681,2025-07-09,166,49,1,2,6,16,1,3,2025-07-09T00:00:00,2025-07-09T01:00:00,2025-07-09T00:00:00,13.789129,77.302276,Case registered at Ballari PS 20 regarding identity theft. Investigation ongoing under IO Fiyaz.
682,100020057202500682,202500682,2025-05-24,299,57,3,2,4,11,3,3,2025-05-24T00:00:00,2025-05-24T03:00:00,2025-05-24T00:00:00,14.074362,74.822343,Case registered at Ballari PS 28 regarding gambling. Investigation ongoing under IO Zashil.
683,100240901202600683,202600683,2026-03-06,800,901,1,2,5,14,2,47,2026-03-06T00:00:00,2026-03-06T17:00:00,2026-03-06T00:00:00,12.711988,78.394502,Case registered at Ramanagara PS 8 regarding criminal breach of trust. Investigation ongoing under IO Ishaan.
684,100170687202500684,202500684,2025-04-13,1904,687,1,2,6,16,2,33,2025-04-13T00:00:00,2025-04-13T18:00:00,2025-04-13T00:00:00,15.574406,75.556309,Case registered at Kalaburagi PS 53 regarding identity theft. Investigation ongoing under IO Victor.
685,100050279202400685,202400685,2024-10-22,243,279,3,2,6,15,2,10,2024-10-22T00:00:00,2024-10-22T12:00:00,2024-10-22T00:00:00,15.925555,76.963931,Case registered at Bengaluru Urban PS 107 regarding online fraud. Investigation ongoing under IO Parth.
686,100230868202400686,202400686,2024-02-05,1574,868,2,2,5,14,1,46,2024-02-05T00:00:00,2024-02-05T16:00:00,2024-02-05T00:00:00,13.412657,77.115714,Case registered at Raichur PS 4 regarding criminal breach of trust. Investigation ongoing under IO Gaurav.
687,100260970202400687,202400687,2024-05-24,1277,970,1,2,2,5,3,52,2024-05-24T00:00:00,2024-05-24T07:00:00,2024-05-24T00:00:00,15.889227,74.259996,Case registered at Tumakuru PS 19 regarding robbery. Investigation ongoing under IO Lohit.
688,100080363202500688,202500688,2025-05-01,746,363,1,2,2,7,3,15,2025-05-01T00:00:00,2025-05-01T18:00:00,2025-05-01T00:00:00,14.078172,74.147911,Case registered at Chikkaballapur PS 18 regarding vehicle theft. Investigation ongoing under IO Kevin.
689,100040166202600689,202600689,2026-07-17,736,166,1,2,6,16,3,8,2026-07-17T00:00:00,2026-07-18T00:00:00,2026-07-17T00:00:00,14.174245,76.326069,Case registered at Bengaluru Rural PS 23 regarding identity theft. Investigation ongoing under IO Mekhala.
690,100190738202400690,202400690,2024-05-06,489,738,3,1,1,2,1,37,2024-05-06T00:00:00,2024-05-06T18:00:00,2024-05-06T00:00:00,17.019175,75.01311,Case registered at Kolar PS 18 regarding attempt to murder. Investigation ongoing under IO Urvashi.
691,100301096202500691,202500691,2025-02-25,291,1096,3,2,3,8,4,60,2025-02-25T00:00:00,2025-02-27T00:00:00,2025-02-25T00:00:00,11.690075,75.935304,Case registered at Yadgir PS 29 regarding domestic violence. Investigation ongoing under IO Yash.
692,100130546202500692,202500692,2025-06-15,420,546,1,2,5,13,1,25,2025-06-15T00:00:00,2025-06-15T13:00:00,2025-06-15T00:00:00,13.765264,74.638448,Case registered at Dharwad PS 28 regarding cheating. Investigation ongoing under IO Turvi.
693,100311123202400693,202400693,2024-08-27,1560,1123,1,2,1,2,2,62,2024-08-27T00:00:00,2024-08-27T03:00:00,2024-08-27T00:00:00,15.035734,75.201835,Case registered at Vijayanagara PS 27 regarding attempt to murder. Investigation ongoing under IO Advay.
694,100271004202600694,202600694,2026-05-31,118,1004,1,2,5,13,1,54,2026-05-31T00:00:00,2026-06-01T15:00:00,2026-05-31T00:00:00,14.849451,76.158453,Case registered at Udupi PS 24 regarding cheating. Investigation ongoing under IO Advika.
695,100170649202300695,202300695,2023-01-10,969,649,2,2,2,4,1,34,2023-01-10T00:00:00,2023-01-11T10:00:00,2023-01-10T00:00:00,16.646107,78.023034,Case registered at Kalaburagi PS 15 regarding theft. Investigation ongoing under IO Hemangini.
696,100050268202400696,202400696,2024-07-22,2485,268,1,2,3,8,2,10,2024-07-22T00:00:00,2024-07-22T11:00:00,2024-07-22T00:00:00,14.355902,75.105853,Case registered at Bengaluru Urban PS 96 regarding domestic violence. Investigation ongoing under IO Dakshesh.
697,100030106202300697,202300697,2023-06-18,1968,106,1,2,3,8,2,5,2023-06-18T00:00:00,2023-06-19T04:00:00,2023-06-18T00:00:00,15.823926,76.587996,Case registered at Belagavi PS 20 regarding domestic violence. Investigation ongoing under IO Mitesh.
698,100130538202300698,202300698,2023-07-03,528,538,1,2,6,15,1,26,2023-07-03T00:00:00,2023-07-03T21:00:00,2023-07-03T00:00:00,15.436777,75.471443,Case registered at Dharwad PS 20 regarding online fraud. Investigation ongoing under IO Ethan.
699,100301080202600699,202600699,2026-05-11,1839,1080,1,2,4,11,1,59,2026-05-11T00:00:00,2026-05-12T15:00:00,2026-05-11T00:00:00,16.024808,78.148897,Case registered at Yadgir PS 13 regarding gambling. Investigation ongoing under IO Riya.
700,100110474202300700,202300700,2023-05-06,2168,474,1,1,3,9,3,21,2023-05-06T00:00:00,2023-05-07T04:00:00,2023-05-06T00:00:00,14.453547,77.699965,Case registered at Dakshina Kannada PS 42 regarding dowry harassment. Investigation ongoing under IO Harish.
701,100220847202500701,202500701,2025-10-18,984,847,3,2,4,12,3,44,2025-10-18T00:00:00,2025-10-18T20:00:00,2025-10-18T00:00:00,16.803664,76.098245,Case registered at Mysuru PS 40 regarding public nuisance. Investigation ongoing under IO Theodore.
702,100050228202300702,202300702,2023-08-09,837,228,3,2,2,7,2,10,2023-08-09T00:00:00,2023-08-10T11:00:00,2023-08-09T00:00:00,12.99688,77.783892,Case registered at Bengaluru Urban PS 56 regarding vehicle theft. Investigation ongoing under IO Madhav.
703,100160627202500703,202500703,2025-11-04,1721,627,1,2,2,4,4,31,2025-11-04T00:00:00,2025-11-04T09:00:00,2025-11-04T00:00:00,16.596372,75.172887,Case registered at Haveri PS 22 regarding theft. Investigation ongoing under IO Eiravati.
704,100190740202500704,202500704,2025-11-04,458,740,1,2,4,12,1,37,2025-11-04T00:00:00,2025-11-05T12:00:00,2025-11-04T00:00:00,15.251688,76.44132,Case registered at Kolar PS 20 regarding public nuisance. Investigation ongoing under IO Anjali.
705,100150601202400705,202400705,2024-09-03,2393,601,1,1,3,8,1,30,2024-09-03T00:00:00,2024-09-03T20:00:00,2024-09-03T00:00:00,12.093342,75.703846,Case registered at Hassan PS 25 regarding domestic violence. Investigation ongoing under IO Gaurav.
706,100230868202500706,202500706,2025-09-30,183,868,1,2,6,16,3,45,2025-09-30T00:00:00,2025-10-01T19:00:00,2025-09-30T00:00:00,11.989611,77.179485,Case registered at Raichur PS 4 regarding identity theft. Investigation ongoing under IO Xavier.
707,100150592202400707,202400707,2024-01-02,515,592,2,2,6,15,3,30,2024-01-02T00:00:00,2024-01-02T22:00:00,2024-01-02T00:00:00,14.931224,78.13592,Case registered at Hassan PS 16 regarding online fraud. Investigation ongoing under IO Vritti.
708,100030089202600708,202600708,2026-03-04,1590,89,1,2,6,15,1,5,2026-03-04T00:00:00,2026-03-04T21:00:00,2026-03-04T00:00:00,13.923119,78.059998,Case registered at Belagavi PS 3 regarding online fraud. Investigation ongoing under IO Chatresh.
709,100170639202600709,202600709,2026-02-16,2375,639,3,2,6,16,2,34,2026-02-16T00:00:00,2026-02-17T09:00:00,2026-02-16T00:00:00,15.174042,76.626915,Case registered at Kalaburagi PS 5 regarding identity theft. Investigation ongoing under IO Triveni.
710,100040161202500710,202500710,2025-05-14,494,161,1,2,2,4,1,8,2025-05-14T00:00:00,2025-05-14T01:00:00,2025-05-14T00:00:00,14.356492,78.216886,Case registered at Bengaluru Rural PS 18 regarding theft. Investigation ongoing under IO Libni.
711,100090395202300711,202300711,2023-01-25,1446,395,1,2,3,9,2,18,2023-01-25T00:00:00,2023-01-25T11:00:00,2023-01-25T00:00:00,14.262832,77.364489,Case registered at Chikkamagaluru PS 21 regarding dowry harassment. Investigation ongoing under IO Arin.
712,100100424202400712,202400712,2024-10-27,1399,424,1,2,6,15,3,19,2024-10-27T00:00:00,2024-10-27T10:00:00,2024-10-27T00:00:00,12.388364,76.368319,Case registered at Chitradurga PS 21 regarding online fraud. Investigation ongoing under IO Ranveer.
713,100030132202300713,202300713,2023-07-30,1912,132,1,2,2,4,2,5,2023-07-30T00:00:00,2023-07-31T02:00:00,2023-07-30T00:00:00,17.104867,74.96185,Case registered at Belagavi PS 46 regarding theft. Investigation ongoing under IO Darpan.
714,100140570202300714,202300714,2023-03-05,896,570,3,2,4,12,1,27,2023-03-05T00:00:00,2023-03-05T13:00:00,2023-03-05T00:00:00,16.130804,74.495217,Case registered at Gadag PS 23 regarding public nuisance. Investigation ongoing under IO Radha.
715,100150599202600715,202600715,2026-01-14,656,599,1,2,5,14,3,29,2026-01-14T00:00:00,2026-01-14T01:00:00,2026-01-14T00:00:00,15.052213,78.137521,Case registered at Hassan PS 23 regarding criminal breach of trust. Investigation ongoing under IO Pranav.
716,100240903202500716,202500716,2025-04-27,549,903,3,2,2,5,3,48,2025-04-27T00:00:00,2025-04-27T21:00:00,2025-04-27T00:00:00,12.337942,76.610485,Case registered at Ramanagara PS 10 regarding robbery. Investigation ongoing under IO Mohini.
717,100040158202400717,202400717,2024-05-01,1406,158,3,2,5,14,2,7,2024-05-01T00:00:00,2024-05-01T03:00:00,2024-05-01T00:00:00,16.883218,78.400433,Case registered at Bengaluru Rural PS 15 regarding criminal breach of trust. Investigation ongoing under IO Divya.
718,100220851202500718,202500718,2025-02-23,141,851,1,1,3,10,3,44,2025-02-23T00:00:00,2025-02-24T05:00:00,2025-02-23T00:00:00,15.237374,78.578131,Case registered at Mysuru PS 44 regarding sexual assault. Investigation ongoing under IO Mugdha.
719,100220812202500719,202500719,2025-09-03,672,812,1,2,2,7,4,43,2025-09-03T00:00:00,2025-09-03T17:00:00,2025-09-03T00:00:00,15.998703,75.028308,Case registered at Mysuru PS 5 regarding vehicle theft. Investigation ongoing under IO Parth.
720,100090397202600720,202600720,2026-04-21,1302,397,1,2,4,11,1,18,2026-04-21T00:00:00,2026-04-22T02:00:00,2026-04-21T00:00:00,12.968342,75.122348,Case registered at Chikkamagaluru PS 23 regarding gambling. Investigation ongoing under IO Balhaar.
721,100050280202600721,202600721,2026-04-22,524,280,3,2,4,12,1,10,2026-04-22T00:00:00,2026-04-23T20:00:00,2026-04-22T00:00:00,16.886015,78.115096,Case registered at Bengaluru Urban PS 108 regarding public nuisance. Investigation ongoing under IO Kai.
722,100250924202400722,202400722,2024-03-05,950,924,1,1,3,9,2,50,2024-03-05T00:00:00,2024-03-06T13:00:00,2024-03-05T00:00:00,13.524789,77.884927,Case registered at Shivamogga PS 2 regarding dowry harassment. Investigation ongoing under IO Zaid.
723,100050213202300723,202300723,2023-06-27,805,213,4,2,5,13,3,10,2023-06-27T00:00:00,2023-06-27T19:00:00,2023-06-27T00:00:00,17.446768,74.066242,Case registered at Bengaluru Urban PS 41 regarding cheating. Investigation ongoing under IO Krish.
724,100070339202500724,202500724,2025-12-08,1269,339,1,2,3,8,1,13,2025-12-08T00:00:00,2025-12-09T07:00:00,2025-12-08T00:00:00,15.43639,77.763288,Case registered at Chamarajanagar PS 23 regarding domestic violence. Investigation ongoing under IO Chakradev.
725,100240917202300725,202300725,2023-01-18,2089,917,1,2,4,11,1,47,2023-01-18T00:00:00,2023-01-18T20:00:00,2023-01-18T00:00:00,14.809081,75.601954,Case registered at Ramanagara PS 24 regarding gambling. Investigation ongoing under IO Vritti.
726,100250927202500726,202500726,2025-10-07,137,927,1,2,2,5,3,49,2025-10-07T00:00:00,2025-10-08T05:00:00,2025-10-07T00:00:00,17.868698,76.441064,Case registered at Shivamogga PS 5 regarding robbery. Investigation ongoing under IO Rushil.
727,100220849202500727,202500727,2025-09-03,389,849,3,2,6,16,3,44,2025-09-03T00:00:00,2025-09-03T12:00:00,2025-09-03T00:00:00,13.751214,76.081995,Case registered at Mysuru PS 42 regarding identity theft. Investigation ongoing under IO Thomas.
728,100150588202500728,202500728,2025-05-11,1695,588,1,1,1,3,3,29,2025-05-11T00:00:00,2025-05-12T09:00:00,2025-05-11T00:00:00,18.199775,76.505142,Case registered at Hassan PS 12 regarding grievous hurt. Investigation ongoing under IO Diya.
729,100190737202300729,202300729,2023-10-11,316,737,1,1,3,9,1,38,2023-10-11T00:00:00,2023-10-12T17:00:00,2023-10-11T00:00:00,16.512778,77.924858,Case registered at Kolar PS 17 regarding dowry harassment. Investigation ongoing under IO Hamsini.
730,100200774202600730,202600730,2026-04-02,1972,774,3,2,6,16,2,39,2026-04-02T00:00:00,2026-04-03T17:00:00,2026-04-02T00:00:00,18.078187,78.589221,Case registered at Koppal PS 25 regarding identity theft. Investigation ongoing under IO Manbir.
731,100080360202400731,202400731,2024-04-01,1605,360,1,2,6,15,1,15,2024-04-01T00:00:00,2024-04-02T23:00:00,2024-04-01T00:00:00,16.259381,75.153247,Case registered at Chikkaballapur PS 15 regarding online fraud. Investigation ongoing under IO Laksh.
732,100070325202500732,202500732,2025-10-31,1337,325,1,2,4,11,3,13,2025-10-31T00:00:00,2025-11-01T11:00:00,2025-10-31T00:00:00,13.696792,76.055175,Case registered at Chamarajanagar PS 9 regarding gambling. Investigation ongoing under IO Qabil.
733,100240898202500733,202500733,2025-03-02,864,898,1,2,6,15,1,47,2025-03-02T00:00:00,2025-03-02T12:00:00,2025-03-02T00:00:00,17.38706,76.504125,Case registered at Ramanagara PS 5 regarding online fraud. Investigation ongoing under IO Gaurav.
734,100291053202300734,202300734,2023-01-30,1277,1053,1,2,2,7,2,58,2023-01-30T00:00:00,2023-01-30T19:00:00,2023-01-30T00:00:00,16.923648,77.070455,Case registered at Vijayapura PS 15 regarding vehicle theft. Investigation ongoing under IO Lohit.
735,100170652202400735,202400735,2024-09-18,1859,652,1,2,1,3,2,34,2024-09-18T00:00:00,2024-09-18T23:00:00,2024-09-18T00:00:00,12.635392,78.117297,Case registered at Kalaburagi PS 18 regarding grievous hurt. Investigation ongoing under IO Darika.
736,100220858202600736,202600736,2026-04-25,1375,858,1,1,1,2,1,43,2026-04-25T00:00:00,2026-04-25T09:00:00,2026-04-25T00:00:00,17.781297,77.307656,Case registered at Mysuru PS 51 regarding attempt to murder. Investigation ongoing under IO Yashvi.
737,100130521202300737,202300737,2023-01-29,1901,521,1,2,1,3,3,26,2023-01-29T00:00:00,2023-01-30T19:00:00,2023-01-29T00:00:00,11.763052,75.121861,Case registered at Dharwad PS 3 regarding grievous hurt. Investigation ongoing under IO Yutika.
738,100070340202400738,202400738,2024-08-22,642,340,2,2,5,13,1,13,2024-08-22T00:00:00,2024-08-23T12:00:00,2024-08-22T00:00:00,15.051988,77.088779,Case registered at Chamarajanagar PS 24 regarding cheating. Investigation ongoing under IO Samesh.
739,100110489202300739,202300739,2023-04-21,1497,489,1,2,6,15,1,21,2023-04-21T00:00:00,2023-04-21T10:00:00,2023-04-21T00:00:00,14.907139,76.761629,Case registered at Dakshina Kannada PS 57 regarding online fraud. Investigation ongoing under IO Anya.
740,100030096202500740,202500740,2025-11-21,1116,96,1,2,1,2,4,6,2025-11-21T00:00:00,2025-11-21T02:00:00,2025-11-21T00:00:00,16.093378,75.539068,Case registered at Belagavi PS 10 regarding attempt to murder. Investigation ongoing under IO Gaurang.
741,100040147202500741,202500741,2025-08-23,821,147,1,1,3,10,3,8,2025-08-23T00:00:00,2025-08-24T09:00:00,2025-08-23T00:00:00,14.282495,77.126165,Case registered at Bengaluru Rural PS 4 regarding sexual assault. Investigation ongoing under IO Ridhi.
742,100291059202600742,202600742,2026-05-01,1457,1059,1,2,6,15,3,57,2026-05-01T00:00:00,2026-05-02T14:00:00,2026-05-01T00:00:00,16.975516,77.120551,Case registered at Vijayapura PS 21 regarding online fraud. Investigation ongoing under IO Anita.
743,100030138202400743,202400743,2024-05-23,1097,138,1,2,4,12,1,5,2024-05-23T00:00:00,2024-05-23T14:00:00,2024-05-23T00:00:00,16.739888,75.012982,Case registered at Belagavi PS 52 regarding public nuisance. Investigation ongoing under IO Vamakshi.
744,100140558202500744,202500744,2025-09-29,1898,558,1,2,6,16,1,27,2025-09-29T00:00:00,2025-09-30T11:00:00,2025-09-29T00:00:00,15.51628,75.918251,Case registered at Gadag PS 11 regarding identity theft. Investigation ongoing under IO Shaurya.
745,100311109202600745,202600745,2026-04-03,83,1109,1,2,1,3,1,61,2026-04-03T00:00:00,2026-04-03T21:00:00,2026-04-03T00:00:00,16.399179,76.285799,Case registered at Vijayanagara PS 13 regarding grievous hurt. Investigation ongoing under IO Charita.
746,100220860202500746,202500746,2025-07-09,1955,860,3,1,1,1,3,43,2025-07-09T00:00:00,2025-07-10T14:00:00,2025-07-09T00:00:00,15.361944,74.660425,Case registered at Mysuru PS 53 regarding murder. Investigation ongoing under IO Watika.
747,100220827202500747,202500747,2025-10-08,1047,827,1,2,1,2,1,43,2025-10-08T00:00:00,2025-10-08T01:00:00,2025-10-08T00:00:00,13.442687,75.404958,Case registered at Mysuru PS 20 regarding attempt to murder. Investigation ongoing under IO Oni.
748,100270996202300748,202300748,2023-11-22,723,996,1,2,5,13,3,54,2023-11-22T00:00:00,2023-11-23T06:00:00,2023-11-22T00:00:00,16.694275,75.405319,Case registered at Udupi PS 16 regarding cheating. Investigation ongoing under IO Garima.
749,100120499202500749,202500749,2025-09-18,2405,499,3,1,1,3,3,23,2025-09-18T00:00:00,2025-09-18T04:00:00,2025-09-18T00:00:00,14.011322,77.284156,Case registered at Davanagere PS 10 regarding grievous hurt. Investigation ongoing under IO Jeremiah.
750,100180718202500750,202500750,2025-02-11,824,718,4,1,1,1,4,36,2025-02-11T00:00:00,2025-02-12T06:00:00,2025-02-11T00:00:00,16.238126,77.894923,Case registered at Kodagu PS 27 regarding murder. Investigation ongoing under IO Shivani.
751,100250946202500751,202500751,2025-03-25,142,946,1,2,2,7,1,50,2025-03-25T00:00:00,2025-03-26T02:00:00,2025-03-25T00:00:00,13.721673,78.373473,Case registered at Shivamogga PS 24 regarding vehicle theft. Investigation ongoing under IO Abdul.
752,100020068202400752,202400752,2024-01-14,1931,68,1,1,1,1,1,3,2024-01-14T00:00:00,2024-01-14T04:00:00,2024-01-14T00:00:00,12.652157,77.545688,Case registered at Ballari PS 39 regarding murder. Investigation ongoing under IO Arjun.
753,100140569202400753,202400753,2024-03-29,2051,569,1,2,6,15,3,27,2024-03-29T00:00:00,2024-03-30T00:00:00,2024-03-29T00:00:00,14.77126,77.061435,Case registered at Gadag PS 22 regarding online fraud. Investigation ongoing under IO Isha.
754,100010023202400754,202400754,2024-12-13,1492,23,1,2,4,11,4,1,2024-12-13T00:00:00,2024-12-14T12:00:00,2024-12-13T00:00:00,15.835682,75.718015,Case registered at Bagalkot PS 23 regarding gambling. Investigation ongoing under IO Ekantika.
755,100240915202500755,202500755,2025-01-13,1945,915,1,2,5,13,3,48,2025-01-13T00:00:00,2025-01-13T12:00:00,2025-01-13T00:00:00,15.598139,75.002246,Case registered at Ramanagara PS 22 regarding cheating. Investigation ongoing under IO Shaurya.
756,100230884202400756,202400756,2024-11-17,1072,884,1,2,2,5,4,46,2024-11-17T00:00:00,2024-11-17T07:00:00,2024-11-17T00:00:00,11.866058,77.111937,Case registered at Raichur PS 20 regarding robbery. Investigation ongoing under IO Sanaya.
757,100050245202300757,202300757,2023-10-06,1997,245,3,2,5,13,3,9,2023-10-06T00:00:00,2023-10-06T02:00:00,2023-10-06T00:00:00,11.656345,74.065343,Case registered at Bengaluru Urban PS 73 regarding cheating. Investigation ongoing under IO Gabriel.
758,100110454202400758,202400758,2024-11-29,2423,454,4,2,5,14,2,21,2024-11-29T00:00:00,2024-11-29T05:00:00,2024-11-29T00:00:00,18.137727,77.57831,Case registered at Dakshina Kannada PS 22 regarding criminal breach of trust. Investigation ongoing under IO Aarnav.
759,100030106202500759,202500759,2025-07-25,2294,106,3,2,3,10,3,6,2025-07-25T00:00:00,2025-07-25T21:00:00,2025-07-25T00:00:00,15.576558,77.175115,Case registered at Belagavi PS 20 regarding sexual assault. Investigation ongoing under IO Neel.
760,100110433202300760,202300760,2023-02-16,235,433,1,2,5,14,1,22,2023-02-16T00:00:00,2023-02-16T18:00:00,2023-02-16T00:00:00,13.576772,74.461964,Case registered at Dakshina Kannada PS 1 regarding criminal breach of trust. Investigation ongoing under IO Ekbal.
761,100220847202300761,202300761,2023-07-22,1488,847,3,2,6,16,2,44,2023-07-22T00:00:00,2023-07-24T00:00:00,2023-07-22T00:00:00,15.299799,74.545422,Case registered at Mysuru PS 40 regarding identity theft. Investigation ongoing under IO Lekha.
762,100090402202300762,202300762,2023-12-31,582,402,1,2,5,14,4,18,2023-12-31T00:00:00,2024-01-01T03:00:00,2023-12-31T00:00:00,16.280708,74.638739,Case registered at Chikkamagaluru PS 28 regarding criminal breach of trust. Investigation ongoing under IO Lajita.
763,100020068202300763,202300763,2023-11-26,361,68,3,2,2,4,3,4,2023-11-26T00:00:00,2023-11-27T03:00:00,2023-11-26T00:00:00,12.148527,78.476535,Case registered at Ballari PS 39 regarding theft. Investigation ongoing under IO Odika.
764,100110489202300764,202300764,2023-09-11,1920,489,3,2,4,12,3,21,2023-09-11T00:00:00,2023-09-12T08:00:00,2023-09-11T00:00:00,17.641362,75.941332,Case registered at Dakshina Kannada PS 57 regarding public nuisance. Investigation ongoing under IO Priya.
765,100080356202500765,202500765,2025-03-18,1921,356,1,2,1,3,3,16,2025-03-18T00:00:00,2025-03-20T00:00:00,2025-03-18T00:00:00,15.981581,74.866591,Case registered at Chikkaballapur PS 11 regarding grievous hurt. Investigation ongoing under IO Falak.
766,100050191202300766,202300766,2023-07-24,143,191,3,1,3,10,1,10,2023-07-24T00:00:00,2023-07-25T02:00:00,2023-07-24T00:00:00,12.88931,75.059347,Case registered at Bengaluru Urban PS 19 regarding sexual assault. Investigation ongoing under IO Hredhaan.
767,100210786202600767,202600767,2026-03-26,2416,786,2,2,6,15,1,42,2026-03-26T00:00:00,2026-03-26T04:00:00,2026-03-26T00:00:00,13.24116,76.967985,Case registered at Mandya PS 8 regarding online fraud. Investigation ongoing under IO Jason.
768,100050277202300768,202300768,2023-05-13,1795,277,1,2,5,14,1,10,2023-05-13T00:00:00,2023-05-14T16:00:00,2023-05-13T00:00:00,18.136386,74.237632,Case registered at Bengaluru Urban PS 105 regarding criminal breach of trust. Investigation ongoing under IO Yashasvi.
769,100020048202300769,202300769,2023-03-03,1671,48,1,2,3,8,3,3,2023-03-03T00:00:00,2023-03-03T21:00:00,2023-03-03T00:00:00,14.286764,75.470789,Case registered at Ballari PS 19 regarding domestic violence. Investigation ongoing under IO Anvi.
770,100270991202400770,202400770,2024-08-23,1735,991,3,2,6,16,1,53,2024-08-23T00:00:00,2024-08-23T13:00:00,2024-08-23T00:00:00,15.810266,77.754116,Case registered at Udupi PS 11 regarding identity theft. Investigation ongoing under IO Ganga.
771,100050267202500771,202500771,2025-03-05,1322,267,2,2,3,10,1,9,2025-03-05T00:00:00,2025-03-06T14:00:00,2025-03-05T00:00:00,11.661711,77.260753,Case registered at Bengaluru Urban PS 95 regarding sexual assault. Investigation ongoing under IO Abeer.
772,100220808202500772,202500772,2025-03-15,1119,808,3,2,4,12,2,43,2025-03-15T00:00:00,2025-03-15T11:00:00,2025-03-15T00:00:00,14.724352,77.453214,Case registered at Mysuru PS 1 regarding public nuisance. Investigation ongoing under IO Kashvi.
773,100010022202500773,202500773,2025-08-29,2045,22,4,1,1,3,1,1,2025-08-29T00:00:00,2025-08-30T06:00:00,2025-08-29T00:00:00,16.036719,75.36866,Case registered at Bagalkot PS 22 regarding grievous hurt. Investigation ongoing under IO Akshay.
774,100170684202500774,202500774,2025-03-18,157,684,1,2,3,8,2,33,2025-03-18T00:00:00,2025-03-19T02:00:00,2025-03-18T00:00:00,15.880921,77.849462,Case registered at Kalaburagi PS 50 regarding domestic violence. Investigation ongoing under IO Anmol.
775,100030114202400775,202400775,2024-09-07,371,114,3,2,5,13,1,6,2024-09-07T00:00:00,2024-09-07T13:00:00,2024-09-07T00:00:00,16.803005,78.103178,Case registered at Belagavi PS 28 regarding cheating. Investigation ongoing under IO Yashica.
776,100210787202600776,202600776,2026-06-01,2250,787,2,1,1,2,1,42,2026-06-01T00:00:00,2026-06-02T13:00:00,2026-06-01T00:00:00,11.664366,77.021546,Case registered at Mandya PS 9 regarding attempt to murder. Investigation ongoing under IO Fiyaz.
777,100270988202300777,202300777,2023-06-21,2156,988,1,2,6,15,1,54,2023-06-21T00:00:00,2023-06-22T03:00:00,2023-06-21T00:00:00,12.029245,76.716005,Case registered at Udupi PS 8 regarding online fraud. Investigation ongoing under IO Chatura.
778,100240896202400778,202400778,2024-02-04,606,896,1,2,6,15,2,47,2024-02-04T00:00:00,2024-02-04T16:00:00,2024-02-04T00:00:00,15.7368,75.024866,Case registered at Ramanagara PS 3 regarding online fraud. Investigation ongoing under IO Laksh.
779,100190738202400779,202400779,2024-10-19,2130,738,1,2,6,15,1,37,2024-10-19T00:00:00,2024-10-20T12:00:00,2024-10-19T00:00:00,17.878449,74.565357,Case registered at Kolar PS 18 regarding online fraud. Investigation ongoing under IO Aahana.
780,100170656202500780,202500780,2025-12-20,2278,656,1,2,1,3,3,34,2025-12-20T00:00:00,2025-12-20T17:00:00,2025-12-20T00:00:00,14.908077,76.262383,Case registered at Kalaburagi PS 22 regarding grievous hurt. Investigation ongoing under IO Shivani.
781,100060303202300781,202300781,2023-11-16,698,303,2,2,6,16,2,11,2023-11-16T00:00:00,2023-11-17T08:00:00,2023-11-16T00:00:00,13.945511,74.834064,Case registered at Bidar PS 16 regarding identity theft. Investigation ongoing under IO Victor.
782,100050268202500782,202500782,2025-05-03,672,268,1,2,4,12,2,10,2025-05-03T00:00:00,2025-05-04T05:00:00,2025-05-03T00:00:00,14.016739,76.702492,Case registered at Bengaluru Urban PS 96 regarding public nuisance. Investigation ongoing under IO Parth.
783,100130519202400783,202400783,2024-06-21,265,519,1,2,6,16,4,25,2024-06-21T00:00:00,2024-06-21T22:00:00,2024-06-21T00:00:00,17.340934,75.472611,Case registered at Dharwad PS 1 regarding identity theft. Investigation ongoing under IO Ekaraj.
784,100040167202600784,202600784,2026-01-27,1361,167,2,2,5,14,2,7,2026-01-27T00:00:00,2026-01-28T15:00:00,2026-01-27T00:00:00,12.462464,74.862036,Case registered at Bengaluru Rural PS 24 regarding criminal breach of trust. Investigation ongoing under IO Hemangini.
785,100220838202300785,202300785,2023-09-15,423,838,3,2,6,16,4,43,2023-09-15T00:00:00,2023-09-15T04:00:00,2023-09-15T00:00:00,15.74846,75.136029,Case registered at Mysuru PS 31 regarding identity theft. Investigation ongoing under IO Matthew.
786,100060300202500786,202500786,2025-09-02,1014,300,4,2,4,12,1,12,2025-09-02T00:00:00,2025-09-03T09:00:00,2025-09-02T00:00:00,14.698464,76.672804,Case registered at Bidar PS 13 regarding public nuisance. Investigation ongoing under IO Vasudha.
787,100020056202300787,202300787,2023-06-17,746,56,1,2,4,11,3,3,2023-06-17T00:00:00,2023-06-18T10:00:00,2023-06-17T00:00:00,14.352378,74.679495,Case registered at Ballari PS 27 regarding gambling. Investigation ongoing under IO Kevin.
788,100240906202300788,202300788,2023-12-04,2268,906,1,2,6,16,1,48,2023-12-04T00:00:00,2023-12-05T19:00:00,2023-12-04T00:00:00,16.160054,78.518208,Case registered at Ramanagara PS 13 regarding identity theft. Investigation ongoing under IO Jalsa.
789,100080373202300789,202300789,2023-05-13,1301,373,2,2,5,13,2,15,2023-05-13T00:00:00,2023-05-13T12:00:00,2023-05-13T00:00:00,15.358976,77.594382,Case registered at Chikkaballapur PS 28 regarding cheating. Investigation ongoing under IO Nidhi.
790,100301084202500790,202500790,2025-01-31,2056,1084,1,2,1,2,1,60,2025-01-31T00:00:00,2025-01-31T08:00:00,2025-01-31T00:00:00,16.892873,77.509611,Case registered at Yadgir PS 17 regarding attempt to murder. Investigation ongoing under IO Falak.
791,100190725202300791,202300791,2023-01-25,2184,725,1,2,2,6,3,37,2023-01-25T00:00:00,2023-01-25T21:00:00,2023-01-25T00:00:00,11.775379,76.486666,Case registered at Kolar PS 5 regarding burglary. Investigation ongoing under IO Chandran.
792,100160621202600792,202600792,2026-04-02,57,621,1,2,4,12,2,31,2026-04-02T00:00:00,2026-04-02T08:00:00,2026-04-02T00:00:00,14.511231,77.130445,Case registered at Haveri PS 16 regarding public nuisance. Investigation ongoing under IO Niharika.
793,100020077202500793,202500793,2025-02-26,1791,77,1,1,3,10,2,3,2025-02-26T00:00:00,2025-02-27T18:00:00,2025-02-26T00:00:00,17.858137,75.036216,Case registered at Ballari PS 48 regarding sexual assault. Investigation ongoing under IO Daksha.
794,100220834202500794,202500794,2025-04-02,167,834,2,2,6,15,3,44,2025-04-02T00:00:00,2025-04-03T22:00:00,2025-04-02T00:00:00,14.027368,76.72181,Case registered at Mysuru PS 27 regarding online fraud. Investigation ongoing under IO Triya.
795,100240918202400795,202400795,2024-03-07,474,918,1,2,1,3,3,48,2024-03-07T00:00:00,2024-03-07T07:00:00,2024-03-07T00:00:00,18.12288,78.19074,Case registered at Ramanagara PS 25 regarding grievous hurt. Investigation ongoing under IO Bishakha.
796,100210789202300796,202300796,2023-11-11,635,789,1,2,2,4,3,41,2023-11-11T00:00:00,2023-11-12T02:00:00,2023-11-11T00:00:00,14.467585,74.585261,Case registered at Mandya PS 11 regarding theft. Investigation ongoing under IO Urishilla.
797,100050193202500797,202500797,2025-05-18,338,193,1,1,3,8,1,10,2025-05-18T00:00:00,2025-05-18T22:00:00,2025-05-18T00:00:00,14.645022,78.12461,Case registered at Bengaluru Urban PS 21 regarding domestic violence. Investigation ongoing under IO Gavin.
798,100130527202300798,202300798,2023-06-26,898,527,1,2,5,13,4,26,2023-06-26T00:00:00,2023-06-27T09:00:00,2023-06-26T00:00:00,15.392393,75.169736,Case registered at Dharwad PS 9 regarding cheating. Investigation ongoing under IO Parth.
799,100140554202300799,202300799,2023-01-07,780,554,2,2,4,11,2,28,2023-01-07T00:00:00,2023-01-08T01:00:00,2023-01-07T00:00:00,12.653473,75.62482,Case registered at Gadag PS 7 regarding gambling. Investigation ongoing under IO Tristan.
800,100010014202500800,202500800,2025-01-23,2092,14,1,2,5,13,4,1,2025-01-23T00:00:00,2025-01-24T07:00:00,2025-01-23T00:00:00,16.340442,76.017568,Case registered at Bagalkot PS 14 regarding cheating. Investigation ongoing under IO Krishna.
801,100240920202500801,202500801,2025-07-04,1194,920,3,2,4,12,2,48,2025-07-04T00:00:00,2025-07-04T08:00:00,2025-07-04T00:00:00,17.798342,77.650066,Case registered at Ramanagara PS 27 regarding public nuisance. Investigation ongoing under IO Nimrat.
802,100281034202400802,202400802,2024-06-17,1354,1034,2,2,5,13,1,56,2024-06-17T00:00:00,2024-06-17T14:00:00,2024-06-17T00:00:00,17.703438,76.972368,Case registered at Uttara Kannada PS 25 regarding cheating. Investigation ongoing under IO Abhimanyu.
803,100291049202300803,202300803,2023-02-02,2215,1049,1,2,4,12,3,57,2023-02-02T00:00:00,2023-02-02T04:00:00,2023-02-02T00:00:00,13.29681,74.621791,Case registered at Vijayapura PS 11 regarding public nuisance. Investigation ongoing under IO Matthew.
804,100200774202500804,202500804,2025-05-23,966,774,1,2,4,11,3,40,2025-05-23T00:00:00,2025-05-23T10:00:00,2025-05-23T00:00:00,12.005311,75.827019,Case registered at Koppal PS 25 regarding gambling. Investigation ongoing under IO Zaid.
805,100281017202300805,202300805,2023-02-06,153,1017,1,2,6,15,2,56,2023-02-06T00:00:00,2023-02-07T04:00:00,2023-02-06T00:00:00,15.969457,74.846103,Case registered at Uttara Kannada PS 8 regarding online fraud. Investigation ongoing under IO Faris.
806,100100405202600806,202600806,2026-03-30,2469,405,1,2,5,13,3,19,2026-03-30T00:00:00,2026-04-01T00:00:00,2026-03-30T00:00:00,11.77793,74.239426,Case registered at Chitradurga PS 2 regarding cheating. Investigation ongoing under IO Gopal.
807,100080355202300807,202300807,2023-10-04,1344,355,1,2,6,15,1,15,2023-10-04T00:00:00,2023-10-05T20:00:00,2023-10-04T00:00:00,13.617662,77.085526,Case registered at Chikkaballapur PS 10 regarding online fraud. Investigation ongoing under IO Balvan.
808,100190749202300808,202300808,2023-02-04,2019,749,1,1,3,10,2,37,2023-02-04T00:00:00,2023-02-05T06:00:00,2023-02-04T00:00:00,17.546624,76.299087,Case registered at Kolar PS 29 regarding sexual assault. Investigation ongoing under IO Qadim.
809,100100410202400809,202400809,2024-03-03,714,410,1,1,1,2,3,20,2024-03-03T00:00:00,2024-03-03T05:00:00,2024-03-03T00:00:00,11.970998,76.608416,Case registered at Chitradurga PS 7 regarding attempt to murder. Investigation ongoing under IO Manthan.
810,100190742202300810,202300810,2023-03-01,24,742,1,2,5,13,3,38,2023-03-01T00:00:00,2023-03-01T15:00:00,2023-03-01T00:00:00,14.408872,76.02849,Case registered at Kolar PS 22 regarding cheating. Investigation ongoing under IO Divya.
811,100301080202500811,202500811,2025-02-09,1338,1080,1,1,1,1,3,59,2025-02-09T00:00:00,2025-02-09T13:00:00,2025-02-09T00:00:00,12.746014,76.67315,Case registered at Yadgir PS 13 regarding murder. Investigation ongoing under IO Oliver.
812,100281016202600812,202600812,2026-07-02,669,1016,3,2,4,12,2,55,2026-07-02T00:00:00,2026-07-03T10:00:00,2026-07-02T00:00:00,13.748178,76.137113,Case registered at Uttara Kannada PS 7 regarding public nuisance. Investigation ongoing under IO Eiravati.
813,100040153202400813,202400813,2024-02-22,1081,153,1,2,6,16,1,7,2024-02-22T00:00:00,2024-02-22T21:00:00,2024-02-22T00:00:00,16.240274,75.850521,Case registered at Bengaluru Rural PS 10 regarding identity theft. Investigation ongoing under IO Zayyan.
814,100020076202300814,202300814,2023-08-21,874,76,1,2,2,7,2,3,2023-08-21T00:00:00,2023-08-22T18:00:00,2023-08-21T00:00:00,16.119733,76.402798,Case registered at Ballari PS 47 regarding vehicle theft. Investigation ongoing under IO Logan.
815,100060305202400815,202400815,2024-08-18,843,305,1,2,4,12,1,11,2024-08-18T00:00:00,2024-08-18T05:00:00,2024-08-18T00:00:00,13.660107,77.039645,Case registered at Bidar PS 18 regarding public nuisance. Investigation ongoing under IO Aarnav.
816,100030113202400816,202400816,2024-04-04,401,113,1,2,5,14,2,6,2024-04-04T00:00:00,2024-04-05T21:00:00,2024-04-04T00:00:00,15.770995,75.095103,Case registered at Belagavi PS 27 regarding criminal breach of trust. Investigation ongoing under IO Janaki.
817,100110437202500817,202500817,2025-09-01,917,437,4,2,6,15,2,22,2025-09-01T00:00:00,2025-09-01T16:00:00,2025-09-01T00:00:00,15.957218,77.417018,Case registered at Dakshina Kannada PS 5 regarding online fraud. Investigation ongoing under IO Chakradhar.
818,100160628202500818,202500818,2025-10-17,2494,628,1,1,3,10,2,32,2025-10-17T00:00:00,2025-10-17T07:00:00,2025-10-17T00:00:00,16.761584,76.197951,Case registered at Haveri PS 23 regarding sexual assault. Investigation ongoing under IO Tanay.
819,100220815202600819,202600819,2026-02-14,74,815,1,2,4,12,3,44,2026-02-14T00:00:00,2026-02-15T23:00:00,2026-02-14T00:00:00,12.750234,74.097732,Case registered at Mysuru PS 8 regarding public nuisance. Investigation ongoing under IO Dipta.
820,100080353202400820,202400820,2024-08-12,371,353,1,2,6,15,2,16,2024-08-12T00:00:00,2024-08-13T23:00:00,2024-08-12T00:00:00,11.839589,77.17399,Case registered at Chikkaballapur PS 8 regarding online fraud. Investigation ongoing under IO Yashica.
821,100170681202600821,202600821,2026-05-19,657,681,1,2,5,13,1,33,2026-05-19T00:00:00,2026-05-20T08:00:00,2026-05-19T00:00:00,12.860563,75.794803,Case registered at Kalaburagi PS 47 regarding cheating. Investigation ongoing under IO Joshua.
822,100160634202300822,202300822,2023-11-06,2433,634,1,1,3,8,1,32,2023-11-06T00:00:00,2023-11-07T09:00:00,2023-11-06T00:00:00,13.374147,75.700233,Case registered at Haveri PS 29 regarding domestic violence. Investigation ongoing under IO Ishita.
823,100110459202500823,202500823,2025-03-20,864,459,1,2,2,7,2,22,2025-03-20T00:00:00,2025-03-21T23:00:00,2025-03-20T00:00:00,14.686054,75.023624,Case registered at Dakshina Kannada PS 27 regarding vehicle theft. Investigation ongoing under IO Gaurav.
824,100030091202300824,202300824,2023-12-31,2152,91,3,2,4,12,3,6,2023-12-31T00:00:00,2023-12-31T11:00:00,2023-12-31T00:00:00,16.437969,78.033541,Case registered at Belagavi PS 5 regarding public nuisance. Investigation ongoing under IO Arunima.
825,100100421202500825,202500825,2025-09-09,458,421,1,2,1,1,2,19,2025-09-09T00:00:00,2025-09-10T10:00:00,2025-09-09T00:00:00,12.5558,76.987711,Case registered at Chitradurga PS 18 regarding murder. Investigation ongoing under IO Anjali.
826,100080347202400826,202400826,2024-09-19,2000,347,3,1,3,9,3,15,2024-09-19T00:00:00,2024-09-19T23:00:00,2024-09-19T00:00:00,11.705501,78.203351,Case registered at Chikkaballapur PS 2 regarding dowry harassment. Investigation ongoing under IO Anjali.
827,100291056202500827,202500827,2025-09-22,288,1056,2,2,2,7,4,58,2025-09-22T00:00:00,2025-09-22T16:00:00,2025-09-22T00:00:00,16.836983,74.461448,Case registered at Vijayapura PS 18 regarding vehicle theft. Investigation ongoing under IO Harish.
828,100090390202400828,202400828,2024-06-07,2019,390,1,2,2,7,2,18,2024-06-07T00:00:00,2024-06-08T08:00:00,2024-06-07T00:00:00,11.657265,78.36041,Case registered at Chikkamagaluru PS 16 regarding vehicle theft. Investigation ongoing under IO Qadim.
829,100190738202400829,202400829,2024-10-19,551,738,1,2,4,12,2,37,2024-10-19T00:00:00,2024-10-20T01:00:00,2024-10-19T00:00:00,13.879963,78.099093,Case registered at Kolar PS 18 regarding public nuisance. Investigation ongoing under IO Amara.
830,100170643202400830,202400830,2024-10-19,2329,643,1,2,5,13,2,34,2024-10-19T00:00:00,2024-10-21T00:00:00,2024-10-19T00:00:00,15.269328,77.683368,Case registered at Kalaburagi PS 9 regarding cheating. Investigation ongoing under IO Dalbir.
831,100080357202300831,202300831,2023-04-10,1295,357,1,2,4,12,2,15,2023-04-10T00:00:00,2023-04-10T05:00:00,2023-04-10T00:00:00,11.840958,78.512451,Case registered at Chikkaballapur PS 12 regarding public nuisance. Investigation ongoing under IO Jagrati.
832,100190736202400832,202400832,2024-09-25,1204,736,1,1,1,1,1,38,2024-09-25T00:00:00,2024-09-25T23:00:00,2024-09-25T00:00:00,16.449831,75.172402,Case registered at Kolar PS 16 regarding murder. Investigation ongoing under IO Ekanta.
833,100170679202300833,202300833,2023-06-12,699,679,1,2,5,13,3,33,2023-06-12T00:00:00,2023-06-12T12:00:00,2023-06-12T00:00:00,16.989815,75.766662,Case registered at Kalaburagi PS 45 regarding cheating. Investigation ongoing under IO Xalak.
834,100210794202400834,202400834,2024-01-22,937,794,3,1,1,3,3,41,2024-01-22T00:00:00,2024-01-23T06:00:00,2024-01-22T00:00:00,16.364002,74.559543,Case registered at Mandya PS 16 regarding grievous hurt. Investigation ongoing under IO Maya.
835,100311111202400835,202400835,2024-04-11,992,1111,1,2,1,1,3,61,2024-04-11T00:00:00,2024-04-12T20:00:00,2024-04-11T00:00:00,13.448622,77.431049,Case registered at Vijayanagara PS 15 regarding murder. Investigation ongoing under IO Rajeshri.
836,100070317202400836,202400836,2024-08-15,2295,317,1,2,5,14,1,14,2024-08-15T00:00:00,2024-08-16T19:00:00,2024-08-15T00:00:00,16.71322,76.200725,Case registered at Chamarajanagar PS 1 regarding criminal breach of trust. Investigation ongoing under IO Gabriel.
837,100250931202300837,202300837,2023-09-09,1256,931,1,2,5,14,2,50,2023-09-09T00:00:00,2023-09-10T02:00:00,2023-09-09T00:00:00,14.541208,77.19332,Case registered at Shivamogga PS 9 regarding criminal breach of trust. Investigation ongoing under IO Reyansh.
838,100220862202500838,202500838,2025-07-05,1787,862,1,2,1,1,3,43,2025-07-05T00:00:00,2025-07-06T18:00:00,2025-07-05T00:00:00,17.016224,77.374953,Case registered at Mysuru PS 55 regarding murder. Investigation ongoing under IO Advay.
839,100311103202400839,202400839,2024-10-18,887,1103,1,1,3,8,2,62,2024-10-18T00:00:00,2024-10-18T23:00:00,2024-10-18T00:00:00,17.94979,76.528043,Case registered at Vijayanagara PS 7 regarding domestic violence. Investigation ongoing under IO Tanveer.
840,100010021202500840,202500840,2025-07-09,536,21,1,2,6,16,2,1,2025-07-09T00:00:00,2025-07-10T20:00:00,2025-07-09T00:00:00,14.828658,76.630209,Case registered at Bagalkot PS 21 regarding identity theft. Investigation ongoing under IO Anvi.
841,100160628202400841,202400841,2024-06-25,806,628,1,2,6,16,3,31,2024-06-25T00:00:00,2024-06-26T02:00:00,2024-06-25T00:00:00,11.985104,76.216952,Case registered at Haveri PS 23 regarding identity theft. Investigation ongoing under IO Jackson.
842,100170684202300842,202300842,2023-02-14,712,684,3,2,6,16,1,33,2023-02-14T00:00:00,2023-02-15T15:00:00,2023-02-14T00:00:00,13.941026,74.455899,Case registered at Kalaburagi PS 50 regarding identity theft. Investigation ongoing under IO Yadavi.
843,100150577202300843,202300843,2023-07-20,2365,577,1,1,1,3,2,29,2023-07-20T00:00:00,2023-07-21T13:00:00,2023-07-20T00:00:00,12.402289,77.19362,Case registered at Hassan PS 1 regarding grievous hurt. Investigation ongoing under IO Bimala.
844,100110473202600844,202600844,2026-02-26,1506,473,3,2,6,15,2,22,2026-02-26T00:00:00,2026-02-27T18:00:00,2026-02-26T00:00:00,18.290273,77.12789,Case registered at Dakshina Kannada PS 41 regarding online fraud. Investigation ongoing under IO Krish.
845,100170665202300845,202300845,2023-04-20,1838,665,2,1,1,3,2,33,2023-04-20T00:00:00,2023-04-21T06:00:00,2023-04-20T00:00:00,16.249734,74.364877,Case registered at Kalaburagi PS 31 regarding grievous hurt. Investigation ongoing under IO Raagini.
846,100291047202400846,202400846,2024-05-18,2288,1047,1,2,2,7,3,58,2024-05-18T00:00:00,2024-05-19T09:00:00,2024-05-18T00:00:00,15.606449,75.106725,Case registered at Vijayapura PS 9 regarding vehicle theft. Investigation ongoing under IO Neel.
847,100210781202400847,202400847,2024-10-04,411,781,1,2,6,16,3,42,2024-10-04T00:00:00,2024-10-04T04:00:00,2024-10-04T00:00:00,13.098731,77.062314,Case registered at Mandya PS 3 regarding identity theft. Investigation ongoing under IO Wakeeta.
848,100140574202400848,202400848,2024-05-25,231,574,2,2,2,7,4,27,2024-05-25T00:00:00,2024-05-25T07:00:00,2024-05-25T00:00:00,14.471866,76.013893,Case registered at Gadag PS 27 regarding vehicle theft. Investigation ongoing under IO Barkha.
849,100291047202400849,202400849,2024-09-10,376,1047,1,2,4,11,3,58,2024-09-10T00:00:00,2024-09-11T21:00:00,2024-09-10T00:00:00,11.99125,74.213079,Case registered at Vijayapura PS 9 regarding gambling. Investigation ongoing under IO Amara.
850,100080352202500850,202500850,2025-04-27,653,352,1,2,5,13,4,16,2025-04-27T00:00:00,2025-04-27T05:00:00,2025-04-27T00:00:00,11.705743,74.000397,Case registered at Chikkaballapur PS 7 regarding cheating. Investigation ongoing under IO Saumya.
851,100160621202400851,202400851,2024-11-25,287,621,1,1,3,10,3,32,2024-11-25T00:00:00,2024-11-26T17:00:00,2024-11-25T00:00:00,15.75648,78.192036,Case registered at Haveri PS 16 regarding sexual assault. Investigation ongoing under IO Radha.
852,100281025202500852,202500852,2025-04-29,1383,1025,2,2,6,16,3,55,2025-04-29T00:00:00,2025-04-30T08:00:00,2025-04-29T00:00:00,16.623365,74.733057,Case registered at Uttara Kannada PS 16 regarding identity theft. Investigation ongoing under IO Upkaar.
853,100311124202500853,202500853,2025-02-20,1187,1124,3,1,3,8,1,62,2025-02-20T00:00:00,2025-02-20T09:00:00,2025-02-20T00:00:00,17.761731,75.283368,Case registered at Vijayanagara PS 28 regarding domestic violence. Investigation ongoing under IO Garima.
854,100220851202300854,202300854,2023-12-29,1820,851,1,2,3,10,1,43,2023-12-29T00:00:00,2023-12-30T13:00:00,2023-12-29T00:00:00,13.332549,75.890511,Case registered at Mysuru PS 44 regarding sexual assault. Investigation ongoing under IO Abhiram.
855,100250941202300855,202300855,2023-06-21,330,941,1,2,1,2,3,50,2023-06-21T00:00:00,2023-06-22T22:00:00,2023-06-21T00:00:00,13.96547,78.423072,Case registered at Shivamogga PS 19 regarding attempt to murder. Investigation ongoing under IO Oni.
856,100100421202300856,202300856,2023-01-22,454,421,4,2,5,13,2,20,2023-01-22T00:00:00,2023-01-23T16:00:00,2023-01-22T00:00:00,18.073971,77.428481,Case registered at Chitradurga PS 18 regarding cheating. Investigation ongoing under IO Lakshit.
857,100301093202600857,202600857,2026-01-09,1402,1093,1,2,2,5,3,59,2026-01-09T00:00:00,2026-01-09T07:00:00,2026-01-09T00:00:00,12.013631,74.994421,Case registered at Yadgir PS 26 regarding robbery. Investigation ongoing under IO Ishani.
858,100220816202400858,202400858,2024-05-08,1381,816,1,2,2,6,2,43,2024-05-08T00:00:00,2024-05-09T01:00:00,2024-05-08T00:00:00,13.76267,75.800555,Case registered at Mysuru PS 9 regarding burglary. Investigation ongoing under IO Gautam.
859,100060304202300859,202300859,2023-12-31,2252,304,1,1,3,9,4,11,2023-12-31T00:00:00,2024-01-01T16:00:00,2023-12-31T00:00:00,14.23303,75.233867,Case registered at Bidar PS 17 regarding dowry harassment. Investigation ongoing under IO Charita.
860,100110474202300860,202300860,2023-02-25,1283,474,2,1,3,9,3,22,2023-02-25T00:00:00,2023-02-26T21:00:00,2023-02-25T00:00:00,11.608921,76.454937,Case registered at Dakshina Kannada PS 42 regarding dowry harassment. Investigation ongoing under IO Chatura.
861,100230872202400861,202400861,2024-06-22,196,872,1,2,2,4,1,45,2024-06-22T00:00:00,2024-06-23T16:00:00,2024-06-22T00:00:00,17.700318,74.544035,Case registered at Raichur PS 8 regarding theft. Investigation ongoing under IO Qabil.
862,100190739202300862,202300862,2023-05-30,1350,739,1,1,3,8,1,38,2023-05-30T00:00:00,2023-05-31T12:00:00,2023-05-30T00:00:00,12.148221,77.684486,Case registered at Kolar PS 19 regarding domestic violence. Investigation ongoing under IO Guneet.
863,100030139202400863,202400863,2024-11-09,886,139,1,2,5,13,3,5,2024-11-09T00:00:00,2024-11-09T10:00:00,2024-11-09T00:00:00,14.815189,77.220724,Case registered at Belagavi PS 53 regarding cheating. Investigation ongoing under IO Anay.
864,100100407202500864,202500864,2025-04-22,610,407,3,2,4,11,1,19,2025-04-22T00:00:00,2025-04-22T20:00:00,2025-04-22T00:00:00,12.984382,74.943843,Case registered at Chitradurga PS 4 regarding gambling. Investigation ongoing under IO Gaurav.
865,100170655202300865,202300865,2023-08-11,442,655,3,2,4,11,2,34,2023-08-11T00:00:00,2023-08-11T16:00:00,2023-08-11T00:00:00,17.566371,77.592856,Case registered at Kalaburagi PS 21 regarding gambling. Investigation ongoing under IO Yashica.
866,100010012202300866,202300866,2023-02-19,1555,12,2,2,2,7,2,2,2023-02-19T00:00:00,2023-02-20T18:00:00,2023-02-19T00:00:00,14.777654,77.734191,Case registered at Bagalkot PS 12 regarding vehicle theft. Investigation ongoing under IO Girish.
867,100311111202300867,202300867,2023-12-14,1912,1111,1,2,4,11,2,62,2023-12-14T00:00:00,2023-12-15T09:00:00,2023-12-14T00:00:00,12.542539,74.014632,Case registered at Vijayanagara PS 15 regarding gambling. Investigation ongoing under IO Darpan.
868,100050275202300868,202300868,2023-11-18,1870,275,1,2,1,3,4,10,2023-11-18T00:00:00,2023-11-19T12:00:00,2023-11-18T00:00:00,11.657039,74.567232,Case registered at Bengaluru Urban PS 103 regarding grievous hurt. Investigation ongoing under IO Onkar.
869,100311105202500869,202500869,2025-02-11,1585,1105,3,2,4,11,1,61,2025-02-11T00:00:00,2025-02-12T09:00:00,2025-02-11T00:00:00,13.072549,77.081845,Case registered at Vijayanagara PS 9 regarding gambling. Investigation ongoing under IO Aarna.
870,100120494202500870,202500870,2025-06-17,95,494,1,2,4,12,1,23,2025-06-17T00:00:00,2025-06-18T08:00:00,2025-06-17T00:00:00,13.86871,78.391536,Case registered at Davanagere PS 5 regarding public nuisance. Investigation ongoing under IO Aishani.
871,100260979202500871,202500871,2025-04-16,58,979,1,1,1,3,4,52,2025-04-16T00:00:00,2025-04-17T02:00:00,2025-04-16T00:00:00,15.141805,77.28892,Case registered at Tumakuru PS 28 regarding grievous hurt. Investigation ongoing under IO Raagini.
872,100050257202400872,202400872,2024-10-09,614,257,3,2,6,16,1,10,2024-10-09T00:00:00,2024-10-09T12:00:00,2024-10-09T00:00:00,14.332924,74.802809,Case registered at Bengaluru Urban PS 85 regarding identity theft. Investigation ongoing under IO Bimala.
873,100110478202600873,202600873,2026-02-14,970,478,1,2,5,13,2,21,2026-02-14T00:00:00,2026-02-15T15:00:00,2026-02-14T00:00:00,17.27335,77.065481,Case registered at Dakshina Kannada PS 46 regarding cheating. Investigation ongoing under IO Lipika.
874,100220817202300874,202300874,2023-03-06,1690,817,1,2,1,1,3,44,2023-03-06T00:00:00,2023-03-07T04:00:00,2023-03-06T00:00:00,15.929539,74.167328,Case registered at Mysuru PS 10 regarding murder. Investigation ongoing under IO Hamsini.
875,100160633202400875,202400875,2024-11-26,159,633,3,2,6,15,1,32,2024-11-26T00:00:00,2024-11-27T02:00:00,2024-11-26T00:00:00,17.618581,77.998725,Case registered at Haveri PS 28 regarding online fraud. Investigation ongoing under IO Chanchal.
876,100200765202500876,202500876,2025-03-29,243,765,1,2,1,1,2,40,2025-03-29T00:00:00,2025-03-29T08:00:00,2025-03-29T00:00:00,16.706849,74.302336,Case registered at Koppal PS 16 regarding murder. Investigation ongoing under IO Parth.
877,100130527202400877,202400877,2024-05-17,1696,527,1,2,5,14,1,26,2024-05-17T00:00:00,2024-05-17T04:00:00,2024-05-17T00:00:00,16.181188,78.206885,Case registered at Dharwad PS 9 regarding criminal breach of trust. Investigation ongoing under IO Garima.
878,100130534202300878,202300878,2023-05-23,2169,534,1,2,3,8,3,25,2023-05-23T00:00:00,2023-05-23T07:00:00,2023-05-23T00:00:00,16.786362,74.228776,Case registered at Dharwad PS 16 regarding domestic violence. Investigation ongoing under IO Yashawini.
879,100281022202400879,202400879,2024-08-01,1936,1022,3,2,1,2,4,55,2024-08-01T00:00:00,2024-08-02T02:00:00,2024-08-01T00:00:00,13.380431,76.927705,Case registered at Uttara Kannada PS 13 regarding attempt to murder. Investigation ongoing under IO Anamika.
880,100281037202400880,202400880,2024-12-15,738,1037,4,2,4,11,1,55,2024-12-15T00:00:00,2024-12-16T07:00:00,2024-12-15T00:00:00,11.612001,76.958969,Case registered at Uttara Kannada PS 28 regarding gambling. Investigation ongoing under IO Vedant.
881,100110444202300881,202300881,2023-05-26,2500,444,3,2,2,6,2,21,2023-05-26T00:00:00,2023-05-28T00:00:00,2023-05-26T00:00:00,13.794211,76.06908,Case registered at Dakshina Kannada PS 12 regarding burglary. Investigation ongoing under IO Rudra.
882,100170655202400882,202400882,2024-06-08,1903,655,1,2,4,11,2,34,2024-06-08T00:00:00,2024-06-08T02:00:00,2024-06-08T00:00:00,11.952576,74.267902,Case registered at Kalaburagi PS 21 regarding gambling. Investigation ongoing under IO Rushil.
883,100291060202500883,202500883,2025-10-18,782,1060,1,2,3,8,2,58,2025-10-18T00:00:00,2025-10-19T13:00:00,2025-10-18T00:00:00,17.283459,74.897756,Case registered at Vijayapura PS 22 regarding domestic violence. Investigation ongoing under IO Xiti.
884,100190721202300884,202300884,2023-08-03,680,721,1,2,6,16,2,38,2023-08-03T00:00:00,2023-08-05T00:00:00,2023-08-03T00:00:00,14.635065,77.684401,Case registered at Kolar PS 1 regarding identity theft. Investigation ongoing under IO Xavier.
885,100281022202500885,202500885,2025-12-18,2138,1022,1,2,6,16,3,56,2025-12-18T00:00:00,2025-12-18T08:00:00,2025-12-18T00:00:00,11.983528,74.022994,Case registered at Uttara Kannada PS 13 regarding identity theft. Investigation ongoing under IO Fiyaz.
886,100281020202400886,202400886,2024-08-10,734,1020,1,2,4,11,2,56,2024-08-10T00:00:00,2024-08-12T00:00:00,2024-08-10T00:00:00,13.757363,74.408701,Case registered at Uttara Kannada PS 11 regarding gambling. Investigation ongoing under IO Chatresh.
887,100200770202400887,202400887,2024-07-07,721,770,1,2,6,16,2,39,2024-07-07T00:00:00,2024-07-08T13:00:00,2024-07-07T00:00:00,15.359474,74.029175,Case registered at Koppal PS 21 regarding identity theft. Investigation ongoing under IO Vamakshi.
888,100260977202400888,202400888,2024-12-28,1529,977,1,2,3,9,2,51,2024-12-28T00:00:00,2024-12-29T23:00:00,2024-12-28T00:00:00,15.810836,77.707692,Case registered at Tumakuru PS 26 regarding dowry harassment. Investigation ongoing under IO Banjeet.
889,100250938202400889,202400889,2024-01-30,1965,938,2,2,5,14,4,49,2024-01-30T00:00:00,2024-01-31T04:00:00,2024-01-30T00:00:00,16.798697,75.552787,Case registered at Shivamogga PS 16 regarding criminal breach of trust. Investigation ongoing under IO Champak.
890,100170685202400890,202400890,2024-03-27,52,685,3,2,4,11,1,34,2024-03-27T00:00:00,2024-03-28T08:00:00,2024-03-27T00:00:00,12.721425,76.743491,Case registered at Kalaburagi PS 51 regarding gambling. Investigation ongoing under IO Thomas.
891,100050243202300891,202300891,2023-09-02,1815,243,1,2,5,14,2,9,2023-09-02T00:00:00,2023-09-02T19:00:00,2023-09-02T00:00:00,12.306582,76.646177,Case registered at Bengaluru Urban PS 71 regarding criminal breach of trust. Investigation ongoing under IO Anjali.
892,100311105202500892,202500892,2025-11-07,888,1105,3,2,2,6,2,62,2025-11-07T00:00:00,2025-11-08T11:00:00,2025-11-07T00:00:00,18.306225,77.407736,Case registered at Vijayanagara PS 9 regarding burglary. Investigation ongoing under IO Mitali.
893,100170671202500893,202500893,2025-02-21,1135,671,1,2,6,15,1,33,2025-02-21T00:00:00,2025-02-21T19:00:00,2025-02-21T00:00:00,17.762799,74.83955,Case registered at Kalaburagi PS 37 regarding online fraud. Investigation ongoing under IO Zayyan.
894,100030129202500894,202500894,2025-01-16,989,129,1,2,6,15,2,5,2025-01-16T00:00:00,2025-01-17T15:00:00,2025-01-16T00:00:00,11.779066,78.15244,Case registered at Belagavi PS 43 regarding online fraud. Investigation ongoing under IO Janya.
895,100070329202500895,202500895,2025-06-07,87,329,2,2,5,13,2,14,2025-06-07T00:00:00,2025-06-08T04:00:00,2025-06-07T00:00:00,18.109059,74.229909,Case registered at Chamarajanagar PS 13 regarding cheating. Investigation ongoing under IO Ekapad.
896,100030103202600896,202600896,2026-02-14,1412,103,4,2,3,10,2,6,2026-02-14T00:00:00,2026-02-15T16:00:00,2026-02-14T00:00:00,18.39272,74.053586,Case registered at Belagavi PS 17 regarding sexual assault. Investigation ongoing under IO Owen.
897,100230892202300897,202300897,2023-12-31,1245,892,2,2,6,16,2,46,2023-12-31T00:00:00,2023-12-31T07:00:00,2023-12-31T00:00:00,14.451545,76.968233,Case registered at Raichur PS 28 regarding identity theft. Investigation ongoing under IO Tanay.
898,100060297202500898,202500898,2025-06-26,225,297,3,2,4,12,2,12,2025-06-26T00:00:00,2025-06-27T09:00:00,2025-06-26T00:00:00,17.382271,74.760953,Case registered at Bidar PS 10 regarding public nuisance. Investigation ongoing under IO Pushti.
899,100200760202300899,202300899,2023-07-30,1510,760,1,2,5,14,3,39,2023-07-30T00:00:00,2023-07-31T07:00:00,2023-07-30T00:00:00,12.66824,78.301433,Case registered at Koppal PS 11 regarding criminal breach of trust. Investigation ongoing under IO Naveen.
900,100230886202400900,202400900,2024-10-29,2011,886,3,2,2,4,1,45,2024-10-29T00:00:00,2024-10-30T22:00:00,2024-10-29T00:00:00,14.141744,74.056652,Case registered at Raichur PS 22 regarding theft. Investigation ongoing under IO Aarna.
901,100190740202500901,202500901,2025-11-03,1559,740,4,2,6,15,1,37,2025-11-03T00:00:00,2025-11-04T20:00:00,2025-11-03T00:00:00,14.096894,76.477063,Case registered at Kolar PS 20 regarding online fraud. Investigation ongoing under IO Utkarsh.
902,100020051202400902,202400902,2024-03-16,1818,51,3,2,1,2,2,4,2024-03-16T00:00:00,2024-03-17T11:00:00,2024-03-16T00:00:00,16.748414,77.915446,Case registered at Ballari PS 22 regarding attempt to murder. Investigation ongoing under IO Robert.
903,100170677202500903,202500903,2025-07-16,1994,677,1,2,3,8,3,34,2025-07-16T00:00:00,2025-07-16T08:00:00,2025-07-16T00:00:00,13.434839,75.325481,Case registered at Kalaburagi PS 43 regarding domestic violence. Investigation ongoing under IO Sachi.
904,100200771202300904,202300904,2023-04-01,2479,771,3,2,4,11,2,40,2023-04-01T00:00:00,2023-04-02T19:00:00,2023-04-01T00:00:00,12.104822,78.37537,Case registered at Koppal PS 22 regarding gambling. Investigation ongoing under IO Darpan.
905,100170648202600905,202600905,2026-07-07,1230,648,1,2,5,14,1,33,2026-07-07T00:00:00,2026-07-08T11:00:00,2026-07-07T00:00:00,13.769906,76.516735,Case registered at Kalaburagi PS 14 regarding criminal breach of trust. Investigation ongoing under IO Saanvi.
906,100100419202500906,202500906,2025-03-30,2080,419,1,2,4,11,3,20,2025-03-30T00:00:00,2025-03-30T14:00:00,2025-03-30T00:00:00,13.375283,77.541415,Case registered at Chitradurga PS 16 regarding gambling. Investigation ongoing under IO Widisha.
907,100030096202600907,202600907,2026-04-25,1350,96,4,2,5,14,4,6,2026-04-25T00:00:00,2026-04-25T12:00:00,2026-04-25T00:00:00,15.085773,77.620674,Case registered at Belagavi PS 10 regarding criminal breach of trust. Investigation ongoing under IO Guneet.
908,100040148202500908,202500908,2025-09-29,1264,148,1,2,4,11,1,7,2025-09-29T00:00:00,2025-09-29T21:00:00,2025-09-29T00:00:00,17.506907,76.272078,Case registered at Bengaluru Rural PS 5 regarding gambling. Investigation ongoing under IO Zayan.
909,100050211202300909,202300909,2023-01-20,175,211,1,2,2,4,1,9,2023-01-20T00:00:00,2023-01-20T12:00:00,2023-01-20T00:00:00,14.725849,77.030532,Case registered at Bengaluru Urban PS 39 regarding theft. Investigation ongoing under IO William.
910,100170639202300910,202300910,2023-01-11,338,639,1,2,3,9,3,33,2023-01-11T00:00:00,2023-01-12T06:00:00,2023-01-11T00:00:00,17.148534,74.164932,Case registered at Kalaburagi PS 5 regarding dowry harassment. Investigation ongoing under IO Gavin.
911,100180719202400911,202400911,2024-04-13,112,719,1,2,2,6,1,36,2024-04-13T00:00:00,2024-04-13T21:00:00,2024-04-13T00:00:00,16.429747,75.93758,Case registered at Kodagu PS 28 regarding burglary. Investigation ongoing under IO Upma.
912,100060307202400912,202400912,2024-08-23,383,307,4,2,4,12,2,11,2024-08-23T00:00:00,2024-08-24T03:00:00,2024-08-23T00:00:00,13.898181,76.906125,Case registered at Bidar PS 20 regarding public nuisance. Investigation ongoing under IO Frado.
913,100170636202500913,202500913,2025-05-31,1098,636,1,2,6,15,2,33,2025-05-31T00:00:00,2025-05-31T15:00:00,2025-05-31T00:00:00,18.162601,77.595244,Case registered at Kalaburagi PS 2 regarding online fraud. Investigation ongoing under IO Yashica.
914,100301070202600914,202600914,2026-01-26,2433,1070,3,2,1,2,1,60,2026-01-26T00:00:00,2026-01-26T22:00:00,2026-01-26T00:00:00,16.806332,74.148781,Case registered at Yadgir PS 3 regarding attempt to murder. Investigation ongoing under IO Ishita.
915,100281023202300915,202300915,2023-12-04,2277,1023,1,2,1,2,4,55,2023-12-04T00:00:00,2023-12-05T01:00:00,2023-12-04T00:00:00,17.650411,77.810662,Case registered at Uttara Kannada PS 14 regarding attempt to murder. Investigation ongoing under IO Sai.
916,100160606202400916,202400916,2024-11-21,1455,606,1,2,3,9,1,31,2024-11-21T00:00:00,2024-11-21T02:00:00,2024-11-21T00:00:00,11.938235,76.889395,Case registered at Haveri PS 1 regarding dowry harassment. Investigation ongoing under IO Onkar.
917,100291067202300917,202300917,2023-11-23,1082,1067,1,2,1,3,3,58,2023-11-23T00:00:00,2023-11-23T13:00:00,2023-11-23T00:00:00,14.60528,74.693995,Case registered at Vijayapura PS 29 regarding grievous hurt. Investigation ongoing under IO Anvi.
918,100220863202400918,202400918,2024-01-17,2360,863,4,2,5,13,1,43,2024-01-17T00:00:00,2024-01-17T03:00:00,2024-01-17T00:00:00,14.944148,75.223156,Case registered at Mysuru PS 56 regarding cheating. Investigation ongoing under IO Tanvi.
919,100220832202600919,202600919,2026-06-20,2225,832,1,2,1,1,1,44,2026-06-20T00:00:00,2026-06-21T04:00:00,2026-06-20T00:00:00,16.03172,78.487764,Case registered at Mysuru PS 25 regarding murder. Investigation ongoing under IO Pranit.
920,100070318202400920,202400920,2024-12-30,699,318,1,2,1,3,2,13,2024-12-30T00:00:00,2024-12-31T17:00:00,2024-12-30T00:00:00,11.656336,76.396448,Case registered at Chamarajanagar PS 2 regarding grievous hurt. Investigation ongoing under IO Xalak.
921,100020073202400921,202400921,2024-12-15,1388,73,1,2,2,4,1,4,2024-12-15T00:00:00,2024-12-16T23:00:00,2024-12-15T00:00:00,14.925106,78.091974,Case registered at Ballari PS 44 regarding theft. Investigation ongoing under IO Zashil.
922,100250939202300922,202300922,2023-03-13,1256,939,1,2,4,12,1,50,2023-03-13T00:00:00,2023-03-13T08:00:00,2023-03-13T00:00:00,11.766593,76.00787,Case registered at Shivamogga PS 17 regarding public nuisance. Investigation ongoing under IO Reyansh.
923,100250946202600923,202600923,2026-07-03,1676,946,1,2,4,11,1,50,2026-07-03T00:00:00,2026-07-03T15:00:00,2026-07-03T00:00:00,13.085393,78.431133,Case registered at Shivamogga PS 24 regarding gambling. Investigation ongoing under IO Aashi.
924,100291062202400924,202400924,2024-04-17,1576,1062,1,2,5,14,3,57,2024-04-17T00:00:00,2024-04-17T03:00:00,2024-04-17T00:00:00,15.958395,77.443272,Case registered at Vijayapura PS 24 regarding criminal breach of trust. Investigation ongoing under IO Arjun.
925,100270987202300925,202300925,2023-09-02,1696,987,3,2,6,15,1,53,2023-09-02T00:00:00,2023-09-03T01:00:00,2023-09-02T00:00:00,16.635036,75.319971,Case registered at Udupi PS 7 regarding online fraud. Investigation ongoing under IO Garima.
926,100020039202300926,202300926,2023-01-29,916,39,1,2,6,16,2,3,2023-01-29T00:00:00,2023-01-30T00:00:00,2023-01-29T00:00:00,12.447113,76.516236,Case registered at Ballari PS 10 regarding identity theft. Investigation ongoing under IO Charles.
927,100050266202400927,202400927,2024-07-30,2277,266,1,2,4,11,2,9,2024-07-30T00:00:00,2024-07-30T17:00:00,2024-07-30T00:00:00,14.539166,76.149527,Case registered at Bengaluru Urban PS 94 regarding gambling. Investigation ongoing under IO Sai.
928,100100413202500928,202500928,2025-12-01,939,413,2,1,1,2,1,19,2025-12-01T00:00:00,2025-12-01T06:00:00,2025-12-01T00:00:00,13.484852,74.514946,Case registered at Chitradurga PS 10 regarding attempt to murder. Investigation ongoing under IO Samaksh.
929,100090380202500929,202500929,2025-01-17,140,380,1,2,5,13,4,17,2025-01-17T00:00:00,2025-01-18T03:00:00,2025-01-17T00:00:00,12.960664,76.238739,Case registered at Chikkamagaluru PS 6 regarding cheating. Investigation ongoing under IO Robert.
930,100120509202600930,202600930,2026-04-18,712,509,1,2,4,11,2,23,2026-04-18T00:00:00,2026-04-19T15:00:00,2026-04-18T00:00:00,14.620761,76.915035,Case registered at Davanagere PS 20 regarding gambling. Investigation ongoing under IO Yadavi.
931,100060305202400931,202400931,2024-05-12,1797,305,3,2,2,4,1,12,2024-05-12T00:00:00,2024-05-13T20:00:00,2024-05-12T00:00:00,17.136693,75.90589,Case registered at Bidar PS 18 regarding theft. Investigation ongoing under IO Aarini.
932,100040159202300932,202300932,2023-11-05,431,159,1,1,1,2,4,7,2023-11-05T00:00:00,2023-11-06T03:00:00,2023-11-05T00:00:00,11.852609,76.58447,Case registered at Bengaluru Rural PS 16 regarding attempt to murder. Investigation ongoing under IO Libni.
933,100030101202500933,202500933,2025-05-23,305,101,1,2,4,12,3,6,2025-05-23T00:00:00,2025-05-24T03:00:00,2025-05-23T00:00:00,15.982029,78.406996,Case registered at Belagavi PS 15 regarding public nuisance. Investigation ongoing under IO Bhavini.
934,100281035202400934,202400934,2024-04-23,1802,1035,1,2,5,13,1,55,2024-04-23T00:00:00,2024-04-24T01:00:00,2024-04-23T00:00:00,12.892742,76.849554,Case registered at Uttara Kannada PS 26 regarding cheating. Investigation ongoing under IO Maanav.
935,100240898202500935,202500935,2025-04-21,11,898,1,2,2,6,1,47,2025-04-21T00:00:00,2025-04-21T06:00:00,2025-04-21T00:00:00,13.667337,76.257895,Case registered at Ramanagara PS 5 regarding burglary. Investigation ongoing under IO Caleb.
936,100150596202400936,202400936,2024-01-07,1653,596,1,2,1,1,2,30,2024-01-07T00:00:00,2024-01-08T10:00:00,2024-01-07T00:00:00,14.081237,76.18398,Case registered at Hassan PS 20 regarding murder. Investigation ongoing under IO Charan.
937,100150582202300937,202300937,2023-08-26,118,582,1,2,4,11,3,30,2023-08-26T00:00:00,2023-08-27T20:00:00,2023-08-26T00:00:00,17.230726,75.876893,Case registered at Hassan PS 6 regarding gambling. Investigation ongoing under IO Advika.
938,100210793202600938,202600938,2026-06-23,1483,793,4,1,3,9,1,41,2026-06-23T00:00:00,2026-06-23T12:00:00,2026-06-23T00:00:00,14.214638,74.876474,Case registered at Mandya PS 15 regarding dowry harassment. Investigation ongoing under IO Ganga.
939,100050216202300939,202300939,2023-10-10,2310,216,3,2,4,11,3,10,2023-10-10T00:00:00,2023-10-10T11:00:00,2023-10-10T00:00:00,15.764765,77.983343,Case registered at Bengaluru Urban PS 44 regarding gambling. Investigation ongoing under IO Harsh.
940,100270994202300940,202300940,2023-09-26,1717,994,3,2,1,2,1,53,2023-09-26T00:00:00,2023-09-27T20:00:00,2023-09-26T00:00:00,14.606011,74.339025,Case registered at Udupi PS 14 regarding attempt to murder. Investigation ongoing under IO Aradhana.
941,100250925202600941,202600941,2026-04-08,2478,925,4,2,2,4,1,50,2026-04-08T00:00:00,2026-04-09T11:00:00,2026-04-08T00:00:00,16.156109,78.243875,Case registered at Shivamogga PS 3 regarding theft. Investigation ongoing under IO Quincy.
942,100291062202500942,202500942,2025-05-18,981,1062,1,1,1,2,1,57,2025-05-18T00:00:00,2025-05-18T19:00:00,2025-05-18T00:00:00,16.67202,78.136134,Case registered at Vijayapura PS 24 regarding attempt to murder. Investigation ongoing under IO Raghav.
943,100220844202300943,202300943,2023-05-11,669,844,1,2,3,9,2,44,2023-05-11T00:00:00,2023-05-11T06:00:00,2023-05-11T00:00:00,17.752849,76.09932,Case registered at Mysuru PS 37 regarding dowry harassment. Investigation ongoing under IO Eiravati.
944,100301096202500944,202500944,2025-10-10,121,1096,1,2,1,3,1,59,2025-10-10T00:00:00,2025-10-10T12:00:00,2025-10-10T00:00:00,17.298664,76.7629,Case registered at Yadgir PS 29 regarding grievous hurt. Investigation ongoing under IO Yasti.
945,100120496202300945,202300945,2023-01-22,532,496,3,2,2,7,1,24,2023-01-22T00:00:00,2023-01-23T02:00:00,2023-01-22T00:00:00,13.661481,76.806192,Case registered at Davanagere PS 7 regarding vehicle theft. Investigation ongoing under IO Jeet.
946,100080362202500946,202500946,2025-12-23,38,362,1,1,3,10,4,15,2025-12-23T00:00:00,2025-12-24T01:00:00,2025-12-23T00:00:00,17.195167,75.634612,Case registered at Chikkaballapur PS 17 regarding sexual assault. Investigation ongoing under IO Chanchal.
947,100160616202300947,202300947,2023-01-30,1340,616,3,2,1,2,2,32,2023-01-30T00:00:00,2023-01-31T04:00:00,2023-01-30T00:00:00,16.327298,74.6688,Case registered at Haveri PS 11 regarding attempt to murder. Investigation ongoing under IO Kritika.
948,100080359202600948,202600948,2026-03-24,218,359,3,2,6,16,3,16,2026-03-24T00:00:00,2026-03-25T11:00:00,2026-03-24T00:00:00,12.044238,74.983506,Case registered at Chikkaballapur PS 14 regarding identity theft. Investigation ongoing under IO Ishaan.
949,100220843202500949,202500949,2025-07-20,1240,843,1,2,4,12,3,43,2025-07-20T00:00:00,2025-07-21T09:00:00,2025-07-20T00:00:00,17.534288,78.339855,Case registered at Mysuru PS 36 regarding public nuisance. Investigation ongoing under IO Charvi.
950,100150582202500950,202500950,2025-07-20,1054,582,2,2,1,1,3,30,2025-07-20T00:00:00,2025-07-21T09:00:00,2025-07-20T00:00:00,16.17409,76.844814,Case registered at Hassan PS 6 regarding murder. Investigation ongoing under IO Garima.
951,100070319202400951,202400951,2024-11-03,2192,319,1,1,1,1,1,14,2024-11-03T00:00:00,2024-11-03T17:00:00,2024-11-03T00:00:00,13.149722,77.513584,Case registered at Chamarajanagar PS 3 regarding murder. Investigation ongoing under IO Tanveer.
952,100020056202300952,202300952,2023-03-19,857,56,1,2,3,10,4,3,2023-03-19T00:00:00,2023-03-19T22:00:00,2023-03-19T00:00:00,17.583535,74.654065,Case registered at Ballari PS 27 regarding sexual assault. Investigation ongoing under IO Noah.
953,100311121202500953,202500953,2025-06-19,2318,1121,1,2,2,4,1,61,2025-06-19T00:00:00,2025-06-19T16:00:00,2025-06-19T00:00:00,16.537087,77.819685,Case registered at Vijayanagara PS 25 regarding theft. Investigation ongoing under IO Harita.
954,100301095202500954,202500954,2025-11-05,1345,1095,1,2,5,14,1,59,2025-11-05T00:00:00,2025-11-05T22:00:00,2025-11-05T00:00:00,16.118811,74.158959,Case registered at Yadgir PS 28 regarding criminal breach of trust. Investigation ongoing under IO Jacob.
955,100270991202300955,202300955,2023-06-15,495,991,3,2,6,15,1,53,2023-06-15T00:00:00,2023-06-16T08:00:00,2023-06-15T00:00:00,16.749573,77.483648,Case registered at Udupi PS 11 regarding online fraud. Investigation ongoing under IO Widisha.
956,100090395202300956,202300956,2023-01-24,2150,395,1,1,1,3,1,17,2023-01-24T00:00:00,2023-01-24T03:00:00,2023-01-24T00:00:00,13.847603,78.550183,Case registered at Chikkamagaluru PS 21 regarding grievous hurt. Investigation ongoing under IO Kavya.
957,100030126202500957,202500957,2025-05-30,2013,126,1,2,6,15,4,5,2025-05-30T00:00:00,2025-05-30T08:00:00,2025-05-30T00:00:00,12.092318,74.562344,Case registered at Belagavi PS 40 regarding online fraud. Investigation ongoing under IO Anay.
958,100140556202500958,202500958,2025-08-10,1356,556,1,2,6,16,2,28,2025-08-10T00:00:00,2025-08-11T14:00:00,2025-08-10T00:00:00,14.690891,75.677437,Case registered at Gadag PS 9 regarding identity theft. Investigation ongoing under IO Pooja.
959,100130542202400959,202400959,2024-03-10,107,542,1,2,5,13,3,25,2024-03-10T00:00:00,2024-03-11T06:00:00,2024-03-10T00:00:00,11.614584,74.708008,Case registered at Dharwad PS 24 regarding cheating. Investigation ongoing under IO Warjas.
960,100060289202400960,202400960,2024-02-19,1945,289,1,1,3,10,3,11,2024-02-19T00:00:00,2024-02-20T20:00:00,2024-02-19T00:00:00,18.276555,78.400622,Case registered at Bidar PS 2 regarding sexual assault. Investigation ongoing under IO Shaurya.
961,100030124202500961,202500961,2025-03-25,1982,124,4,2,6,16,1,5,2025-03-25T00:00:00,2025-03-26T02:00:00,2025-03-25T00:00:00,12.508061,74.492281,Case registered at Belagavi PS 38 regarding identity theft. Investigation ongoing under IO Jackson.
962,100250925202300962,202300962,2023-08-23,1618,925,1,2,4,11,2,50,2023-08-23T00:00:00,2023-08-23T20:00:00,2023-08-23T00:00:00,13.463829,78.563653,Case registered at Shivamogga PS 3 regarding gambling. Investigation ongoing under IO Karan.
963,100270984202300963,202300963,2023-03-03,1446,984,1,2,6,15,3,53,2023-03-03T00:00:00,2023-03-03T05:00:00,2023-03-03T00:00:00,16.21642,77.6617,Case registered at Udupi PS 4 regarding online fraud. Investigation ongoing under IO Arin.
964,100110471202400964,202400964,2024-04-16,376,471,3,2,5,14,2,21,2024-04-16T00:00:00,2024-04-17T09:00:00,2024-04-16T00:00:00,14.553979,76.518692,Case registered at Dakshina Kannada PS 39 regarding criminal breach of trust. Investigation ongoing under IO Amara.
965,100100420202500965,202500965,2025-04-14,2140,420,1,2,4,11,2,19,2025-04-14T00:00:00,2025-04-15T21:00:00,2025-04-14T00:00:00,13.533747,74.666877,Case registered at Chitradurga PS 17 regarding gambling. Investigation ongoing under IO Januja.
966,100080353202600966,202600966,2026-04-10,2295,353,3,2,1,2,3,15,2026-04-10T00:00:00,2026-04-11T10:00:00,2026-04-10T00:00:00,15.384118,75.602867,Case registered at Chikkaballapur PS 8 regarding attempt to murder. Investigation ongoing under IO Gabriel.
967,100130536202500967,202500967,2025-08-15,529,536,1,2,6,15,1,26,2025-08-15T00:00:00,2025-08-15T08:00:00,2025-08-15T00:00:00,15.109099,75.522933,Case registered at Dharwad PS 18 regarding online fraud. Investigation ongoing under IO Hemangini.
968,100010015202600968,202600968,2026-07-05,1363,15,1,2,4,12,3,1,2026-07-05T00:00:00,2026-07-06T11:00:00,2026-07-05T00:00:00,14.895934,75.929732,Case registered at Bagalkot PS 15 regarding public nuisance. Investigation ongoing under IO Victor.
969,100311109202600969,202600969,2026-01-04,1494,1109,1,1,1,3,3,62,2026-01-04T00:00:00,2026-01-04T23:00:00,2026-01-04T00:00:00,12.33361,75.950021,Case registered at Vijayanagara PS 13 regarding grievous hurt. Investigation ongoing under IO Rushil.
970,100250948202400970,202400970,2024-03-31,694,948,1,2,6,15,3,49,2024-03-31T00:00:00,2024-03-31T17:00:00,2024-03-31T00:00:00,17.99645,75.441559,Case registered at Shivamogga PS 26 regarding online fraud. Investigation ongoing under IO Upasna.
971,100311102202600971,202600971,2026-05-03,1649,1102,2,2,2,4,1,61,2026-05-03T00:00:00,2026-05-03T21:00:00,2026-05-03T00:00:00,15.714149,77.513684,Case registered at Vijayanagara PS 6 regarding theft. Investigation ongoing under IO Yasti.
972,100050247202500972,202500972,2025-12-12,29,247,2,2,5,13,3,9,2025-12-12T00:00:00,2025-12-13T06:00:00,2025-12-12T00:00:00,11.603143,78.267614,Case registered at Bengaluru Urban PS 75 regarding cheating. Investigation ongoing under IO Champak.
973,100030139202600973,202600973,2026-03-30,520,139,4,1,1,2,2,5,2026-03-30T00:00:00,2026-03-31T21:00:00,2026-03-30T00:00:00,15.813624,74.766651,Case registered at Belagavi PS 53 regarding attempt to murder. Investigation ongoing under IO Owen.
974,100050182202300974,202300974,2023-04-19,983,182,1,2,6,15,2,10,2023-04-19T00:00:00,2023-04-20T09:00:00,2023-04-19T00:00:00,14.697667,78.445269,Case registered at Bengaluru Urban PS 10 regarding online fraud. Investigation ongoing under IO Baljiwan.
975,100030117202600975,202600975,2026-06-02,2320,117,1,2,4,12,1,5,2026-06-02T00:00:00,2026-06-03T15:00:00,2026-06-02T00:00:00,16.034162,74.86067,Case registered at Belagavi PS 31 regarding public nuisance. Investigation ongoing under IO Jalsa.
976,100090377202600976,202600976,2026-02-05,1420,377,3,2,5,14,3,17,2026-02-05T00:00:00,2026-02-05T12:00:00,2026-02-05T00:00:00,18.264346,76.268948,Case registered at Chikkamagaluru PS 3 regarding criminal breach of trust. Investigation ongoing under IO Nandini.
977,100200766202500977,202500977,2025-05-13,1739,766,1,2,6,16,3,39,2025-05-13T00:00:00,2025-05-14T18:00:00,2025-05-13T00:00:00,11.609766,75.561518,Case registered at Koppal PS 17 regarding identity theft. Investigation ongoing under IO Joshua.
978,100210806202500978,202500978,2025-07-07,1741,806,3,1,3,10,1,42,2025-07-07T00:00:00,2025-07-08T08:00:00,2025-07-07T00:00:00,17.099967,76.175975,Case registered at Mandya PS 28 regarding sexual assault. Investigation ongoing under IO Chasmum.
979,100120512202400979,202400979,2024-06-30,330,512,1,2,3,10,2,24,2024-06-30T00:00:00,2024-07-01T20:00:00,2024-06-30T00:00:00,17.647763,74.619227,Case registered at Davanagere PS 23 regarding sexual assault. Investigation ongoing under IO Oni.
980,100230873202500980,202500980,2025-02-26,2151,873,1,2,5,14,1,46,2025-02-26T00:00:00,2025-02-27T07:00:00,2025-02-26T00:00:00,13.707183,78.476773,Case registered at Raichur PS 9 regarding criminal breach of trust. Investigation ongoing under IO Pallavi.
981,100150587202400981,202400981,2024-08-12,1276,587,1,2,3,8,2,30,2024-08-12T00:00:00,2024-08-12T13:00:00,2024-08-12T00:00:00,16.131237,75.77393,Case registered at Hassan PS 11 regarding domestic violence. Investigation ongoing under IO Kashvi.
982,100070335202300982,202300982,2023-12-31,622,335,1,1,1,3,1,14,2023-12-31T00:00:00,2024-01-01T23:00:00,2023-12-31T00:00:00,17.360591,78.095901,Case registered at Chamarajanagar PS 19 regarding grievous hurt. Investigation ongoing under IO Reyansh.
983,100050204202400983,202400983,2024-06-12,1927,204,1,2,4,12,1,9,2024-06-12T00:00:00,2024-06-13T07:00:00,2024-06-12T00:00:00,18.191151,75.406526,Case registered at Bengaluru Urban PS 32 regarding public nuisance. Investigation ongoing under IO Advik.
984,100030115202600984,202600984,2026-01-10,1303,115,1,2,1,3,1,5,2026-01-10T00:00:00,2026-01-11T13:00:00,2026-01-10T00:00:00,17.755278,76.056315,Case registered at Belagavi PS 29 regarding grievous hurt. Investigation ongoing under IO Urmi.
985,100020072202500985,202500985,2025-10-12,448,72,1,2,4,11,3,3,2025-10-12T00:00:00,2025-10-12T07:00:00,2025-10-12T00:00:00,13.970164,78.226245,Case registered at Ballari PS 43 regarding gambling. Investigation ongoing under IO Sachi.
986,100260953202400986,202400986,2024-07-06,1160,953,2,2,3,8,2,52,2024-07-06T00:00:00,2024-07-06T04:00:00,2024-07-06T00:00:00,12.9679,76.280751,Case registered at Tumakuru PS 2 regarding domestic violence. Investigation ongoing under IO Ojas.
987,100140569202300987,202300987,2023-06-01,2427,569,2,2,6,15,3,28,2023-06-01T00:00:00,2023-06-01T10:00:00,2023-06-01T00:00:00,11.85656,74.786854,Case registered at Gadag PS 22 regarding online fraud. Investigation ongoing under IO Sai.
988,100170639202600988,202600988,2026-01-02,581,639,1,2,4,11,3,33,2026-01-02T00:00:00,2026-01-02T10:00:00,2026-01-02T00:00:00,13.86985,77.013635,Case registered at Kalaburagi PS 5 regarding gambling. Investigation ongoing under IO Onkar.
989,100050277202500989,202500989,2025-08-27,805,277,1,2,6,15,1,10,2025-08-27T00:00:00,2025-08-28T12:00:00,2025-08-27T00:00:00,11.843173,75.720618,Case registered at Bengaluru Urban PS 105 regarding online fraud. Investigation ongoing under IO Krish.
990,100210798202600990,202600990,2026-04-02,2001,798,1,2,1,2,3,41,2026-04-02T00:00:00,2026-04-03T10:00:00,2026-04-02T00:00:00,17.214182,77.868187,Case registered at Mandya PS 20 regarding attempt to murder. Investigation ongoing under IO Laksh.
991,100020080202500991,202500991,2025-03-25,546,80,1,2,4,12,1,3,2025-03-25T00:00:00,2025-03-25T16:00:00,2025-03-25T00:00:00,13.568418,74.193802,Case registered at Ballari PS 51 regarding public nuisance. Investigation ongoing under IO Nakul.
992,100060302202300992,202300992,2023-04-12,446,302,4,2,2,7,1,11,2023-04-12T00:00:00,2023-04-13T20:00:00,2023-04-12T00:00:00,13.070826,76.547355,Case registered at Bidar PS 15 regarding vehicle theft. Investigation ongoing under IO Noah.
993,100030115202300993,202300993,2023-01-31,1834,115,1,2,2,5,2,5,2023-01-31T00:00:00,2023-01-31T17:00:00,2023-01-31T00:00:00,15.303098,77.091563,Case registered at Belagavi PS 29 regarding robbery. Investigation ongoing under IO Gaurangi.
994,100250931202500994,202500994,2025-07-27,1127,931,1,1,3,8,1,49,2025-07-27T00:00:00,2025-07-28T15:00:00,2025-07-27T00:00:00,11.601815,76.138706,Case registered at Shivamogga PS 9 regarding domestic violence. Investigation ongoing under IO Jagrati.
995,100230880202400995,202400995,2024-01-19,2234,880,1,2,3,9,2,46,2024-01-19T00:00:00,2024-01-20T23:00:00,2024-01-19T00:00:00,17.481713,74.899219,Case registered at Raichur PS 16 regarding dowry harassment. Investigation ongoing under IO Kai.
996,100180692202600996,202600996,2026-05-16,1988,692,4,2,4,11,3,36,2026-05-16T00:00:00,2026-05-16T03:00:00,2026-05-16T00:00:00,17.851722,77.763711,Case registered at Kodagu PS 1 regarding gambling. Investigation ongoing under IO Yauvani.
997,100110452202600997,202600997,2026-03-24,142,452,2,2,6,16,1,21,2026-03-24T00:00:00,2026-03-24T13:00:00,2026-03-24T00:00:00,16.320137,76.822596,Case registered at Dakshina Kannada PS 20 regarding identity theft. Investigation ongoing under IO Abdul.
998,100020045202400998,202400998,2024-11-28,1098,45,1,2,1,3,1,4,2024-11-28T00:00:00,2024-11-29T09:00:00,2024-11-28T00:00:00,14.057578,75.589603,Case registered at Ballari PS 16 regarding grievous hurt. Investigation ongoing under IO Yashica.
999,100210807202500999,202500999,2025-07-23,689,807,1,2,6,16,3,41,2025-07-23T00:00:00,2025-07-24T00:00:00,2025-07-23T00:00:00,13.428365,75.148218,Case registered at Mandya PS 29 regarding identity theft. Investigation ongoing under IO Xavier.
1000,100050212202301000,202301000,2023-08-15,1682,212,2,1,1,2,1,10,2023-08-15T00:00:00,2023-08-16T19:00:00,2023-08-15T00:00:00,18.253505,74.65704,Case registered at Bengaluru Urban PS 40 regarding attempt to murder. Investigation ongoing under IO Jacob.
1001,100060288202501001,202501001,2025-04-15,241,288,1,1,3,8,3,11,2025-04-15T00:00:00,2025-04-16T22:00:00,2025-04-15T00:00:00,14.853498,75.588058,Case registered at Bidar PS 1 regarding domestic violence. Investigation ongoing under IO Ansh.
1002,100090382202301002,202301002,2023-12-01,1130,382,4,2,2,7,2,18,2023-12-01T00:00:00,2023-12-02T04:00:00,2023-12-01T00:00:00,14.578586,76.132295,Case registered at Chikkamagaluru PS 8 regarding vehicle theft. Investigation ongoing under IO Yamini.
1003,100050277202401003,202401003,2024-08-25,1524,277,4,2,3,10,2,10,2024-08-25T00:00:00,2024-08-27T00:00:00,2024-08-25T00:00:00,18.008624,74.482011,Case registered at Bengaluru Urban PS 105 regarding sexual assault. Investigation ongoing under IO Ekavir.
1004,100150601202601004,202601004,2026-03-13,852,601,1,2,1,2,1,30,2026-03-13T00:00:00,2026-03-13T06:00:00,2026-03-13T00:00:00,13.56631,78.085611,Case registered at Hassan PS 25 regarding attempt to murder. Investigation ongoing under IO Nakul.
1005,100140548202301005,202301005,2023-08-26,295,548,1,2,2,6,1,27,2023-08-26T00:00:00,2023-08-27T23:00:00,2023-08-26T00:00:00,15.454292,74.554026,Case registered at Gadag PS 1 regarding burglary. Investigation ongoing under IO Tripti.
1006,100170667202301006,202301006,2023-01-22,766,667,1,2,6,16,4,34,2023-01-22T00:00:00,2023-01-22T03:00:00,2023-01-22T00:00:00,13.065066,77.907049,Case registered at Kalaburagi PS 33 regarding identity theft. Investigation ongoing under IO Ryan.
1007,100230878202601007,202601007,2026-04-29,1670,878,1,2,2,5,1,45,2026-04-29T00:00:00,2026-04-30T18:00:00,2026-04-29T00:00:00,17.874739,76.678672,Case registered at Raichur PS 14 regarding robbery. Investigation ongoing under IO Dhruv.
1008,100291058202501008,202501008,2025-12-02,2422,1058,1,1,3,10,3,58,2025-12-02T00:00:00,2025-12-02T17:00:00,2025-12-02T00:00:00,15.833832,77.682401,Case registered at Vijayapura PS 20 regarding sexual assault. Investigation ongoing under IO Falguni.
1009,100311124202301009,202301009,2023-05-09,701,1124,3,1,1,2,2,61,2023-05-09T00:00:00,2023-05-09T18:00:00,2023-05-09T00:00:00,16.352104,76.154305,Case registered at Vijayanagara PS 28 regarding attempt to murder. Investigation ongoing under IO Vritti.
1010,100050199202401010,202401010,2024-12-28,2302,199,1,2,2,4,1,9,2024-12-28T00:00:00,2024-12-29T22:00:00,2024-12-28T00:00:00,16.981881,75.772585,Case registered at Bengaluru Urban PS 27 regarding theft. Investigation ongoing under IO Qushi.
1011,100220858202601011,202601011,2026-04-16,82,858,1,2,1,1,2,43,2026-04-16T00:00:00,2026-04-18T00:00:00,2026-04-16T00:00:00,16.179175,76.87401,Case registered at Mysuru PS 51 regarding murder. Investigation ongoing under IO Dipta.
1012,100030110202601012,202601012,2026-01-28,1478,110,1,2,4,11,1,5,2026-01-28T00:00:00,2026-01-29T00:00:00,2026-01-28T00:00:00,13.990096,78.490045,Case registered at Belagavi PS 24 regarding gambling. Investigation ongoing under IO Harsh.
1013,100030087202501013,202501013,2025-06-20,2068,87,1,2,5,13,1,6,2025-06-20T00:00:00,2025-06-21T03:00:00,2025-06-20T00:00:00,15.756832,76.46836,Case registered at Belagavi PS 1 regarding cheating. Investigation ongoing under IO Xalak.
1014,100100408202301014,202301014,2023-08-04,542,408,1,2,4,12,3,20,2023-08-04T00:00:00,2023-08-05T12:00:00,2023-08-04T00:00:00,11.956573,76.476549,Case registered at Chitradurga PS 5 regarding public nuisance. Investigation ongoing under IO Omaja.
1015,100150583202401015,202401015,2024-02-18,5,583,1,2,2,7,2,29,2024-02-18T00:00:00,2024-02-19T22:00:00,2024-02-18T00:00:00,11.985704,76.510176,Case registered at Hassan PS 7 regarding vehicle theft. Investigation ongoing under IO Avi.
1016,100180712202501016,202501016,2025-09-28,467,712,2,2,5,14,3,36,2025-09-28T00:00:00,2025-09-29T02:00:00,2025-09-28T00:00:00,12.1737,74.084991,Case registered at Kodagu PS 21 regarding criminal breach of trust. Investigation ongoing under IO Abdul.
1017,100080347202501017,202501017,2025-02-20,1689,347,1,2,2,6,2,16,2025-02-20T00:00:00,2025-02-21T22:00:00,2025-02-20T00:00:00,15.57613,78.153053,Case registered at Chikkaballapur PS 2 regarding burglary. Investigation ongoing under IO Ayush.
1018,100240904202401018,202401018,2024-04-19,254,904,1,2,6,15,2,48,2024-04-19T00:00:00,2024-04-20T06:00:00,2024-04-19T00:00:00,13.908264,77.578404,Case registered at Ramanagara PS 11 regarding online fraud. Investigation ongoing under IO Riya.
1019,100180701202301019,202301019,2023-11-18,322,701,3,2,3,9,1,35,2023-11-18T00:00:00,2023-11-19T08:00:00,2023-11-18T00:00:00,12.35726,77.745576,Case registered at Kodagu PS 10 regarding dowry harassment. Investigation ongoing under IO Kamya.
1020,100020086202601020,202601020,2026-07-10,1380,86,1,2,6,16,1,3,2026-07-10T00:00:00,2026-07-10T13:00:00,2026-07-10T00:00:00,17.592652,76.53246,Case registered at Ballari PS 57 regarding identity theft. Investigation ongoing under IO Alexander.
1021,100020046202501021,202501021,2025-09-08,174,46,1,2,5,13,3,4,2025-09-08T00:00:00,2025-09-08T05:00:00,2025-09-08T00:00:00,15.111424,78.34154,Case registered at Ballari PS 17 regarding cheating. Investigation ongoing under IO Ryan.
1022,100271007202401022,202401022,2024-09-21,1264,1007,1,2,3,8,1,53,2024-09-21T00:00:00,2024-09-21T23:00:00,2024-09-21T00:00:00,11.911602,74.919997,Case registered at Udupi PS 27 regarding domestic violence. Investigation ongoing under IO Zayan.
1023,100210786202301023,202301023,2023-05-03,856,786,1,2,4,12,1,42,2023-05-03T00:00:00,2023-05-03T17:00:00,2023-05-03T00:00:00,12.062143,74.831513,Case registered at Mandya PS 8 regarding public nuisance. Investigation ongoing under IO Fitan.
1024,100260971202401024,202401024,2024-02-20,1067,971,1,2,4,11,3,52,2024-02-20T00:00:00,2024-02-20T17:00:00,2024-02-20T00:00:00,11.800482,76.265964,Case registered at Tumakuru PS 20 regarding gambling. Investigation ongoing under IO Sai.
1025,100120511202601025,202601025,2026-07-05,1957,511,3,2,5,14,2,24,2026-07-05T00:00:00,2026-07-05T20:00:00,2026-07-05T00:00:00,13.372813,74.616704,Case registered at Davanagere PS 22 regarding criminal breach of trust. Investigation ongoing under IO Kevin.
1026,100230884202401026,202401026,2024-12-01,1961,884,1,2,2,7,2,45,2024-12-01T00:00:00,2024-12-01T22:00:00,2024-12-01T00:00:00,14.689072,77.503555,Case registered at Raichur PS 20 regarding vehicle theft. Investigation ongoing under IO Eta.
1027,100220815202501027,202501027,2025-01-03,2500,815,1,2,6,15,3,43,2025-01-03T00:00:00,2025-01-04T18:00:00,2025-01-03T00:00:00,12.062823,76.586097,Case registered at Mysuru PS 8 regarding online fraud. Investigation ongoing under IO Rudra.
1028,100260955202401028,202401028,2024-05-06,724,955,1,2,3,9,3,51,2024-05-06T00:00:00,2024-05-06T17:00:00,2024-05-06T00:00:00,12.659694,78.126196,Case registered at Tumakuru PS 4 regarding dowry harassment. Investigation ongoing under IO Girish.
1029,100270984202601029,202601029,2026-01-04,1654,984,1,2,4,11,1,54,2026-01-04T00:00:00,2026-01-04T06:00:00,2026-01-04T00:00:00,13.039068,78.289074,Case registered at Udupi PS 4 regarding gambling. Investigation ongoing under IO Sanaya.
1030,100220814202601030,202601030,2026-06-18,1965,814,2,2,5,14,3,44,2026-06-18T00:00:00,2026-06-19T09:00:00,2026-06-18T00:00:00,12.771591,77.388133,Case registered at Mysuru PS 7 regarding criminal breach of trust. Investigation ongoing under IO Champak.
1031,100080354202401031,202401031,2024-01-29,107,354,4,2,2,4,3,15,2024-01-29T00:00:00,2024-01-30T05:00:00,2024-01-29T00:00:00,13.587736,74.322837,Case registered at Chikkaballapur PS 9 regarding theft. Investigation ongoing under IO Warjas.
1032,100100405202301032,202301032,2023-08-28,1281,405,1,2,4,12,1,19,2023-08-28T00:00:00,2023-08-28T11:00:00,2023-08-28T00:00:00,12.913512,78.092662,Case registered at Chitradurga PS 2 regarding public nuisance. Investigation ongoing under IO Yauvani.
1033,100250924202401033,202401033,2024-11-01,1197,924,2,2,5,13,2,50,2024-11-01T00:00:00,2024-11-02T05:00:00,2024-11-01T00:00:00,17.373709,77.509634,Case registered at Shivamogga PS 2 regarding cheating. Investigation ongoing under IO Hamsini.
1034,100200760202501034,202501034,2025-03-06,1929,760,3,2,2,7,2,39,2025-03-06T00:00:00,2025-03-07T03:00:00,2025-03-06T00:00:00,14.571239,75.994473,Case registered at Koppal PS 11 regarding vehicle theft. Investigation ongoing under IO Gautam.
1035,100060288202301035,202301035,2023-06-06,1831,288,1,2,2,6,1,11,2023-06-06T00:00:00,2023-06-06T22:00:00,2023-06-06T00:00:00,15.967615,77.641462,Case registered at Bidar PS 1 regarding burglary. Investigation ongoing under IO Aradhana.
1036,100281035202401036,202401036,2024-01-29,430,1035,1,2,5,13,2,55,2024-01-29T00:00:00,2024-01-30T20:00:00,2024-01-29T00:00:00,16.910839,78.372901,Case registered at Uttara Kannada PS 26 regarding cheating. Investigation ongoing under IO Dominic.
1037,100020064202301037,202301037,2023-01-13,1107,64,3,2,3,10,3,3,2023-01-13T00:00:00,2023-01-13T13:00:00,2023-01-13T00:00:00,12.138863,77.223394,Case registered at Ballari PS 35 regarding sexual assault. Investigation ongoing under IO Jagdish.
1038,100260971202601038,202601038,2026-05-04,194,971,2,1,1,3,2,51,2026-05-04T00:00:00,2026-05-05T08:00:00,2026-05-04T00:00:00,13.197615,75.346841,Case registered at Tumakuru PS 20 regarding grievous hurt. Investigation ongoing under IO Ucchal.
1039,100220853202301039,202301039,2023-02-06,1491,853,1,2,3,8,2,43,2023-02-06T00:00:00,2023-02-07T08:00:00,2023-02-06T00:00:00,16.055511,78.116354,Case registered at Mysuru PS 46 regarding domestic violence. Investigation ongoing under IO Urvashi.
1040,100311120202601040,202601040,2026-02-24,1231,1120,1,2,6,15,4,62,2026-02-24T00:00:00,2026-02-25T12:00:00,2026-02-24T00:00:00,11.893841,75.894285,Case registered at Vijayanagara PS 24 regarding online fraud. Investigation ongoing under IO Jhalak.
1041,100040151202501041,202501041,2025-03-22,1805,151,3,2,4,12,3,8,2025-03-22T00:00:00,2025-03-22T22:00:00,2025-03-22T00:00:00,12.65518,78.518524,Case registered at Bengaluru Rural PS 8 regarding public nuisance. Investigation ongoing under IO Oliver.
1042,100311106202401042,202401042,2024-10-26,786,1106,1,2,2,4,2,61,2024-10-26T00:00:00,2024-10-26T06:00:00,2024-10-26T00:00:00,14.674927,74.948291,Case registered at Vijayanagara PS 10 regarding theft. Investigation ongoing under IO Samuel.
1043,100040154202501043,202501043,2025-10-09,2109,154,3,2,1,1,3,8,2025-10-09T00:00:00,2025-10-11T00:00:00,2025-10-09T00:00:00,16.55146,74.502118,Case registered at Bengaluru Rural PS 11 regarding murder. Investigation ongoing under IO Rajata.
1044,100311111202501044,202501044,2025-07-01,530,1111,1,1,1,3,1,61,2025-07-01T00:00:00,2025-07-02T04:00:00,2025-07-01T00:00:00,15.603929,74.496211,Case registered at Vijayanagara PS 15 regarding grievous hurt. Investigation ongoing under IO Qabil.
1045,100210795202501045,202501045,2025-04-25,2115,795,4,2,5,14,1,41,2025-04-25T00:00:00,2025-04-26T22:00:00,2025-04-25T00:00:00,11.612554,74.295691,Case registered at Mandya PS 17 regarding criminal breach of trust. Investigation ongoing under IO Vaishnavi.
1046,100210796202501046,202501046,2025-10-31,1611,796,1,1,3,8,3,41,2025-10-31T00:00:00,2025-11-01T08:00:00,2025-10-31T00:00:00,17.053284,74.104079,Case registered at Mandya PS 18 regarding domestic violence. Investigation ongoing under IO Krishna.
1047,100080367202301047,202301047,2023-06-25,758,367,1,2,5,14,2,15,2023-06-25T00:00:00,2023-06-26T00:00:00,2023-06-25T00:00:00,18.08329,77.83032,Case registered at Chikkaballapur PS 22 regarding criminal breach of trust. Investigation ongoing under IO Meghana.
1048,100080352202601048,202601048,2026-03-06,93,352,1,2,6,15,3,15,2026-03-06T00:00:00,2026-03-06T12:00:00,2026-03-06T00:00:00,15.976152,76.111197,Case registered at Chikkaballapur PS 7 regarding online fraud. Investigation ongoing under IO Nachiket.
1049,100110450202301049,202301049,2023-02-02,1738,450,1,1,1,1,1,22,2023-02-02T00:00:00,2023-02-03T06:00:00,2023-02-02T00:00:00,12.857413,75.297184,Case registered at Dakshina Kannada PS 18 regarding murder. Investigation ongoing under IO Onkar.
1050,100160627202301050,202301050,2023-06-09,1780,627,1,2,3,8,3,32,2023-06-09T00:00:00,2023-06-10T22:00:00,2023-06-09T00:00:00,14.671561,77.22267,Case registered at Haveri PS 22 regarding domestic violence. Investigation ongoing under IO Jeevika.
1051,100010017202401051,202401051,2024-07-31,2335,17,1,2,6,16,3,1,2024-07-31T00:00:00,2024-07-31T14:00:00,2024-07-31T00:00:00,16.012835,78.185014,Case registered at Bagalkot PS 17 regarding identity theft. Investigation ongoing under IO Riya.
1052,100050226202301052,202301052,2023-08-30,526,226,1,2,5,14,1,9,2023-08-30T00:00:00,2023-08-30T21:00:00,2023-08-30T00:00:00,17.811829,76.275708,Case registered at Bengaluru Urban PS 54 regarding criminal breach of trust. Investigation ongoing under IO Varenya.
1053,100240914202301053,202301053,2023-05-22,1419,914,3,2,4,12,3,47,2023-05-22T00:00:00,2023-05-23T17:00:00,2023-05-22T00:00:00,14.027437,77.191078,Case registered at Ramanagara PS 21 regarding public nuisance. Investigation ongoing under IO Oni.
1054,100050240202301054,202301054,2023-09-02,692,240,1,1,1,2,3,10,2023-09-02T00:00:00,2023-09-03T05:00:00,2023-09-02T00:00:00,15.983392,75.360898,Case registered at Bengaluru Urban PS 68 regarding attempt to murder. Investigation ongoing under IO Jagrati.
1055,100140568202601055,202601055,2026-07-09,1408,568,2,2,6,16,3,28,2026-07-09T00:00:00,2026-07-10T06:00:00,2026-07-09T00:00:00,15.930064,74.137529,Case registered at Gadag PS 21 regarding identity theft. Investigation ongoing under IO Yasti.
1056,100130537202301056,202301056,2023-08-02,2408,537,1,2,2,6,1,25,2023-08-02T00:00:00,2023-08-03T01:00:00,2023-08-02T00:00:00,15.507958,76.54942,Case registered at Dharwad PS 19 regarding burglary. Investigation ongoing under IO Yatan.
1057,100220827202401057,202401057,2024-09-22,885,827,3,2,6,16,2,43,2024-09-22T00:00:00,2024-09-22T10:00:00,2024-09-22T00:00:00,15.035945,74.622133,Case registered at Mysuru PS 20 regarding identity theft. Investigation ongoing under IO Urishilla.
1058,100220843202501058,202501058,2025-07-13,1532,843,4,2,4,11,1,43,2025-07-13T00:00:00,2025-07-15T00:00:00,2025-07-13T00:00:00,18.340947,78.481516,Case registered at Mysuru PS 36 regarding gambling. Investigation ongoing under IO Lekha.
1059,100210796202601059,202601059,2026-07-10,2216,796,1,2,6,16,2,42,2026-07-10T00:00:00,2026-07-11T02:00:00,2026-07-10T00:00:00,16.152205,74.582387,Case registered at Mandya PS 18 regarding identity theft. Investigation ongoing under IO Ria.
1060,100170691202501060,202501060,2025-12-07,1109,691,1,2,2,4,3,33,2025-12-07T00:00:00,2025-12-07T03:00:00,2025-12-07T00:00:00,13.439284,74.819431,Case registered at Kalaburagi PS 57 regarding theft. Investigation ongoing under IO Matthew.
1061,100110438202501061,202501061,2025-10-26,484,438,2,2,5,13,1,21,2025-10-26T00:00:00,2025-10-27T20:00:00,2025-10-26T00:00:00,11.824985,75.610327,Case registered at Dakshina Kannada PS 6 regarding cheating. Investigation ongoing under IO Ucchal.
1062,100080347202501062,202501062,2025-05-06,1331,347,1,2,6,16,2,15,2025-05-06T00:00:00,2025-05-07T19:00:00,2025-05-06T00:00:00,14.776165,75.139106,Case registered at Chikkaballapur PS 2 regarding identity theft. Investigation ongoing under IO Manan.
1063,100200752202401063,202401063,2024-06-23,1087,752,1,2,5,13,1,40,2024-06-23T00:00:00,2024-06-24T19:00:00,2024-06-23T00:00:00,17.494735,74.768002,Case registered at Koppal PS 3 regarding cheating. Investigation ongoing under IO Barkha.
1064,100220814202301064,202301064,2023-01-20,2430,814,1,1,3,8,1,44,2023-01-20T00:00:00,2023-01-20T16:00:00,2023-01-20T00:00:00,13.777536,75.807426,Case registered at Mysuru PS 7 regarding domestic violence. Investigation ongoing under IO Abhiram.
1065,100040159202501065,202501065,2025-04-10,536,159,1,2,2,5,3,7,2025-04-10T00:00:00,2025-04-10T17:00:00,2025-04-10T00:00:00,17.883559,75.135107,Case registered at Bengaluru Rural PS 16 regarding robbery. Investigation ongoing under IO Anvi.
1066,100110443202401066,202401066,2024-04-26,797,443,4,2,3,8,2,21,2024-04-26T00:00:00,2024-04-26T23:00:00,2024-04-26T00:00:00,14.268084,76.923344,Case registered at Dakshina Kannada PS 11 regarding domestic violence. Investigation ongoing under IO Tanish.
1067,100110455202501067,202501067,2025-07-15,885,455,3,2,3,8,3,22,2025-07-15T00:00:00,2025-07-16T13:00:00,2025-07-15T00:00:00,14.657107,74.812105,Case registered at Dakshina Kannada PS 23 regarding domestic violence. Investigation ongoing under IO Urishilla.
1068,100291047202401068,202401068,2024-03-14,713,1047,1,2,3,8,3,57,2024-03-14T00:00:00,2024-03-14T23:00:00,2024-03-14T00:00:00,16.917466,76.838477,Case registered at Vijayapura PS 9 regarding domestic violence. Investigation ongoing under IO Praneel.
1069,100140551202401069,202401069,2024-09-10,1983,551,1,2,2,5,2,28,2024-09-10T00:00:00,2024-09-10T09:00:00,2024-09-10T00:00:00,12.525383,76.247219,Case registered at Gadag PS 4 regarding robbery. Investigation ongoing under IO Thomas.
1070,100050198202301070,202301070,2023-06-24,281,198,2,2,4,12,2,10,2023-06-24T00:00:00,2023-06-25T14:00:00,2023-06-24T00:00:00,12.779734,78.411962,Case registered at Bengaluru Urban PS 26 regarding public nuisance. Investigation ongoing under IO Alka.
1071,100070318202401071,202401071,2024-01-31,2201,318,2,2,1,3,1,14,2024-01-31T00:00:00,2024-01-31T04:00:00,2024-01-31T00:00:00,13.841391,75.678749,Case registered at Chamarajanagar PS 2 regarding grievous hurt. Investigation ongoing under IO Charles.
1072,100110481202501072,202501072,2025-07-11,808,481,1,2,6,16,3,22,2025-07-11T00:00:00,2025-07-11T07:00:00,2025-07-11T00:00:00,18.222079,75.365086,Case registered at Dakshina Kannada PS 49 regarding identity theft. Investigation ongoing under IO Leela.
1073,100020058202401073,202401073,2024-04-21,1859,58,1,2,2,4,1,3,2024-04-21T00:00:00,2024-04-22T00:00:00,2024-04-21T00:00:00,16.099122,76.718238,Case registered at Ballari PS 29 regarding theft. Investigation ongoing under IO Darika.
1074,100230874202401074,202401074,2024-02-18,923,874,4,2,6,16,1,46,2024-02-18T00:00:00,2024-02-19T17:00:00,2024-02-18T00:00:00,18.148657,76.78505,Case registered at Raichur PS 10 regarding identity theft. Investigation ongoing under IO Rohan.
1075,100020067202501075,202501075,2025-03-26,1397,67,3,2,2,6,3,3,2025-03-26T00:00:00,2025-03-26T20:00:00,2025-03-26T00:00:00,12.781325,76.356221,Case registered at Ballari PS 38 regarding burglary. Investigation ongoing under IO Vamakshi.
1076,100050205202401076,202401076,2024-02-15,455,205,1,2,5,14,3,10,2024-02-15T00:00:00,2024-02-16T01:00:00,2024-02-15T00:00:00,14.768431,75.33762,Case registered at Bengaluru Urban PS 33 regarding criminal breach of trust. Investigation ongoing under IO Vasana.
1077,100130532202501077,202501077,2025-09-17,981,532,1,2,5,14,3,25,2025-09-17T00:00:00,2025-09-18T15:00:00,2025-09-17T00:00:00,12.334517,77.631401,Case registered at Dharwad PS 14 regarding criminal breach of trust. Investigation ongoing under IO Raghav.
1078,100240909202601078,202601078,2026-02-04,1285,909,3,2,6,16,3,48,2026-02-04T00:00:00,2026-02-04T17:00:00,2026-02-04T00:00:00,16.293693,76.260437,Case registered at Ramanagara PS 16 regarding identity theft. Investigation ongoing under IO Ekalinga.
1079,100260955202301079,202301079,2023-09-15,1153,955,3,2,4,12,1,52,2023-09-15T00:00:00,2023-09-16T14:00:00,2023-09-15T00:00:00,17.165967,76.908376,Case registered at Tumakuru PS 4 regarding public nuisance. Investigation ongoing under IO Jack.
1080,100090389202301080,202301080,2023-08-26,1992,389,3,2,2,7,2,18,2023-08-26T00:00:00,2023-08-27T21:00:00,2023-08-26T00:00:00,12.978176,75.65109,Case registered at Chikkamagaluru PS 15 regarding vehicle theft. Investigation ongoing under IO Bhavani.
1081,100180702202601081,202601081,2026-05-07,1513,702,2,2,3,8,3,36,2026-05-07T00:00:00,2026-05-07T22:00:00,2026-05-07T00:00:00,16.125255,76.398316,Case registered at Kodagu PS 11 regarding domestic violence. Investigation ongoing under IO Ladli.
1082,100050244202401082,202401082,2024-06-23,136,244,1,1,1,2,2,10,2024-06-23T00:00:00,2024-06-23T10:00:00,2024-06-23T00:00:00,17.329914,74.676348,Case registered at Bengaluru Urban PS 72 regarding attempt to murder. Investigation ongoing under IO Wahab.
1083,100190725202301083,202301083,2023-07-21,936,725,1,2,3,8,1,38,2023-07-21T00:00:00,2023-07-21T18:00:00,2023-07-21T00:00:00,12.297306,77.341394,Case registered at Kolar PS 5 regarding domestic violence. Investigation ongoing under IO Bishakha.
1084,100190729202301084,202301084,2023-04-02,1245,729,1,2,6,15,2,38,2023-04-02T00:00:00,2023-04-03T22:00:00,2023-04-02T00:00:00,12.800095,76.632074,Case registered at Kolar PS 9 regarding online fraud. Investigation ongoing under IO Tanay.
1085,100030087202401085,202401085,2024-02-29,218,87,2,2,5,13,2,6,2024-02-29T00:00:00,2024-03-01T04:00:00,2024-02-29T00:00:00,12.20653,74.189256,Case registered at Belagavi PS 1 regarding cheating. Investigation ongoing under IO Ishaan.
1086,100250930202301086,202301086,2023-08-16,2177,930,1,2,2,4,1,50,2023-08-16T00:00:00,2023-08-17T19:00:00,2023-08-16T00:00:00,16.159661,78.069019,Case registered at Shivamogga PS 8 regarding theft. Investigation ongoing under IO Kiaan.
1087,100120494202501087,202501087,2025-03-28,26,494,4,2,6,16,3,23,2025-03-28T00:00:00,2025-03-28T23:00:00,2025-03-28T00:00:00,17.024688,77.082588,Case registered at Davanagere PS 5 regarding identity theft. Investigation ongoing under IO Adya.
1088,100070333202401088,202401088,2024-09-19,949,333,3,2,6,15,2,14,2024-09-19T00:00:00,2024-09-19T15:00:00,2024-09-19T00:00:00,18.181328,74.661899,Case registered at Chamarajanagar PS 17 regarding online fraud. Investigation ongoing under IO Azaan.
1089,100050184202301089,202301089,2023-02-20,928,184,1,2,6,16,1,9,2023-02-20T00:00:00,2023-02-20T21:00:00,2023-02-20T00:00:00,14.623582,78.462887,Case registered at Bengaluru Urban PS 12 regarding identity theft. Investigation ongoing under IO Hemang.
1090,100190746202401090,202401090,2024-09-27,2013,746,1,2,3,10,2,37,2024-09-27T00:00:00,2024-09-27T07:00:00,2024-09-27T00:00:00,14.636766,74.261937,Case registered at Kolar PS 26 regarding sexual assault. Investigation ongoing under IO Anay.
1091,100060308202601091,202601091,2026-05-08,1836,308,1,2,5,14,1,12,2026-05-08T00:00:00,2026-05-09T04:00:00,2026-05-08T00:00:00,17.615431,74.526349,Case registered at Bidar PS 21 regarding criminal breach of trust. Investigation ongoing under IO Sai.
1092,100150586202501092,202501092,2025-05-05,1241,586,1,2,2,5,2,30,2025-05-05T00:00:00,2025-05-06T00:00:00,2025-05-05T00:00:00,15.419677,76.939337,Case registered at Hassan PS 10 regarding robbery. Investigation ongoing under IO Ishita.
1093,100220855202401093,202401093,2024-08-21,1277,855,2,2,3,10,4,44,2024-08-21T00:00:00,2024-08-22T19:00:00,2024-08-21T00:00:00,14.440314,75.647269,Case registered at Mysuru PS 48 regarding sexual assault. Investigation ongoing under IO Lohit.
1094,100170679202501094,202501094,2025-04-25,1740,679,1,2,1,2,1,34,2025-04-25T00:00:00,2025-04-26T23:00:00,2025-04-25T00:00:00,15.797843,74.213377,Case registered at Kalaburagi PS 45 regarding attempt to murder. Investigation ongoing under IO Hredhaan.
1095,100070334202301095,202301095,2023-02-26,1371,334,1,2,2,5,1,13,2023-02-26T00:00:00,2023-02-27T12:00:00,2023-02-26T00:00:00,16.808483,77.741911,Case registered at Chamarajanagar PS 18 regarding robbery. Investigation ongoing under IO Nandini.
1096,100050188202401096,202401096,2024-10-07,1130,188,1,2,2,6,2,9,2024-10-07T00:00:00,2024-10-07T15:00:00,2024-10-07T00:00:00,16.564864,76.51246,Case registered at Bengaluru Urban PS 16 regarding burglary. Investigation ongoing under IO Yamini.
1097,100030130202301097,202301097,2023-09-08,979,130,1,2,5,14,1,5,2023-09-08T00:00:00,2023-09-08T07:00:00,2023-09-08T00:00:00,15.438811,76.806737,Case registered at Belagavi PS 44 regarding criminal breach of trust. Investigation ongoing under IO Jagrati.
1098,100050184202501098,202501098,2025-11-18,1313,184,1,2,6,16,1,9,2025-11-18T00:00:00,2025-11-18T12:00:00,2025-11-18T00:00:00,17.265484,76.517073,Case registered at Bengaluru Urban PS 12 regarding identity theft. Investigation ongoing under IO Brijesh.
1099,100010005202501099,202501099,2025-06-25,122,5,3,2,5,14,4,2,2025-06-25T00:00:00,2025-06-26T14:00:00,2025-06-25T00:00:00,12.230197,77.083942,Case registered at Bagalkot PS 5 regarding criminal breach of trust. Investigation ongoing under IO Ranveer.
1100,100050280202501100,202501100,2025-05-01,1535,280,1,2,6,15,2,10,2025-05-01T00:00:00,2025-05-01T02:00:00,2025-05-01T00:00:00,15.666611,76.000825,Case registered at Bengaluru Urban PS 108 regarding online fraud. Investigation ongoing under IO Ishita.
1101,100050225202401101,202401101,2024-11-15,1069,225,4,2,4,11,2,9,2024-11-15T00:00:00,2024-11-16T19:00:00,2024-11-15T00:00:00,15.42479,78.265542,Case registered at Bengaluru Urban PS 53 regarding gambling. Investigation ongoing under IO Rushil.
1102,100130545202401102,202401102,2024-04-26,52,545,1,2,1,3,3,25,2024-04-26T00:00:00,2024-04-27T15:00:00,2024-04-26T00:00:00,12.58295,76.31483,Case registered at Dharwad PS 27 regarding grievous hurt. Investigation ongoing under IO Thomas.
1103,100120490202401103,202401103,2024-10-13,1702,490,1,2,4,11,3,24,2024-10-13T00:00:00,2024-10-13T03:00:00,2024-10-13T00:00:00,14.835514,77.69437,Case registered at Davanagere PS 1 regarding gambling. Investigation ongoing under IO Gabriel.
1104,100110458202601104,202601104,2026-07-07,2017,458,2,2,2,7,3,21,2026-07-07T00:00:00,2026-07-07T04:00:00,2026-07-07T00:00:00,13.350624,75.031159,Case registered at Dakshina Kannada PS 26 regarding vehicle theft. Investigation ongoing under IO Ishani.
1105,100070320202601105,202601105,2026-06-09,1714,320,4,2,6,16,2,14,2026-06-09T00:00:00,2026-06-10T01:00:00,2026-06-09T00:00:00,14.347504,74.374133,Case registered at Chamarajanagar PS 4 regarding identity theft. Investigation ongoing under IO Harshil.
1106,100050262202301106,202301106,2023-08-27,180,262,2,2,2,6,2,9,2023-08-27T00:00:00,2023-08-28T15:00:00,2023-08-27T00:00:00,12.313135,75.24597,Case registered at Bengaluru Urban PS 90 regarding burglary. Investigation ongoing under IO Devika.
1107,100050258202301107,202301107,2023-08-09,1054,258,1,1,3,9,2,10,2023-08-09T00:00:00,2023-08-09T19:00:00,2023-08-09T00:00:00,17.130501,75.497587,Case registered at Bengaluru Urban PS 86 regarding dowry harassment. Investigation ongoing under IO Garima.
1108,100040169202501108,202501108,2025-09-01,2442,169,3,1,3,8,1,8,2025-09-01T00:00:00,2025-09-02T08:00:00,2025-09-01T00:00:00,16.379754,76.840289,Case registered at Bengaluru Rural PS 26 regarding domestic violence. Investigation ongoing under IO Vedant.
1109,100140564202301109,202301109,2023-07-20,740,564,1,2,4,11,1,28,2023-07-20T00:00:00,2023-07-20T20:00:00,2023-07-20T00:00:00,17.813533,74.200408,Case registered at Gadag PS 17 regarding gambling. Investigation ongoing under IO Lajita.
1110,100301088202401110,202401110,2024-11-30,1498,1088,3,2,2,7,2,59,2024-11-30T00:00:00,2024-11-30T11:00:00,2024-11-30T00:00:00,18.19153,78.34326,Case registered at Yadgir PS 21 regarding vehicle theft. Investigation ongoing under IO Xavier.
1111,100281018202601111,202601111,2026-02-21,1687,1018,1,2,2,4,1,55,2026-02-21T00:00:00,2026-02-22T18:00:00,2026-02-21T00:00:00,16.074557,76.705865,Case registered at Uttara Kannada PS 9 regarding theft. Investigation ongoing under IO Abeer.
1112,100020066202301112,202301112,2023-02-20,1883,66,1,2,1,3,1,4,2023-02-20T00:00:00,2023-02-21T18:00:00,2023-02-20T00:00:00,12.910465,74.615376,Case registered at Ballari PS 37 regarding grievous hurt. Investigation ongoing under IO Gaurav.
1113,100281031202401113,202401113,2024-01-02,1192,1031,1,2,2,6,3,56,2024-01-02T00:00:00,2024-01-03T01:00:00,2024-01-02T00:00:00,12.800078,74.171658,Case registered at Uttara Kannada PS 22 regarding burglary. Investigation ongoing under IO Hitesh.
1114,100260956202501114,202501114,2025-06-15,911,956,1,2,1,3,1,51,2025-06-15T00:00:00,2025-06-15T06:00:00,2025-06-15T00:00:00,13.908634,76.168211,Case registered at Tumakuru PS 5 regarding grievous hurt. Investigation ongoing under IO Mason.
1115,100200750202501115,202501115,2025-10-26,195,750,1,2,4,11,4,39,2025-10-26T00:00:00,2025-10-27T11:00:00,2025-10-26T00:00:00,12.783446,77.702688,Case registered at Koppal PS 1 regarding gambling. Investigation ongoing under IO Gayathri.
1116,100050178202301116,202301116,2023-04-18,1805,178,1,2,2,5,1,9,2023-04-18T00:00:00,2023-04-18T19:00:00,2023-04-18T00:00:00,14.208433,76.090056,Case registered at Bengaluru Urban PS 6 regarding robbery. Investigation ongoing under IO Oliver.
1117,100030110202401117,202401117,2024-02-27,1156,110,1,2,2,6,1,5,2024-02-27T00:00:00,2024-02-27T17:00:00,2024-02-27T00:00:00,14.598584,78.54558,Case registered at Belagavi PS 24 regarding burglary. Investigation ongoing under IO Amrita.
1118,100130534202301118,202301118,2023-10-29,2181,534,1,2,5,14,1,26,2023-10-29T00:00:00,2023-10-30T18:00:00,2023-10-29T00:00:00,13.159998,74.38229,Case registered at Dharwad PS 16 regarding criminal breach of trust. Investigation ongoing under IO Udarsh.
1119,100090380202301119,202301119,2023-07-08,1147,380,1,2,6,16,3,18,2023-07-08T00:00:00,2023-07-09T20:00:00,2023-07-08T00:00:00,11.63285,75.597541,Case registered at Chikkamagaluru PS 6 regarding identity theft. Investigation ongoing under IO Manthan.
1120,100230875202401120,202401120,2024-06-18,1529,875,1,2,6,16,3,46,2024-06-18T00:00:00,2024-06-19T22:00:00,2024-06-18T00:00:00,15.506329,77.550954,Case registered at Raichur PS 11 regarding identity theft. Investigation ongoing under IO Banjeet.
1121,100220827202501121,202501121,2025-11-20,253,827,1,2,4,12,3,44,2025-11-20T00:00:00,2025-11-21T04:00:00,2025-11-20T00:00:00,15.152977,76.948025,Case registered at Mysuru PS 20 regarding public nuisance. Investigation ongoing under IO Janaki.
1122,100070326202401122,202401122,2024-08-03,2305,326,1,2,1,3,2,13,2024-08-03T00:00:00,2024-08-04T05:00:00,2024-08-03T00:00:00,14.756292,74.786961,Case registered at Chamarajanagar PS 10 regarding grievous hurt. Investigation ongoing under IO Amara.
1123,100150592202301123,202301123,2023-05-26,2020,592,1,2,2,7,1,29,2023-05-26T00:00:00,2023-05-26T15:00:00,2023-05-26T00:00:00,14.235714,77.590998,Case registered at Hassan PS 16 regarding vehicle theft. Investigation ongoing under IO Oliver.
1124,100060294202501124,202501124,2025-07-05,1268,294,1,2,2,7,2,11,2025-07-05T00:00:00,2025-07-06T02:00:00,2025-07-05T00:00:00,12.173482,74.074631,Case registered at Bidar PS 7 regarding vehicle theft. Investigation ongoing under IO Abeer.
1125,100210781202301125,202301125,2023-05-27,14,781,1,2,4,11,2,42,2023-05-27T00:00:00,2023-05-27T03:00:00,2023-05-27T00:00:00,16.947814,77.729555,Case registered at Mandya PS 3 regarding gambling. Investigation ongoing under IO Chakradev.
1126,100020074202301126,202301126,2023-09-07,1552,74,3,2,1,3,2,4,2023-09-07T00:00:00,2023-09-08T01:00:00,2023-09-07T00:00:00,16.538711,74.514748,Case registered at Ballari PS 45 regarding grievous hurt. Investigation ongoing under IO George.
1127,100210791202301127,202301127,2023-09-06,258,791,1,2,2,4,3,42,2023-09-06T00:00:00,2023-09-06T21:00:00,2023-09-06T00:00:00,11.734372,77.600724,Case registered at Mandya PS 13 regarding theft. Investigation ongoing under IO Akshay.
1128,100260956202401128,202401128,2024-12-08,699,956,1,2,3,8,1,52,2024-12-08T00:00:00,2024-12-08T14:00:00,2024-12-08T00:00:00,16.025768,74.636265,Case registered at Tumakuru PS 5 regarding domestic violence. Investigation ongoing under IO Xalak.
1129,100250947202401129,202401129,2024-07-27,2091,947,1,2,2,5,3,49,2024-07-27T00:00:00,2024-07-27T04:00:00,2024-07-27T00:00:00,14.993186,74.89839,Case registered at Shivamogga PS 25 regarding robbery. Investigation ongoing under IO Yashawini.
1130,100020086202401130,202401130,2024-06-10,1700,86,2,2,4,11,1,4,2024-06-10T00:00:00,2024-06-10T21:00:00,2024-06-10T00:00:00,17.481417,78.542168,Case registered at Ballari PS 57 regarding gambling. Investigation ongoing under IO Jackson.
1131,100230873202401131,202401131,2024-10-18,525,873,1,2,6,16,2,46,2024-10-18T00:00:00,2024-10-18T19:00:00,2024-10-18T00:00:00,16.82566,77.544042,Case registered at Raichur PS 9 regarding identity theft. Investigation ongoing under IO Dayamai.
1132,100150602202501132,202501132,2025-01-05,881,602,3,2,2,5,1,29,2025-01-05T00:00:00,2025-01-06T23:00:00,2025-01-05T00:00:00,13.678471,78.399524,Case registered at Hassan PS 26 regarding robbery. Investigation ongoing under IO Xalak.
1133,100190749202501133,202501133,2025-07-24,366,749,1,2,1,1,1,37,2025-07-24T00:00:00,2025-07-24T07:00:00,2025-07-24T00:00:00,14.021721,77.551356,Case registered at Kolar PS 29 regarding murder. Investigation ongoing under IO Gopal.
1134,100100414202601134,202601134,2026-05-14,93,414,1,2,6,16,2,20,2026-05-14T00:00:00,2026-05-14T09:00:00,2026-05-14T00:00:00,17.177855,76.785314,Case registered at Chitradurga PS 11 regarding identity theft. Investigation ongoing under IO Nachiket.
1135,100090387202601135,202601135,2026-02-07,1568,387,1,2,6,15,3,17,2026-02-07T00:00:00,2026-02-08T03:00:00,2026-02-07T00:00:00,17.525079,77.725321,Case registered at Chikkamagaluru PS 13 regarding online fraud. Investigation ongoing under IO Mohini.
1136,100110453202301136,202301136,2023-03-04,1563,453,2,2,6,16,3,22,2023-03-04T00:00:00,2023-03-04T13:00:00,2023-03-04T00:00:00,17.995398,76.328575,Case registered at Dakshina Kannada PS 21 regarding identity theft. Investigation ongoing under IO Michael.
1137,100150600202501137,202501137,2025-09-27,664,600,3,2,2,7,3,30,2025-09-27T00:00:00,2025-09-28T13:00:00,2025-09-27T00:00:00,17.154525,76.107943,Case registered at Hassan PS 24 regarding vehicle theft. Investigation ongoing under IO Bahadurjit.
1138,100220819202301138,202301138,2023-08-31,2158,819,1,2,4,12,1,44,2023-08-31T00:00:00,2023-09-01T18:00:00,2023-08-31T00:00:00,14.128001,76.603006,Case registered at Mysuru PS 12 regarding public nuisance. Investigation ongoing under IO Janani.
1139,100090401202601139,202601139,2026-05-03,1513,401,1,2,6,15,2,17,2026-05-03T00:00:00,2026-05-04T19:00:00,2026-05-03T00:00:00,14.690127,77.782504,Case registered at Chikkamagaluru PS 27 regarding online fraud. Investigation ongoing under IO Ladli.
1140,100180696202501140,202501140,2025-05-28,2244,696,1,2,3,8,2,36,2025-05-28T00:00:00,2025-05-29T20:00:00,2025-05-28T00:00:00,17.936306,75.062509,Case registered at Kodagu PS 5 regarding domestic violence. Investigation ongoing under IO Lipika.
1141,100040169202301141,202301141,2023-11-12,2251,169,1,2,5,13,2,8,2023-11-12T00:00:00,2023-11-13T21:00:00,2023-11-12T00:00:00,15.396815,74.704582,Case registered at Bengaluru Rural PS 26 regarding cheating. Investigation ongoing under IO Vanya.
1142,100140564202401142,202401142,2024-08-19,407,564,1,1,3,10,3,27,2024-08-19T00:00:00,2024-08-20T17:00:00,2024-08-19T00:00:00,12.192626,75.754995,Case registered at Gadag PS 17 regarding sexual assault. Investigation ongoing under IO Indali.
1143,100030127202501143,202501143,2025-06-20,322,127,2,2,2,7,2,6,2025-06-20T00:00:00,2025-06-20T18:00:00,2025-06-20T00:00:00,15.075947,77.13543,Case registered at Belagavi PS 41 regarding vehicle theft. Investigation ongoing under IO Kamya.
1144,100120497202501144,202501144,2025-06-06,1898,497,1,2,3,9,3,24,2025-06-06T00:00:00,2025-06-06T04:00:00,2025-06-06T00:00:00,14.346277,74.256563,Case registered at Davanagere PS 8 regarding dowry harassment. Investigation ongoing under IO Shaurya.
1145,100281017202401145,202401145,2024-07-09,263,1017,3,2,6,16,1,56,2024-07-09T00:00:00,2024-07-09T17:00:00,2024-07-09T00:00:00,11.695201,77.461769,Case registered at Uttara Kannada PS 8 regarding identity theft. Investigation ongoing under IO Maanav.
1146,100271000202301146,202301146,2023-08-05,2427,1000,1,2,2,4,1,53,2023-08-05T00:00:00,2023-08-06T09:00:00,2023-08-05T00:00:00,14.841935,76.605371,Case registered at Udupi PS 20 regarding theft. Investigation ongoing under IO Sai.
1147,100050211202501147,202501147,2025-11-13,1801,211,1,2,5,14,3,10,2025-11-13T00:00:00,2025-11-13T09:00:00,2025-11-13T00:00:00,16.69592,74.580247,Case registered at Bengaluru Urban PS 39 regarding criminal breach of trust. Investigation ongoing under IO Bachittar.
1148,100271002202501148,202501148,2025-05-23,2015,1002,3,2,3,9,2,54,2025-05-23T00:00:00,2025-05-23T09:00:00,2025-05-23T00:00:00,12.025744,77.962287,Case registered at Udupi PS 22 regarding dowry harassment. Investigation ongoing under IO Krishna.
1149,100050249202401149,202401149,2024-04-24,1648,249,2,1,1,1,1,10,2024-04-24T00:00:00,2024-04-25T17:00:00,2024-04-24T00:00:00,13.715921,76.726676,Case registered at Bengaluru Urban PS 77 regarding murder. Investigation ongoing under IO Frederick.
1150,100170668202501150,202501150,2025-11-10,1145,668,1,2,4,12,3,34,2025-11-10T00:00:00,2025-11-10T22:00:00,2025-11-10T00:00:00,11.994972,77.539827,Case registered at Kalaburagi PS 34 regarding public nuisance. Investigation ongoing under IO Wahab.
1151,100291063202401151,202401151,2024-05-24,1879,1063,1,2,1,1,3,57,2024-05-24T00:00:00,2024-05-25T16:00:00,2024-05-24T00:00:00,15.753965,77.33476,Case registered at Vijayapura PS 25 regarding murder. Investigation ongoing under IO Nitesh.
1152,100050250202301152,202301152,2023-08-18,51,250,1,2,6,15,1,10,2023-08-18T00:00:00,2023-08-18T22:00:00,2023-08-18T00:00:00,11.839178,77.384396,Case registered at Bengaluru Urban PS 78 regarding online fraud. Investigation ongoing under IO Ansh.
1153,100050198202501153,202501153,2025-10-24,1913,198,3,2,4,12,2,10,2025-10-24T00:00:00,2025-10-25T22:00:00,2025-10-24T00:00:00,13.977663,76.302624,Case registered at Bengaluru Urban PS 26 regarding public nuisance. Investigation ongoing under IO Udyati.
1154,100200770202601154,202601154,2026-04-21,2340,770,2,2,2,5,3,39,2026-04-21T00:00:00,2026-04-22T23:00:00,2026-04-21T00:00:00,11.741108,77.957395,Case registered at Koppal PS 21 regarding robbery. Investigation ongoing under IO Harini.
1155,100070345202301155,202301155,2023-03-22,390,345,2,2,4,12,4,13,2023-03-22T00:00:00,2023-03-23T13:00:00,2023-03-22T00:00:00,13.068811,74.817795,Case registered at Chamarajanagar PS 29 regarding public nuisance. Investigation ongoing under IO Abhimanyu.
1156,100260979202301156,202301156,2023-04-21,1738,979,1,2,3,8,2,52,2023-04-21T00:00:00,2023-04-22T13:00:00,2023-04-21T00:00:00,12.075047,77.195868,Case registered at Tumakuru PS 28 regarding domestic violence. Investigation ongoing under IO Onkar.
1157,100190743202401157,202401157,2024-05-16,207,743,4,2,1,1,1,38,2024-05-16T00:00:00,2024-05-16T04:00:00,2024-05-16T00:00:00,15.523449,74.195707,Case registered at Kolar PS 23 regarding murder. Investigation ongoing under IO Reyansh.
1158,100050254202501158,202501158,2025-11-15,666,254,1,2,4,12,3,10,2025-11-15T00:00:00,2025-11-16T19:00:00,2025-11-15T00:00:00,16.928917,76.157637,Case registered at Bengaluru Urban PS 82 regarding public nuisance. Investigation ongoing under IO Reva.
1159,100040165202401159,202401159,2024-04-05,1125,165,1,2,6,15,2,7,2024-04-05T00:00:00,2024-04-06T18:00:00,2024-04-05T00:00:00,15.831757,75.930831,Case registered at Bengaluru Rural PS 22 regarding online fraud. Investigation ongoing under IO Zinal.
1160,100250949202301160,202301160,2023-09-09,2479,949,1,2,5,13,3,50,2023-09-09T00:00:00,2023-09-09T01:00:00,2023-09-09T00:00:00,14.181853,77.417237,Case registered at Shivamogga PS 27 regarding cheating. Investigation ongoing under IO Darpan.
1161,100020082202501161,202501161,2025-05-10,1395,82,4,2,3,9,3,4,2025-05-10T00:00:00,2025-05-11T11:00:00,2025-05-10T00:00:00,16.616951,74.403325,Case registered at Ballari PS 53 regarding dowry harassment. Investigation ongoing under IO Adya.
1162,100271006202501162,202501162,2025-12-24,1584,1006,1,2,3,9,3,53,2025-12-24T00:00:00,2025-12-26T00:00:00,2025-12-24T00:00:00,11.628945,74.659234,Case registered at Udupi PS 26 regarding dowry harassment. Investigation ongoing under IO Shaurya.
1163,100010007202601163,202601163,2026-03-17,1817,7,1,2,3,9,1,2,2026-03-17T00:00:00,2026-03-18T04:00:00,2026-03-17T00:00:00,16.836647,74.693183,Case registered at Bagalkot PS 7 regarding dowry harassment. Investigation ongoing under IO Triya.
1164,100301082202501164,202501164,2025-05-27,2407,1082,1,2,6,16,1,60,2025-05-27T00:00:00,2025-05-28T19:00:00,2025-05-27T00:00:00,15.765741,76.774009,Case registered at Yadgir PS 15 regarding identity theft. Investigation ongoing under IO Lucky.
1165,100311103202301165,202301165,2023-07-29,740,1103,3,2,4,12,3,61,2023-07-29T00:00:00,2023-07-30T17:00:00,2023-07-29T00:00:00,13.861824,76.259314,Case registered at Vijayanagara PS 7 regarding public nuisance. Investigation ongoing under IO Lajita.
1166,100130524202601166,202601166,2026-05-07,855,524,1,2,6,15,4,25,2026-05-07T00:00:00,2026-05-08T16:00:00,2026-05-07T00:00:00,15.640936,77.853529,Case registered at Dharwad PS 6 regarding online fraud. Investigation ongoing under IO Anusha.
1167,100030093202501167,202501167,2025-01-04,1763,93,1,2,4,12,2,5,2025-01-04T00:00:00,2025-01-05T21:00:00,2025-01-04T00:00:00,13.077015,75.663134,Case registered at Belagavi PS 7 regarding public nuisance. Investigation ongoing under IO Jagrati.
1168,100210806202301168,202301168,2023-06-16,88,806,1,2,5,14,2,42,2023-06-16T00:00:00,2023-06-17T06:00:00,2023-06-16T00:00:00,18.20786,74.839442,Case registered at Mandya PS 28 regarding criminal breach of trust. Investigation ongoing under IO Nakul.
1169,100110465202501169,202501169,2025-11-06,2150,465,1,2,6,16,3,21,2025-11-06T00:00:00,2025-11-07T14:00:00,2025-11-06T00:00:00,11.783711,76.860812,Case registered at Dakshina Kannada PS 33 regarding identity theft. Investigation ongoing under IO Kavya.
1170,100180707202601170,202601170,2026-05-28,1318,707,1,2,3,8,1,36,2026-05-28T00:00:00,2026-05-29T02:00:00,2026-05-28T00:00:00,17.317949,76.845662,Case registered at Kodagu PS 16 regarding domestic violence. Investigation ongoing under IO Owen.
1171,100260976202501171,202501171,2025-05-09,1790,976,3,2,5,14,3,51,2025-05-09T00:00:00,2025-05-09T21:00:00,2025-05-09T00:00:00,17.423421,77.182647,Case registered at Tumakuru PS 25 regarding criminal breach of trust. Investigation ongoing under IO Bimala.
1172,100040166202401172,202401172,2024-12-13,2398,166,1,1,3,10,3,7,2024-12-13T00:00:00,2024-12-13T17:00:00,2024-12-13T00:00:00,17.481663,77.986498,Case registered at Bengaluru Rural PS 23 regarding sexual assault. Investigation ongoing under IO Jai.
1173,100200766202301173,202301173,2023-06-24,855,766,3,2,4,11,4,39,2023-06-24T00:00:00,2023-06-25T14:00:00,2023-06-24T00:00:00,15.351098,75.457425,Case registered at Koppal PS 17 regarding gambling. Investigation ongoing under IO Anusha.
1174,100301087202301174,202301174,2023-10-25,2128,1087,1,2,3,8,2,60,2023-10-25T00:00:00,2023-10-25T16:00:00,2023-10-25T00:00:00,12.517704,76.650916,Case registered at Yadgir PS 20 regarding domestic violence. Investigation ongoing under IO Devansh.
1175,100050197202301175,202301175,2023-11-03,2238,197,1,2,1,2,2,10,2023-11-03T00:00:00,2023-11-04T12:00:00,2023-11-03T00:00:00,13.816453,76.820996,Case registered at Bengaluru Urban PS 25 regarding attempt to murder. Investigation ongoing under IO Mohini.
1176,100030097202501176,202501176,2025-01-30,1265,97,1,2,1,3,1,6,2025-01-30T00:00:00,2025-01-30T07:00:00,2025-01-30T00:00:00,17.526915,75.659272,Case registered at Belagavi PS 11 regarding grievous hurt. Investigation ongoing under IO Vedant.
1177,100120510202601177,202601177,2026-04-10,1997,510,1,2,5,14,1,24,2026-04-10T00:00:00,2026-04-11T14:00:00,2026-04-10T00:00:00,12.63336,76.607973,Case registered at Davanagere PS 21 regarding criminal breach of trust. Investigation ongoing under IO Gabriel.
1178,100160632202401178,202401178,2024-01-19,690,632,1,2,6,15,1,31,2024-01-19T00:00:00,2024-01-19T09:00:00,2024-01-19T00:00:00,17.13117,76.672081,Case registered at Haveri PS 27 regarding online fraud. Investigation ongoing under IO Mekhala.
1179,100301094202301179,202301179,2023-01-27,804,1094,1,2,4,11,3,59,2023-01-27T00:00:00,2023-01-27T10:00:00,2023-01-27T00:00:00,15.10182,75.215638,Case registered at Yadgir PS 27 regarding gambling. Investigation ongoing under IO Chameli.
1180,100110441202601180,202601180,2026-01-20,218,441,1,2,4,12,4,22,2026-01-20T00:00:00,2026-01-21T21:00:00,2026-01-20T00:00:00,13.433,77.149149,Case registered at Dakshina Kannada PS 9 regarding public nuisance. Investigation ongoing under IO Ishaan.
1181,100050234202401181,202401181,2024-08-27,2444,234,1,2,4,11,3,10,2024-08-27T00:00:00,2024-08-27T03:00:00,2024-08-27T00:00:00,13.317251,76.089063,Case registered at Bengaluru Urban PS 62 regarding gambling. Investigation ongoing under IO Zayyan.
1182,100190722202601182,202601182,2026-06-20,1129,722,1,2,2,5,1,37,2026-06-20T00:00:00,2026-06-20T07:00:00,2026-06-20T00:00:00,13.184344,77.689701,Case registered at Kolar PS 2 regarding robbery. Investigation ongoing under IO Karan.
1183,100040159202401183,202401183,2024-02-08,20,159,1,2,1,1,1,8,2024-02-08T00:00:00,2024-02-09T06:00:00,2024-02-08T00:00:00,14.828785,75.36668,Case registered at Bengaluru Rural PS 16 regarding murder. Investigation ongoing under IO Yash.
1184,100170644202501184,202501184,2025-10-11,1260,644,1,2,5,14,2,33,2025-10-11T00:00:00,2025-10-12T07:00:00,2025-10-11T00:00:00,17.483739,74.898408,Case registered at Kalaburagi PS 10 regarding criminal breach of trust. Investigation ongoing under IO Hemang.
1185,100170648202401185,202401185,2024-06-17,517,648,1,2,1,3,1,34,2024-06-17T00:00:00,2024-06-18T04:00:00,2024-06-17T00:00:00,17.868845,76.363811,Case registered at Kalaburagi PS 14 regarding grievous hurt. Investigation ongoing under IO Sai.
1186,100050224202501186,202501186,2025-02-16,1942,224,1,1,3,8,1,10,2025-02-16T00:00:00,2025-02-16T18:00:00,2025-02-16T00:00:00,14.493123,78.470063,Case registered at Bengaluru Urban PS 52 regarding domestic violence. Investigation ongoing under IO Ekalinga.
1187,100160613202401187,202401187,2024-12-07,405,613,1,2,5,14,1,32,2024-12-07T00:00:00,2024-12-08T11:00:00,2024-12-07T00:00:00,13.822864,77.564092,Case registered at Haveri PS 8 regarding criminal breach of trust. Investigation ongoing under IO Faraj.
1188,100311108202401188,202401188,2024-09-28,801,1108,1,2,4,11,3,61,2024-09-28T00:00:00,2024-09-29T06:00:00,2024-09-28T00:00:00,17.197625,76.779051,Case registered at Vijayanagara PS 12 regarding gambling. Investigation ongoing under IO Dhriti.
1189,100030098202501189,202501189,2025-11-13,946,98,1,2,5,14,1,5,2025-11-13T00:00:00,2025-11-14T01:00:00,2025-11-13T00:00:00,12.805982,76.935486,Case registered at Belagavi PS 12 regarding criminal breach of trust. Investigation ongoing under IO Manbir.
1190,100130533202601190,202601190,2026-04-22,2308,533,1,2,3,8,2,25,2026-04-22T00:00:00,2026-04-22T07:00:00,2026-04-22T00:00:00,16.828299,77.879957,Case registered at Dharwad PS 15 regarding domestic violence. Investigation ongoing under IO Tanvi.
1191,100100410202501191,202501191,2025-06-08,641,410,1,1,3,10,3,20,2025-06-08T00:00:00,2025-06-08T03:00:00,2025-06-08T00:00:00,17.619493,74.797337,Case registered at Chitradurga PS 7 regarding sexual assault. Investigation ongoing under IO Falak.
1192,100080361202601192,202601192,2026-05-06,1456,361,1,2,4,12,2,16,2026-05-06T00:00:00,2026-05-07T09:00:00,2026-05-06T00:00:00,12.294513,76.368602,Case registered at Chikkaballapur PS 16 regarding public nuisance. Investigation ongoing under IO Eshana.
1193,100040151202401193,202401193,2024-09-09,1376,151,1,2,5,13,1,8,2024-09-09T00:00:00,2024-09-10T13:00:00,2024-09-09T00:00:00,16.730753,76.088715,Case registered at Bengaluru Rural PS 8 regarding cheating. Investigation ongoing under IO Omkaar.
1194,100271004202401194,202401194,2024-02-05,88,1004,1,2,3,9,4,54,2024-02-05T00:00:00,2024-02-06T17:00:00,2024-02-05T00:00:00,18.079411,77.329284,Case registered at Udupi PS 24 regarding dowry harassment. Investigation ongoing under IO Nakul.
1195,100050287202401195,202401195,2024-03-05,1711,287,1,1,3,8,2,9,2024-03-05T00:00:00,2024-03-05T23:00:00,2024-03-05T00:00:00,12.527508,74.705142,Case registered at Bengaluru Urban PS 115 regarding domestic violence. Investigation ongoing under IO Balhaar.
1196,100240903202501196,202501196,2025-10-08,1446,903,1,2,1,1,3,47,2025-10-08T00:00:00,2025-10-08T20:00:00,2025-10-08T00:00:00,13.014768,75.944498,Case registered at Ramanagara PS 10 regarding murder. Investigation ongoing under IO Arin.
1197,100180699202501197,202501197,2025-06-29,721,699,1,2,4,11,1,35,2025-06-29T00:00:00,2025-06-29T09:00:00,2025-06-29T00:00:00,14.00725,75.567378,Case registered at Kodagu PS 8 regarding gambling. Investigation ongoing under IO Vamakshi.
1198,100200765202301198,202301198,2023-01-26,2030,765,1,2,5,14,4,40,2023-01-26T00:00:00,2023-01-26T14:00:00,2023-01-26T00:00:00,15.472623,76.790834,Case registered at Koppal PS 16 regarding criminal breach of trust. Investigation ongoing under IO Liam.
1199,100050232202501199,202501199,2025-10-09,892,232,3,2,3,10,3,10,2025-10-09T00:00:00,2025-10-09T11:00:00,2025-10-09T00:00:00,13.033049,74.940085,Case registered at Bengaluru Urban PS 60 regarding sexual assault. Investigation ongoing under IO Yasti.
1200,100250946202401200,202401200,2024-02-28,1189,946,2,2,4,12,3,49,2024-02-28T00:00:00,2024-02-29T08:00:00,2024-02-28T00:00:00,11.723799,75.626866,Case registered at Shivamogga PS 24 regarding public nuisance. Investigation ongoing under IO Sneha.
1201,100180708202601201,202601201,2026-01-27,21,708,1,2,4,11,3,35,2026-01-27T00:00:00,2026-01-27T04:00:00,2026-01-27T00:00:00,15.350583,77.13779,Case registered at Kodagu PS 17 regarding gambling. Investigation ongoing under IO Theodore.
1202,100220850202401202,202401202,2024-06-05,1688,850,1,2,2,5,1,43,2024-06-05T00:00:00,2024-06-05T15:00:00,2024-06-05T00:00:00,13.777827,75.227929,Case registered at Mysuru PS 43 regarding robbery. Investigation ongoing under IO Meghana.
1203,100220820202501203,202501203,2025-12-17,1853,820,1,2,6,15,3,44,2025-12-17T00:00:00,2025-12-18T13:00:00,2025-12-17T00:00:00,15.021176,74.813869,Case registered at Mysuru PS 13 regarding online fraud. Investigation ongoing under IO Balveer.
1204,100020032202601204,202601204,2026-05-28,416,32,1,2,2,6,3,4,2026-05-28T00:00:00,2026-05-28T22:00:00,2026-05-28T00:00:00,15.834689,74.344085,Case registered at Ballari PS 3 regarding burglary. Investigation ongoing under IO Indira.
1205,100200754202401205,202401205,2024-02-11,146,754,1,2,4,11,3,40,2024-02-11T00:00:00,2024-02-11T01:00:00,2024-02-11T00:00:00,13.166836,75.044951,Case registered at Koppal PS 5 regarding gambling. Investigation ongoing under IO Edhitha.
1206,100160617202301206,202301206,2023-11-20,809,617,1,2,6,16,1,32,2023-11-20T00:00:00,2023-11-21T16:00:00,2023-11-20T00:00:00,17.606575,74.081042,Case registered at Haveri PS 12 regarding identity theft. Investigation ongoing under IO Oscar.
1207,100050278202401207,202401207,2024-03-11,1265,278,1,1,3,10,2,10,2024-03-11T00:00:00,2024-03-12T15:00:00,2024-03-11T00:00:00,16.531205,77.789799,Case registered at Bengaluru Urban PS 106 regarding sexual assault. Investigation ongoing under IO Vedant.
1208,100150591202301208,202301208,2023-06-30,1325,591,1,2,6,15,1,29,2023-06-30T00:00:00,2023-07-01T09:00:00,2023-06-30T00:00:00,13.695562,78.507813,Case registered at Hassan PS 15 regarding online fraud. Investigation ongoing under IO Janaki.
1209,100220813202401209,202401209,2024-02-16,685,813,3,2,4,12,2,43,2024-02-16T00:00:00,2024-02-17T02:00:00,2024-02-16T00:00:00,16.56642,74.862488,Case registered at Mysuru PS 6 regarding public nuisance. Investigation ongoing under IO Teerth.
1210,100050277202301210,202301210,2023-07-13,1709,277,3,2,1,1,3,10,2023-07-13T00:00:00,2023-07-13T05:00:00,2023-07-13T00:00:00,12.420255,76.606693,Case registered at Bengaluru Urban PS 105 regarding murder. Investigation ongoing under IO Falak.
1211,100250939202601211,202601211,2026-03-05,1257,939,1,2,4,11,3,49,2026-03-05T00:00:00,2026-03-05T05:00:00,2026-03-05T00:00:00,15.446146,75.749668,Case registered at Shivamogga PS 17 regarding gambling. Investigation ongoing under IO Gopal.
1212,100110456202401212,202401212,2024-08-07,321,456,2,2,4,11,1,21,2024-08-07T00:00:00,2024-08-08T18:00:00,2024-08-07T00:00:00,14.787515,74.112776,Case registered at Dakshina Kannada PS 24 regarding gambling. Investigation ongoing under IO Adweta.
1213,100281019202501213,202501213,2025-08-19,2465,1019,3,2,2,7,1,56,2025-08-19T00:00:00,2025-08-20T11:00:00,2025-08-19T00:00:00,14.252148,76.013012,Case registered at Uttara Kannada PS 10 regarding vehicle theft. Investigation ongoing under IO Dhruv.
1214,100050253202601214,202601214,2026-04-18,207,253,1,2,4,11,1,9,2026-04-18T00:00:00,2026-04-18T01:00:00,2026-04-18T00:00:00,12.028069,74.046446,Case registered at Bengaluru Urban PS 81 regarding gambling. Investigation ongoing under IO Reyansh.
1215,100180692202301215,202301215,2023-01-03,217,692,4,2,3,10,3,36,2023-01-03T00:00:00,2023-01-04T05:00:00,2023-01-03T00:00:00,13.22552,78.017286,Case registered at Kodagu PS 1 regarding sexual assault. Investigation ongoing under IO Charan.
1216,100301078202401216,202401216,2024-11-07,953,1078,4,2,1,3,1,59,2024-11-07T00:00:00,2024-11-09T00:00:00,2024-11-07T00:00:00,12.931521,74.064158,Case registered at Yadgir PS 11 regarding grievous hurt. Investigation ongoing under IO Kashish.
1217,100040151202301217,202301217,2023-08-31,2050,151,1,2,3,10,1,8,2023-08-31T00:00:00,2023-09-01T20:00:00,2023-08-31T00:00:00,12.323449,74.874301,Case registered at Bengaluru Rural PS 8 regarding sexual assault. Investigation ongoing under IO Ria.
1218,100030109202301218,202301218,2023-07-12,1519,109,1,1,1,1,1,6,2023-07-12T00:00:00,2023-07-13T02:00:00,2023-07-12T00:00:00,15.910159,76.723418,Case registered at Belagavi PS 23 regarding murder. Investigation ongoing under IO Ekalinga.
1219,100281015202501219,202501219,2025-02-22,390,1015,1,2,2,7,2,55,2025-02-22T00:00:00,2025-02-23T12:00:00,2025-02-22T00:00:00,14.749513,78.122136,Case registered at Uttara Kannada PS 6 regarding vehicle theft. Investigation ongoing under IO Abhimanyu.
1220,100110477202301220,202301220,2023-01-04,757,477,4,2,5,13,4,21,2023-01-04T00:00:00,2023-01-05T22:00:00,2023-01-04T00:00:00,18.002832,74.991627,Case registered at Dakshina Kannada PS 45 regarding cheating. Investigation ongoing under IO Hredhaan.
1221,100020044202301221,202301221,2023-07-07,1011,44,1,2,4,11,1,3,2023-07-07T00:00:00,2023-07-08T00:00:00,2023-07-07T00:00:00,12.016033,74.478366,Case registered at Ballari PS 15 regarding gambling. Investigation ongoing under IO Henry.
1222,100020064202601222,202601222,2026-05-12,2144,64,1,2,2,6,4,3,2026-05-12T00:00:00,2026-05-13T13:00:00,2026-05-12T00:00:00,15.080843,76.458946,Case registered at Ballari PS 35 regarding burglary. Investigation ongoing under IO Zayan.
1223,100220840202401223,202401223,2024-02-06,105,840,1,2,4,11,3,43,2024-02-06T00:00:00,2024-02-06T18:00:00,2024-02-06T00:00:00,14.375529,78.371546,Case registered at Mysuru PS 33 regarding gambling. Investigation ongoing under IO Zaid.
1224,100200770202401224,202401224,2024-05-12,2235,770,3,2,2,4,3,39,2024-05-12T00:00:00,2024-05-12T17:00:00,2024-05-12T00:00:00,17.327672,76.362548,Case registered at Koppal PS 21 regarding theft. Investigation ongoing under IO Barkha.
1225,100050244202301225,202301225,2023-10-15,429,244,1,2,4,11,2,9,2023-10-15T00:00:00,2023-10-16T13:00:00,2023-10-15T00:00:00,16.309592,76.879619,Case registered at Bengaluru Urban PS 72 regarding gambling. Investigation ongoing under IO Charles.
1226,100030135202501226,202501226,2025-10-29,42,135,1,2,6,15,3,5,2025-10-29T00:00:00,2025-10-30T14:00:00,2025-10-29T00:00:00,13.505764,74.667286,Case registered at Belagavi PS 49 regarding online fraud. Investigation ongoing under IO Damyanti.
1227,100311115202601227,202601227,2026-03-03,31,1115,3,1,1,3,1,62,2026-03-03T00:00:00,2026-03-03T23:00:00,2026-03-03T00:00:00,17.939671,78.024941,Case registered at Vijayanagara PS 19 regarding grievous hurt. Investigation ongoing under IO Devansh.
1228,100010015202401228,202401228,2024-07-09,2437,15,1,2,4,11,3,1,2024-07-09T00:00:00,2024-07-10T10:00:00,2024-07-09T00:00:00,15.111088,74.887352,Case registered at Bagalkot PS 15 regarding gambling. Investigation ongoing under IO Shaurya.
1229,100260973202301229,202301229,2023-05-17,1304,973,1,2,6,16,1,52,2023-05-17T00:00:00,2023-05-18T22:00:00,2023-05-17T00:00:00,16.467822,77.132998,Case registered at Tumakuru PS 22 regarding identity theft. Investigation ongoing under IO Manya.
1230,100180693202301230,202301230,2023-03-25,1210,693,1,2,2,6,3,35,2023-03-25T00:00:00,2023-03-27T00:00:00,2023-03-25T00:00:00,15.295617,78.381358,Case registered at Kodagu PS 2 regarding burglary. Investigation ongoing under IO Teerth.
1231,100040166202401231,202401231,2024-09-03,2204,166,3,1,1,1,3,7,2024-09-03T00:00:00,2024-09-03T12:00:00,2024-09-03T00:00:00,15.354321,78.08184,Case registered at Bengaluru Rural PS 23 regarding murder. Investigation ongoing under IO Lakshmi.
1232,100150581202401232,202401232,2024-05-24,173,581,4,2,2,4,3,30,2024-05-24T00:00:00,2024-05-25T12:00:00,2024-05-24T00:00:00,13.612225,76.766027,Case registered at Hassan PS 5 regarding theft. Investigation ongoing under IO Banjeet.
1233,100281026202401233,202401233,2024-07-25,1907,1026,1,2,4,11,1,56,2024-07-25T00:00:00,2024-07-25T14:00:00,2024-07-25T00:00:00,12.403095,77.460829,Case registered at Uttara Kannada PS 17 regarding gambling. Investigation ongoing under IO Urishilla.
1234,100180704202501234,202501234,2025-02-04,302,704,1,1,1,2,1,36,2025-02-04T00:00:00,2025-02-05T00:00:00,2025-02-04T00:00:00,16.223452,74.18981,Case registered at Kodagu PS 13 regarding attempt to murder. Investigation ongoing under IO Chakrika.
1235,100090398202501235,202501235,2025-07-30,1959,398,1,2,6,15,3,17,2025-07-30T00:00:00,2025-07-30T12:00:00,2025-07-30T00:00:00,18.17304,77.059188,Case registered at Chikkamagaluru PS 24 regarding online fraud. Investigation ongoing under IO Vincent.
1236,100291041202601236,202601236,2026-02-01,1471,1041,2,2,4,12,2,58,2026-02-01T00:00:00,2026-02-01T22:00:00,2026-02-01T00:00:00,14.573048,75.584771,Case registered at Vijayapura PS 3 regarding public nuisance. Investigation ongoing under IO Fariq.
1237,100100426202401237,202401237,2024-10-30,1969,426,1,2,5,14,2,19,2024-10-30T00:00:00,2024-10-30T18:00:00,2024-10-30T00:00:00,13.365196,76.884502,Case registered at Chitradurga PS 23 regarding criminal breach of trust. Investigation ongoing under IO Edhitha.
1238,100210783202501238,202501238,2025-06-16,38,783,1,2,3,10,1,41,2025-06-16T00:00:00,2025-06-17T07:00:00,2025-06-16T00:00:00,16.119817,77.87021,Case registered at Mandya PS 5 regarding sexual assault. Investigation ongoing under IO Chanchal.
1239,100281028202501239,202501239,2025-09-18,2085,1028,1,2,5,14,2,55,2025-09-18T00:00:00,2025-09-19T03:00:00,2025-09-18T00:00:00,17.860936,75.165938,Case registered at Uttara Kannada PS 19 regarding criminal breach of trust. Investigation ongoing under IO Tripti.
1240,100210791202501240,202501240,2025-02-05,1992,791,1,2,6,16,2,41,2025-02-05T00:00:00,2025-02-06T11:00:00,2025-02-05T00:00:00,17.853177,74.527825,Case registered at Mandya PS 13 regarding identity theft. Investigation ongoing under IO Bhavani.
1241,100301093202401241,202401241,2024-06-04,1364,1093,1,2,6,16,2,60,2024-06-04T00:00:00,2024-06-04T14:00:00,2024-06-04T00:00:00,13.276875,77.158584,Case registered at Yadgir PS 26 regarding identity theft. Investigation ongoing under IO Neel.
1242,100190734202601242,202601242,2026-04-18,2460,734,1,1,1,3,2,38,2026-04-18T00:00:00,2026-04-19T06:00:00,2026-04-18T00:00:00,13.002938,76.657093,Case registered at Kolar PS 14 regarding grievous hurt. Investigation ongoing under IO Chatura.
1243,100311110202601243,202601243,2026-06-12,1555,1110,2,2,5,13,2,61,2026-06-12T00:00:00,2026-06-12T13:00:00,2026-06-12T00:00:00,15.500951,76.149907,Case registered at Vijayanagara PS 14 regarding cheating. Investigation ongoing under IO Girish.
1244,100020078202401244,202401244,2024-01-08,568,78,4,2,1,2,2,4,2024-01-08T00:00:00,2024-01-08T18:00:00,2024-01-08T00:00:00,12.132209,75.763097,Case registered at Ballari PS 49 regarding attempt to murder. Investigation ongoing under IO Jasmit.
1245,100230865202401245,202401245,2024-07-11,254,865,4,2,2,4,3,45,2024-07-11T00:00:00,2024-07-12T11:00:00,2024-07-11T00:00:00,12.554227,78.52815,Case registered at Raichur PS 1 regarding theft. Investigation ongoing under IO Riya.
1246,100040164202301246,202301246,2023-11-02,2129,164,1,2,3,10,1,7,2023-11-02T00:00:00,2023-11-03T11:00:00,2023-11-02T00:00:00,16.287386,74.096418,Case registered at Bengaluru Rural PS 21 regarding sexual assault. Investigation ongoing under IO Amara.
1247,100160616202501247,202501247,2025-08-18,285,616,1,2,5,14,1,31,2025-08-18T00:00:00,2025-08-19T03:00:00,2025-08-18T00:00:00,14.142273,77.471764,Case registered at Haveri PS 11 regarding criminal breach of trust. Investigation ongoing under IO Ekapad.
1248,100180707202501248,202501248,2025-10-28,780,707,2,2,2,7,3,36,2025-10-28T00:00:00,2025-10-29T08:00:00,2025-10-28T00:00:00,13.979814,77.856835,Case registered at Kodagu PS 16 regarding vehicle theft. Investigation ongoing under IO Tristan.
1249,100160630202601249,202601249,2026-03-11,1282,630,4,2,1,2,2,31,2026-03-11T00:00:00,2026-03-11T08:00:00,2026-03-11T00:00:00,16.551408,77.14305,Case registered at Haveri PS 25 regarding attempt to murder. Investigation ongoing under IO Zayyan.
1250,100070342202301250,202301250,2023-03-29,1571,342,1,2,2,6,4,13,2023-03-29T00:00:00,2023-03-29T19:00:00,2023-03-29T00:00:00,15.198132,76.430358,Case registered at Chamarajanagar PS 26 regarding burglary. Investigation ongoing under IO Megha.
1251,100190748202501251,202501251,2025-08-04,807,748,2,2,1,1,1,37,2025-08-04T00:00:00,2025-08-04T04:00:00,2025-08-04T00:00:00,13.222646,78.541771,Case registered at Kolar PS 28 regarding murder. Investigation ongoing under IO Yasti.
1252,100130521202501252,202501252,2025-04-23,2069,521,1,1,1,2,1,25,2025-04-23T00:00:00,2025-04-23T01:00:00,2025-04-23T00:00:00,11.63432,78.158392,Case registered at Dharwad PS 3 regarding attempt to murder. Investigation ongoing under IO Anjali.
1253,100311111202401253,202401253,2024-04-01,579,1111,1,2,4,11,3,61,2024-04-01T00:00:00,2024-04-01T03:00:00,2024-04-01T00:00:00,16.500611,75.235426,Case registered at Vijayanagara PS 15 regarding gambling. Investigation ongoing under IO Avi.
1254,100110441202601254,202601254,2026-07-05,350,441,4,2,3,10,1,21,2026-07-05T00:00:00,2026-07-06T20:00:00,2026-07-05T00:00:00,14.28437,76.70867,Case registered at Dakshina Kannada PS 9 regarding sexual assault. Investigation ongoing under IO Yochana.
1255,100311101202401255,202401255,2024-07-29,68,1101,1,2,4,12,1,61,2024-07-29T00:00:00,2024-07-30T09:00:00,2024-07-29T00:00:00,15.890891,74.403142,Case registered at Vijayanagara PS 5 regarding public nuisance. Investigation ongoing under IO Tanay.
1256,100270997202301256,202301256,2023-06-19,324,997,1,2,5,13,2,53,2023-06-19T00:00:00,2023-06-20T18:00:00,2023-06-19T00:00:00,17.573173,74.759131,Case registered at Udupi PS 17 regarding cheating. Investigation ongoing under IO Falak.
1257,100110458202401257,202401257,2024-02-10,1073,458,1,2,2,4,2,21,2024-02-10T00:00:00,2024-02-11T14:00:00,2024-02-10T00:00:00,15.010851,76.722012,Case registered at Dakshina Kannada PS 26 regarding theft. Investigation ongoing under IO Inaya.
1258,100120493202301258,202301258,2023-04-22,2261,493,1,1,3,10,3,24,2023-04-22T00:00:00,2023-04-22T16:00:00,2023-04-22T00:00:00,14.358866,78.534859,Case registered at Davanagere PS 4 regarding sexual assault. Investigation ongoing under IO Shivani.
1259,100240907202501259,202501259,2025-11-02,770,907,2,2,3,8,1,47,2025-11-02T00:00:00,2025-11-03T19:00:00,2025-11-02T00:00:00,17.98429,74.409098,Case registered at Ramanagara PS 14 regarding domestic violence. Investigation ongoing under IO Nilima.
1260,100020037202301260,202301260,2023-05-08,242,37,1,1,1,1,3,3,2023-05-08T00:00:00,2023-05-09T12:00:00,2023-05-08T00:00:00,16.505771,75.270918,Case registered at Ballari PS 8 regarding murder. Investigation ongoing under IO Amruta.
1261,100240919202501261,202501261,2025-05-11,1271,919,4,1,3,9,2,47,2025-05-11T00:00:00,2025-05-12T11:00:00,2025-05-11T00:00:00,14.138465,77.166092,Case registered at Ramanagara PS 26 regarding dowry harassment. Investigation ongoing under IO Charvi.
1262,100180712202501262,202501262,2025-05-14,2226,712,1,2,4,12,3,35,2025-05-14T00:00:00,2025-05-15T16:00:00,2025-05-14T00:00:00,14.163576,75.892573,Case registered at Kodagu PS 21 regarding public nuisance. Investigation ongoing under IO Wishi.
1263,100291039202301263,202301263,2023-02-02,140,1039,1,2,4,12,3,58,2023-02-02T00:00:00,2023-02-03T23:00:00,2023-02-02T00:00:00,15.166451,74.883851,Case registered at Vijayapura PS 1 regarding public nuisance. Investigation ongoing under IO Robert.
1264,100220825202301264,202301264,2023-01-07,1884,825,2,1,3,8,4,43,2023-01-07T00:00:00,2023-01-07T01:00:00,2023-01-07T00:00:00,12.520029,75.143306,Case registered at Mysuru PS 18 regarding domestic violence. Investigation ongoing under IO Bhanumati.
1265,100030141202601265,202601265,2026-05-16,341,141,2,1,1,2,1,6,2026-05-16T00:00:00,2026-05-17T16:00:00,2026-05-16T00:00:00,13.128967,75.410186,Case registered at Belagavi PS 55 regarding attempt to murder. Investigation ongoing under IO Sarthak.
1266,100170648202601266,202601266,2026-04-14,193,648,1,2,3,8,4,34,2026-04-14T00:00:00,2026-04-15T17:00:00,2026-04-14T00:00:00,12.309712,78.294023,Case registered at Kalaburagi PS 14 regarding domestic violence. Investigation ongoing under IO Gabriel.
1267,100010015202401267,202401267,2024-07-02,185,15,2,2,6,15,2,1,2024-07-02T00:00:00,2024-07-03T12:00:00,2024-07-02T00:00:00,17.788378,77.98549,Case registered at Bagalkot PS 15 regarding online fraud. Investigation ongoing under IO Benjamin.
1268,100170672202301268,202301268,2023-06-25,846,672,3,2,2,5,4,34,2023-06-25T00:00:00,2023-06-25T20:00:00,2023-06-25T00:00:00,14.076404,74.344974,Case registered at Kalaburagi PS 38 regarding robbery. Investigation ongoing under IO Mitali.
1269,100130537202401269,202401269,2024-03-03,2322,537,1,1,3,10,1,26,2024-03-03T00:00:00,2024-03-03T02:00:00,2024-03-03T00:00:00,13.170819,75.194385,Case registered at Dharwad PS 19 regarding sexual assault. Investigation ongoing under IO Pushti.
1270,100090403202401270,202401270,2024-12-20,1551,403,2,1,1,3,4,17,2024-12-20T00:00:00,2024-12-21T23:00:00,2024-12-20T00:00:00,15.68714,75.184482,Case registered at Chikkamagaluru PS 29 regarding grievous hurt. Investigation ongoing under IO Zaid.
1271,100050201202601271,202601271,2026-03-25,1485,201,3,2,6,15,1,9,2026-03-25T00:00:00,2026-03-25T16:00:00,2026-03-25T00:00:00,18.357976,77.95059,Case registered at Bengaluru Urban PS 29 regarding online fraud. Investigation ongoing under IO Ekbal.
1272,100080346202401272,202401272,2024-08-23,574,346,4,2,6,15,2,15,2024-08-23T00:00:00,2024-08-23T12:00:00,2024-08-23T00:00:00,11.617679,74.122334,Case registered at Chikkaballapur PS 1 regarding online fraud. Investigation ongoing under IO Chandani.
1273,100050175202301273,202301273,2023-07-14,972,175,1,2,5,13,1,10,2023-07-14T00:00:00,2023-07-14T14:00:00,2023-07-14T00:00:00,15.442003,75.144965,Case registered at Bengaluru Urban PS 3 regarding cheating. Investigation ongoing under IO Avni.
1274,100020058202601274,202601274,2026-03-22,369,58,1,2,3,9,3,4,2026-03-22T00:00:00,2026-03-23T16:00:00,2026-03-22T00:00:00,15.344157,76.44655,Case registered at Ballari PS 29 regarding dowry harassment. Investigation ongoing under IO Pallavi.
1275,100150584202501275,202501275,2025-06-18,892,584,3,2,2,5,4,29,2025-06-18T00:00:00,2025-06-18T13:00:00,2025-06-18T00:00:00,13.314964,77.937958,Case registered at Hassan PS 8 regarding robbery. Investigation ongoing under IO Yasti.
1276,100311109202401276,202401276,2024-07-27,1137,1109,1,2,5,13,1,62,2024-07-27T00:00:00,2024-07-27T20:00:00,2024-07-27T00:00:00,16.336846,76.036792,Case registered at Vijayanagara PS 13 regarding cheating. Investigation ongoing under IO Zinal.
1277,100050263202401277,202401277,2024-07-03,951,263,1,2,3,10,1,10,2024-07-03T00:00:00,2024-07-04T00:00:00,2024-07-03T00:00:00,12.40717,78.3725,Case registered at Bengaluru Urban PS 91 regarding sexual assault. Investigation ongoing under IO Logan.
1278,100010002202301278,202301278,2023-08-01,108,2,2,2,2,5,1,2,2023-08-01T00:00:00,2023-08-02T16:00:00,2023-08-01T00:00:00,14.616097,74.574595,Case registered at Bagalkot PS 2 regarding robbery. Investigation ongoing under IO Peter.
1279,100020044202501279,202501279,2025-08-28,748,44,1,2,1,3,1,3,2025-08-28T00:00:00,2025-08-28T12:00:00,2025-08-28T00:00:00,15.545852,74.595126,Case registered at Ballari PS 15 regarding grievous hurt. Investigation ongoing under IO Irya.
1280,100070344202301280,202301280,2023-12-13,1480,344,1,2,5,13,3,13,2023-12-13T00:00:00,2023-12-15T00:00:00,2023-12-13T00:00:00,13.864116,76.816847,Case registered at Chamarajanagar PS 28 regarding cheating. Investigation ongoing under IO Matthew.
1281,100180711202301281,202301281,2023-04-11,608,711,3,2,5,14,1,35,2023-04-11T00:00:00,2023-04-12T12:00:00,2023-04-11T00:00:00,15.042508,78.097668,Case registered at Kodagu PS 20 regarding criminal breach of trust. Investigation ongoing under IO Vamakshi.
1282,100110481202501282,202501282,2025-04-10,1017,481,1,2,5,14,2,22,2025-04-10T00:00:00,2025-04-10T02:00:00,2025-04-10T00:00:00,15.772943,77.688039,Case registered at Dakshina Kannada PS 49 regarding criminal breach of trust. Investigation ongoing under IO Ranveer.
1283,100180696202601283,202601283,2026-06-25,1987,696,3,2,5,14,1,36,2026-06-25T00:00:00,2026-06-26T08:00:00,2026-06-25T00:00:00,14.587355,77.999876,Case registered at Kodagu PS 5 regarding criminal breach of trust. Investigation ongoing under IO Sanaya.
1284,100200764202401284,202401284,2024-10-18,1723,764,1,2,6,16,1,39,2024-10-18T00:00:00,2024-10-19T19:00:00,2024-10-18T00:00:00,18.287295,76.985681,Case registered at Koppal PS 15 regarding identity theft. Investigation ongoing under IO Deepa.
1285,100170688202301285,202301285,2023-08-29,1598,688,1,2,2,7,2,33,2023-08-29T00:00:00,2023-08-30T05:00:00,2023-08-29T00:00:00,13.49446,74.405686,Case registered at Kalaburagi PS 54 regarding vehicle theft. Investigation ongoing under IO Gauri.
1286,100040165202501286,202501286,2025-11-18,2373,165,1,2,6,15,2,8,2025-11-18T00:00:00,2025-11-19T05:00:00,2025-11-18T00:00:00,17.439251,74.299271,Case registered at Bengaluru Rural PS 22 regarding online fraud. Investigation ongoing under IO Krishna.
1287,100030143202301287,202301287,2023-03-10,1642,143,4,2,4,12,2,5,2023-03-10T00:00:00,2023-03-10T13:00:00,2023-03-10T00:00:00,15.699571,77.226989,Case registered at Belagavi PS 57 regarding public nuisance. Investigation ongoing under IO Krishna.
1288,100291057202301288,202301288,2023-08-25,236,1057,1,2,4,11,2,58,2023-08-25T00:00:00,2023-08-25T02:00:00,2023-08-25T00:00:00,15.84216,75.699818,Case registered at Vijayapura PS 19 regarding gambling. Investigation ongoing under IO Bhavya.
1289,100291045202301289,202301289,2023-08-06,30,1045,2,2,4,11,2,58,2023-08-06T00:00:00,2023-08-07T19:00:00,2023-08-06T00:00:00,18.354141,77.243184,Case registered at Vijayapura PS 7 regarding gambling. Investigation ongoing under IO Nathaniel.
1290,100190743202301290,202301290,2023-07-15,1275,743,1,2,4,12,1,38,2023-07-15T00:00:00,2023-07-15T02:00:00,2023-07-15T00:00:00,14.784417,77.602673,Case registered at Kolar PS 23 regarding public nuisance. Investigation ongoing under IO Chakrika.
1291,100130542202301291,202301291,2023-02-27,1372,542,1,2,5,13,1,26,2023-02-27T00:00:00,2023-02-27T11:00:00,2023-02-27T00:00:00,13.716576,76.628739,Case registered at Dharwad PS 24 regarding cheating. Investigation ongoing under IO Dakshesh.
1292,100120493202301292,202301292,2023-08-01,2023,493,3,2,3,9,1,24,2023-08-01T00:00:00,2023-08-01T09:00:00,2023-08-01T00:00:00,16.928454,74.302224,Case registered at Davanagere PS 4 regarding dowry harassment. Investigation ongoing under IO Maanas.
1293,100240917202301293,202301293,2023-12-22,836,917,3,2,3,9,1,48,2023-12-22T00:00:00,2023-12-22T17:00:00,2023-12-22T00:00:00,12.270401,75.543145,Case registered at Ramanagara PS 24 regarding dowry harassment. Investigation ongoing under IO Jonathan.
1294,100030089202401294,202401294,2024-07-18,1930,89,3,2,6,16,3,5,2024-07-18T00:00:00,2024-07-19T22:00:00,2024-07-18T00:00:00,16.909771,74.431901,Case registered at Belagavi PS 3 regarding identity theft. Investigation ongoing under IO Neel.
1295,100110485202401295,202401295,2024-05-01,454,485,1,2,5,13,1,22,2024-05-01T00:00:00,2024-05-02T06:00:00,2024-05-01T00:00:00,13.323206,78.375701,Case registered at Dakshina Kannada PS 53 regarding cheating. Investigation ongoing under IO Lakshit.
1296,100040172202401296,202401296,2024-11-15,549,172,1,1,3,10,4,8,2024-11-15T00:00:00,2024-11-16T11:00:00,2024-11-15T00:00:00,12.282926,74.477676,Case registered at Bengaluru Rural PS 29 regarding sexual assault. Investigation ongoing under IO Mohini.
1297,100250925202301297,202301297,2023-07-31,935,925,1,1,1,3,1,50,2023-07-31T00:00:00,2023-07-31T18:00:00,2023-07-31T00:00:00,16.29176,76.205975,Case registered at Shivamogga PS 3 regarding grievous hurt. Investigation ongoing under IO Radhika.
1298,100190729202301298,202301298,2023-06-23,655,729,3,2,5,14,4,37,2023-06-23T00:00:00,2023-06-24T16:00:00,2023-06-23T00:00:00,12.067233,74.614033,Case registered at Kolar PS 9 regarding criminal breach of trust. Investigation ongoing under IO Kiaan.
1299,100120503202301299,202301299,2023-06-03,127,503,1,2,1,3,4,24,2023-06-03T00:00:00,2023-06-03T22:00:00,2023-06-03T00:00:00,14.268054,74.221033,Case registered at Davanagere PS 14 regarding grievous hurt. Investigation ongoing under IO Dayamai.
1300,100110472202601300,202601300,2026-03-20,683,472,3,2,6,15,1,21,2026-03-20T00:00:00,2026-03-21T11:00:00,2026-03-20T00:00:00,12.833413,75.23215,Case registered at Dakshina Kannada PS 40 regarding online fraud. Investigation ongoing under IO Charan.
1301,100180702202401301,202401301,2024-04-29,270,702,1,2,3,10,4,36,2024-04-29T00:00:00,2024-04-30T20:00:00,2024-04-29T00:00:00,11.831631,76.342702,Case registered at Kodagu PS 11 regarding sexual assault. Investigation ongoing under IO Veda.
1302,100170636202401302,202401302,2024-09-08,484,636,4,1,1,3,2,34,2024-09-08T00:00:00,2024-09-08T06:00:00,2024-09-08T00:00:00,12.555013,77.417515,Case registered at Kalaburagi PS 2 regarding grievous hurt. Investigation ongoing under IO Ucchal.
1303,100050271202401303,202401303,2024-03-09,604,271,2,1,3,9,3,9,2024-03-09T00:00:00,2024-03-09T01:00:00,2024-03-09T00:00:00,17.284559,76.030857,Case registered at Bengaluru Urban PS 99 regarding dowry harassment. Investigation ongoing under IO Upkaar.
1304,100270981202401304,202401304,2024-12-04,2456,981,4,2,2,4,1,53,2024-12-04T00:00:00,2024-12-05T20:00:00,2024-12-04T00:00:00,15.333235,74.727726,Case registered at Udupi PS 1 regarding theft. Investigation ongoing under IO Gunbir.
1305,100170684202501305,202501305,2025-03-20,660,684,2,2,6,16,1,34,2025-03-20T00:00:00,2025-03-21T22:00:00,2025-03-20T00:00:00,17.896591,77.104607,Case registered at Kalaburagi PS 50 regarding identity theft. Investigation ongoing under IO Ladli.
1306,100030143202401306,202401306,2024-08-29,1000,143,1,2,6,15,2,6,2024-08-29T00:00:00,2024-08-29T01:00:00,2024-08-29T00:00:00,13.805428,75.53476,Case registered at Belagavi PS 57 regarding online fraud. Investigation ongoing under IO Watika.
1307,100060311202301307,202301307,2023-03-23,1748,311,1,2,3,8,2,12,2023-03-23T00:00:00,2023-03-24T20:00:00,2023-03-23T00:00:00,11.91027,77.674125,Case registered at Bidar PS 24 regarding domestic violence. Investigation ongoing under IO Vidhi.
1308,100190749202601308,202601308,2026-05-09,372,749,1,1,1,3,1,38,2026-05-09T00:00:00,2026-05-09T11:00:00,2026-05-09T00:00:00,17.833017,74.238265,Case registered at Kolar PS 29 regarding grievous hurt. Investigation ongoing under IO Udarsh.
1309,100140549202501309,202501309,2025-11-20,1067,549,1,2,1,1,4,28,2025-11-20T00:00:00,2025-11-21T08:00:00,2025-11-20T00:00:00,18.076869,77.471332,Case registered at Gadag PS 2 regarding murder. Investigation ongoing under IO Sai.
1310,100030111202501310,202501310,2025-08-05,2369,111,1,2,5,14,2,5,2025-08-05T00:00:00,2025-08-06T17:00:00,2025-08-05T00:00:00,16.99456,77.801229,Case registered at Belagavi PS 25 regarding criminal breach of trust. Investigation ongoing under IO Dalaja.
1311,100110479202501311,202501311,2025-06-30,2035,479,1,2,6,15,4,21,2025-06-30T00:00:00,2025-07-01T19:00:00,2025-06-30T00:00:00,17.693458,74.207377,Case registered at Dakshina Kannada PS 47 regarding online fraud. Investigation ongoing under IO Isaac.
1312,100180713202601312,202601312,2026-05-08,1213,713,1,1,3,9,2,36,2026-05-08T00:00:00,2026-05-08T20:00:00,2026-05-08T00:00:00,15.154451,76.911722,Case registered at Kodagu PS 22 regarding dowry harassment. Investigation ongoing under IO Pranav.
1313,100260979202501313,202501313,2025-04-06,2384,979,1,2,2,4,1,51,2025-04-06T00:00:00,2025-04-07T18:00:00,2025-04-06T00:00:00,13.672422,78.157383,Case registered at Tumakuru PS 28 regarding theft. Investigation ongoing under IO Vamakshi.
1314,100240903202601314,202601314,2026-02-12,1816,903,1,2,4,11,1,48,2026-02-12T00:00:00,2026-02-13T22:00:00,2026-02-12T00:00:00,13.208562,74.313096,Case registered at Ramanagara PS 10 regarding gambling. Investigation ongoing under IO Guneet.
1315,100301072202401315,202401315,2024-02-20,277,1072,1,2,3,10,1,59,2024-02-20T00:00:00,2024-02-20T03:00:00,2024-02-20T00:00:00,12.1769,77.411028,Case registered at Yadgir PS 5 regarding sexual assault. Investigation ongoing under IO Yadavi.
1316,100060316202401316,202401316,2024-06-21,2085,316,3,2,4,11,4,12,2024-06-21T00:00:00,2024-06-22T10:00:00,2024-06-21T00:00:00,11.893759,74.830031,Case registered at Bidar PS 29 regarding gambling. Investigation ongoing under IO Tripti.
1317,100220817202501317,202501317,2025-04-10,7,817,1,2,6,15,2,43,2025-04-10T00:00:00,2025-04-10T16:00:00,2025-04-10T00:00:00,15.487638,74.685975,Case registered at Mysuru PS 10 regarding online fraud. Investigation ongoing under IO Abeer.
1318,100020042202401318,202401318,2024-02-16,1595,42,4,2,6,16,3,3,2024-02-16T00:00:00,2024-02-16T18:00:00,2024-02-16T00:00:00,18.103349,76.562773,Case registered at Ballari PS 13 regarding identity theft. Investigation ongoing under IO Gaurang.
1319,100220821202301319,202301319,2023-02-06,2212,821,3,2,4,11,3,43,2023-02-06T00:00:00,2023-02-06T01:00:00,2023-02-06T00:00:00,13.294064,76.380848,Case registered at Mysuru PS 14 regarding gambling. Investigation ongoing under IO Barkha.
1320,100311099202401320,202401320,2024-03-20,933,1099,2,2,2,5,1,61,2024-03-20T00:00:00,2024-03-20T18:00:00,2024-03-20T00:00:00,13.133413,75.191605,Case registered at Vijayanagara PS 3 regarding robbery. Investigation ongoing under IO Girish.
1321,100040167202301321,202301321,2023-04-03,601,167,1,2,1,3,4,7,2023-04-03T00:00:00,2023-04-04T21:00:00,2023-04-03T00:00:00,13.231234,75.043171,Case registered at Bengaluru Rural PS 24 regarding grievous hurt. Investigation ongoing under IO Anika.
1322,100291055202501322,202501322,2025-01-16,1794,1055,1,2,5,13,3,57,2025-01-16T00:00:00,2025-01-16T04:00:00,2025-01-16T00:00:00,12.586392,74.231809,Case registered at Vijayapura PS 17 regarding cheating. Investigation ongoing under IO Avi.
1323,100170650202501323,202501323,2025-08-16,1362,650,3,2,2,5,4,33,2025-08-16T00:00:00,2025-08-16T03:00:00,2025-08-16T00:00:00,14.991956,78.46315,Case registered at Kalaburagi PS 16 regarding robbery. Investigation ongoing under IO Lakshit.
1324,100190724202301324,202301324,2023-11-21,1862,724,1,2,6,15,1,37,2023-11-21T00:00:00,2023-11-22T05:00:00,2023-11-21T00:00:00,17.516519,77.296495,Case registered at Kolar PS 4 regarding online fraud. Investigation ongoing under IO Brijesh.
1325,100291041202601325,202601325,2026-02-28,510,1041,4,2,6,16,3,58,2026-02-28T00:00:00,2026-03-02T00:00:00,2026-02-28T00:00:00,15.86962,76.389084,Case registered at Vijayapura PS 3 regarding identity theft. Investigation ongoing under IO Laksh.
1326,100050247202401326,202401326,2024-10-17,803,247,2,2,6,15,2,9,2024-10-17T00:00:00,2024-10-18T09:00:00,2024-10-17T00:00:00,11.972456,77.864751,Case registered at Bengaluru Urban PS 75 regarding online fraud. Investigation ongoing under IO Orinder.
1327,100311109202501327,202501327,2025-10-18,936,1109,2,2,5,14,1,61,2025-10-18T00:00:00,2025-10-19T07:00:00,2025-10-18T00:00:00,15.966578,74.612599,Case registered at Vijayanagara PS 13 regarding criminal breach of trust. Investigation ongoing under IO Bishakha.
1328,100220850202401328,202401328,2024-02-07,1588,850,3,2,2,4,2,44,2024-02-07T00:00:00,2024-02-08T06:00:00,2024-02-07T00:00:00,15.308221,76.20651,Case registered at Mysuru PS 43 regarding theft. Investigation ongoing under IO Caleb.
1329,100080359202401329,202401329,2024-10-23,61,359,1,2,4,11,3,15,2024-10-23T00:00:00,2024-10-24T09:00:00,2024-10-23T00:00:00,15.172915,74.623629,Case registered at Chikkaballapur PS 14 regarding gambling. Investigation ongoing under IO Ikbal.
1330,100190749202601330,202601330,2026-04-08,1910,749,1,2,4,12,1,38,2026-04-08T00:00:00,2026-04-09T21:00:00,2026-04-08T00:00:00,14.370266,75.621676,Case registered at Kolar PS 29 regarding public nuisance. Investigation ongoing under IO Tanvi.
1331,100070325202601331,202601331,2026-06-11,791,325,1,2,1,2,2,13,2026-06-11T00:00:00,2026-06-12T15:00:00,2026-06-11T00:00:00,13.814335,77.478211,Case registered at Chamarajanagar PS 9 regarding attempt to murder. Investigation ongoing under IO Yagnesh.
1332,100060308202301332,202301332,2023-11-26,1513,308,1,1,3,10,1,12,2023-11-26T00:00:00,2023-11-26T19:00:00,2023-11-26T00:00:00,16.540004,75.304527,Case registered at Bidar PS 21 regarding sexual assault. Investigation ongoing under IO Ladli.
1333,100200770202301333,202301333,2023-06-24,2479,770,3,2,2,6,3,39,2023-06-24T00:00:00,2023-06-25T10:00:00,2023-06-24T00:00:00,17.801428,76.505184,Case registered at Koppal PS 21 regarding burglary. Investigation ongoing under IO Darpan.
1334,100080350202401334,202401334,2024-10-26,2490,350,2,2,6,15,1,16,2024-10-26T00:00:00,2024-10-27T09:00:00,2024-10-26T00:00:00,14.451179,77.666147,Case registered at Chikkaballapur PS 5 regarding online fraud. Investigation ongoing under IO Gautami.
1335,100220858202501335,202501335,2025-06-01,2102,858,3,2,6,16,1,43,2025-06-01T00:00:00,2025-06-02T15:00:00,2025-06-01T00:00:00,18.206352,76.254893,Case registered at Mysuru PS 51 regarding identity theft. Investigation ongoing under IO Pahal.
1336,100010006202501336,202501336,2025-11-07,1435,6,2,2,3,10,1,2,2025-11-07T00:00:00,2025-11-07T03:00:00,2025-11-07T00:00:00,12.220066,76.621903,Case registered at Bagalkot PS 6 regarding sexual assault. Investigation ongoing under IO Owen.
1337,100170689202601337,202601337,2026-06-17,642,689,1,2,6,15,3,33,2026-06-17T00:00:00,2026-06-17T18:00:00,2026-06-17T00:00:00,18.119636,74.776214,Case registered at Kalaburagi PS 55 regarding online fraud. Investigation ongoing under IO Samesh.
1338,100311114202301338,202301338,2023-01-10,1978,1114,1,2,2,7,2,62,2023-01-10T00:00:00,2023-01-10T03:00:00,2023-01-10T00:00:00,11.688559,77.194849,Case registered at Vijayanagara PS 18 regarding vehicle theft. Investigation ongoing under IO Urvi.
1339,100170666202501339,202501339,2025-12-06,1112,666,1,2,3,8,2,33,2025-12-06T00:00:00,2025-12-07T22:00:00,2025-12-06T00:00:00,15.256652,77.850531,Case registered at Kalaburagi PS 32 regarding domestic violence. Investigation ongoing under IO Pranit.
1340,100030135202301340,202301340,2023-03-10,313,135,1,1,3,9,3,6,2023-03-10T00:00:00,2023-03-11T02:00:00,2023-03-10T00:00:00,14.638626,76.721657,Case registered at Belagavi PS 49 regarding dowry harassment. Investigation ongoing under IO Jasmit.
1341,100291040202601341,202601341,2026-02-07,1945,1040,1,2,6,16,1,57,2026-02-07T00:00:00,2026-02-08T09:00:00,2026-02-07T00:00:00,12.167776,76.946066,Case registered at Vijayapura PS 2 regarding identity theft. Investigation ongoing under IO Shaurya.
1342,100190748202401342,202401342,2024-09-23,1745,748,1,2,1,3,2,38,2024-09-23T00:00:00,2024-09-24T18:00:00,2024-09-23T00:00:00,14.686812,78.202375,Case registered at Kolar PS 28 regarding grievous hurt. Investigation ongoing under IO Raagini.
1343,100220838202301343,202301343,2023-03-22,1266,838,1,2,6,16,2,43,2023-03-22T00:00:00,2023-03-22T22:00:00,2023-03-22T00:00:00,17.462147,75.098268,Case registered at Mysuru PS 31 regarding identity theft. Investigation ongoing under IO Shravya.
1344,100210807202501344,202501344,2025-05-29,2048,807,1,2,2,6,2,41,2025-05-29T00:00:00,2025-05-29T10:00:00,2025-05-29T00:00:00,11.83776,74.097842,Case registered at Mandya PS 29 regarding burglary. Investigation ongoing under IO Tanish.
1345,100220848202401345,202401345,2024-12-08,663,848,1,2,6,16,2,43,2024-12-08T00:00:00,2024-12-09T13:00:00,2024-12-08T00:00:00,12.648083,77.739729,Case registered at Mysuru PS 41 regarding identity theft. Investigation ongoing under IO Amol.
1346,100110436202501346,202501346,2025-12-22,1944,436,1,2,6,15,3,21,2025-12-22T00:00:00,2025-12-22T19:00:00,2025-12-22T00:00:00,12.385919,76.120446,Case registered at Dakshina Kannada PS 4 regarding online fraud. Investigation ongoing under IO Ishaan.
1347,100050195202301347,202301347,2023-09-28,1307,195,4,2,2,4,3,9,2023-09-28T00:00:00,2023-09-28T12:00:00,2023-09-28T00:00:00,13.45443,76.293856,Case registered at Bengaluru Urban PS 23 regarding theft. Investigation ongoing under IO William.
1348,100070327202501348,202501348,2025-12-12,883,327,1,2,5,14,3,14,2025-12-12T00:00:00,2025-12-12T02:00:00,2025-12-12T00:00:00,17.866029,77.015403,Case registered at Chamarajanagar PS 11 regarding criminal breach of trust. Investigation ongoing under IO Kevin.
1349,100170690202601349,202601349,2026-07-01,2407,690,3,2,3,9,2,34,2026-07-01T00:00:00,2026-07-01T05:00:00,2026-07-01T00:00:00,13.728722,77.544772,Case registered at Kalaburagi PS 56 regarding dowry harassment. Investigation ongoing under IO Lucky.
1350,100311109202501350,202501350,2025-09-20,248,1109,1,1,3,8,2,62,2025-09-20T00:00:00,2025-09-21T20:00:00,2025-09-20T00:00:00,13.733271,74.806374,Case registered at Vijayanagara PS 13 regarding domestic violence. Investigation ongoing under IO Bhavya.
1351,100180712202501351,202501351,2025-02-22,887,712,1,2,5,13,3,36,2025-02-22T00:00:00,2025-02-23T06:00:00,2025-02-22T00:00:00,16.727606,77.843037,Case registered at Kodagu PS 21 regarding cheating. Investigation ongoing under IO Tanveer.
1352,100030112202401352,202401352,2024-09-14,801,112,1,1,1,1,3,6,2024-09-14T00:00:00,2024-09-14T16:00:00,2024-09-14T00:00:00,14.257007,76.125879,Case registered at Belagavi PS 26 regarding murder. Investigation ongoing under IO Dhriti.
1353,100050281202401353,202401353,2024-04-19,1683,281,3,2,1,2,1,10,2024-04-19T00:00:00,2024-04-19T02:00:00,2024-04-19T00:00:00,14.071597,77.582244,Case registered at Bengaluru Urban PS 109 regarding attempt to murder. Investigation ongoing under IO Oeshi.
1354,100140554202401354,202401354,2024-03-19,219,554,1,2,3,8,3,27,2024-03-19T00:00:00,2024-03-20T14:00:00,2024-03-19T00:00:00,17.17564,74.188717,Case registered at Gadag PS 7 regarding domestic violence. Investigation ongoing under IO Ethan.
1355,100150601202401355,202401355,2024-09-30,2025,601,4,2,5,13,2,29,2024-09-30T00:00:00,2024-10-01T00:00:00,2024-09-30T00:00:00,12.187732,74.966862,Case registered at Hassan PS 25 regarding cheating. Investigation ongoing under IO Nicholas.
1356,100291043202301356,202301356,2023-07-29,311,1043,4,2,5,14,3,57,2023-07-29T00:00:00,2023-07-30T21:00:00,2023-07-29T00:00:00,16.677674,77.363377,Case registered at Vijayapura PS 5 regarding criminal breach of trust. Investigation ongoing under IO Chakrika.
1357,100180693202401357,202401357,2024-12-20,820,693,1,2,6,16,2,36,2024-12-20T00:00:00,2024-12-20T14:00:00,2024-12-20T00:00:00,18.282898,76.990822,Case registered at Kodagu PS 2 regarding identity theft. Investigation ongoing under IO Jeevika.
1358,100140550202401358,202401358,2024-09-30,1673,550,1,2,2,5,2,28,2024-09-30T00:00:00,2024-09-30T21:00:00,2024-09-30T00:00:00,12.378323,74.097031,Case registered at Gadag PS 3 regarding robbery. Investigation ongoing under IO Ikbal.
1359,100050259202601359,202601359,2026-04-28,1699,259,1,2,1,1,2,9,2026-04-28T00:00:00,2026-04-29T18:00:00,2026-04-28T00:00:00,14.021638,75.867407,Case registered at Bengaluru Urban PS 87 regarding murder. Investigation ongoing under IO Noah.
1360,100010003202301360,202301360,2023-09-26,432,3,1,2,2,7,1,2,2023-09-26T00:00:00,2023-09-27T05:00:00,2023-09-26T00:00:00,16.91541,74.579632,Case registered at Bagalkot PS 3 regarding vehicle theft. Investigation ongoing under IO Mason.
1361,100030118202401361,202401361,2024-07-27,274,118,3,2,4,11,3,6,2024-07-27T00:00:00,2024-07-27T02:00:00,2024-07-27T00:00:00,16.78108,77.359406,Case registered at Belagavi PS 32 regarding gambling. Investigation ongoing under IO Caleb.
1362,100110484202501362,202501362,2025-01-02,26,484,1,1,1,2,2,22,2025-01-02T00:00:00,2025-01-02T08:00:00,2025-01-02T00:00:00,13.328242,78.071266,Case registered at Dakshina Kannada PS 52 regarding attempt to murder. Investigation ongoing under IO Adya.
1363,100010018202501363,202501363,2025-08-17,1025,18,3,2,1,2,3,2,2025-08-17T00:00:00,2025-08-17T22:00:00,2025-08-17T00:00:00,16.131774,76.382955,Case registered at Bagalkot PS 18 regarding attempt to murder. Investigation ongoing under IO Mitali.
1364,100050252202601364,202601364,2026-04-20,1218,252,1,2,4,12,2,9,2026-04-20T00:00:00,2026-04-21T12:00:00,2026-04-20T00:00:00,16.581456,74.035731,Case registered at Bengaluru Urban PS 80 regarding public nuisance. Investigation ongoing under IO Agastya.
1365,100110470202501365,202501365,2025-07-31,2317,470,4,2,3,8,3,21,2025-07-31T00:00:00,2025-08-01T03:00:00,2025-07-31T00:00:00,18.247917,78.534313,Case registered at Dakshina Kannada PS 38 regarding domestic violence. Investigation ongoing under IO Abeer.
1366,100260977202301366,202301366,2023-01-20,1373,977,1,2,4,12,1,51,2023-01-20T00:00:00,2023-01-21T17:00:00,2023-01-20T00:00:00,16.962443,77.906702,Case registered at Tumakuru PS 26 regarding public nuisance. Investigation ongoing under IO Warda.
1367,100100431202501367,202501367,2025-01-05,1685,431,3,1,1,1,1,19,2025-01-05T00:00:00,2025-01-05T18:00:00,2025-01-05T00:00:00,14.339852,75.911309,Case registered at Chitradurga PS 28 regarding murder. Investigation ongoing under IO Baghyawati.
1368,100070320202601368,202601368,2026-01-14,446,320,1,2,5,14,2,14,2026-01-14T00:00:00,2026-01-14T20:00:00,2026-01-14T00:00:00,14.320369,75.121755,Case registered at Chamarajanagar PS 4 regarding criminal breach of trust. Investigation ongoing under IO Noah.
1369,100130534202301369,202301369,2023-03-06,1108,534,3,2,4,12,4,26,2023-03-06T00:00:00,2023-03-07T04:00:00,2023-03-06T00:00:00,14.002893,78.495241,Case registered at Dharwad PS 16 regarding public nuisance. Investigation ongoing under IO Chanchal.
1370,100050223202401370,202401370,2024-11-16,876,223,1,2,2,5,3,10,2024-11-16T00:00:00,2024-11-17T13:00:00,2024-11-16T00:00:00,14.911182,74.16719,Case registered at Bengaluru Urban PS 51 regarding robbery. Investigation ongoing under IO Bhavani.
1371,100100420202501371,202501371,2025-11-08,414,420,1,1,3,10,3,19,2025-11-08T00:00:00,2025-11-08T22:00:00,2025-11-08T00:00:00,17.895072,78.396176,Case registered at Chitradurga PS 17 regarding sexual assault. Investigation ongoing under IO Matthew.
1372,100130519202401372,202401372,2024-05-29,1614,519,3,2,6,15,3,26,2024-05-29T00:00:00,2024-05-30T09:00:00,2024-05-29T00:00:00,18.006067,77.078614,Case registered at Dharwad PS 1 regarding online fraud. Investigation ongoing under IO Jagat.
1373,100050269202301373,202301373,2023-10-18,336,269,3,1,3,8,4,9,2023-10-18T00:00:00,2023-10-19T09:00:00,2023-10-18T00:00:00,15.162204,75.513709,Case registered at Bengaluru Urban PS 97 regarding domestic violence. Investigation ongoing under IO Jagrati.
1374,100060309202601374,202601374,2026-01-15,2355,309,1,2,3,10,3,12,2026-01-15T00:00:00,2026-01-15T15:00:00,2026-01-15T00:00:00,17.727443,75.841601,Case registered at Bidar PS 22 regarding sexual assault. Investigation ongoing under IO Kala.
1375,100281026202401375,202401375,2024-07-27,1632,1026,3,2,5,14,4,55,2024-07-27T00:00:00,2024-07-27T19:00:00,2024-07-27T00:00:00,15.256511,77.680136,Case registered at Uttara Kannada PS 17 regarding criminal breach of trust. Investigation ongoing under IO Balvan.
1376,100291062202501376,202501376,2025-12-29,1923,1062,1,2,6,16,1,58,2025-12-29T00:00:00,2025-12-29T18:00:00,2025-12-29T00:00:00,12.699555,76.854747,Case registered at Vijayapura PS 24 regarding identity theft. Investigation ongoing under IO Omisha.
1377,100281031202401377,202401377,2024-11-24,1801,1031,1,2,4,12,2,56,2024-11-24T00:00:00,2024-11-25T16:00:00,2024-11-24T00:00:00,13.16955,74.630817,Case registered at Uttara Kannada PS 22 regarding public nuisance. Investigation ongoing under IO Bachittar.
1378,100150585202301378,202301378,2023-09-29,1610,585,3,2,6,15,2,30,2023-09-29T00:00:00,2023-09-29T14:00:00,2023-09-29T00:00:00,16.608215,74.039334,Case registered at Hassan PS 9 regarding online fraud. Investigation ongoing under IO Samaksh.
1379,100050233202401379,202401379,2024-03-03,721,233,3,2,2,5,1,9,2024-03-03T00:00:00,2024-03-03T12:00:00,2024-03-03T00:00:00,17.756085,78.453114,Case registered at Bengaluru Urban PS 61 regarding robbery. Investigation ongoing under IO Vamakshi.
1380,100281013202601380,202601380,2026-07-13,2446,1013,1,2,6,16,1,55,2026-07-13T00:00:00,2026-07-14T20:00:00,2026-07-13T00:00:00,15.682379,76.712417,Case registered at Uttara Kannada PS 4 regarding identity theft. Investigation ongoing under IO Charles.
1381,100311103202301381,202301381,2023-10-03,1279,1103,1,2,4,12,2,61,2023-10-03T00:00:00,2023-10-03T06:00:00,2023-10-03T00:00:00,16.857403,76.580444,Case registered at Vijayanagara PS 7 regarding public nuisance. Investigation ongoing under IO Dalaja.
1382,100190748202501382,202501382,2025-05-11,2196,748,1,2,6,16,1,37,2025-05-11T00:00:00,2025-05-12T21:00:00,2025-05-11T00:00:00,15.987425,74.053759,Case registered at Kolar PS 28 regarding identity theft. Investigation ongoing under IO Kala.
1383,100040154202301383,202301383,2023-01-15,581,154,1,2,2,5,3,8,2023-01-15T00:00:00,2023-01-16T10:00:00,2023-01-15T00:00:00,13.639991,77.405707,Case registered at Bengaluru Rural PS 11 regarding robbery. Investigation ongoing under IO Onkar.
1384,100170680202601384,202601384,2026-01-29,178,680,1,2,6,16,1,33,2026-01-29T00:00:00,2026-01-29T06:00:00,2026-01-29T00:00:00,15.046867,76.944806,Case registered at Kalaburagi PS 46 regarding identity theft. Investigation ongoing under IO Ishwar.
1385,100230868202601385,202601385,2026-02-21,1918,868,1,2,1,3,3,46,2026-02-21T00:00:00,2026-02-22T04:00:00,2026-02-21T00:00:00,12.194383,76.157531,Case registered at Raichur PS 4 regarding grievous hurt. Investigation ongoing under IO Vrinda.
1386,100160633202301386,202301386,2023-05-10,615,633,1,2,1,3,1,31,2023-05-10T00:00:00,2023-05-10T07:00:00,2023-05-10T00:00:00,13.038875,75.779757,Case registered at Haveri PS 28 regarding grievous hurt. Investigation ongoing under IO Hredhaan.
1387,100030089202501387,202501387,2025-11-02,357,89,1,2,6,16,2,5,2025-11-02T00:00:00,2025-11-02T04:00:00,2025-11-02T00:00:00,17.817702,74.57851,Case registered at Belagavi PS 3 regarding identity theft. Investigation ongoing under IO Ekta.
1388,100110440202401388,202401388,2024-10-12,97,440,1,2,2,6,2,22,2024-10-12T00:00:00,2024-10-13T00:00:00,2024-10-12T00:00:00,13.709421,74.380329,Case registered at Dakshina Kannada PS 8 regarding burglary. Investigation ongoing under IO Aradhana.
1389,100050230202501389,202501389,2025-10-27,1854,230,1,2,3,9,3,10,2025-10-27T00:00:00,2025-10-27T13:00:00,2025-10-27T00:00:00,15.858136,77.327636,Case registered at Bengaluru Urban PS 58 regarding dowry harassment. Investigation ongoing under IO Chandani.
1390,100110484202401390,202401390,2024-12-03,2468,484,1,2,4,11,1,21,2024-12-03T00:00:00,2024-12-04T15:00:00,2024-12-03T00:00:00,16.589276,76.744062,Case registered at Dakshina Kannada PS 52 regarding gambling. Investigation ongoing under IO Charles.
1391,100070321202301391,202301391,2023-10-08,1533,321,1,2,5,13,1,14,2023-10-08T00:00:00,2023-10-09T20:00:00,2023-10-08T00:00:00,16.737122,78.386709,Case registered at Chamarajanagar PS 5 regarding cheating. Investigation ongoing under IO Yuvraj.
1392,100281038202401392,202401392,2024-04-07,310,1038,1,2,1,2,3,56,2024-04-07T00:00:00,2024-04-07T02:00:00,2024-04-07T00:00:00,15.892378,74.459983,Case registered at Uttara Kannada PS 29 regarding attempt to murder. Investigation ongoing under IO Janya.
1393,100250951202401393,202401393,2024-10-18,538,951,1,2,4,12,3,50,2024-10-18T00:00:00,2024-10-19T19:00:00,2024-10-18T00:00:00,12.280338,74.850675,Case registered at Shivamogga PS 29 regarding public nuisance. Investigation ongoing under IO Mitesh.
1394,100140548202301394,202301394,2023-01-27,1524,548,4,2,5,14,4,28,2023-01-27T00:00:00,2023-01-27T17:00:00,2023-01-27T00:00:00,18.28231,76.377287,Case registered at Gadag PS 1 regarding criminal breach of trust. Investigation ongoing under IO Ekavir.
1395,100150585202501395,202501395,2025-10-02,1987,585,1,2,5,13,2,30,2025-10-02T00:00:00,2025-10-04T00:00:00,2025-10-02T00:00:00,15.762443,77.861072,Case registered at Hassan PS 9 regarding cheating. Investigation ongoing under IO Sanaya.
1396,100260964202401396,202401396,2024-08-22,845,964,1,2,2,7,1,52,2024-08-22T00:00:00,2024-08-23T15:00:00,2024-08-22T00:00:00,15.888529,74.052067,Case registered at Tumakuru PS 13 regarding vehicle theft. Investigation ongoing under IO Ishita.
1397,100150590202401397,202401397,2024-04-24,1069,590,3,1,3,8,4,30,2024-04-24T00:00:00,2024-04-24T02:00:00,2024-04-24T00:00:00,18.212719,78.105436,Case registered at Hassan PS 14 regarding domestic violence. Investigation ongoing under IO Rushil.
1398,100110440202601398,202601398,2026-07-17,726,440,2,2,5,14,1,21,2026-07-17T00:00:00,2026-07-17T10:00:00,2026-07-17T00:00:00,12.955965,75.025434,Case registered at Dakshina Kannada PS 8 regarding criminal breach of trust. Investigation ongoing under IO Vaishnavi.
1399,100050248202301399,202301399,2023-03-01,1145,248,1,2,5,14,3,9,2023-03-01T00:00:00,2023-03-01T06:00:00,2023-03-01T00:00:00,17.160746,77.432898,Case registered at Bengaluru Urban PS 76 regarding criminal breach of trust. Investigation ongoing under IO Wahab.
1400,100030136202401400,202401400,2024-02-18,157,136,3,2,2,6,2,5,2024-02-18T00:00:00,2024-02-18T07:00:00,2024-02-18T00:00:00,16.511423,78.460096,Case registered at Belagavi PS 50 regarding burglary. Investigation ongoing under IO Anmol.
1401,100190724202501401,202501401,2025-08-06,2287,724,4,2,6,15,1,38,2025-08-06T00:00:00,2025-08-06T10:00:00,2025-08-06T00:00:00,17.82364,76.596955,Case registered at Kolar PS 4 regarding online fraud. Investigation ongoing under IO Idika.
1402,100080370202501402,202501402,2025-07-06,1128,370,1,2,6,16,2,16,2025-07-06T00:00:00,2025-07-07T15:00:00,2025-07-06T00:00:00,17.42456,76.674922,Case registered at Chikkaballapur PS 25 regarding identity theft. Investigation ongoing under IO Netra.
1403,100170674202501403,202501403,2025-12-22,2209,674,1,1,1,2,4,34,2025-12-22T00:00:00,2025-12-22T04:00:00,2025-12-22T00:00:00,13.075293,75.102744,Case registered at Kalaburagi PS 40 regarding attempt to murder. Investigation ongoing under IO Rachita.
1404,100250935202401404,202401404,2024-07-26,2397,935,2,2,5,13,1,50,2024-07-26T00:00:00,2024-07-27T15:00:00,2024-07-26T00:00:00,13.501485,77.703591,Case registered at Shivamogga PS 13 regarding cheating. Investigation ongoing under IO Ekiya.
1405,100030126202301405,202301405,2023-07-03,1587,126,1,1,1,3,2,5,2023-07-03T00:00:00,2023-07-05T00:00:00,2023-07-03T00:00:00,16.985592,74.553572,Case registered at Belagavi PS 40 regarding grievous hurt. Investigation ongoing under IO Krisha.
1406,100230892202301406,202301406,2023-10-09,1003,892,1,2,2,6,2,45,2023-10-09T00:00:00,2023-10-09T03:00:00,2023-10-09T00:00:00,16.722316,75.015608,Case registered at Raichur PS 28 regarding burglary. Investigation ongoing under IO Gautami.
1407,100050240202301407,202301407,2023-04-09,870,240,1,2,6,16,1,10,2023-04-09T00:00:00,2023-04-09T01:00:00,2023-04-09T00:00:00,15.158583,77.705646,Case registered at Bengaluru Urban PS 68 regarding identity theft. Investigation ongoing under IO Max.
1408,100230876202401408,202401408,2024-04-17,1525,876,1,2,4,11,1,45,2024-04-17T00:00:00,2024-04-18T05:00:00,2024-04-17T00:00:00,14.340584,74.084954,Case registered at Raichur PS 12 regarding gambling. Investigation ongoing under IO Vyanjana.
1409,100260961202601409,202601409,2026-05-08,2379,961,1,2,4,12,3,52,2026-05-08T00:00:00,2026-05-09T00:00:00,2026-05-08T00:00:00,12.440636,76.375851,Case registered at Tumakuru PS 10 regarding public nuisance. Investigation ongoing under IO Saanvi.
1410,100160617202401410,202401410,2024-08-25,1693,617,3,2,4,11,1,32,2024-08-25T00:00:00,2024-08-26T04:00:00,2024-08-25T00:00:00,16.352638,75.653259,Case registered at Haveri PS 12 regarding gambling. Investigation ongoing under IO Gautami.
1411,100220830202401411,202401411,2024-06-05,1215,830,1,2,3,9,1,43,2024-06-05T00:00:00,2024-06-05T17:00:00,2024-06-05T00:00:00,17.29943,76.612232,Case registered at Mysuru PS 23 regarding dowry harassment. Investigation ongoing under IO Varsha.
1412,100030090202501412,202501412,2025-09-30,189,90,1,2,6,15,1,5,2025-09-30T00:00:00,2025-10-01T07:00:00,2025-09-30T00:00:00,17.839802,76.617747,Case registered at Belagavi PS 4 regarding online fraud. Investigation ongoing under IO Tripti.
1413,100180704202401413,202401413,2024-10-16,677,704,1,1,1,3,4,36,2024-10-16T00:00:00,2024-10-17T17:00:00,2024-10-16T00:00:00,16.051431,75.846533,Case registered at Kodagu PS 13 regarding grievous hurt. Investigation ongoing under IO Umang.
1414,100110452202501414,202501414,2025-05-13,107,452,1,2,5,14,3,21,2025-05-13T00:00:00,2025-05-14T16:00:00,2025-05-13T00:00:00,14.371752,76.351681,Case registered at Dakshina Kannada PS 20 regarding criminal breach of trust. Investigation ongoing under IO Warjas.
1415,100080364202501415,202501415,2025-11-10,1188,364,1,2,3,10,2,15,2025-11-10T00:00:00,2025-11-12T00:00:00,2025-11-10T00:00:00,14.418885,76.646399,Case registered at Chikkaballapur PS 19 regarding sexual assault. Investigation ongoing under IO Urvashi.
1416,100311107202601416,202601416,2026-06-12,2109,1107,1,2,4,12,1,61,2026-06-12T00:00:00,2026-06-13T18:00:00,2026-06-12T00:00:00,12.887807,74.462299,Case registered at Vijayanagara PS 11 regarding public nuisance. Investigation ongoing under IO Rajata.
1417,100281011202401417,202401417,2024-02-20,126,1011,1,2,5,13,1,55,2024-02-20T00:00:00,2024-02-20T13:00:00,2024-02-20T00:00:00,13.342091,78.388535,Case registered at Uttara Kannada PS 2 regarding cheating. Investigation ongoing under IO Jeet.
1418,100270996202501418,202501418,2025-12-08,685,996,1,2,2,6,3,53,2025-12-08T00:00:00,2025-12-08T19:00:00,2025-12-08T00:00:00,17.714391,76.014614,Case registered at Udupi PS 16 regarding burglary. Investigation ongoing under IO Teerth.
1419,100220817202301419,202301419,2023-08-22,837,817,1,1,1,1,3,43,2023-08-22T00:00:00,2023-08-23T10:00:00,2023-08-22T00:00:00,16.828911,78.185407,Case registered at Mysuru PS 10 regarding murder. Investigation ongoing under IO Madhav.
1420,100170656202301420,202301420,2023-04-23,539,656,3,2,5,13,2,33,2023-04-23T00:00:00,2023-04-23T05:00:00,2023-04-23T00:00:00,11.904816,74.697626,Case registered at Kalaburagi PS 22 regarding cheating. Investigation ongoing under IO Geetika.
1421,100170683202601421,202601421,2026-01-16,490,683,1,2,5,13,2,33,2026-01-16T00:00:00,2026-01-17T09:00:00,2026-01-16T00:00:00,15.988506,74.71035,Case registered at Kalaburagi PS 49 regarding cheating. Investigation ongoing under IO Rayaan.
1422,100170652202301422,202301422,2023-11-20,2445,652,3,2,1,1,3,33,2023-11-20T00:00:00,2023-11-20T22:00:00,2023-11-20T00:00:00,12.13777,77.940513,Case registered at Kalaburagi PS 18 regarding murder. Investigation ongoing under IO Aarnav.
1423,100170665202601423,202601423,2026-07-07,1309,665,1,2,4,12,3,34,2026-07-07T00:00:00,2026-07-08T09:00:00,2026-07-07T00:00:00,13.572046,75.635106,Case registered at Kalaburagi PS 31 regarding public nuisance. Investigation ongoing under IO Nathaniel.
1424,100220811202301424,202301424,2023-03-21,2340,811,1,2,4,11,2,44,2023-03-21T00:00:00,2023-03-21T09:00:00,2023-03-21T00:00:00,11.929597,77.126009,Case registered at Mysuru PS 4 regarding gambling. Investigation ongoing under IO Harini.
1425,100210794202501425,202501425,2025-08-10,2369,794,1,2,3,8,1,41,2025-08-10T00:00:00,2025-08-10T10:00:00,2025-08-10T00:00:00,15.277074,74.465184,Case registered at Mandya PS 16 regarding domestic violence. Investigation ongoing under IO Dalaja.
1426,100050264202301426,202301426,2023-08-18,1270,264,1,2,3,9,2,10,2023-08-18T00:00:00,2023-08-19T03:00:00,2023-08-18T00:00:00,11.704591,77.115441,Case registered at Bengaluru Urban PS 92 regarding dowry harassment. Investigation ongoing under IO Yadavi.
1427,100160612202301427,202301427,2023-01-19,1823,612,1,1,1,1,2,32,2023-01-19T00:00:00,2023-01-19T14:00:00,2023-01-19T00:00:00,18.147316,78.567956,Case registered at Haveri PS 7 regarding murder. Investigation ongoing under IO Reyansh.
1428,100281028202401428,202401428,2024-02-17,143,1028,1,2,2,5,2,55,2024-02-17T00:00:00,2024-02-17T13:00:00,2024-02-17T00:00:00,14.363835,77.859865,Case registered at Uttara Kannada PS 19 regarding robbery. Investigation ongoing under IO Hredhaan.
1429,100020060202501429,202501429,2025-11-06,974,60,3,2,6,15,1,4,2025-11-06T00:00:00,2025-11-07T13:00:00,2025-11-06T00:00:00,15.900231,76.871463,Case registered at Ballari PS 31 regarding online fraud. Investigation ongoing under IO Nathaniel.
1430,100220828202301430,202301430,2023-02-11,1835,828,1,2,5,13,1,44,2023-02-11T00:00:00,2023-02-12T21:00:00,2023-02-11T00:00:00,11.78353,75.685482,Case registered at Mysuru PS 21 regarding cheating. Investigation ongoing under IO Alka.
1431,100210803202301431,202301431,2023-12-13,1947,803,1,2,4,12,2,42,2023-12-13T00:00:00,2023-12-13T10:00:00,2023-12-13T00:00:00,16.581963,74.268155,Case registered at Mandya PS 25 regarding public nuisance. Investigation ongoing under IO Pallavi.
1432,100270985202501432,202501432,2025-12-19,2471,985,1,1,3,9,3,54,2025-12-19T00:00:00,2025-12-19T12:00:00,2025-12-19T00:00:00,14.812354,76.214956,Case registered at Udupi PS 5 regarding dowry harassment. Investigation ongoing under IO Priya.
1433,100150587202501433,202501433,2025-10-31,1668,587,1,2,3,10,3,29,2025-10-31T00:00:00,2025-11-01T02:00:00,2025-10-31T00:00:00,12.807055,76.10728,Case registered at Hassan PS 11 regarding sexual assault. Investigation ongoing under IO Chandani.
1434,100311097202501434,202501434,2025-05-08,1077,1097,3,1,1,1,1,61,2025-05-08T00:00:00,2025-05-09T09:00:00,2025-05-08T00:00:00,15.015811,77.354531,Case registered at Vijayanagara PS 1 regarding murder. Investigation ongoing under IO Samuel.
1435,100050282202401435,202401435,2024-02-18,278,282,1,2,2,6,1,9,2024-02-18T00:00:00,2024-02-19T13:00:00,2024-02-18T00:00:00,13.71763,76.506762,Case registered at Bengaluru Urban PS 110 regarding burglary. Investigation ongoing under IO Harish.
1436,100210781202501436,202501436,2025-04-14,2371,781,1,2,5,13,1,41,2025-04-14T00:00:00,2025-04-15T17:00:00,2025-04-14T00:00:00,15.960981,74.971255,Case registered at Mandya PS 3 regarding cheating. Investigation ongoing under IO Ekansh.
1437,100180717202501437,202501437,2025-06-08,1976,717,3,2,5,13,2,36,2025-06-08T00:00:00,2025-06-09T12:00:00,2025-06-08T00:00:00,18.339894,77.108452,Case registered at Kodagu PS 26 regarding cheating. Investigation ongoing under IO Nachiket.
1438,100030133202301438,202301438,2023-08-12,316,133,2,2,3,9,3,5,2023-08-12T00:00:00,2023-08-13T19:00:00,2023-08-12T00:00:00,15.654529,75.761291,Case registered at Belagavi PS 47 regarding dowry harassment. Investigation ongoing under IO Hamsini.
1439,100281020202301439,202301439,2023-10-02,52,1020,3,2,4,11,1,56,2023-10-02T00:00:00,2023-10-02T20:00:00,2023-10-02T00:00:00,15.849646,77.994527,Case registered at Uttara Kannada PS 11 regarding gambling. Investigation ongoing under IO Thomas.
1440,100250931202401440,202401440,2024-02-08,1852,931,1,2,1,2,2,50,2024-02-08T00:00:00,2024-02-08T23:00:00,2024-02-08T00:00:00,15.97363,76.43531,Case registered at Shivamogga PS 9 regarding attempt to murder. Investigation ongoing under IO Bimala.
1441,100250950202501441,202501441,2025-02-24,2047,950,1,2,4,12,1,49,2025-02-24T00:00:00,2025-02-24T15:00:00,2025-02-24T00:00:00,16.184844,76.218811,Case registered at Shivamogga PS 28 regarding public nuisance. Investigation ongoing under IO Aayush.
1442,100030120202501442,202501442,2025-04-24,1569,120,1,2,1,1,3,5,2025-04-24T00:00:00,2025-04-25T03:00:00,2025-04-24T00:00:00,14.546459,75.910448,Case registered at Belagavi PS 34 regarding murder. Investigation ongoing under IO Radha.
1443,100230865202601443,202601443,2026-04-12,61,865,1,2,3,10,1,45,2026-04-12T00:00:00,2026-04-14T00:00:00,2026-04-12T00:00:00,18.073854,77.531679,Case registered at Raichur PS 1 regarding sexual assault. Investigation ongoing under IO Ikbal.
1444,100170688202601444,202601444,2026-06-20,215,688,1,2,2,5,1,34,2026-06-20T00:00:00,2026-06-21T20:00:00,2026-06-20T00:00:00,17.902585,75.593727,Case registered at Kalaburagi PS 54 regarding robbery. Investigation ongoing under IO Harshil.
1445,100260957202301445,202301445,2023-12-21,1150,957,1,2,4,11,3,52,2023-12-21T00:00:00,2023-12-22T18:00:00,2023-12-21T00:00:00,14.440787,78.573951,Case registered at Tumakuru PS 6 regarding gambling. Investigation ongoing under IO Chaman.
1446,100050197202501446,202501446,2025-04-12,417,197,1,2,3,10,3,10,2025-04-12T00:00:00,2025-04-12T11:00:00,2025-04-12T00:00:00,17.029952,77.231499,Case registered at Bengaluru Urban PS 25 regarding sexual assault. Investigation ongoing under IO Siya.
1447,100110484202601447,202601447,2026-05-18,1207,484,1,2,4,11,2,21,2026-05-18T00:00:00,2026-05-19T20:00:00,2026-05-18T00:00:00,16.326371,75.824022,Case registered at Dakshina Kannada PS 52 regarding gambling. Investigation ongoing under IO Nitara.
1448,100080370202601448,202601448,2026-06-24,2406,370,1,2,1,3,2,16,2026-06-24T00:00:00,2026-06-24T09:00:00,2026-06-24T00:00:00,12.158339,77.514558,Case registered at Chikkaballapur PS 25 regarding grievous hurt. Investigation ongoing under IO Fiyaz.
1449,100110439202301449,202301449,2023-05-07,359,439,1,2,3,9,2,22,2023-05-07T00:00:00,2023-05-07T06:00:00,2023-05-07T00:00:00,17.295851,76.764501,Case registered at Dakshina Kannada PS 7 regarding dowry harassment. Investigation ongoing under IO Hardik.
1450,100070321202501450,202501450,2025-11-11,1018,321,1,1,3,10,4,14,2025-11-11T00:00:00,2025-11-12T20:00:00,2025-11-11T00:00:00,12.449045,74.441305,Case registered at Chamarajanagar PS 5 regarding sexual assault. Investigation ongoing under IO Alka.
1451,100080363202301451,202301451,2023-09-20,1577,363,1,2,5,14,3,16,2023-09-20T00:00:00,2023-09-21T12:00:00,2023-09-20T00:00:00,17.170395,75.778615,Case registered at Chikkaballapur PS 18 regarding criminal breach of trust. Investigation ongoing under IO Inaya.
1452,100110459202501452,202501452,2025-11-27,613,459,2,2,4,11,4,21,2025-11-27T00:00:00,2025-11-28T21:00:00,2025-11-27T00:00:00,17.762229,78.088006,Case registered at Dakshina Kannada PS 27 regarding gambling. Investigation ongoing under IO Mekhala.
1453,100311102202301453,202301453,2023-05-28,352,1102,3,2,1,3,2,61,2023-05-28T00:00:00,2023-05-29T04:00:00,2023-05-28T00:00:00,14.864832,74.832924,Case registered at Vijayanagara PS 6 regarding grievous hurt. Investigation ongoing under IO Charvi.
1454,100050178202401454,202401454,2024-09-14,2365,178,2,2,6,15,1,10,2024-09-14T00:00:00,2024-09-14T16:00:00,2024-09-14T00:00:00,17.334173,77.597433,Case registered at Bengaluru Urban PS 6 regarding online fraud. Investigation ongoing under IO Bimala.
1455,100100431202301455,202301455,2023-03-25,1635,431,1,2,2,7,2,19,2023-03-25T00:00:00,2023-03-27T00:00:00,2023-03-25T00:00:00,16.64277,74.031648,Case registered at Chitradurga PS 28 regarding vehicle theft. Investigation ongoing under IO Lila.
1456,100090386202501456,202501456,2025-12-08,1887,386,1,1,3,8,2,18,2025-12-08T00:00:00,2025-12-08T22:00:00,2025-12-08T00:00:00,13.301804,77.094073,Case registered at Chikkamagaluru PS 12 regarding domestic violence. Investigation ongoing under IO Owen.
1457,100250928202401457,202401457,2024-07-14,1391,928,1,2,2,4,2,50,2024-07-14T00:00:00,2024-07-15T21:00:00,2024-07-14T00:00:00,13.554444,77.790108,Case registered at Shivamogga PS 6 regarding theft. Investigation ongoing under IO Ayaan.
1458,100050243202501458,202501458,2025-05-24,1047,243,1,2,5,14,3,10,2025-05-24T00:00:00,2025-05-24T13:00:00,2025-05-24T00:00:00,14.465562,77.53393,Case registered at Bengaluru Urban PS 71 regarding criminal breach of trust. Investigation ongoing under IO Oni.
1459,100080371202401459,202401459,2024-05-03,268,371,2,2,4,12,3,15,2024-05-03T00:00:00,2024-05-04T10:00:00,2024-05-03T00:00:00,12.379268,77.004828,Case registered at Chikkaballapur PS 26 regarding public nuisance. Investigation ongoing under IO Chanchal.
1460,100190740202301460,202301460,2023-08-21,1674,740,1,2,2,4,3,38,2023-08-21T00:00:00,2023-08-21T16:00:00,2023-08-21T00:00:00,17.769724,74.90332,Case registered at Kolar PS 20 regarding theft. Investigation ongoing under IO Gagan.
1461,100200770202601461,202601461,2026-07-03,1456,770,1,2,4,12,2,39,2026-07-03T00:00:00,2026-07-03T11:00:00,2026-07-03T00:00:00,16.970187,77.950767,Case registered at Koppal PS 21 regarding public nuisance. Investigation ongoing under IO Eshana.
1462,100311108202501462,202501462,2025-09-29,2326,1108,1,2,6,15,2,61,2025-09-29T00:00:00,2025-09-29T03:00:00,2025-09-29T00:00:00,16.556214,78.233048,Case registered at Vijayanagara PS 12 regarding online fraud. Investigation ongoing under IO Ekaraj.
1463,100140555202301463,202301463,2023-05-02,2216,555,1,2,5,14,1,28,2023-05-02T00:00:00,2023-05-02T20:00:00,2023-05-02T00:00:00,16.666595,74.346486,Case registered at Gadag PS 8 regarding criminal breach of trust. Investigation ongoing under IO Ria.
1464,100110458202401464,202401464,2024-04-16,753,458,1,2,6,15,1,21,2024-04-16T00:00:00,2024-04-16T06:00:00,2024-04-16T00:00:00,17.525956,77.347008,Case registered at Dakshina Kannada PS 26 regarding online fraud. Investigation ongoing under IO Amrita.
1465,100050180202401465,202401465,2024-06-27,211,180,1,2,6,16,3,10,2024-06-27T00:00:00,2024-06-27T14:00:00,2024-06-27T00:00:00,12.556005,78.493907,Case registered at Bengaluru Urban PS 8 regarding identity theft. Investigation ongoing under IO Chaman.
1466,100100426202401466,202401466,2024-05-23,29,426,1,1,1,1,1,19,2024-05-23T00:00:00,2024-05-23T10:00:00,2024-05-23T00:00:00,14.191781,75.863117,Case registered at Chitradurga PS 23 regarding murder. Investigation ongoing under IO Champak.
1467,100281030202301467,202301467,2023-07-29,401,1030,1,2,6,16,1,56,2023-07-29T00:00:00,2023-07-29T16:00:00,2023-07-29T00:00:00,14.429503,75.92098,Case registered at Uttara Kannada PS 21 regarding identity theft. Investigation ongoing under IO Janaki.
1468,100250939202501468,202501468,2025-04-08,2365,939,1,2,1,3,1,49,2025-04-08T00:00:00,2025-04-09T15:00:00,2025-04-08T00:00:00,15.995767,75.750763,Case registered at Shivamogga PS 17 regarding grievous hurt. Investigation ongoing under IO Bimala.
1469,100200774202601469,202601469,2026-03-05,1510,774,3,2,4,12,2,39,2026-03-05T00:00:00,2026-03-05T03:00:00,2026-03-05T00:00:00,12.690991,75.341961,Case registered at Koppal PS 25 regarding public nuisance. Investigation ongoing under IO Naveen.
1470,100050202202301470,202301470,2023-10-30,760,202,2,2,4,11,1,10,2023-10-30T00:00:00,2023-10-30T02:00:00,2023-10-30T00:00:00,13.112819,74.800668,Case registered at Bengaluru Urban PS 30 regarding gambling. Investigation ongoing under IO Laban.
1471,100110435202501471,202501471,2025-03-10,1911,435,2,2,5,14,1,22,2025-03-10T00:00:00,2025-03-11T00:00:00,2025-03-10T00:00:00,15.095257,77.893138,Case registered at Dakshina Kannada PS 3 regarding criminal breach of trust. Investigation ongoing under IO Anamika.
1472,100020067202501472,202501472,2025-05-22,1223,67,3,2,6,15,1,3,2025-05-22T00:00:00,2025-05-23T21:00:00,2025-05-22T00:00:00,14.066976,77.717947,Case registered at Ballari PS 38 regarding online fraud. Investigation ongoing under IO Bachittar.
1473,100180696202501473,202501473,2025-12-02,1314,696,1,1,3,9,3,35,2025-12-02T00:00:00,2025-12-02T23:00:00,2025-12-02T00:00:00,18.189104,76.774062,Case registered at Kodagu PS 5 regarding dowry harassment. Investigation ongoing under IO Jalsa.
1474,100180696202301474,202301474,2023-02-12,2359,696,1,2,2,7,1,35,2023-02-12T00:00:00,2023-02-12T07:00:00,2023-02-12T00:00:00,13.634201,74.711133,Case registered at Kodagu PS 5 regarding vehicle theft. Investigation ongoing under IO Nicholas.
1475,100170662202501475,202501475,2025-10-06,1069,662,1,2,2,4,2,34,2025-10-06T00:00:00,2025-10-06T15:00:00,2025-10-06T00:00:00,12.906013,78.598487,Case registered at Kalaburagi PS 28 regarding theft. Investigation ongoing under IO Rushil.
1476,100311123202301476,202301476,2023-02-23,2290,1123,3,2,4,12,2,61,2023-02-23T00:00:00,2023-02-24T12:00:00,2023-02-23T00:00:00,17.440285,77.180036,Case registered at Vijayanagara PS 27 regarding public nuisance. Investigation ongoing under IO Harinakshi.
1477,100030092202301477,202301477,2023-08-10,817,92,3,1,3,8,4,5,2023-08-10T00:00:00,2023-08-11T10:00:00,2023-08-10T00:00:00,13.499952,78.430071,Case registered at Belagavi PS 6 regarding domestic violence. Investigation ongoing under IO Bhavya.
1478,100200756202501478,202501478,2025-12-03,73,756,1,2,4,11,1,39,2025-12-03T00:00:00,2025-12-03T01:00:00,2025-12-03T00:00:00,17.311575,74.162352,Case registered at Koppal PS 7 regarding gambling. Investigation ongoing under IO Dalbir.
1479,100260956202501479,202501479,2025-02-10,1718,956,3,1,1,2,1,52,2025-02-10T00:00:00,2025-02-11T22:00:00,2025-02-10T00:00:00,13.140936,76.274588,Case registered at Tumakuru PS 5 regarding attempt to murder. Investigation ongoing under IO Jacob.
1480,100260977202401480,202401480,2024-06-13,1658,977,3,2,5,14,1,52,2024-06-13T00:00:00,2024-06-13T14:00:00,2024-06-13T00:00:00,12.620569,75.558368,Case registered at Tumakuru PS 26 regarding criminal breach of trust. Investigation ongoing under IO Wakeeta.
1481,100020064202301481,202301481,2023-02-20,296,64,1,2,2,4,3,4,2023-02-20T00:00:00,2023-02-21T01:00:00,2023-02-20T00:00:00,14.742872,77.642851,Case registered at Ballari PS 35 regarding theft. Investigation ongoing under IO Udyati.
1482,100080360202501482,202501482,2025-09-22,319,360,1,2,6,15,4,16,2025-09-22T00:00:00,2025-09-22T19:00:00,2025-09-22T00:00:00,11.973777,77.411371,Case registered at Chikkaballapur PS 15 regarding online fraud. Investigation ongoing under IO Jasmit.
1483,100180705202301483,202301483,2023-01-07,802,705,1,2,2,5,3,36,2023-01-07T00:00:00,2023-01-08T09:00:00,2023-01-07T00:00:00,11.915794,77.932476,Case registered at Kodagu PS 14 regarding robbery. Investigation ongoing under IO Ishaan.
1484,100050249202401484,202401484,2024-05-25,1526,249,1,2,1,1,1,9,2024-05-25T00:00:00,2024-05-26T17:00:00,2024-05-25T00:00:00,16.491103,78.501855,Case registered at Bengaluru Urban PS 77 regarding murder. Investigation ongoing under IO Upadhriti.
1485,100240921202301485,202301485,2023-02-09,2236,921,1,2,4,12,3,47,2023-02-09T00:00:00,2023-02-10T18:00:00,2023-02-09T00:00:00,17.166394,77.772234,Case registered at Ramanagara PS 28 regarding public nuisance. Investigation ongoing under IO Ekavir.
1486,100050251202501486,202501486,2025-06-23,21,251,2,2,2,5,1,10,2025-06-23T00:00:00,2025-06-24T09:00:00,2025-06-23T00:00:00,16.345644,75.206244,Case registered at Bengaluru Urban PS 79 regarding robbery. Investigation ongoing under IO Theodore.
1487,100270991202301487,202301487,2023-11-24,2488,991,3,2,2,5,4,54,2023-11-24T00:00:00,2023-11-25T13:00:00,2023-11-24T00:00:00,13.848329,78.352818,Case registered at Udupi PS 11 regarding robbery. Investigation ongoing under IO Ekapad.
1488,100260955202601488,202601488,2026-06-15,153,955,1,2,1,3,3,52,2026-06-15T00:00:00,2026-06-16T04:00:00,2026-06-15T00:00:00,15.619048,77.650539,Case registered at Tumakuru PS 4 regarding grievous hurt. Investigation ongoing under IO Faris.
1489,100230868202401489,202401489,2024-10-18,1762,868,1,2,1,3,2,46,2024-10-18T00:00:00,2024-10-18T12:00:00,2024-10-18T00:00:00,12.404083,75.957118,Case registered at Raichur PS 4 regarding grievous hurt. Investigation ongoing under IO Chatresh.
1490,100180697202301490,202301490,2023-07-03,330,697,1,2,5,13,2,36,2023-07-03T00:00:00,2023-07-03T13:00:00,2023-07-03T00:00:00,18.292388,76.461407,Case registered at Kodagu PS 6 regarding cheating. Investigation ongoing under IO Oni.
1491,100180705202501491,202501491,2025-08-03,1901,705,1,2,2,6,1,35,2025-08-03T00:00:00,2025-08-03T23:00:00,2025-08-03T00:00:00,14.472534,78.503099,Case registered at Kodagu PS 14 regarding burglary. Investigation ongoing under IO Yutika.
1492,100230866202301492,202301492,2023-10-23,1432,866,3,2,2,5,3,46,2023-10-23T00:00:00,2023-10-23T08:00:00,2023-10-23T00:00:00,12.980687,75.958839,Case registered at Raichur PS 2 regarding robbery. Investigation ongoing under IO Aarini.
1493,100020031202501493,202501493,2025-01-15,68,31,3,2,4,11,1,4,2025-01-15T00:00:00,2025-01-15T17:00:00,2025-01-15T00:00:00,16.129746,76.174159,Case registered at Ballari PS 2 regarding gambling. Investigation ongoing under IO Tanay.
1494,100271000202301494,202301494,2023-11-02,346,1000,1,2,2,7,4,53,2023-11-02T00:00:00,2023-11-02T14:00:00,2023-11-02T00:00:00,14.517424,78.357878,Case registered at Udupi PS 20 regarding vehicle theft. Investigation ongoing under IO Alexander.
1495,100170648202301495,202301495,2023-12-11,1096,648,3,1,3,10,1,33,2023-12-11T00:00:00,2023-12-12T16:00:00,2023-12-11T00:00:00,11.90212,78.392958,Case registered at Kalaburagi PS 14 regarding sexual assault. Investigation ongoing under IO Ranveer.
1496,100140571202401496,202401496,2024-01-21,1237,571,1,2,4,11,3,27,2024-01-21T00:00:00,2024-01-23T00:00:00,2024-01-21T00:00:00,17.592701,78.289197,Case registered at Gadag PS 24 regarding gambling. Investigation ongoing under IO Aadhya.
1497,100010018202401497,202401497,2024-09-12,1989,18,1,2,4,11,1,2,2024-09-12T00:00:00,2024-09-13T11:00:00,2024-09-12T00:00:00,14.060375,77.763748,Case registered at Bagalkot PS 18 regarding gambling. Investigation ongoing under IO Yasti.
1498,100050216202301498,202301498,2023-07-27,415,216,1,1,1,2,1,10,2023-07-27T00:00:00,2023-07-27T11:00:00,2023-07-27T00:00:00,15.750842,78.198889,Case registered at Bengaluru Urban PS 44 regarding attempt to murder. Investigation ongoing under IO Chavvi.
1499,100050268202401499,202401499,2024-07-29,1217,268,1,2,2,6,1,10,2024-07-29T00:00:00,2024-07-30T21:00:00,2024-07-29T00:00:00,17.022156,77.949182,Case registered at Bengaluru Urban PS 96 regarding burglary. Investigation ongoing under IO Bhavika.
1500,100100432202501500,202501500,2025-06-26,301,432,1,1,3,10,2,19,2025-06-26T00:00:00,2025-06-26T13:00:00,2025-06-26T00:00:00,16.135558,77.126857,Case registered at Chitradurga PS 29 regarding sexual assault. Investigation ongoing under IO Lakshmi.
1501,100291061202401501,202401501,2024-03-30,902,1061,3,2,3,8,3,57,2024-03-30T00:00:00,2024-03-31T19:00:00,2024-03-30T00:00:00,13.623967,74.261084,Case registered at Vijayapura PS 23 regarding domestic violence. Investigation ongoing under IO Amruta.
1502,100190745202501502,202501502,2025-05-28,2473,745,1,2,4,11,2,37,2025-05-28T00:00:00,2025-05-28T03:00:00,2025-05-28T00:00:00,17.316717,74.641513,Case registered at Kolar PS 25 regarding gambling. Investigation ongoing under IO Atharv.
1503,100110451202401503,202401503,2024-09-11,1141,451,2,2,1,2,4,21,2024-09-11T00:00:00,2024-09-11T11:00:00,2024-09-11T00:00:00,12.729014,77.582272,Case registered at Dakshina Kannada PS 19 regarding attempt to murder. Investigation ongoing under IO Ryan.
1504,100170685202501504,202501504,2025-10-25,1731,685,1,2,5,13,2,34,2025-10-25T00:00:00,2025-10-26T15:00:00,2025-10-25T00:00:00,14.322195,74.263639,Case registered at Kalaburagi PS 51 regarding cheating. Investigation ongoing under IO Upadhriti.
1505,100030102202501505,202501505,2025-10-16,242,102,1,2,5,14,3,5,2025-10-16T00:00:00,2025-10-17T00:00:00,2025-10-16T00:00:00,18.392858,75.252976,Case registered at Belagavi PS 16 regarding criminal breach of trust. Investigation ongoing under IO Amruta.
1506,100050199202501506,202501506,2025-01-07,2354,199,1,2,5,14,2,10,2025-01-07T00:00:00,2025-01-07T18:00:00,2025-01-07T00:00:00,15.479492,74.795144,Case registered at Bengaluru Urban PS 27 regarding criminal breach of trust. Investigation ongoing under IO Kalpit.
1507,100120510202301507,202301507,2023-11-06,1626,510,1,2,2,5,1,24,2023-11-06T00:00:00,2023-11-07T22:00:00,2023-11-06T00:00:00,13.419105,77.801963,Case registered at Davanagere PS 21 regarding robbery. Investigation ongoing under IO Anamika.
1508,100220837202601508,202601508,2026-02-06,474,837,1,2,2,7,1,43,2026-02-06T00:00:00,2026-02-07T00:00:00,2026-02-06T00:00:00,14.851851,74.795832,Case registered at Mysuru PS 30 regarding vehicle theft. Investigation ongoing under IO Bishakha.
1509,100200778202501509,202501509,2025-03-06,825,778,1,2,5,13,4,40,2025-03-06T00:00:00,2025-03-06T15:00:00,2025-03-06T00:00:00,18.215741,74.360039,Case registered at Koppal PS 29 regarding cheating. Investigation ongoing under IO Gagan.
1510,100090387202501510,202501510,2025-01-26,1756,387,1,2,6,15,4,18,2025-01-26T00:00:00,2025-01-26T08:00:00,2025-01-26T00:00:00,12.028471,76.038265,Case registered at Chikkamagaluru PS 13 regarding online fraud. Investigation ongoing under IO Sanya.
1511,100010010202501511,202501511,2025-09-08,254,10,3,2,1,3,2,1,2025-09-08T00:00:00,2025-09-09T20:00:00,2025-09-08T00:00:00,15.446227,78.396313,Case registered at Bagalkot PS 10 regarding grievous hurt. Investigation ongoing under IO Riya.
1512,100080372202301512,202301512,2023-06-21,2490,372,1,2,6,16,3,15,2023-06-21T00:00:00,2023-06-21T17:00:00,2023-06-21T00:00:00,17.689792,75.045763,Case registered at Chikkaballapur PS 27 regarding identity theft. Investigation ongoing under IO Gautami.
1513,100070318202401513,202401513,2024-07-03,1332,318,3,1,3,8,3,14,2024-07-03T00:00:00,2024-07-04T14:00:00,2024-07-03T00:00:00,15.314847,75.436453,Case registered at Chamarajanagar PS 2 regarding domestic violence. Investigation ongoing under IO Pranit.
1514,100281029202501514,202501514,2025-08-22,61,1029,1,2,3,9,3,55,2025-08-22T00:00:00,2025-08-23T11:00:00,2025-08-22T00:00:00,16.013432,77.858848,Case registered at Uttara Kannada PS 20 regarding dowry harassment. Investigation ongoing under IO Ikbal.
1515,100250944202501515,202501515,2025-10-11,2476,944,1,2,6,16,1,49,2025-10-11T00:00:00,2025-10-11T08:00:00,2025-10-11T00:00:00,15.841338,76.701832,Case registered at Shivamogga PS 22 regarding identity theft. Investigation ongoing under IO Jonathan.
1516,100190723202501516,202501516,2025-11-14,1075,723,3,2,2,6,4,37,2025-11-14T00:00:00,2025-11-15T17:00:00,2025-11-14T00:00:00,18.078872,78.475264,Case registered at Kolar PS 3 regarding burglary. Investigation ongoing under IO Bhavani.
1517,100240909202501517,202501517,2025-02-05,1604,909,4,2,6,15,1,47,2025-02-05T00:00:00,2025-02-05T20:00:00,2025-02-05T00:00:00,16.928188,76.158777,Case registered at Ramanagara PS 16 regarding online fraud. Investigation ongoing under IO Umang.
1518,100050282202301518,202301518,2023-01-16,2107,282,3,2,2,6,1,9,2023-01-16T00:00:00,2023-01-17T17:00:00,2023-01-16T00:00:00,18.218602,78.265298,Case registered at Bengaluru Urban PS 110 regarding burglary. Investigation ongoing under IO Gayathri.
1519,100291051202501519,202501519,2025-11-25,2459,1051,4,2,3,8,1,58,2025-11-25T00:00:00,2025-11-26T00:00:00,2025-11-25T00:00:00,14.881672,74.153098,Case registered at Vijayapura PS 13 regarding domestic violence. Investigation ongoing under IO Urvashi.
1520,100220824202501520,202501520,2025-07-06,966,824,1,2,6,16,2,44,2025-07-06T00:00:00,2025-07-06T04:00:00,2025-07-06T00:00:00,16.675337,74.672147,Case registered at Mysuru PS 17 regarding identity theft. Investigation ongoing under IO Zaid.
1521,100020034202401521,202401521,2024-03-11,221,34,1,2,2,7,1,4,2024-03-11T00:00:00,2024-03-11T22:00:00,2024-03-11T00:00:00,17.229094,77.13184,Case registered at Ballari PS 5 regarding vehicle theft. Investigation ongoing under IO Daksha.
1522,100080354202501522,202501522,2025-12-17,364,354,1,2,2,6,2,16,2025-12-17T00:00:00,2025-12-18T05:00:00,2025-12-17T00:00:00,16.166377,77.185691,Case registered at Chikkaballapur PS 9 regarding burglary. Investigation ongoing under IO Michael.
1523,100130533202601523,202601523,2026-07-13,2295,533,1,2,2,7,3,25,2026-07-13T00:00:00,2026-07-13T05:00:00,2026-07-13T00:00:00,11.966058,75.664771,Case registered at Dharwad PS 15 regarding vehicle theft. Investigation ongoing under IO Gabriel.
1524,100270984202301524,202301524,2023-06-03,1571,984,3,2,2,7,2,54,2023-06-03T00:00:00,2023-06-03T04:00:00,2023-06-03T00:00:00,11.682304,78.021654,Case registered at Udupi PS 4 regarding vehicle theft. Investigation ongoing under IO Megha.
1525,100150602202401525,202401525,2024-07-28,1120,602,1,2,5,13,1,29,2024-07-28T00:00:00,2024-07-28T13:00:00,2024-07-28T00:00:00,13.784686,74.46578,Case registered at Hassan PS 26 regarding cheating. Investigation ongoing under IO Rayaan.
1526,100050213202301526,202301526,2023-10-11,1576,213,1,2,5,13,2,9,2023-10-11T00:00:00,2023-10-12T07:00:00,2023-10-11T00:00:00,13.830012,76.925795,Case registered at Bengaluru Urban PS 41 regarding cheating. Investigation ongoing under IO Arjun.
1527,100230879202401527,202401527,2024-11-07,2435,879,1,2,2,5,3,46,2024-11-07T00:00:00,2024-11-08T15:00:00,2024-11-07T00:00:00,17.167269,78.506105,Case registered at Raichur PS 15 regarding robbery. Investigation ongoing under IO Wakeeta.
1528,100170635202501528,202501528,2025-03-01,613,635,3,2,6,15,2,33,2025-03-01T00:00:00,2025-03-02T09:00:00,2025-03-01T00:00:00,17.308816,78.593266,Case registered at Kalaburagi PS 1 regarding online fraud. Investigation ongoing under IO Mekhala.
1529,100291042202401529,202401529,2024-07-02,944,1042,1,1,3,9,3,57,2024-07-02T00:00:00,2024-07-02T06:00:00,2024-07-02T00:00:00,13.973975,76.161629,Case registered at Vijayapura PS 4 regarding dowry harassment. Investigation ongoing under IO Gautam.
1530,100010023202301530,202301530,2023-01-01,1726,23,1,2,5,14,1,1,2023-01-01T00:00:00,2023-01-02T05:00:00,2023-01-01T00:00:00,13.696447,76.106117,Case registered at Bagalkot PS 23 regarding criminal breach of trust. Investigation ongoing under IO Pooja.
1531,100040148202601531,202601531,2026-04-25,971,148,1,2,5,13,2,8,2026-04-25T00:00:00,2026-04-25T01:00:00,2026-04-25T00:00:00,14.668887,74.40666,Case registered at Bengaluru Rural PS 5 regarding cheating. Investigation ongoing under IO Theodore.
1532,100301069202601532,202601532,2026-01-03,592,1069,4,2,1,3,1,59,2026-01-03T00:00:00,2026-01-04T20:00:00,2026-01-03T00:00:00,14.586779,77.934189,Case registered at Yadgir PS 2 regarding grievous hurt. Investigation ongoing under IO Yatin.
1533,100270996202301533,202301533,2023-01-16,880,996,1,2,6,16,4,54,2023-01-16T00:00:00,2023-01-16T02:00:00,2023-01-16T00:00:00,17.306162,74.962745,Case registered at Udupi PS 16 regarding identity theft. Investigation ongoing under IO Wriddhish.
1534,100220826202501534,202501534,2025-11-02,2493,826,1,2,3,10,3,43,2025-11-02T00:00:00,2025-11-02T05:00:00,2025-11-02T00:00:00,18.291266,74.323455,Case registered at Mysuru PS 19 regarding sexual assault. Investigation ongoing under IO Udant.
1535,100150597202301535,202301535,2023-07-17,1740,597,1,2,2,4,3,30,2023-07-17T00:00:00,2023-07-17T07:00:00,2023-07-17T00:00:00,16.822295,75.324054,Case registered at Hassan PS 21 regarding theft. Investigation ongoing under IO Hredhaan.
1536,100220809202301536,202301536,2023-02-13,2193,809,1,2,6,15,3,44,2023-02-13T00:00:00,2023-02-13T09:00:00,2023-02-13T00:00:00,15.635745,74.029602,Case registered at Mysuru PS 2 regarding online fraud. Investigation ongoing under IO Ranbir.
1537,100200777202601537,202601537,2026-05-10,925,777,1,2,4,12,1,40,2026-05-10T00:00:00,2026-05-11T04:00:00,2026-05-10T00:00:00,17.651332,76.401511,Case registered at Koppal PS 28 regarding public nuisance. Investigation ongoing under IO Arjun.
1538,100170656202301538,202301538,2023-10-18,2103,656,1,2,4,11,2,33,2023-10-18T00:00:00,2023-10-18T16:00:00,2023-10-18T00:00:00,16.128128,75.979413,Case registered at Kalaburagi PS 22 regarding gambling. Investigation ongoing under IO Amara.
1539,100200762202501539,202501539,2025-03-11,1007,762,1,2,6,16,4,39,2025-03-11T00:00:00,2025-03-11T06:00:00,2025-03-11T00:00:00,11.651992,76.560397,Case registered at Koppal PS 13 regarding identity theft. Investigation ongoing under IO Odika.
1540,100030134202601540,202601540,2026-03-18,1540,134,1,2,5,13,1,5,2026-03-18T00:00:00,2026-03-19T11:00:00,2026-03-18T00:00:00,16.466475,76.640067,Case registered at Belagavi PS 48 regarding cheating. Investigation ongoing under IO Ekta.
1541,100110466202501541,202501541,2025-08-08,1577,466,1,2,6,15,2,21,2025-08-08T00:00:00,2025-08-09T19:00:00,2025-08-08T00:00:00,13.907643,75.310572,Case registered at Dakshina Kannada PS 34 regarding online fraud. Investigation ongoing under IO Inaya.
1542,100281036202601542,202601542,2026-04-22,1889,1036,1,2,6,16,1,56,2026-04-22T00:00:00,2026-04-24T00:00:00,2026-04-22T00:00:00,14.098987,78.369918,Case registered at Uttara Kannada PS 27 regarding identity theft. Investigation ongoing under IO Gaurang.
1543,100090396202401543,202401543,2024-04-29,1309,396,3,2,5,14,2,17,2024-04-29T00:00:00,2024-04-30T16:00:00,2024-04-29T00:00:00,17.195194,75.489166,Case registered at Chikkamagaluru PS 22 regarding criminal breach of trust. Investigation ongoing under IO Nathaniel.
1544,100090389202401544,202401544,2024-03-13,931,389,1,2,4,11,1,17,2024-03-13T00:00:00,2024-03-14T08:00:00,2024-03-13T00:00:00,16.163495,77.217866,Case registered at Chikkamagaluru PS 15 regarding gambling. Investigation ongoing under IO Vincent.
1545,100110437202401545,202401545,2024-03-24,772,437,1,2,5,13,2,21,2024-03-24T00:00:00,2024-03-25T04:00:00,2024-03-24T00:00:00,15.885868,76.793894,Case registered at Dakshina Kannada PS 5 regarding cheating. Investigation ongoing under IO Pallavi.
1546,100291064202501546,202501546,2025-05-13,1513,1064,1,2,5,13,2,57,2025-05-13T00:00:00,2025-05-14T05:00:00,2025-05-13T00:00:00,14.063925,76.496652,Case registered at Vijayapura PS 26 regarding cheating. Investigation ongoing under IO Ladli.
1547,100210782202401547,202401547,2024-07-10,2392,782,1,2,1,3,1,42,2024-07-10T00:00:00,2024-07-10T03:00:00,2024-07-10T00:00:00,11.799112,74.66808,Case registered at Mandya PS 4 regarding grievous hurt. Investigation ongoing under IO Om.
1548,100100425202501548,202501548,2025-04-02,1376,425,1,2,6,15,3,20,2025-04-02T00:00:00,2025-04-03T03:00:00,2025-04-02T00:00:00,14.028173,76.343683,Case registered at Chitradurga PS 22 regarding online fraud. Investigation ongoing under IO Omkaar.
1549,100200774202501549,202501549,2025-04-15,1253,774,3,2,6,16,3,40,2025-04-15T00:00:00,2025-04-16T14:00:00,2025-04-15T00:00:00,14.13748,77.070163,Case registered at Koppal PS 25 regarding identity theft. Investigation ongoing under IO Barkha.
1550,100190742202301550,202301550,2023-02-16,77,742,1,1,3,9,3,38,2023-02-16T00:00:00,2023-02-16T19:00:00,2023-02-16T00:00:00,15.231754,77.734182,Case registered at Kolar PS 22 regarding dowry harassment. Investigation ongoing under IO Quincy.
1551,100030097202401551,202401551,2024-03-28,1906,97,1,2,5,13,2,6,2024-03-28T00:00:00,2024-03-28T14:00:00,2024-03-28T00:00:00,14.575594,78.370602,Case registered at Belagavi PS 11 regarding cheating. Investigation ongoing under IO Ryan.
1552,100050275202501552,202501552,2025-09-24,918,275,1,2,5,14,1,10,2025-09-24T00:00:00,2025-09-24T10:00:00,2025-09-24T00:00:00,13.193852,75.1837,Case registered at Bengaluru Urban PS 103 regarding criminal breach of trust. Investigation ongoing under IO Udyati.
1553,100150577202501553,202501553,2025-05-07,551,577,1,2,1,2,1,29,2025-05-07T00:00:00,2025-05-08T09:00:00,2025-05-07T00:00:00,12.213994,75.929757,Case registered at Hassan PS 1 regarding attempt to murder. Investigation ongoing under IO Amara.
1554,100050259202501554,202501554,2025-08-06,793,259,1,2,3,10,3,10,2025-08-06T00:00:00,2025-08-07T12:00:00,2025-08-06T00:00:00,15.17485,77.404377,Case registered at Bengaluru Urban PS 87 regarding sexual assault. Investigation ongoing under IO Vincent.
1555,100110473202501555,202501555,2025-08-13,1275,473,1,2,4,11,3,22,2025-08-13T00:00:00,2025-08-14T20:00:00,2025-08-13T00:00:00,12.858356,75.214978,Case registered at Dakshina Kannada PS 41 regarding gambling. Investigation ongoing under IO Chakrika.
1556,100110450202501556,202501556,2025-06-17,1852,450,1,2,6,16,3,21,2025-06-17T00:00:00,2025-06-18T21:00:00,2025-06-17T00:00:00,13.443468,74.47378,Case registered at Dakshina Kannada PS 18 regarding identity theft. Investigation ongoing under IO Bimala.
1557,100130533202501557,202501557,2025-10-23,16,533,1,1,1,2,4,26,2025-10-23T00:00:00,2025-10-23T22:00:00,2025-10-23T00:00:00,15.616375,76.391138,Case registered at Dharwad PS 15 regarding attempt to murder. Investigation ongoing under IO Lajita.
1558,100270998202501558,202501558,2025-12-28,68,998,3,2,6,15,2,53,2025-12-28T00:00:00,2025-12-29T10:00:00,2025-12-28T00:00:00,18.036626,77.217938,Case registered at Udupi PS 18 regarding online fraud. Investigation ongoing under IO Tanay.
1559,100090396202301559,202301559,2023-12-31,93,396,1,2,6,16,2,18,2023-12-31T00:00:00,2024-01-01T10:00:00,2023-12-31T00:00:00,14.769221,76.402931,Case registered at Chikkamagaluru PS 22 regarding identity theft. Investigation ongoing under IO Nachiket.
1560,100281031202501560,202501560,2025-11-18,1890,1031,1,2,1,1,3,55,2025-11-18T00:00:00,2025-11-19T11:00:00,2025-11-18T00:00:00,16.088018,76.794696,Case registered at Uttara Kannada PS 22 regarding murder. Investigation ongoing under IO Ijaya.
1561,100030098202401561,202401561,2024-11-06,615,98,1,2,2,5,1,5,2024-11-06T00:00:00,2024-11-07T21:00:00,2024-11-06T00:00:00,13.170242,76.948086,Case registered at Belagavi PS 12 regarding robbery. Investigation ongoing under IO Hredhaan.
1562,100050274202301562,202301562,2023-09-20,2427,274,3,2,3,9,1,9,2023-09-20T00:00:00,2023-09-20T01:00:00,2023-09-20T00:00:00,15.870799,77.880111,Case registered at Bengaluru Urban PS 102 regarding dowry harassment. Investigation ongoing under IO Sai.
1563,100200764202301563,202301563,2023-05-07,733,764,1,2,2,5,1,39,2023-05-07T00:00:00,2023-05-07T08:00:00,2023-05-07T00:00:00,16.504349,77.466341,Case registered at Koppal PS 15 regarding robbery. Investigation ongoing under IO Farhan.
1564,100050174202501564,202501564,2025-03-14,2457,174,3,2,1,3,3,10,2025-03-14T00:00:00,2025-03-14T06:00:00,2025-03-14T00:00:00,13.120918,74.652976,Case registered at Bengaluru Urban PS 2 regarding grievous hurt. Investigation ongoing under IO Arjun.
1565,100050178202501565,202501565,2025-09-21,421,178,1,1,1,3,1,10,2025-09-21T00:00:00,2025-09-21T08:00:00,2025-09-21T00:00:00,17.052609,74.96142,Case registered at Bengaluru Urban PS 6 regarding grievous hurt. Investigation ongoing under IO Benjamin.
1566,100060299202601566,202601566,2026-07-05,723,299,1,2,1,3,3,11,2026-07-05T00:00:00,2026-07-06T18:00:00,2026-07-05T00:00:00,14.547139,75.693178,Case registered at Bidar PS 12 regarding grievous hurt. Investigation ongoing under IO Garima.
1567,100170637202401567,202401567,2024-07-09,2362,637,2,1,1,1,2,34,2024-07-09T00:00:00,2024-07-11T00:00:00,2024-07-09T00:00:00,17.025211,75.141127,Case registered at Kalaburagi PS 3 regarding murder. Investigation ongoing under IO Bachittar.
1568,100050280202301568,202301568,2023-10-16,58,280,1,1,3,9,1,9,2023-10-16T00:00:00,2023-10-17T10:00:00,2023-10-16T00:00:00,14.514249,75.794791,Case registered at Bengaluru Urban PS 108 regarding dowry harassment. Investigation ongoing under IO Raagini.
1569,100180700202501569,202501569,2025-06-08,1982,700,1,2,4,11,1,35,2025-06-08T00:00:00,2025-06-08T07:00:00,2025-06-08T00:00:00,12.757722,76.591613,Case registered at Kodagu PS 9 regarding gambling. Investigation ongoing under IO Jackson.
1570,100281031202401570,202401570,2024-11-29,1060,1031,1,1,1,3,1,55,2024-11-29T00:00:00,2024-11-29T04:00:00,2024-11-29T00:00:00,18.278795,75.187811,Case registered at Uttara Kannada PS 22 regarding grievous hurt. Investigation ongoing under IO Ekani.
1571,100160617202601571,202601571,2026-02-27,2429,617,2,2,2,4,2,32,2026-02-27T00:00:00,2026-02-27T06:00:00,2026-02-27T00:00:00,14.083776,78.326839,Case registered at Haveri PS 12 regarding theft. Investigation ongoing under IO Peter.
1572,100220841202401572,202401572,2024-03-25,1398,841,1,2,3,10,1,44,2024-03-25T00:00:00,2024-03-26T20:00:00,2024-03-25T00:00:00,18.212586,76.444716,Case registered at Mysuru PS 34 regarding sexual assault. Investigation ongoing under IO Amruta.
1573,100040172202501573,202501573,2025-06-07,1511,172,4,2,4,12,2,8,2025-06-07T00:00:00,2025-06-08T20:00:00,2025-06-07T00:00:00,17.501221,74.002106,Case registered at Bengaluru Rural PS 29 regarding public nuisance. Investigation ongoing under IO Chakrika.
1574,100060299202501574,202501574,2025-10-30,609,299,1,2,6,16,2,12,2025-10-30T00:00:00,2025-10-30T07:00:00,2025-10-30T00:00:00,17.516797,75.205427,Case registered at Bidar PS 12 regarding identity theft. Investigation ongoing under IO Bhavna.
1575,100140575202601575,202601575,2026-04-12,1275,575,1,2,2,5,1,28,2026-04-12T00:00:00,2026-04-12T21:00:00,2026-04-12T00:00:00,15.684109,74.79186,Case registered at Gadag PS 28 regarding robbery. Investigation ongoing under IO Chakrika.
1576,100230871202501576,202501576,2025-09-05,1507,871,1,2,6,15,1,46,2025-09-05T00:00:00,2025-09-06T12:00:00,2025-09-05T00:00:00,11.848504,75.509853,Case registered at Raichur PS 7 regarding online fraud. Investigation ongoing under IO Raksha.
1577,100050267202601577,202601577,2026-01-05,589,267,2,2,4,11,2,9,2026-01-05T00:00:00,2026-01-06T01:00:00,2026-01-05T00:00:00,12.192853,75.029063,Case registered at Bengaluru Urban PS 95 regarding gambling. Investigation ongoing under IO Krisha.
1578,100090400202501578,202501578,2025-04-26,308,400,1,2,4,12,4,18,2025-04-26T00:00:00,2025-04-27T21:00:00,2025-04-26T00:00:00,16.3485,75.891712,Case registered at Chikkamagaluru PS 26 regarding public nuisance. Investigation ongoing under IO Laksh.
1579,100130523202401579,202401579,2024-11-25,1076,523,2,2,2,6,2,25,2024-11-25T00:00:00,2024-11-26T22:00:00,2024-11-25T00:00:00,14.696743,75.246067,Case registered at Dharwad PS 5 regarding burglary. Investigation ongoing under IO Tanish.
1580,100210807202501580,202501580,2025-05-05,1018,807,4,1,1,2,2,41,2025-05-05T00:00:00,2025-05-06T15:00:00,2025-05-05T00:00:00,15.223006,75.509675,Case registered at Mandya PS 29 regarding attempt to murder. Investigation ongoing under IO Alka.
1581,100020058202401581,202401581,2024-06-13,1593,58,1,1,3,9,1,4,2024-06-13T00:00:00,2024-06-13T07:00:00,2024-06-13T00:00:00,15.924312,78.536327,Case registered at Ballari PS 29 regarding dowry harassment. Investigation ongoing under IO Libni.
1582,100301086202401582,202401582,2024-06-02,2417,1086,2,1,1,1,1,60,2024-06-02T00:00:00,2024-06-03T15:00:00,2024-06-02T00:00:00,12.053198,74.991324,Case registered at Yadgir PS 19 regarding murder. Investigation ongoing under IO Ati.
1583,100170661202301583,202301583,2023-09-28,1824,661,1,1,3,10,2,33,2023-09-28T00:00:00,2023-09-29T17:00:00,2023-09-28T00:00:00,17.24398,75.691717,Case registered at Kalaburagi PS 27 regarding sexual assault. Investigation ongoing under IO Dakshesh.
1584,100190722202501584,202501584,2025-03-21,2340,722,1,2,2,7,3,38,2025-03-21T00:00:00,2025-03-22T17:00:00,2025-03-21T00:00:00,14.64232,77.365538,Case registered at Kolar PS 2 regarding vehicle theft. Investigation ongoing under IO Harini.
1585,100240916202301585,202301585,2023-07-01,1322,916,2,2,2,4,2,47,2023-07-01T00:00:00,2023-07-02T11:00:00,2023-07-01T00:00:00,17.176861,75.008327,Case registered at Ramanagara PS 23 regarding theft. Investigation ongoing under IO Abeer.
1586,100020084202601586,202601586,2026-01-29,1081,84,1,2,4,12,1,4,2026-01-29T00:00:00,2026-01-29T15:00:00,2026-01-29T00:00:00,18.290561,76.696088,Case registered at Ballari PS 55 regarding public nuisance. Investigation ongoing under IO Zayyan.
1587,100120497202301587,202301587,2023-12-02,89,497,1,2,2,5,1,24,2023-12-02T00:00:00,2023-12-02T19:00:00,2023-12-02T00:00:00,14.979616,75.965461,Case registered at Davanagere PS 8 regarding robbery. Investigation ongoing under IO Chasmum.
1588,100010019202401588,202401588,2024-07-16,409,19,1,2,5,14,2,2,2024-07-16T00:00:00,2024-07-16T15:00:00,2024-07-16T00:00:00,15.172733,76.568181,Case registered at Bagalkot PS 19 regarding criminal breach of trust. Investigation ongoing under IO Rudra.
1589,100030112202301589,202301589,2023-02-23,60,112,2,2,2,7,1,6,2023-02-23T00:00:00,2023-02-24T04:00:00,2023-02-23T00:00:00,17.006101,75.336922,Case registered at Belagavi PS 26 regarding vehicle theft. Investigation ongoing under IO Guneet.
1590,100080353202301590,202301590,2023-07-19,184,353,1,2,3,8,1,16,2023-07-19T00:00:00,2023-07-20T14:00:00,2023-07-19T00:00:00,16.26507,76.094123,Case registered at Chikkaballapur PS 8 regarding domestic violence. Investigation ongoing under IO Jai.
1591,100120517202401591,202401591,2024-01-07,2467,517,1,2,5,13,4,24,2024-01-07T00:00:00,2024-01-08T10:00:00,2024-01-07T00:00:00,13.583466,77.800908,Case registered at Davanagere PS 28 regarding cheating. Investigation ongoing under IO Rachana.
1592,100030127202401592,202401592,2024-12-06,1026,127,1,2,6,16,1,5,2024-12-06T00:00:00,2024-12-06T12:00:00,2024-12-06T00:00:00,15.583061,75.704929,Case registered at Belagavi PS 41 regarding identity theft. Investigation ongoing under IO Alka.
1593,100030135202601593,202601593,2026-01-30,2041,135,3,1,1,2,1,5,2026-01-30T00:00:00,2026-01-31T20:00:00,2026-01-30T00:00:00,16.100982,78.141682,Case registered at Belagavi PS 49 regarding attempt to murder. Investigation ongoing under IO Indali.
1594,100060298202301594,202301594,2023-07-17,1136,298,1,2,6,15,1,12,2023-07-17T00:00:00,2023-07-18T07:00:00,2023-07-17T00:00:00,12.157857,78.047395,Case registered at Bidar PS 11 regarding online fraud. Investigation ongoing under IO Aditya.
1595,100270994202301595,202301595,2023-08-13,47,994,1,2,5,14,4,53,2023-08-13T00:00:00,2023-08-13T02:00:00,2023-08-13T00:00:00,13.135901,76.792673,Case registered at Udupi PS 14 regarding criminal breach of trust. Investigation ongoing under IO Pallavi.
1596,100040145202301596,202301596,2023-09-01,1908,145,1,2,4,12,3,8,2023-09-01T00:00:00,2023-09-02T16:00:00,2023-09-01T00:00:00,12.977407,77.164261,Case registered at Bengaluru Rural PS 2 regarding public nuisance. Investigation ongoing under IO Rajata.
1597,100140550202301597,202301597,2023-03-17,2101,550,3,2,4,11,3,27,2023-03-17T00:00:00,2023-03-18T23:00:00,2023-03-17T00:00:00,13.863584,76.554087,Case registered at Gadag PS 3 regarding gambling. Investigation ongoing under IO Eshana.
1598,100230888202501598,202501598,2025-07-13,1676,888,1,2,5,14,2,45,2025-07-13T00:00:00,2025-07-14T18:00:00,2025-07-13T00:00:00,13.720775,75.575596,Case registered at Raichur PS 24 regarding criminal breach of trust. Investigation ongoing under IO Aashi.
1599,100020049202501599,202501599,2025-12-02,1461,49,1,2,4,11,2,3,2025-12-02T00:00:00,2025-12-02T21:00:00,2025-12-02T00:00:00,15.487665,74.587849,Case registered at Ballari PS 20 regarding gambling. Investigation ongoing under IO Utkarsh.
1600,100060314202601600,202601600,2026-06-02,1737,314,4,2,6,15,2,12,2026-06-02T00:00:00,2026-06-03T18:00:00,2026-06-02T00:00:00,13.370692,78.219608,Case registered at Bidar PS 27 regarding online fraud. Investigation ongoing under IO Isaiah.
1601,100180702202501601,202501601,2025-07-16,1880,702,1,2,6,15,1,35,2025-07-16T00:00:00,2025-07-17T20:00:00,2025-07-16T00:00:00,14.833899,77.544111,Case registered at Kodagu PS 11 regarding online fraud. Investigation ongoing under IO Banjeet.
1602,100180706202501602,202501602,2025-04-03,40,706,4,2,2,4,4,35,2025-04-03T00:00:00,2025-04-03T05:00:00,2025-04-03T00:00:00,13.35684,76.24102,Case registered at Kodagu PS 15 regarding theft. Investigation ongoing under IO Aadi.
1603,100030130202401603,202401603,2024-09-11,222,130,1,2,2,4,1,6,2024-09-11T00:00:00,2024-09-12T07:00:00,2024-09-11T00:00:00,15.90706,74.797365,Case registered at Belagavi PS 44 regarding theft. Investigation ongoing under IO Omaja.
1604,100070322202601604,202601604,2026-07-02,958,322,1,2,4,11,2,13,2026-07-02T00:00:00,2026-07-02T15:00:00,2026-07-02T00:00:00,18.300743,78.562256,Case registered at Chamarajanagar PS 6 regarding gambling. Investigation ongoing under IO Chandresh.
1605,100301076202501605,202501605,2025-12-07,1217,1076,3,2,5,13,1,59,2025-12-07T00:00:00,2025-12-07T08:00:00,2025-12-07T00:00:00,15.733297,76.29247,Case registered at Yadgir PS 9 regarding cheating. Investigation ongoing under IO Bhavika.
1606,100150585202401606,202401606,2024-07-30,1323,585,1,1,3,10,2,29,2024-07-30T00:00:00,2024-07-30T13:00:00,2024-07-30T00:00:00,13.605726,74.518815,Case registered at Hassan PS 9 regarding sexual assault. Investigation ongoing under IO Noah.
1607,100260955202401607,202401607,2024-03-15,2358,955,1,2,2,7,3,51,2024-03-15T00:00:00,2024-03-15T18:00:00,2024-03-15T00:00:00,14.666919,75.176241,Case registered at Tumakuru PS 4 regarding vehicle theft. Investigation ongoing under IO Vrishti.
1608,100291047202501608,202501608,2025-02-04,551,1047,1,2,3,10,2,57,2025-02-04T00:00:00,2025-02-04T16:00:00,2025-02-04T00:00:00,15.054423,76.648975,Case registered at Vijayapura PS 9 regarding sexual assault. Investigation ongoing under IO Amara.
1609,100270993202601609,202601609,2026-06-01,1344,993,1,1,1,2,3,54,2026-06-01T00:00:00,2026-06-02T03:00:00,2026-06-01T00:00:00,15.580841,76.783285,Case registered at Udupi PS 13 regarding attempt to murder. Investigation ongoing under IO Balvan.
1610,100130537202301610,202301610,2023-01-13,1940,537,1,2,5,14,2,26,2023-01-13T00:00:00,2023-01-14T20:00:00,2023-01-13T00:00:00,16.066156,74.344568,Case registered at Dharwad PS 19 regarding criminal breach of trust. Investigation ongoing under IO Jasmit.
1611,100050282202601611,202601611,2026-02-04,1445,282,1,2,6,16,2,9,2026-02-04T00:00:00,2026-02-05T11:00:00,2026-02-04T00:00:00,15.595655,78.593919,Case registered at Bengaluru Urban PS 110 regarding identity theft. Investigation ongoing under IO Shravya.
1612,100100419202301612,202301612,2023-11-26,1646,419,1,2,4,12,1,20,2023-11-26T00:00:00,2023-11-27T16:00:00,2023-11-26T00:00:00,16.026502,76.245318,Case registered at Chitradurga PS 16 regarding public nuisance. Investigation ongoing under IO Nihal.
1613,100060315202601613,202601613,2026-02-19,661,315,1,1,1,2,1,12,2026-02-19T00:00:00,2026-02-19T06:00:00,2026-02-19T00:00:00,13.744828,77.602573,Case registered at Bidar PS 28 regarding attempt to murder. Investigation ongoing under IO Hiral.
1614,100030141202301614,202301614,2023-07-01,1002,141,1,2,1,1,4,6,2023-07-01T00:00:00,2023-07-02T12:00:00,2023-07-01T00:00:00,13.044677,76.420904,Case registered at Belagavi PS 55 regarding murder. Investigation ongoing under IO Gaurang.
1615,100170682202401615,202401615,2024-01-01,210,682,3,1,1,3,1,33,2024-01-01T00:00:00,2024-01-02T06:00:00,2024-01-01T00:00:00,12.054486,76.891726,Case registered at Kalaburagi PS 48 regarding grievous hurt. Investigation ongoing under IO Barkha.
1616,100030123202501616,202501616,2025-12-03,800,123,1,2,4,11,2,6,2025-12-03T00:00:00,2025-12-04T16:00:00,2025-12-03T00:00:00,13.274734,74.038079,Case registered at Belagavi PS 37 regarding gambling. Investigation ongoing under IO Ishaan.
1617,100180695202601617,202601617,2026-05-05,1375,695,1,2,2,7,3,36,2026-05-05T00:00:00,2026-05-06T07:00:00,2026-05-05T00:00:00,16.666301,75.385409,Case registered at Kodagu PS 4 regarding vehicle theft. Investigation ongoing under IO Yashvi.
1618,100090393202501618,202501618,2025-02-11,1512,393,3,2,3,8,2,18,2025-02-11T00:00:00,2025-02-12T11:00:00,2025-02-11T00:00:00,15.040762,74.336074,Case registered at Chikkamagaluru PS 19 regarding domestic violence. Investigation ongoing under IO Sudiksha.
1619,100030135202401619,202401619,2024-10-21,39,135,1,2,4,11,3,6,2024-10-21T00:00:00,2024-10-22T04:00:00,2024-10-21T00:00:00,17.651716,78.228032,Case registered at Belagavi PS 49 regarding gambling. Investigation ongoing under IO Rushil.
1620,100301070202301620,202301620,2023-08-09,773,1070,2,2,2,5,1,60,2023-08-09T00:00:00,2023-08-09T22:00:00,2023-08-09T00:00:00,18.055226,75.4667,Case registered at Yadgir PS 3 regarding robbery. Investigation ongoing under IO Varenya.
1621,100070340202601621,202601621,2026-03-16,1847,340,3,1,1,3,4,13,2026-03-16T00:00:00,2026-03-16T04:00:00,2026-03-16T00:00:00,17.170387,76.549406,Case registered at Chamarajanagar PS 24 regarding grievous hurt. Investigation ongoing under IO Vasatika.
1622,100200758202301622,202301622,2023-11-17,810,758,3,2,5,14,2,40,2023-11-17T00:00:00,2023-11-17T17:00:00,2023-11-17T00:00:00,11.773779,77.031133,Case registered at Koppal PS 9 regarding criminal breach of trust. Investigation ongoing under IO Logan.
1623,100070329202401623,202401623,2024-11-06,1156,329,1,2,5,14,2,14,2024-11-06T00:00:00,2024-11-06T21:00:00,2024-11-06T00:00:00,15.191991,77.407927,Case registered at Chamarajanagar PS 13 regarding criminal breach of trust. Investigation ongoing under IO Amrita.
1624,100020064202301624,202301624,2023-01-22,2092,64,1,2,5,13,1,3,2023-01-22T00:00:00,2023-01-22T03:00:00,2023-01-22T00:00:00,17.220367,74.376665,Case registered at Ballari PS 35 regarding cheating. Investigation ongoing under IO Krishna.
1625,100240919202601625,202601625,2026-04-08,863,919,1,2,6,15,1,48,2026-04-08T00:00:00,2026-04-09T17:00:00,2026-04-08T00:00:00,12.337047,74.036747,Case registered at Ramanagara PS 26 regarding online fraud. Investigation ongoing under IO Kevin.
1626,100260954202501626,202501626,2025-02-12,1846,954,4,2,4,11,1,52,2025-02-12T00:00:00,2025-02-13T05:00:00,2025-02-12T00:00:00,13.920891,74.254485,Case registered at Tumakuru PS 3 regarding gambling. Investigation ongoing under IO Ekaraj.
1627,100050174202301627,202301627,2023-04-26,2001,174,1,2,4,11,1,10,2023-04-26T00:00:00,2023-04-26T21:00:00,2023-04-26T00:00:00,14.16978,77.137279,Case registered at Bengaluru Urban PS 2 regarding gambling. Investigation ongoing under IO Laksh.
1628,100220835202301628,202301628,2023-07-04,1271,835,4,2,6,15,3,44,2023-07-04T00:00:00,2023-07-04T03:00:00,2023-07-04T00:00:00,14.824941,77.132394,Case registered at Mysuru PS 28 regarding online fraud. Investigation ongoing under IO Charvi.
1629,100170688202301629,202301629,2023-10-03,39,688,1,2,4,11,2,34,2023-10-03T00:00:00,2023-10-04T04:00:00,2023-10-03T00:00:00,14.382566,77.871775,Case registered at Kalaburagi PS 54 regarding gambling. Investigation ongoing under IO Rushil.
1630,100220850202501630,202501630,2025-10-12,663,850,4,2,2,4,1,44,2025-10-12T00:00:00,2025-10-12T05:00:00,2025-10-12T00:00:00,14.541591,78.101949,Case registered at Mysuru PS 43 regarding theft. Investigation ongoing under IO Amol.
1631,100050173202301631,202301631,2023-06-07,932,173,1,2,3,8,1,10,2023-06-07T00:00:00,2023-06-07T19:00:00,2023-06-07T00:00:00,15.131595,77.946377,Case registered at Bengaluru Urban PS 1 regarding domestic violence. Investigation ongoing under IO Kashish.
1632,100030087202401632,202401632,2024-06-17,2226,87,1,2,6,15,1,6,2024-06-17T00:00:00,2024-06-18T14:00:00,2024-06-17T00:00:00,12.350527,74.414697,Case registered at Belagavi PS 1 regarding online fraud. Investigation ongoing under IO Wishi.
1633,100050181202501633,202501633,2025-02-23,1560,181,1,2,5,13,3,9,2025-02-23T00:00:00,2025-02-24T17:00:00,2025-02-23T00:00:00,13.435736,75.128101,Case registered at Bengaluru Urban PS 9 regarding cheating. Investigation ongoing under IO Advay.
1634,100170635202501634,202501634,2025-11-16,473,635,1,2,4,12,1,33,2025-11-16T00:00:00,2025-11-17T02:00:00,2025-11-16T00:00:00,17.319035,77.336823,Case registered at Kalaburagi PS 1 regarding public nuisance. Investigation ongoing under IO Yutika.
1635,100240900202301635,202301635,2023-12-11,561,900,1,2,3,8,2,48,2023-12-11T00:00:00,2023-12-11T19:00:00,2023-12-11T00:00:00,13.287527,74.211686,Case registered at Ramanagara PS 7 regarding domestic violence. Investigation ongoing under IO Hritik.
1636,100240922202601636,202601636,2026-01-27,1989,922,1,2,1,1,1,48,2026-01-27T00:00:00,2026-01-28T10:00:00,2026-01-27T00:00:00,13.230176,78.412326,Case registered at Ramanagara PS 29 regarding murder. Investigation ongoing under IO Yasti.
1637,100030114202501637,202501637,2025-10-12,674,114,1,2,2,7,2,6,2025-10-12T00:00:00,2025-10-13T19:00:00,2025-10-12T00:00:00,13.041406,78.411962,Case registered at Belagavi PS 28 regarding vehicle theft. Investigation ongoing under IO Lakshmi.
1638,100110445202401638,202401638,2024-01-05,1353,445,1,2,6,16,2,22,2024-01-05T00:00:00,2024-01-05T23:00:00,2024-01-05T00:00:00,16.022957,78.250775,Case registered at Dakshina Kannada PS 13 regarding identity theft. Investigation ongoing under IO Abhimanyu.
1639,100060292202401639,202401639,2024-07-27,928,292,1,2,2,7,2,12,2024-07-27T00:00:00,2024-07-28T21:00:00,2024-07-27T00:00:00,14.119414,74.63188,Case registered at Bidar PS 5 regarding vehicle theft. Investigation ongoing under IO Hemang.
1640,100170639202401640,202401640,2024-08-04,2460,639,1,2,3,8,4,34,2024-08-04T00:00:00,2024-08-05T04:00:00,2024-08-04T00:00:00,17.865627,76.25058,Case registered at Kalaburagi PS 5 regarding domestic violence. Investigation ongoing under IO Chatura.
1641,100170676202401641,202401641,2024-03-17,1419,676,1,2,4,12,4,34,2024-03-17T00:00:00,2024-03-18T05:00:00,2024-03-17T00:00:00,14.624727,75.619173,Case registered at Kalaburagi PS 42 regarding public nuisance. Investigation ongoing under IO Oni.
1642,100110464202401642,202401642,2024-04-20,1380,464,1,2,2,6,1,21,2024-04-20T00:00:00,2024-04-20T08:00:00,2024-04-20T00:00:00,13.879554,76.534799,Case registered at Dakshina Kannada PS 32 regarding burglary. Investigation ongoing under IO Alexander.
1643,100020081202501643,202501643,2025-03-23,1726,81,1,2,6,16,1,4,2025-03-23T00:00:00,2025-03-24T03:00:00,2025-03-23T00:00:00,11.712154,76.863407,Case registered at Ballari PS 52 regarding identity theft. Investigation ongoing under IO Pooja.
1644,100090390202401644,202401644,2024-10-17,600,390,1,2,5,13,4,18,2024-10-17T00:00:00,2024-10-18T01:00:00,2024-10-17T00:00:00,12.894626,76.841381,Case registered at Chikkamagaluru PS 16 regarding cheating. Investigation ongoing under IO Aahana.
1645,100050228202301645,202301645,2023-06-01,1202,228,1,2,6,16,3,10,2023-06-01T00:00:00,2023-06-02T15:00:00,2023-06-01T00:00:00,17.885725,77.666141,Case registered at Bengaluru Urban PS 56 regarding identity theft. Investigation ongoing under IO Peter.
1646,100220853202301646,202301646,2023-03-24,778,853,2,2,5,14,4,43,2023-03-24T00:00:00,2023-03-25T16:00:00,2023-03-24T00:00:00,12.968229,78.533368,Case registered at Mysuru PS 46 regarding criminal breach of trust. Investigation ongoing under IO Mugdha.
1647,100070331202501647,202501647,2025-10-26,1725,331,3,2,2,5,1,13,2025-10-26T00:00:00,2025-10-27T16:00:00,2025-10-26T00:00:00,16.795665,74.095962,Case registered at Chamarajanagar PS 15 regarding robbery. Investigation ongoing under IO Chandresh.
1648,100271004202501648,202501648,2025-11-20,1154,1004,1,2,4,11,4,53,2025-11-20T00:00:00,2025-11-21T20:00:00,2025-11-20T00:00:00,16.357546,76.675439,Case registered at Udupi PS 24 regarding gambling. Investigation ongoing under IO Chakradev.
1649,100270987202401649,202401649,2024-01-01,1549,987,1,2,3,8,3,53,2024-01-01T00:00:00,2024-01-02T06:00:00,2024-01-01T00:00:00,13.151667,74.585984,Case registered at Udupi PS 7 regarding domestic violence. Investigation ongoing under IO Mohammed.
1650,100110458202301650,202301650,2023-03-05,667,458,3,2,2,7,1,22,2023-03-05T00:00:00,2023-03-06T10:00:00,2023-03-05T00:00:00,14.871137,76.508145,Case registered at Dakshina Kannada PS 26 regarding vehicle theft. Investigation ongoing under IO Daksh.
1651,100100428202401651,202401651,2024-04-20,878,428,1,2,3,10,1,19,2024-04-20T00:00:00,2024-04-20T19:00:00,2024-04-20T00:00:00,16.064686,75.047394,Case registered at Chitradurga PS 25 regarding sexual assault. Investigation ongoing under IO Ranbir.
1652,100190732202301652,202301652,2023-09-12,707,732,1,2,2,6,1,38,2023-09-12T00:00:00,2023-09-13T09:00:00,2023-09-12T00:00:00,13.194628,76.839032,Case registered at Kolar PS 12 regarding burglary. Investigation ongoing under IO Vihaan.
1653,100230875202301653,202301653,2023-08-23,2260,875,1,2,4,12,1,46,2023-08-23T00:00:00,2023-08-24T04:00:00,2023-08-23T00:00:00,14.170742,75.38971,Case registered at Raichur PS 11 regarding public nuisance. Investigation ongoing under IO Chameli.
1654,100080351202301654,202301654,2023-03-25,1583,351,1,2,2,7,2,16,2023-03-25T00:00:00,2023-03-26T23:00:00,2023-03-25T00:00:00,17.895683,77.971706,Case registered at Chikkaballapur PS 6 regarding vehicle theft. Investigation ongoing under IO Dalaja.
1655,100030090202301655,202301655,2023-04-08,788,90,1,2,6,15,1,5,2023-04-08T00:00:00,2023-04-09T08:00:00,2023-04-08T00:00:00,12.96525,78.233943,Case registered at Belagavi PS 4 regarding online fraud. Investigation ongoing under IO Eiravati.
1656,100230880202301656,202301656,2023-11-27,209,880,1,2,5,13,2,45,2023-11-27T00:00:00,2023-11-27T18:00:00,2023-11-27T00:00:00,15.651513,75.684843,Case registered at Raichur PS 16 regarding cheating. Investigation ongoing under IO Aradhana.
1657,100301083202501657,202501657,2025-10-06,1398,1083,2,2,1,1,1,60,2025-10-06T00:00:00,2025-10-06T14:00:00,2025-10-06T00:00:00,11.98085,76.930661,Case registered at Yadgir PS 16 regarding murder. Investigation ongoing under IO Amruta.
1658,100110439202501658,202501658,2025-05-30,24,439,1,2,4,11,1,22,2025-05-30T00:00:00,2025-05-30T03:00:00,2025-05-30T00:00:00,11.981547,76.934594,Case registered at Dakshina Kannada PS 7 regarding gambling. Investigation ongoing under IO Divya.
1659,100010029202401659,202401659,2024-07-04,90,29,3,2,6,16,1,2,2024-07-04T00:00:00,2024-07-04T05:00:00,2024-07-04T00:00:00,15.623761,75.087737,Case registered at Bagalkot PS 29 regarding identity theft. Investigation ongoing under IO Abhiram.
1660,100050220202601660,202601660,2026-06-23,179,220,3,2,6,16,2,9,2026-06-23T00:00:00,2026-06-24T03:00:00,2026-06-23T00:00:00,14.550275,74.115164,Case registered at Bengaluru Urban PS 48 regarding identity theft. Investigation ongoing under IO Deepa.
1661,100200767202501661,202501661,2025-11-11,1704,767,1,2,3,10,4,40,2025-11-11T00:00:00,2025-11-12T03:00:00,2025-11-11T00:00:00,17.554708,76.923377,Case registered at Koppal PS 18 regarding sexual assault. Investigation ongoing under IO Chasmum.
1662,100020060202501662,202501662,2025-05-17,571,60,1,2,6,15,1,3,2025-05-17T00:00:00,2025-05-18T16:00:00,2025-05-17T00:00:00,14.271813,74.71443,Case registered at Ballari PS 31 regarding online fraud. Investigation ongoing under IO Urvi.
1663,100020068202301663,202301663,2023-02-07,748,68,2,2,6,15,3,4,2023-02-07T00:00:00,2023-02-08T21:00:00,2023-02-07T00:00:00,15.819484,78.223948,Case registered at Ballari PS 39 regarding online fraud. Investigation ongoing under IO Irya.
1664,100140563202401664,202401664,2024-01-02,2045,563,3,2,5,14,1,28,2024-01-02T00:00:00,2024-01-02T14:00:00,2024-01-02T00:00:00,15.145955,78.07606,Case registered at Gadag PS 16 regarding criminal breach of trust. Investigation ongoing under IO Akshay.
1665,100050281202601665,202601665,2026-06-04,549,281,1,1,1,2,1,9,2026-06-04T00:00:00,2026-06-04T23:00:00,2026-06-04T00:00:00,15.748534,78.498831,Case registered at Bengaluru Urban PS 109 regarding attempt to murder. Investigation ongoing under IO Mohini.
1666,100050263202301666,202301666,2023-08-11,2229,263,4,2,6,15,4,9,2023-08-11T00:00:00,2023-08-11T14:00:00,2023-08-11T00:00:00,12.510723,78.251126,Case registered at Bengaluru Urban PS 91 regarding online fraud. Investigation ongoing under IO Hitesh.
1667,100301093202501667,202501667,2025-11-10,713,1093,3,2,2,4,1,59,2025-11-10T00:00:00,2025-11-10T22:00:00,2025-11-10T00:00:00,13.736164,75.057973,Case registered at Yadgir PS 26 regarding theft. Investigation ongoing under IO Praneel.
1668,100301092202601668,202601668,2026-02-23,2452,1092,3,2,1,2,3,59,2026-02-23T00:00:00,2026-02-23T18:00:00,2026-02-23T00:00:00,12.604846,76.625429,Case registered at Yadgir PS 25 regarding attempt to murder. Investigation ongoing under IO Finn.
1669,100250932202501669,202501669,2025-10-02,1765,932,1,2,5,13,2,50,2025-10-02T00:00:00,2025-10-03T04:00:00,2025-10-02T00:00:00,15.972507,77.053987,Case registered at Shivamogga PS 10 regarding cheating. Investigation ongoing under IO Meera.
1670,100040151202601670,202601670,2026-01-10,1143,151,1,2,5,13,3,7,2026-01-10T00:00:00,2026-01-11T00:00:00,2026-01-10T00:00:00,16.033673,74.531415,Case registered at Bengaluru Rural PS 8 regarding cheating. Investigation ongoing under IO Naveen.
1671,100020042202601671,202601671,2026-03-20,1815,42,1,2,4,11,2,4,2026-03-20T00:00:00,2026-03-21T07:00:00,2026-03-20T00:00:00,14.331229,75.651505,Case registered at Ballari PS 13 regarding gambling. Investigation ongoing under IO Anjali.
1672,100050241202501672,202501672,2025-01-06,2473,241,1,2,1,1,1,9,2025-01-06T00:00:00,2025-01-07T10:00:00,2025-01-06T00:00:00,18.289159,77.747408,Case registered at Bengaluru Urban PS 69 regarding murder. Investigation ongoing under IO Atharv.
1673,100050189202301673,202301673,2023-12-07,1399,189,1,2,6,16,3,9,2023-12-07T00:00:00,2023-12-08T15:00:00,2023-12-07T00:00:00,15.077412,76.795863,Case registered at Bengaluru Urban PS 17 regarding identity theft. Investigation ongoing under IO Ranveer.
1674,100110478202501674,202501674,2025-03-11,1960,478,1,2,6,16,4,21,2025-03-11T00:00:00,2025-03-12T21:00:00,2025-03-11T00:00:00,15.12329,75.52362,Case registered at Dakshina Kannada PS 46 regarding identity theft. Investigation ongoing under IO Gautami.
1675,100190728202501675,202501675,2025-01-16,253,728,1,2,2,4,3,37,2025-01-16T00:00:00,2025-01-17T12:00:00,2025-01-16T00:00:00,18.341829,77.9843,Case registered at Kolar PS 8 regarding theft. Investigation ongoing under IO Janaki.
1676,100281015202601676,202601676,2026-03-08,40,1015,1,2,4,12,1,56,2026-03-08T00:00:00,2026-03-09T03:00:00,2026-03-08T00:00:00,15.348953,75.899093,Case registered at Uttara Kannada PS 6 regarding public nuisance. Investigation ongoing under IO Aadi.
1677,100150578202401677,202401677,2024-02-03,149,578,1,2,1,3,1,29,2024-02-03T00:00:00,2024-02-04T13:00:00,2024-02-03T00:00:00,17.301051,77.090415,Case registered at Hassan PS 2 regarding grievous hurt. Investigation ongoing under IO Vaishnavi.
1678,100050200202601678,202601678,2026-03-07,576,200,1,2,5,13,1,10,2026-03-07T00:00:00,2026-03-08T14:00:00,2026-03-07T00:00:00,17.163713,74.514364,Case registered at Bengaluru Urban PS 28 regarding cheating. Investigation ongoing under IO Chandani.
1679,100210798202501679,202501679,2025-06-22,602,798,1,2,1,3,1,42,2025-06-22T00:00:00,2025-06-23T18:00:00,2025-06-22T00:00:00,17.333844,74.807759,Case registered at Mandya PS 20 regarding grievous hurt. Investigation ongoing under IO Laksh.
1680,100110441202501680,202501680,2025-01-19,1285,441,1,2,5,13,2,22,2025-01-19T00:00:00,2025-01-19T19:00:00,2025-01-19T00:00:00,13.463947,75.875732,Case registered at Dakshina Kannada PS 9 regarding cheating. Investigation ongoing under IO Ekalinga.
1681,100150590202501681,202501681,2025-12-18,1957,590,3,1,1,3,2,30,2025-12-18T00:00:00,2025-12-19T15:00:00,2025-12-18T00:00:00,12.295971,78.288923,Case registered at Hassan PS 14 regarding grievous hurt. Investigation ongoing under IO Kevin.
1682,100220815202401682,202401682,2024-05-26,1587,815,2,2,2,5,1,43,2024-05-26T00:00:00,2024-05-27T14:00:00,2024-05-26T00:00:00,15.966923,77.273157,Case registered at Mysuru PS 8 regarding robbery. Investigation ongoing under IO Krisha.
1683,100220830202501683,202501683,2025-07-26,2416,830,3,2,5,14,4,44,2025-07-26T00:00:00,2025-07-27T10:00:00,2025-07-26T00:00:00,16.951399,76.732309,Case registered at Mysuru PS 23 regarding criminal breach of trust. Investigation ongoing under IO Jason.
1684,100040150202301684,202301684,2023-10-15,1820,150,1,2,3,8,3,7,2023-10-15T00:00:00,2023-10-15T10:00:00,2023-10-15T00:00:00,15.725799,75.85427,Case registered at Bengaluru Rural PS 7 regarding domestic violence. Investigation ongoing under IO Abhiram.
1685,100281025202401685,202401685,2024-07-26,463,1025,1,1,3,10,1,56,2024-07-26T00:00:00,2024-07-27T09:00:00,2024-07-26T00:00:00,12.319916,77.387334,Case registered at Uttara Kannada PS 16 regarding sexual assault. Investigation ongoing under IO Udarsh.
1686,100040158202601686,202601686,2026-04-25,1720,158,1,2,6,15,2,8,2026-04-25T00:00:00,2026-04-25T06:00:00,2026-04-25T00:00:00,12.679665,75.45397,Case registered at Bengaluru Rural PS 15 regarding online fraud. Investigation ongoing under IO Yoshita.
1687,100110436202501687,202501687,2025-10-02,936,436,1,2,6,16,4,21,2025-10-02T00:00:00,2025-10-02T20:00:00,2025-10-02T00:00:00,14.466575,77.891264,Case registered at Dakshina Kannada PS 4 regarding identity theft. Investigation ongoing under IO Bishakha.
1688,100250938202301688,202301688,2023-05-29,581,938,2,2,6,16,3,50,2023-05-29T00:00:00,2023-05-30T10:00:00,2023-05-29T00:00:00,14.325872,75.193294,Case registered at Shivamogga PS 16 regarding identity theft. Investigation ongoing under IO Onkar.
1689,100281016202301689,202301689,2023-10-21,1453,1016,1,1,3,8,3,55,2023-10-21T00:00:00,2023-10-22T19:00:00,2023-10-21T00:00:00,15.686757,74.239684,Case registered at Uttara Kannada PS 7 regarding domestic violence. Investigation ongoing under IO Dayamai.
1690,100150602202401690,202401690,2024-03-05,42,602,1,2,2,7,4,30,2024-03-05T00:00:00,2024-03-06T21:00:00,2024-03-05T00:00:00,15.408646,78.130197,Case registered at Hassan PS 26 regarding vehicle theft. Investigation ongoing under IO Damyanti.
1691,100240922202401691,202401691,2024-09-17,2029,922,1,2,5,14,2,47,2024-09-17T00:00:00,2024-09-18T11:00:00,2024-09-17T00:00:00,13.550973,74.10395,Case registered at Ramanagara PS 29 regarding criminal breach of trust. Investigation ongoing under IO Varsha.
1692,100170663202301692,202301692,2023-06-12,1746,663,1,2,1,3,1,33,2023-06-12T00:00:00,2023-06-13T20:00:00,2023-06-12T00:00:00,16.41735,74.698211,Case registered at Kalaburagi PS 29 regarding grievous hurt. Investigation ongoing under IO Hema.
1693,100190739202601693,202601693,2026-02-17,478,739,1,2,3,9,3,37,2026-02-17T00:00:00,2026-02-18T06:00:00,2026-02-17T00:00:00,17.163795,75.754719,Case registered at Kolar PS 19 regarding dowry harassment. Investigation ongoing under IO Anmol.
1694,100110475202401694,202401694,2024-10-12,1154,475,2,2,3,10,1,21,2024-10-12T00:00:00,2024-10-13T15:00:00,2024-10-12T00:00:00,15.589467,78.250238,Case registered at Dakshina Kannada PS 43 regarding sexual assault. Investigation ongoing under IO Chakradev.
1695,100030093202501695,202501695,2025-05-21,178,93,1,2,3,9,3,5,2025-05-21T00:00:00,2025-05-21T22:00:00,2025-05-21T00:00:00,16.41464,76.369114,Case registered at Belagavi PS 7 regarding dowry harassment. Investigation ongoing under IO Ishwar.
1696,100060310202501696,202501696,2025-08-07,374,310,4,2,6,16,2,11,2025-08-07T00:00:00,2025-08-07T23:00:00,2025-08-07T00:00:00,17.673333,75.433337,Case registered at Bidar PS 23 regarding identity theft. Investigation ongoing under IO Upkaar.
1697,100301093202501697,202501697,2025-04-11,2066,1093,3,2,4,12,1,60,2025-04-11T00:00:00,2025-04-11T22:00:00,2025-04-11T00:00:00,14.099539,78.236,Case registered at Yadgir PS 26 regarding public nuisance. Investigation ongoing under IO Hamsini.
1698,100170669202501698,202501698,2025-06-07,1329,669,1,2,4,11,3,33,2025-06-07T00:00:00,2025-06-08T08:00:00,2025-06-07T00:00:00,17.738336,74.033199,Case registered at Kalaburagi PS 35 regarding gambling. Investigation ongoing under IO Nirja.
1699,100170691202501699,202501699,2025-07-24,29,691,1,2,3,10,2,33,2025-07-24T00:00:00,2025-07-24T02:00:00,2025-07-24T00:00:00,15.695889,76.533575,Case registered at Kalaburagi PS 57 regarding sexual assault. Investigation ongoing under IO Champak.
1700,100220861202601700,202601700,2026-02-07,1741,861,1,2,4,11,4,43,2026-02-07T00:00:00,2026-02-08T16:00:00,2026-02-07T00:00:00,11.98509,74.24589,Case registered at Mysuru PS 54 regarding gambling. Investigation ongoing under IO Chasmum.
1701,100030109202401701,202401701,2024-04-22,168,109,1,2,3,9,1,5,2024-04-22T00:00:00,2024-04-23T18:00:00,2024-04-22T00:00:00,16.036911,78.433867,Case registered at Belagavi PS 23 regarding dowry harassment. Investigation ongoing under IO Falak.
1702,100110477202401702,202401702,2024-05-30,561,477,4,2,1,1,2,22,2024-05-30T00:00:00,2024-05-30T23:00:00,2024-05-30T00:00:00,16.977824,76.989337,Case registered at Dakshina Kannada PS 45 regarding murder. Investigation ongoing under IO Hritik.
1703,100080362202501703,202501703,2025-07-23,1015,362,1,2,4,11,1,15,2025-07-23T00:00:00,2025-07-23T05:00:00,2025-07-23T00:00:00,17.662875,74.713585,Case registered at Chikkaballapur PS 17 regarding gambling. Investigation ongoing under IO Nitesh.
1704,100070326202501704,202501704,2025-06-06,30,326,2,2,2,7,2,14,2025-06-06T00:00:00,2025-06-07T16:00:00,2025-06-06T00:00:00,11.868173,74.874851,Case registered at Chamarajanagar PS 10 regarding vehicle theft. Investigation ongoing under IO Nathaniel.
1705,100130520202301705,202301705,2023-11-15,2082,520,1,2,4,11,3,25,2023-11-15T00:00:00,2023-11-15T08:00:00,2023-11-15T00:00:00,14.555855,78.386174,Case registered at Dharwad PS 2 regarding gambling. Investigation ongoing under IO Andrew.
1706,100180702202401706,202401706,2024-06-05,1491,702,1,2,2,5,2,35,2024-06-05T00:00:00,2024-06-06T16:00:00,2024-06-05T00:00:00,17.526747,76.297106,Case registered at Kodagu PS 11 regarding robbery. Investigation ongoing under IO Urvashi.
1707,100020057202601707,202601707,2026-04-01,2221,57,1,2,2,7,3,3,2026-04-01T00:00:00,2026-04-02T00:00:00,2026-04-01T00:00:00,12.050608,74.666303,Case registered at Ballari PS 28 regarding vehicle theft. Investigation ongoing under IO Manbir.
1708,100190736202301708,202301708,2023-03-12,1248,736,3,2,2,5,2,38,2023-03-12T00:00:00,2023-03-12T12:00:00,2023-03-12T00:00:00,18.116307,76.689444,Case registered at Kolar PS 16 regarding robbery. Investigation ongoing under IO Aditya.
1709,100180693202601709,202601709,2026-03-16,901,693,1,2,6,15,4,36,2026-03-16T00:00:00,2026-03-16T18:00:00,2026-03-16T00:00:00,14.722708,78.291473,Case registered at Kodagu PS 2 regarding online fraud. Investigation ongoing under IO Ojas.
1710,100250927202501710,202501710,2025-05-09,410,927,1,2,1,3,2,49,2025-05-09T00:00:00,2025-05-10T10:00:00,2025-05-09T00:00:00,16.995939,77.046367,Case registered at Shivamogga PS 5 regarding grievous hurt. Investigation ongoing under IO Faqid.
1711,100190730202401711,202401711,2024-06-07,2278,730,1,2,1,2,3,37,2024-06-07T00:00:00,2024-06-08T03:00:00,2024-06-07T00:00:00,15.284061,75.750446,Case registered at Kolar PS 10 regarding attempt to murder. Investigation ongoing under IO Shivani.
1712,100060294202301712,202301712,2023-01-31,211,294,1,2,5,14,2,11,2023-01-31T00:00:00,2023-01-31T06:00:00,2023-01-31T00:00:00,12.621867,76.131055,Case registered at Bidar PS 7 regarding criminal breach of trust. Investigation ongoing under IO Chaman.
1713,100020069202501713,202501713,2025-09-24,52,69,1,2,2,4,3,4,2025-09-24T00:00:00,2025-09-25T10:00:00,2025-09-24T00:00:00,11.911048,75.680585,Case registered at Ballari PS 40 regarding theft. Investigation ongoing under IO Thomas.
1714,100220828202501714,202501714,2025-06-18,1970,828,1,1,1,3,3,43,2025-06-18T00:00:00,2025-06-19T07:00:00,2025-06-18T00:00:00,14.607391,77.757913,Case registered at Mysuru PS 21 regarding grievous hurt. Investigation ongoing under IO Kala.
1715,100250945202301715,202301715,2023-03-16,200,945,3,2,2,6,2,50,2023-03-16T00:00:00,2023-03-16T15:00:00,2023-03-16T00:00:00,12.557239,75.695499,Case registered at Shivamogga PS 23 regarding burglary. Investigation ongoing under IO Vrinda.
1716,100070341202301716,202301716,2023-02-10,1198,341,1,2,4,12,3,13,2023-02-10T00:00:00,2023-02-10T23:00:00,2023-02-10T00:00:00,14.835527,75.634591,Case registered at Chamarajanagar PS 25 regarding public nuisance. Investigation ongoing under IO Jatin.
1717,100100411202501717,202501717,2025-09-01,2124,411,3,1,1,3,2,19,2025-09-01T00:00:00,2025-09-01T08:00:00,2025-09-01T00:00:00,18.137326,75.14957,Case registered at Chitradurga PS 8 regarding grievous hurt. Investigation ongoing under IO Radha.
1718,100210804202301718,202301718,2023-10-09,1798,804,2,2,6,15,3,42,2023-10-09T00:00:00,2023-10-09T03:00:00,2023-10-09T00:00:00,11.643635,78.308328,Case registered at Mandya PS 26 regarding online fraud. Investigation ongoing under IO Owen.
1719,100210797202401719,202401719,2024-02-23,1593,797,1,2,4,12,3,41,2024-02-23T00:00:00,2024-02-24T12:00:00,2024-02-23T00:00:00,17.70884,77.429645,Case registered at Mandya PS 19 regarding public nuisance. Investigation ongoing under IO Libni.
1720,100190744202501720,202501720,2025-05-02,846,744,3,2,2,5,2,37,2025-05-02T00:00:00,2025-05-03T14:00:00,2025-05-02T00:00:00,12.347124,76.294311,Case registered at Kolar PS 24 regarding robbery. Investigation ongoing under IO Mitali.
1721,100260980202301721,202301721,2023-03-11,636,980,3,2,2,5,2,51,2023-03-11T00:00:00,2023-03-12T08:00:00,2023-03-11T00:00:00,17.992315,74.946582,Case registered at Tumakuru PS 29 regarding robbery. Investigation ongoing under IO Tejas.
1722,100090379202501722,202501722,2025-01-31,358,379,1,2,6,15,1,17,2025-01-31T00:00:00,2025-01-31T23:00:00,2025-01-31T00:00:00,17.4401,77.343783,Case registered at Chikkamagaluru PS 5 regarding online fraud. Investigation ongoing under IO Chaitaly.
1723,100050175202501723,202501723,2025-09-04,1591,175,1,2,5,13,1,9,2025-09-04T00:00:00,2025-09-05T07:00:00,2025-09-04T00:00:00,16.55591,78.385285,Case registered at Bengaluru Urban PS 3 regarding cheating. Investigation ongoing under IO Ekalinga.
1724,100050285202301724,202301724,2023-05-12,493,285,1,1,1,1,1,10,2023-05-12T00:00:00,2023-05-14T00:00:00,2023-05-12T00:00:00,17.553976,78.513055,Case registered at Bengaluru Urban PS 113 regarding murder. Investigation ongoing under IO Mugdha.
1725,100291048202501725,202501725,2025-08-22,750,1048,1,2,5,13,2,57,2025-08-22T00:00:00,2025-08-23T22:00:00,2025-08-22T00:00:00,16.719655,77.862877,Case registered at Vijayapura PS 10 regarding cheating. Investigation ongoing under IO Odika.
1726,100050276202401726,202401726,2024-06-24,6,276,1,2,5,13,3,10,2024-06-24T00:00:00,2024-06-24T07:00:00,2024-06-24T00:00:00,12.437836,74.060403,Case registered at Bengaluru Urban PS 104 regarding cheating. Investigation ongoing under IO Oni.
1727,100210799202501727,202501727,2025-08-23,1798,799,1,2,4,12,2,41,2025-08-23T00:00:00,2025-08-23T07:00:00,2025-08-23T00:00:00,13.532427,77.599444,Case registered at Mandya PS 21 regarding public nuisance. Investigation ongoing under IO Owen.
1728,100210792202401728,202401728,2024-04-21,1333,792,1,2,5,13,4,42,2024-04-21T00:00:00,2024-04-22T22:00:00,2024-04-21T00:00:00,11.613263,76.836071,Case registered at Mandya PS 14 regarding cheating. Investigation ongoing under IO Anirudh.
1729,100311106202301729,202301729,2023-08-14,977,1106,1,2,6,16,3,61,2023-08-14T00:00:00,2023-08-14T22:00:00,2023-08-14T00:00:00,13.536095,76.195312,Case registered at Vijayanagara PS 10 regarding identity theft. Investigation ongoing under IO Lipika.
1730,100291045202501730,202501730,2025-01-27,153,1045,1,2,5,14,2,58,2025-01-27T00:00:00,2025-01-28T20:00:00,2025-01-27T00:00:00,13.156301,76.629613,Case registered at Vijayapura PS 7 regarding criminal breach of trust. Investigation ongoing under IO Faris.
1731,100281010202301731,202301731,2023-03-23,1533,1010,1,2,6,16,2,55,2023-03-23T00:00:00,2023-03-23T04:00:00,2023-03-23T00:00:00,11.836557,77.94624,Case registered at Uttara Kannada PS 1 regarding identity theft. Investigation ongoing under IO Yuvraj.
1732,100120517202301732,202301732,2023-06-07,442,517,3,2,3,8,1,24,2023-06-07T00:00:00,2023-06-07T13:00:00,2023-06-07T00:00:00,16.530397,77.702682,Case registered at Davanagere PS 28 regarding domestic violence. Investigation ongoing under IO Yashica.
1733,100060298202401733,202401733,2024-04-21,1423,298,1,2,3,8,3,12,2024-04-21T00:00:00,2024-04-21T22:00:00,2024-04-21T00:00:00,13.861161,76.909046,Case registered at Bidar PS 11 regarding domestic violence. Investigation ongoing under IO Rachana.
1734,100120517202301734,202301734,2023-02-11,816,517,1,2,6,16,2,23,2023-02-11T00:00:00,2023-02-12T19:00:00,2023-02-11T00:00:00,15.209489,74.726192,Case registered at Davanagere PS 28 regarding identity theft. Investigation ongoing under IO Thomas.
1735,100260966202301735,202301735,2023-05-09,2151,966,1,2,2,7,4,51,2023-05-09T00:00:00,2023-05-10T14:00:00,2023-05-09T00:00:00,15.309426,76.401931,Case registered at Tumakuru PS 15 regarding vehicle theft. Investigation ongoing under IO Pallavi.
1736,100130539202301736,202301736,2023-05-08,27,539,3,2,5,14,1,25,2023-05-08T00:00:00,2023-05-09T12:00:00,2023-05-08T00:00:00,15.458294,77.731095,Case registered at Dharwad PS 21 regarding criminal breach of trust. Investigation ongoing under IO Mohini.
1737,100301074202301737,202301737,2023-05-01,2400,1074,1,2,5,13,4,60,2023-05-01T00:00:00,2023-05-01T19:00:00,2023-05-01T00:00:00,15.465726,76.31738,Case registered at Yadgir PS 7 regarding cheating. Investigation ongoing under IO Lekha.
1738,100030092202401738,202401738,2024-07-09,2474,92,3,2,5,13,1,6,2024-07-09T00:00:00,2024-07-10T04:00:00,2024-07-09T00:00:00,17.744327,75.242499,Case registered at Belagavi PS 6 regarding cheating. Investigation ongoing under IO Reyansh.
1739,100230881202301739,202301739,2023-01-23,2402,881,3,2,5,13,3,46,2023-01-23T00:00:00,2023-01-23T22:00:00,2023-01-23T00:00:00,15.644644,76.152541,Case registered at Raichur PS 17 regarding cheating. Investigation ongoing under IO Veda.
1740,100020062202501740,202501740,2025-08-25,2383,62,1,2,3,8,1,4,2025-08-25T00:00:00,2025-08-26T03:00:00,2025-08-25T00:00:00,12.684418,75.162649,Case registered at Ballari PS 33 regarding domestic violence. Investigation ongoing under IO Chatresh.
1741,100150586202601741,202601741,2026-03-13,171,586,1,2,6,15,3,29,2026-03-13T00:00:00,2026-03-14T16:00:00,2026-03-13T00:00:00,16.828592,76.167139,Case registered at Hassan PS 10 regarding online fraud. Investigation ongoing under IO Anirudh.
1742,100170661202401742,202401742,2024-05-25,540,661,2,2,5,14,1,33,2024-05-25T00:00:00,2024-05-25T02:00:00,2024-05-25T00:00:00,14.596885,76.531033,Case registered at Kalaburagi PS 27 regarding criminal breach of trust. Investigation ongoing under IO Ayush.
1743,100050229202501743,202501743,2025-08-16,790,229,1,2,5,13,3,9,2025-08-16T00:00:00,2025-08-17T08:00:00,2025-08-16T00:00:00,13.906687,74.477095,Case registered at Bengaluru Urban PS 57 regarding cheating. Investigation ongoing under IO Ikbal.
1744,100270999202601744,202601744,2026-05-23,1397,999,1,2,2,4,1,54,2026-05-23T00:00:00,2026-05-23T08:00:00,2026-05-23T00:00:00,16.433795,76.86074,Case registered at Udupi PS 19 regarding theft. Investigation ongoing under IO Vamakshi.
1745,100180711202301745,202301745,2023-11-30,91,711,1,1,1,2,2,35,2023-11-30T00:00:00,2023-11-30T01:00:00,2023-11-30T00:00:00,12.607171,75.281216,Case registered at Kodagu PS 20 regarding attempt to murder. Investigation ongoing under IO Hemang.
1746,100160610202401746,202401746,2024-07-20,516,610,1,1,3,8,2,31,2024-07-20T00:00:00,2024-07-21T18:00:00,2024-07-20T00:00:00,11.783353,76.251129,Case registered at Haveri PS 5 regarding domestic violence. Investigation ongoing under IO Ethan.
1747,100140569202501747,202501747,2025-07-13,1713,569,3,2,1,1,3,27,2025-07-13T00:00:00,2025-07-14T04:00:00,2025-07-13T00:00:00,14.032237,74.879882,Case registered at Gadag PS 22 regarding murder. Investigation ongoing under IO Gagan.
1748,100240908202501748,202501748,2025-04-11,1216,908,1,2,5,14,3,48,2025-04-11T00:00:00,2025-04-12T12:00:00,2025-04-11T00:00:00,17.689028,76.569752,Case registered at Ramanagara PS 15 regarding criminal breach of trust. Investigation ongoing under IO Omisha.
1749,100020036202401749,202401749,2024-08-06,2255,36,1,2,1,3,1,3,2024-08-06T00:00:00,2024-08-07T02:00:00,2024-08-06T00:00:00,12.742065,75.684745,Case registered at Ballari PS 7 regarding grievous hurt. Investigation ongoing under IO Nitara.
1750,100190730202401750,202401750,2024-10-28,2168,730,3,1,3,9,1,37,2024-10-28T00:00:00,2024-10-28T17:00:00,2024-10-28T00:00:00,14.561947,75.584541,Case registered at Kolar PS 10 regarding dowry harassment. Investigation ongoing under IO Harish.
1751,100010017202401751,202401751,2024-04-15,2152,17,1,2,6,15,2,2,2024-04-15T00:00:00,2024-04-16T20:00:00,2024-04-15T00:00:00,17.008805,77.11929,Case registered at Bagalkot PS 17 regarding online fraud. Investigation ongoing under IO Arunima.
1752,100281016202501752,202501752,2025-08-28,771,1016,1,2,4,12,3,55,2025-08-28T00:00:00,2025-08-29T17:00:00,2025-08-28T00:00:00,15.33548,74.881791,Case registered at Uttara Kannada PS 7 regarding public nuisance. Investigation ongoing under IO Chavvi.
1753,100150604202401753,202401753,2024-01-19,2193,604,2,2,5,13,2,29,2024-01-19T00:00:00,2024-01-19T04:00:00,2024-01-19T00:00:00,15.552856,74.380093,Case registered at Hassan PS 28 regarding cheating. Investigation ongoing under IO Ranbir.
1754,100030141202501754,202501754,2025-03-14,1932,141,3,2,2,7,3,5,2025-03-14T00:00:00,2025-03-15T20:00:00,2025-03-14T00:00:00,18.032854,76.735128,Case registered at Belagavi PS 55 regarding vehicle theft. Investigation ongoing under IO Lakshit.
1755,100311111202401755,202401755,2024-12-15,1987,1111,4,1,3,8,3,62,2024-12-15T00:00:00,2024-12-15T15:00:00,2024-12-15T00:00:00,15.10891,78.004327,Case registered at Vijayanagara PS 15 regarding domestic violence. Investigation ongoing under IO Sanaya.
1756,100270991202401756,202401756,2024-05-23,1355,991,1,2,2,4,3,54,2024-05-23T00:00:00,2024-05-24T21:00:00,2024-05-23T00:00:00,12.626355,78.257171,Case registered at Udupi PS 11 regarding theft. Investigation ongoing under IO Diya.
1757,100130521202401757,202401757,2024-02-22,2417,521,2,2,5,13,3,25,2024-02-22T00:00:00,2024-02-23T14:00:00,2024-02-22T00:00:00,17.031043,74.655731,Case registered at Dharwad PS 3 regarding cheating. Investigation ongoing under IO Ati.
1758,100170650202501758,202501758,2025-06-07,2013,650,1,2,5,13,1,34,2025-06-07T00:00:00,2025-06-08T06:00:00,2025-06-07T00:00:00,16.337702,77.426896,Case registered at Kalaburagi PS 16 regarding cheating. Investigation ongoing under IO Anay.
1759,100180715202501759,202501759,2025-12-05,935,715,1,2,2,6,3,36,2025-12-05T00:00:00,2025-12-07T00:00:00,2025-12-05T00:00:00,14.752094,77.942712,Case registered at Kodagu PS 24 regarding burglary. Investigation ongoing under IO Radhika.
1760,100120518202301760,202301760,2023-04-27,2451,518,1,1,3,8,1,23,2023-04-27T00:00:00,2023-04-28T19:00:00,2023-04-27T00:00:00,16.695649,76.77736,Case registered at Davanagere PS 29 regarding domestic violence. Investigation ongoing under IO Diya.
1761,100010023202401761,202401761,2024-06-29,816,23,1,2,4,11,2,2,2024-06-29T00:00:00,2024-06-30T17:00:00,2024-06-29T00:00:00,16.95595,74.247398,Case registered at Bagalkot PS 23 regarding gambling. Investigation ongoing under IO Thomas.
1762,100170642202301762,202301762,2023-06-16,274,642,1,1,1,1,1,33,2023-06-16T00:00:00,2023-06-16T15:00:00,2023-06-16T00:00:00,14.216896,78.365955,Case registered at Kalaburagi PS 8 regarding murder. Investigation ongoing under IO Caleb.
1763,100190731202301763,202301763,2023-10-17,1961,731,1,2,3,8,2,38,2023-10-17T00:00:00,2023-10-17T07:00:00,2023-10-17T00:00:00,14.876569,75.739619,Case registered at Kolar PS 11 regarding domestic violence. Investigation ongoing under IO Eta.
1764,100090396202301764,202301764,2023-06-26,781,396,1,2,4,12,2,17,2023-06-26T00:00:00,2023-06-26T06:00:00,2023-06-26T00:00:00,13.203599,75.883488,Case registered at Chikkamagaluru PS 22 regarding public nuisance. Investigation ongoing under IO Timothy.
1765,100170679202301765,202301765,2023-12-02,2173,679,3,1,1,1,2,34,2023-12-02T00:00:00,2023-12-03T02:00:00,2023-12-02T00:00:00,13.916264,78.292881,Case registered at Kalaburagi PS 45 regarding murder. Investigation ongoing under IO Nandini.
1766,100010019202501766,202501766,2025-12-21,566,19,1,1,1,2,3,2,2025-12-21T00:00:00,2025-12-22T23:00:00,2025-12-21T00:00:00,18.227888,74.100778,Case registered at Bagalkot PS 19 regarding attempt to murder. Investigation ongoing under IO Jagat.
1767,100281015202601767,202601767,2026-04-01,2222,1015,1,2,2,4,1,56,2026-04-01T00:00:00,2026-04-01T23:00:00,2026-04-01T00:00:00,14.869934,77.239739,Case registered at Uttara Kannada PS 6 regarding theft. Investigation ongoing under IO Bhanumati.
1768,100200750202501768,202501768,2025-04-24,1861,750,1,2,6,16,3,40,2025-04-24T00:00:00,2025-04-25T16:00:00,2025-04-24T00:00:00,16.279523,77.350607,Case registered at Koppal PS 1 regarding identity theft. Investigation ongoing under IO Harinakshi.
1769,100140551202501769,202501769,2025-12-03,381,551,1,2,1,2,2,27,2025-12-03T00:00:00,2025-12-03T20:00:00,2025-12-03T00:00:00,16.097815,77.700397,Case registered at Gadag PS 4 regarding attempt to murder. Investigation ongoing under IO Krisha.
1770,100220812202301770,202301770,2023-02-03,148,812,1,2,6,16,2,44,2023-02-03T00:00:00,2023-02-03T06:00:00,2023-02-03T00:00:00,18.385705,78.278008,Case registered at Mysuru PS 5 regarding identity theft. Investigation ongoing under IO Sanaya.
1771,100080371202401771,202401771,2024-05-16,2009,371,1,2,2,7,3,15,2024-05-16T00:00:00,2024-05-16T17:00:00,2024-05-16T00:00:00,14.318488,75.564504,Case registered at Chikkaballapur PS 26 regarding vehicle theft. Investigation ongoing under IO Waida.
1772,100080347202301772,202301772,2023-12-31,2001,347,1,2,2,4,1,15,2023-12-31T00:00:00,2024-01-01T12:00:00,2023-12-31T00:00:00,15.804887,77.916734,Case registered at Chikkaballapur PS 2 regarding theft. Investigation ongoing under IO Laksh.
1773,100230870202501773,202501773,2025-02-09,1837,870,3,2,5,13,1,46,2025-02-09T00:00:00,2025-02-10T17:00:00,2025-02-09T00:00:00,14.47729,74.969955,Case registered at Raichur PS 6 regarding cheating. Investigation ongoing under IO Vyanjana.
1774,100311123202601774,202601774,2026-04-25,2389,1123,1,2,6,16,4,62,2026-04-25T00:00:00,2026-04-26T20:00:00,2026-04-25T00:00:00,17.175017,77.166128,Case registered at Vijayanagara PS 27 regarding identity theft. Investigation ongoing under IO Arin.
1775,100040172202401775,202401775,2024-11-04,2368,172,1,2,2,5,3,7,2024-11-04T00:00:00,2024-11-05T21:00:00,2024-11-04T00:00:00,17.307473,78.301462,Case registered at Bengaluru Rural PS 29 regarding robbery. Investigation ongoing under IO Lucky.
1776,100030128202401776,202401776,2024-05-20,235,128,3,2,6,15,2,5,2024-05-20T00:00:00,2024-05-20T19:00:00,2024-05-20T00:00:00,16.037021,78.044518,Case registered at Belagavi PS 42 regarding online fraud. Investigation ongoing under IO Ekbal.
1777,100030114202501777,202501777,2025-06-29,513,114,1,2,6,16,1,5,2025-06-29T00:00:00,2025-06-30T20:00:00,2025-06-29T00:00:00,16.545466,76.34778,Case registered at Belagavi PS 28 regarding identity theft. Investigation ongoing under IO Jacob.
1778,100220812202501778,202501778,2025-07-11,723,812,1,2,4,12,2,43,2025-07-11T00:00:00,2025-07-11T03:00:00,2025-07-11T00:00:00,14.144796,76.990294,Case registered at Mysuru PS 5 regarding public nuisance. Investigation ongoing under IO Garima.
1779,100220856202501779,202501779,2025-07-22,1480,856,1,2,2,4,2,44,2025-07-22T00:00:00,2025-07-23T08:00:00,2025-07-22T00:00:00,17.286741,74.360198,Case registered at Mysuru PS 49 regarding theft. Investigation ongoing under IO Matthew.
1780,100271008202401780,202401780,2024-09-25,1215,1008,1,2,3,8,2,54,2024-09-25T00:00:00,2024-09-25T08:00:00,2024-09-25T00:00:00,14.174923,78.196649,Case registered at Udupi PS 28 regarding domestic violence. Investigation ongoing under IO Varsha.
1781,100020079202301781,202301781,2023-11-08,2356,79,1,2,1,1,3,3,2023-11-08T00:00:00,2023-11-09T13:00:00,2023-11-08T00:00:00,13.571197,77.083128,Case registered at Ballari PS 50 regarding murder. Investigation ongoing under IO Zilmil.
1782,100020076202501782,202501782,2025-06-10,620,76,1,1,1,1,4,4,2025-06-10T00:00:00,2025-06-11T23:00:00,2025-06-10T00:00:00,17.895447,76.455861,Case registered at Ballari PS 47 regarding murder. Investigation ongoing under IO Aarini.
1783,100160619202601783,202601783,2026-05-01,276,619,2,2,6,16,3,31,2026-05-01T00:00:00,2026-05-02T16:00:00,2026-05-01T00:00:00,14.599413,74.048098,Case registered at Haveri PS 14 regarding identity theft. Investigation ongoing under IO Max.
1784,100260970202301784,202301784,2023-03-23,1473,970,1,2,5,13,2,51,2023-03-23T00:00:00,2023-03-24T08:00:00,2023-03-23T00:00:00,11.676012,74.268418,Case registered at Tumakuru PS 19 regarding cheating. Investigation ongoing under IO Amruta.
1785,100311115202301785,202301785,2023-06-04,1163,1115,1,2,4,12,3,62,2023-06-04T00:00:00,2023-06-06T00:00:00,2023-06-04T00:00:00,12.703552,75.24113,Case registered at Vijayanagara PS 19 regarding public nuisance. Investigation ongoing under IO Raksha.
1786,100110458202401786,202401786,2024-06-07,849,458,1,2,5,13,2,21,2024-06-07T00:00:00,2024-06-08T14:00:00,2024-06-07T00:00:00,15.014394,74.51422,Case registered at Dakshina Kannada PS 26 regarding cheating. Investigation ongoing under IO Vedhika.
1787,100140571202501787,202501787,2025-05-06,620,571,1,2,4,12,1,28,2025-05-06T00:00:00,2025-05-07T16:00:00,2025-05-06T00:00:00,17.152667,75.993256,Case registered at Gadag PS 24 regarding public nuisance. Investigation ongoing under IO Aarini.
1788,100230884202301788,202301788,2023-03-03,1493,884,4,2,3,9,4,46,2023-03-03T00:00:00,2023-03-04T13:00:00,2023-03-03T00:00:00,14.970845,77.804117,Case registered at Raichur PS 20 regarding dowry harassment. Investigation ongoing under IO Jason.
1789,100220831202601789,202601789,2026-04-17,1334,831,2,2,2,4,3,43,2026-04-17T00:00:00,2026-04-17T22:00:00,2026-04-17T00:00:00,12.41059,75.981516,Case registered at Mysuru PS 24 regarding theft. Investigation ongoing under IO Bhanumati.
1790,100291060202301790,202301790,2023-01-23,1704,1060,1,1,3,9,4,58,2023-01-23T00:00:00,2023-01-23T01:00:00,2023-01-23T00:00:00,18.142748,77.692035,Case registered at Vijayapura PS 22 regarding dowry harassment. Investigation ongoing under IO Chasmum.
1791,100080361202501791,202501791,2025-04-20,2237,361,1,2,1,3,2,15,2025-04-20T00:00:00,2025-04-20T03:00:00,2025-04-20T00:00:00,14.142165,78.575819,Case registered at Chikkaballapur PS 16 regarding grievous hurt. Investigation ongoing under IO George.
1792,100270986202601792,202601792,2026-01-02,776,986,1,2,6,16,2,54,2026-01-02T00:00:00,2026-01-02T23:00:00,2026-01-02T00:00:00,12.688295,74.637409,Case registered at Udupi PS 6 regarding identity theft. Investigation ongoing under IO Frederick.
1793,100130540202601793,202601793,2026-01-31,783,540,2,2,4,12,3,25,2026-01-31T00:00:00,2026-01-31T14:00:00,2026-01-31T00:00:00,14.884023,76.905938,Case registered at Dharwad PS 22 regarding public nuisance. Investigation ongoing under IO Vasudha.
1794,100311118202301794,202301794,2023-09-03,2330,1118,1,1,1,1,3,62,2023-09-03T00:00:00,2023-09-04T16:00:00,2023-09-03T00:00:00,14.039067,76.934567,Case registered at Vijayanagara PS 22 regarding murder. Investigation ongoing under IO Zinal.
1795,100050215202301795,202301795,2023-07-22,1628,215,1,2,6,16,3,10,2023-07-22T00:00:00,2023-07-22T16:00:00,2023-07-22T00:00:00,13.744825,76.396652,Case registered at Bengaluru Urban PS 43 regarding identity theft. Investigation ongoing under IO Reva.
1796,100110435202501796,202501796,2025-06-04,1062,435,1,2,6,15,3,21,2025-06-04T00:00:00,2025-06-06T00:00:00,2025-06-04T00:00:00,14.232985,75.124417,Case registered at Dakshina Kannada PS 3 regarding online fraud. Investigation ongoing under IO Niharika.
1797,100090388202301797,202301797,2023-08-01,2364,388,1,1,3,10,3,17,2023-08-01T00:00:00,2023-08-02T20:00:00,2023-08-01T00:00:00,15.983063,78.236378,Case registered at Chikkamagaluru PS 14 regarding sexual assault. Investigation ongoing under IO Nilima.
1798,100311119202301798,202301798,2023-01-27,640,1119,1,2,4,11,1,61,2023-01-27T00:00:00,2023-01-28T23:00:00,2023-01-27T00:00:00,12.019961,74.516109,Case registered at Vijayanagara PS 23 regarding gambling. Investigation ongoing under IO Samaksh.
1799,100230865202501799,202501799,2025-11-03,2464,865,1,2,3,9,2,46,2025-11-03T00:00:00,2025-11-04T22:00:00,2025-11-03T00:00:00,16.253173,74.443703,Case registered at Raichur PS 1 regarding dowry harassment. Investigation ongoing under IO Bahadurjit.
1800,100160610202401800,202401800,2024-05-13,1573,610,1,2,4,12,2,32,2024-05-13T00:00:00,2024-05-13T07:00:00,2024-05-13T00:00:00,15.88757,78.325682,Case registered at Haveri PS 5 regarding public nuisance. Investigation ongoing under IO Qushi.
1801,100291057202501801,202501801,2025-12-17,981,1057,3,2,6,16,2,57,2025-12-17T00:00:00,2025-12-17T21:00:00,2025-12-17T00:00:00,17.736257,77.297641,Case registered at Vijayapura PS 19 regarding identity theft. Investigation ongoing under IO Raghav.
1802,100230883202501802,202501802,2025-10-25,1739,883,4,2,3,8,3,45,2025-10-25T00:00:00,2025-10-26T12:00:00,2025-10-25T00:00:00,17.905144,76.01046,Case registered at Raichur PS 19 regarding domestic violence. Investigation ongoing under IO Joshua.
1803,100220834202301803,202301803,2023-05-23,360,834,1,2,4,12,3,44,2023-05-23T00:00:00,2023-05-24T10:00:00,2023-05-23T00:00:00,17.590941,75.2809,Case registered at Mysuru PS 27 regarding public nuisance. Investigation ongoing under IO Tanveer.
1804,100291046202301804,202301804,2023-01-10,1990,1046,2,2,1,1,1,57,2023-01-10T00:00:00,2023-01-10T16:00:00,2023-01-10T00:00:00,17.983725,75.996346,Case registered at Vijayapura PS 8 regarding murder. Investigation ongoing under IO Jalsa.
1805,100270986202401805,202401805,2024-09-09,1217,986,1,2,5,13,1,53,2024-09-09T00:00:00,2024-09-09T21:00:00,2024-09-09T00:00:00,15.795403,76.035124,Case registered at Udupi PS 6 regarding cheating. Investigation ongoing under IO Bhavika.
1806,100240920202401806,202401806,2024-07-02,1788,920,1,2,4,12,3,47,2024-07-02T00:00:00,2024-07-03T11:00:00,2024-07-02T00:00:00,15.473987,75.395239,Case registered at Ramanagara PS 27 regarding public nuisance. Investigation ongoing under IO Upasna.
1807,100210785202401807,202401807,2024-02-25,823,785,1,1,1,3,1,42,2024-02-25T00:00:00,2024-02-25T08:00:00,2024-02-25T00:00:00,11.808748,76.540424,Case registered at Mandya PS 7 regarding grievous hurt. Investigation ongoing under IO Yug.
1808,100140564202401808,202401808,2024-11-05,1289,564,1,2,6,16,1,27,2024-11-05T00:00:00,2024-11-06T06:00:00,2024-11-05T00:00:00,15.921555,77.732446,Case registered at Gadag PS 17 regarding identity theft. Investigation ongoing under IO Damini.
1809,100080369202501809,202501809,2025-01-21,2187,369,1,2,6,16,2,16,2025-01-21T00:00:00,2025-01-21T08:00:00,2025-01-21T00:00:00,11.656592,75.920391,Case registered at Chikkaballapur PS 24 regarding identity theft. Investigation ongoing under IO Radhika.
1810,100030105202501810,202501810,2025-05-01,1981,105,1,2,1,2,2,5,2025-05-01T00:00:00,2025-05-02T04:00:00,2025-05-01T00:00:00,15.948889,74.86388,Case registered at Belagavi PS 19 regarding attempt to murder. Investigation ongoing under IO Varenya.
1811,100301080202501811,202501811,2025-07-16,1571,1080,1,1,1,3,1,59,2025-07-16T00:00:00,2025-07-16T08:00:00,2025-07-16T00:00:00,16.279231,77.494957,Case registered at Yadgir PS 13 regarding grievous hurt. Investigation ongoing under IO Megha.
1812,100030121202401812,202401812,2024-01-17,1342,121,1,2,6,16,4,6,2024-01-17T00:00:00,2024-01-19T00:00:00,2024-01-17T00:00:00,11.69657,78.076817,Case registered at Belagavi PS 35 regarding identity theft. Investigation ongoing under IO Oni.
1813,100080355202401813,202401813,2024-09-11,831,355,1,1,1,1,1,15,2024-09-11T00:00:00,2024-09-11T16:00:00,2024-09-11T00:00:00,13.082683,76.893305,Case registered at Chikkaballapur PS 10 regarding murder. Investigation ongoing under IO Om.
1814,100301081202401814,202401814,2024-09-16,784,1081,1,2,2,6,3,60,2024-09-16T00:00:00,2024-09-16T20:00:00,2024-09-16T00:00:00,16.21163,76.115909,Case registered at Yadgir PS 14 regarding burglary. Investigation ongoing under IO Frederick.
1815,100200767202301815,202301815,2023-07-19,1961,767,3,1,1,2,2,40,2023-07-19T00:00:00,2023-07-20T05:00:00,2023-07-19T00:00:00,18.267187,75.627854,Case registered at Koppal PS 18 regarding attempt to murder. Investigation ongoing under IO Eta.
1816,100291060202501816,202501816,2025-08-08,58,1060,1,2,2,6,1,58,2025-08-08T00:00:00,2025-08-08T05:00:00,2025-08-08T00:00:00,13.846003,77.895441,Case registered at Vijayapura PS 22 regarding burglary. Investigation ongoing under IO Raagini.
1817,100240905202301817,202301817,2023-05-12,2430,905,1,1,1,1,1,48,2023-05-12T00:00:00,2023-05-12T07:00:00,2023-05-12T00:00:00,13.627638,77.312473,Case registered at Ramanagara PS 12 regarding murder. Investigation ongoing under IO Abhiram.
1818,100090389202301818,202301818,2023-03-01,8,389,2,2,5,13,2,18,2023-03-01T00:00:00,2023-03-01T02:00:00,2023-03-01T00:00:00,15.967863,74.121394,Case registered at Chikkamagaluru PS 15 regarding cheating. Investigation ongoing under IO Pahal.
1819,100120503202301819,202301819,2023-01-15,1999,503,1,2,3,10,2,23,2023-01-15T00:00:00,2023-01-16T08:00:00,2023-01-15T00:00:00,11.83787,76.698814,Case registered at Davanagere PS 14 regarding sexual assault. Investigation ongoing under IO Keya.
1820,100210805202601820,202601820,2026-06-15,1218,805,3,1,1,2,1,41,2026-06-15T00:00:00,2026-06-16T21:00:00,2026-06-15T00:00:00,15.607265,76.580229,Case registered at Mandya PS 27 regarding attempt to murder. Investigation ongoing under IO Agastya.
1821,100170688202301821,202301821,2023-11-01,372,688,1,2,1,1,2,34,2023-11-01T00:00:00,2023-11-02T00:00:00,2023-11-01T00:00:00,16.42189,77.961155,Case registered at Kalaburagi PS 54 regarding murder. Investigation ongoing under IO Udarsh.
1822,100311123202601822,202601822,2026-02-01,1486,1123,1,2,3,8,2,61,2026-02-01T00:00:00,2026-02-02T03:00:00,2026-02-01T00:00:00,12.519354,77.683294,Case registered at Vijayanagara PS 27 regarding domestic violence. Investigation ongoing under IO Zashil.
1823,100110470202401823,202401823,2024-11-23,1150,470,1,1,1,2,4,22,2024-11-23T00:00:00,2024-11-23T12:00:00,2024-11-23T00:00:00,14.696481,76.737478,Case registered at Dakshina Kannada PS 38 regarding attempt to murder. Investigation ongoing under IO Chaman.
1824,100070322202501824,202501824,2025-02-28,224,322,1,2,6,16,1,14,2025-02-28T00:00:00,2025-03-01T04:00:00,2025-02-28T00:00:00,16.74639,74.495046,Case registered at Chamarajanagar PS 6 regarding identity theft. Investigation ongoing under IO Saanvi.
1825,100170637202501825,202501825,2025-03-04,279,637,1,1,3,9,1,33,2025-03-04T00:00:00,2025-03-04T04:00:00,2025-03-04T00:00:00,18.154616,76.75331,Case registered at Kalaburagi PS 3 regarding dowry harassment. Investigation ongoing under IO Tanmayi.
1826,100110434202601826,202601826,2026-04-03,1688,434,1,2,3,9,3,22,2026-04-03T00:00:00,2026-04-03T15:00:00,2026-04-03T00:00:00,16.257051,76.560445,Case registered at Dakshina Kannada PS 2 regarding dowry harassment. Investigation ongoing under IO Meghana.
1827,100050233202501827,202501827,2025-12-21,1960,233,2,1,1,2,2,10,2025-12-21T00:00:00,2025-12-22T22:00:00,2025-12-21T00:00:00,13.379666,76.046117,Case registered at Bengaluru Urban PS 61 regarding attempt to murder. Investigation ongoing under IO Gautami.
1828,100080361202601828,202601828,2026-01-08,1973,361,1,2,6,15,1,16,2026-01-08T00:00:00,2026-01-10T00:00:00,2026-01-08T00:00:00,16.427877,75.87985,Case registered at Chikkaballapur PS 16 regarding online fraud. Investigation ongoing under IO Nicholas.
1829,100180701202301829,202301829,2023-08-29,608,701,1,2,3,8,1,35,2023-08-29T00:00:00,2023-08-30T20:00:00,2023-08-29T00:00:00,15.185025,77.343808,Case registered at Kodagu PS 10 regarding domestic violence. Investigation ongoing under IO Vamakshi.
1830,100311113202401830,202401830,2024-01-20,1445,1113,1,2,3,8,3,61,2024-01-20T00:00:00,2024-01-21T05:00:00,2024-01-20T00:00:00,14.609153,75.928819,Case registered at Vijayanagara PS 17 regarding domestic violence. Investigation ongoing under IO Shravya.
1831,100050270202401831,202401831,2024-10-01,285,270,1,2,2,6,4,10,2024-10-01T00:00:00,2024-10-01T10:00:00,2024-10-01T00:00:00,15.59323,77.2855,Case registered at Bengaluru Urban PS 98 regarding burglary. Investigation ongoing under IO Ekapad.
1832,100270986202301832,202301832,2023-12-15,67,986,3,2,5,14,1,53,2023-12-15T00:00:00,2023-12-15T13:00:00,2023-12-15T00:00:00,15.9724,76.64491,Case registered at Udupi PS 6 regarding criminal breach of trust. Investigation ongoing under IO Warjas.
1833,100140559202501833,202501833,2025-03-01,1328,559,1,1,3,10,2,28,2025-03-01T00:00:00,2025-03-01T11:00:00,2025-03-01T00:00:00,11.635785,77.438719,Case registered at Gadag PS 12 regarding sexual assault. Investigation ongoing under IO Shivansh.
1834,100170635202501834,202501834,2025-09-10,2340,635,3,2,5,13,3,33,2025-09-10T00:00:00,2025-09-11T15:00:00,2025-09-10T00:00:00,13.497967,76.66164,Case registered at Kalaburagi PS 1 regarding cheating. Investigation ongoing under IO Harini.
1835,100220817202501835,202501835,2025-06-18,1158,817,1,2,4,12,3,43,2025-06-18T00:00:00,2025-06-18T21:00:00,2025-06-18T00:00:00,16.765617,77.229036,Case registered at Mysuru PS 10 regarding public nuisance. Investigation ongoing under IO Tanmayi.
1836,100170691202301836,202301836,2023-08-07,307,691,1,1,3,9,1,33,2023-08-07T00:00:00,2023-08-08T23:00:00,2023-08-07T00:00:00,13.748736,76.984477,Case registered at Kalaburagi PS 57 regarding dowry harassment. Investigation ongoing under IO Zashil.
1837,100100428202501837,202501837,2025-12-30,441,428,1,1,1,1,1,20,2025-12-30T00:00:00,2025-12-30T08:00:00,2025-12-30T00:00:00,11.789993,77.597676,Case registered at Chitradurga PS 25 regarding murder. Investigation ongoing under IO Faras.
1838,100050283202301838,202301838,2023-08-28,93,283,1,2,5,14,2,10,2023-08-28T00:00:00,2023-08-29T10:00:00,2023-08-28T00:00:00,14.747253,74.887473,Case registered at Bengaluru Urban PS 111 regarding criminal breach of trust. Investigation ongoing under IO Nachiket.
1839,100060303202401839,202401839,2024-03-05,749,303,1,2,6,15,1,11,2024-03-05T00:00:00,2024-03-06T08:00:00,2024-03-05T00:00:00,14.716698,75.498956,Case registered at Bidar PS 16 regarding online fraud. Investigation ongoing under IO Ekta.
1840,100291050202601840,202601840,2026-07-07,2470,1050,1,2,5,13,2,57,2026-07-07T00:00:00,2026-07-08T04:00:00,2026-07-07T00:00:00,17.830183,75.802359,Case registered at Vijayapura PS 12 regarding cheating. Investigation ongoing under IO Advaith.
1841,100010005202401841,202401841,2024-03-21,230,5,1,2,6,16,1,1,2024-03-21T00:00:00,2024-03-21T05:00:00,2024-03-21T00:00:00,12.200519,77.912181,Case registered at Bagalkot PS 5 regarding identity theft. Investigation ongoing under IO Upma.
1842,100210799202301842,202301842,2023-02-27,766,799,1,2,5,13,3,42,2023-02-27T00:00:00,2023-02-27T08:00:00,2023-02-27T00:00:00,16.219094,76.352877,Case registered at Mandya PS 21 regarding cheating. Investigation ongoing under IO Ryan.
1843,100010015202301843,202301843,2023-05-22,2295,15,1,2,2,6,2,1,2023-05-22T00:00:00,2023-05-22T19:00:00,2023-05-22T00:00:00,16.406594,76.341154,Case registered at Bagalkot PS 15 regarding burglary. Investigation ongoing under IO Gabriel.
1844,100110455202601844,202601844,2026-07-14,2207,455,1,2,1,1,2,22,2026-07-14T00:00:00,2026-07-14T03:00:00,2026-07-14T00:00:00,12.522203,77.143594,Case registered at Dakshina Kannada PS 23 regarding murder. Investigation ongoing under IO Yahvi.
1845,100190747202401845,202401845,2024-10-29,2481,747,3,2,2,5,2,37,2024-10-29T00:00:00,2024-10-30T11:00:00,2024-10-29T00:00:00,15.9504,75.83381,Case registered at Kolar PS 27 regarding robbery. Investigation ongoing under IO Deepa.
1846,100170653202501846,202501846,2025-04-14,60,653,1,2,1,2,2,33,2025-04-14T00:00:00,2025-04-15T12:00:00,2025-04-14T00:00:00,14.560566,76.235209,Case registered at Kalaburagi PS 19 regarding attempt to murder. Investigation ongoing under IO Guneet.
1847,100030103202601847,202601847,2026-03-11,1317,103,1,2,2,6,4,6,2026-03-11T00:00:00,2026-03-12T06:00:00,2026-03-11T00:00:00,15.071462,75.490554,Case registered at Belagavi PS 17 regarding burglary. Investigation ongoing under IO Anusha.
1848,100250943202601848,202601848,2026-01-17,1706,943,2,2,6,15,4,49,2026-01-17T00:00:00,2026-01-18T11:00:00,2026-01-17T00:00:00,12.946323,74.317691,Case registered at Shivamogga PS 21 regarding online fraud. Investigation ongoing under IO Sachi.
1849,100100422202301849,202301849,2023-12-22,1604,422,4,2,2,4,4,19,2023-12-22T00:00:00,2023-12-22T02:00:00,2023-12-22T00:00:00,14.00018,77.148345,Case registered at Chitradurga PS 19 regarding theft. Investigation ongoing under IO Umang.
1850,100100408202601850,202601850,2026-02-26,71,408,2,2,2,7,3,20,2026-02-26T00:00:00,2026-02-27T23:00:00,2026-02-26T00:00:00,14.896669,76.134715,Case registered at Chitradurga PS 5 regarding vehicle theft. Investigation ongoing under IO Bhavika.
1851,100050286202301851,202301851,2023-06-25,35,286,1,2,5,14,1,9,2023-06-25T00:00:00,2023-06-25T18:00:00,2023-06-25T00:00:00,16.247541,77.148615,Case registered at Bengaluru Urban PS 114 regarding criminal breach of trust. Investigation ongoing under IO Chaaya.
1852,100260973202501852,202501852,2025-12-02,569,973,1,2,1,2,4,52,2025-12-02T00:00:00,2025-12-02T16:00:00,2025-12-02T00:00:00,15.925607,75.113444,Case registered at Tumakuru PS 22 regarding attempt to murder. Investigation ongoing under IO Yashodhara.
1853,100050269202501853,202501853,2025-10-10,244,269,1,2,5,14,2,10,2025-10-10T00:00:00,2025-10-11T15:00:00,2025-10-10T00:00:00,12.013031,77.959319,Case registered at Bengaluru Urban PS 97 regarding criminal breach of trust. Investigation ongoing under IO Arunima.
1854,100060307202401854,202401854,2024-04-02,133,307,1,2,4,11,1,11,2024-04-02T00:00:00,2024-04-02T12:00:00,2024-04-02T00:00:00,12.368099,76.41255,Case registered at Bidar PS 20 regarding gambling. Investigation ongoing under IO Tanay.
1855,100050211202601855,202601855,2026-04-11,2324,211,3,2,4,12,3,10,2026-04-11T00:00:00,2026-04-11T01:00:00,2026-04-11T00:00:00,12.379567,76.612795,Case registered at Bengaluru Urban PS 39 regarding public nuisance. Investigation ongoing under IO Janaki.
1856,100240910202301856,202301856,2023-04-28,2271,910,3,2,4,12,2,47,2023-04-28T00:00:00,2023-04-28T03:00:00,2023-04-28T00:00:00,11.691092,74.420313,Case registered at Ramanagara PS 17 regarding public nuisance. Investigation ongoing under IO Amol.
1857,100160628202501857,202501857,2025-07-23,1297,628,1,2,5,13,3,31,2025-07-23T00:00:00,2025-07-24T08:00:00,2025-07-23T00:00:00,15.83466,76.690457,Case registered at Haveri PS 23 regarding cheating. Investigation ongoing under IO Avni.
1858,100050269202601858,202601858,2026-06-30,139,269,1,2,3,8,1,9,2026-06-30T00:00:00,2026-07-01T13:00:00,2026-06-30T00:00:00,14.914901,74.976051,Case registered at Bengaluru Urban PS 97 regarding domestic violence. Investigation ongoing under IO Tamanna.
1859,100020073202401859,202401859,2024-12-29,1846,73,1,2,2,4,1,3,2024-12-29T00:00:00,2024-12-30T22:00:00,2024-12-29T00:00:00,14.056262,77.092742,Case registered at Ballari PS 44 regarding theft. Investigation ongoing under IO Ekaraj.
1860,100110441202501860,202501860,2025-12-08,646,441,1,2,5,14,2,22,2025-12-08T00:00:00,2025-12-09T08:00:00,2025-12-08T00:00:00,11.652012,75.630069,Case registered at Dakshina Kannada PS 9 regarding criminal breach of trust. Investigation ongoing under IO Darika.
1861,100050174202501861,202501861,2025-08-17,2155,174,1,2,1,1,1,10,2025-08-17T00:00:00,2025-08-17T08:00:00,2025-08-17T00:00:00,14.748763,78.42226,Case registered at Bengaluru Urban PS 2 regarding murder. Investigation ongoing under IO Bakhshi.
1862,100190738202501862,202501862,2025-07-10,2458,738,1,2,4,12,2,38,2025-07-10T00:00:00,2025-07-10T10:00:00,2025-07-10T00:00:00,17.990394,74.343514,Case registered at Kolar PS 18 regarding public nuisance. Investigation ongoing under IO Gaurika.
1863,100040172202401863,202401863,2024-02-09,1523,172,1,2,3,9,1,8,2024-02-09T00:00:00,2024-02-09T23:00:00,2024-02-09T00:00:00,11.976594,77.350944,Case registered at Bengaluru Rural PS 29 regarding dowry harassment. Investigation ongoing under IO Aahana.
1864,100130523202501864,202501864,2025-07-12,1661,523,1,2,5,13,3,25,2025-07-12T00:00:00,2025-07-12T03:00:00,2025-07-12T00:00:00,14.656556,78.152419,Case registered at Dharwad PS 5 regarding cheating. Investigation ongoing under IO Sarthak.
1865,100050180202401865,202401865,2024-03-20,2011,180,1,2,4,12,1,10,2024-03-20T00:00:00,2024-03-21T05:00:00,2024-03-20T00:00:00,17.86183,74.13248,Case registered at Bengaluru Urban PS 8 regarding public nuisance. Investigation ongoing under IO Aarna.
1866,100130519202501866,202501866,2025-03-10,270,519,1,1,1,3,2,26,2025-03-10T00:00:00,2025-03-11T02:00:00,2025-03-10T00:00:00,16.266091,77.742035,Case registered at Dharwad PS 1 regarding grievous hurt. Investigation ongoing under IO Veda.
1867,100020069202401867,202401867,2024-09-06,2229,69,1,2,6,16,3,4,2024-09-06T00:00:00,2024-09-06T04:00:00,2024-09-06T00:00:00,13.16517,75.376551,Case registered at Ballari PS 40 regarding identity theft. Investigation ongoing under IO Hitesh.
1868,100230867202301868,202301868,2023-09-23,213,867,1,2,5,13,3,46,2023-09-23T00:00:00,2023-09-24T19:00:00,2023-09-23T00:00:00,14.855175,76.676386,Case registered at Raichur PS 3 regarding cheating. Investigation ongoing under IO Chakradev.
1869,100291047202501869,202501869,2025-04-07,2290,1047,1,2,3,8,4,58,2025-04-07T00:00:00,2025-04-07T22:00:00,2025-04-07T00:00:00,13.749986,74.791836,Case registered at Vijayapura PS 9 regarding domestic violence. Investigation ongoing under IO Harinakshi.
1870,100110440202401870,202401870,2024-09-02,1707,440,1,2,5,14,3,22,2024-09-02T00:00:00,2024-09-02T19:00:00,2024-09-02T00:00:00,17.846738,74.291568,Case registered at Dakshina Kannada PS 8 regarding criminal breach of trust. Investigation ongoing under IO Xiti.
1871,100080361202401871,202401871,2024-11-01,2076,361,1,2,4,11,1,15,2024-11-01T00:00:00,2024-11-02T12:00:00,2024-11-01T00:00:00,15.864111,74.047928,Case registered at Chikkaballapur PS 16 regarding gambling. Investigation ongoing under IO Praneel.
1872,100050195202301872,202301872,2023-08-20,1781,195,3,2,6,15,2,10,2023-08-20T00:00:00,2023-08-21T19:00:00,2023-08-20T00:00:00,17.953023,76.822543,Case registered at Bengaluru Urban PS 23 regarding online fraud. Investigation ongoing under IO Vasudha.
1873,100210806202601873,202601873,2026-06-04,1785,806,1,1,1,2,1,42,2026-06-04T00:00:00,2026-06-05T19:00:00,2026-06-04T00:00:00,16.718288,74.236289,Case registered at Mandya PS 28 regarding attempt to murder. Investigation ongoing under IO Faras.
1874,100090394202501874,202501874,2025-11-05,1108,394,3,2,3,10,1,18,2025-11-05T00:00:00,2025-11-05T10:00:00,2025-11-05T00:00:00,16.63984,76.137255,Case registered at Chikkamagaluru PS 20 regarding sexual assault. Investigation ongoing under IO Chanchal.
1875,100050206202501875,202501875,2025-08-29,2151,206,1,2,1,3,1,10,2025-08-29T00:00:00,2025-08-29T11:00:00,2025-08-29T00:00:00,12.612185,78.075379,Case registered at Bengaluru Urban PS 34 regarding grievous hurt. Investigation ongoing under IO Pallavi.
1876,100120504202401876,202401876,2024-01-21,2332,504,1,2,1,3,3,24,2024-01-21T00:00:00,2024-01-22T14:00:00,2024-01-21T00:00:00,12.603055,78.492328,Case registered at Davanagere PS 15 regarding grievous hurt. Investigation ongoing under IO Hemangini.
1877,100180695202301877,202301877,2023-05-09,1672,695,3,2,6,15,1,35,2023-05-09T00:00:00,2023-05-10T13:00:00,2023-05-09T00:00:00,15.465243,77.280024,Case registered at Kodagu PS 4 regarding online fraud. Investigation ongoing under IO Shaurya.
1878,100291039202401878,202401878,2024-05-21,1144,1039,3,1,1,2,2,57,2024-05-21T00:00:00,2024-05-22T22:00:00,2024-05-21T00:00:00,16.657658,76.673761,Case registered at Vijayapura PS 1 regarding attempt to murder. Investigation ongoing under IO Sarthak.
1879,100190744202401879,202401879,2024-02-17,1532,744,1,2,6,16,3,38,2024-02-17T00:00:00,2024-02-18T19:00:00,2024-02-17T00:00:00,15.445698,74.612146,Case registered at Kolar PS 24 regarding identity theft. Investigation ongoing under IO Lekha.
1880,100110488202501880,202501880,2025-08-21,766,488,1,2,4,12,2,22,2025-08-21T00:00:00,2025-08-21T15:00:00,2025-08-21T00:00:00,15.08611,76.196764,Case registered at Dakshina Kannada PS 56 regarding public nuisance. Investigation ongoing under IO Ryan.
1881,100050247202501881,202501881,2025-07-28,482,247,1,2,2,6,1,10,2025-07-28T00:00:00,2025-07-28T23:00:00,2025-07-28T00:00:00,14.870213,76.3841,Case registered at Bengaluru Urban PS 75 regarding burglary. Investigation ongoing under IO Gaurangi.
1882,100120512202601882,202601882,2026-06-03,226,512,2,2,4,11,3,24,2026-06-03T00:00:00,2026-06-03T22:00:00,2026-06-03T00:00:00,15.521395,77.497819,Case registered at Davanagere PS 23 regarding gambling. Investigation ongoing under IO Hardik.
1883,100180696202501883,202501883,2025-07-12,50,696,1,2,6,15,1,35,2025-07-12T00:00:00,2025-07-12T07:00:00,2025-07-12T00:00:00,12.534099,75.191745,Case registered at Kodagu PS 5 regarding online fraud. Investigation ongoing under IO Jai.
1884,100150592202301884,202301884,2023-01-14,2248,592,4,2,2,7,1,30,2023-01-14T00:00:00,2023-01-15T10:00:00,2023-01-14T00:00:00,12.076442,76.685654,Case registered at Hassan PS 16 regarding vehicle theft. Investigation ongoing under IO Ubika.
1885,100050234202501885,202501885,2025-11-05,1676,234,1,2,2,4,2,10,2025-11-05T00:00:00,2025-11-06T14:00:00,2025-11-05T00:00:00,18.31348,76.749812,Case registered at Bengaluru Urban PS 62 regarding theft. Investigation ongoing under IO Aashi.
1886,100281016202401886,202401886,2024-09-19,2326,1016,3,2,5,14,1,56,2024-09-19T00:00:00,2024-09-21T00:00:00,2024-09-19T00:00:00,12.182098,75.610567,Case registered at Uttara Kannada PS 7 regarding criminal breach of trust. Investigation ongoing under IO Ekaraj.
1887,100260966202601887,202601887,2026-06-18,1784,966,1,2,2,5,2,52,2026-06-18T00:00:00,2026-06-19T14:00:00,2026-06-18T00:00:00,16.619973,78.058935,Case registered at Tumakuru PS 15 regarding robbery. Investigation ongoing under IO Gaurang.
1888,100110466202401888,202401888,2024-05-14,815,466,1,2,5,14,3,22,2024-05-14T00:00:00,2024-05-14T21:00:00,2024-05-14T00:00:00,15.508728,74.989874,Case registered at Dakshina Kannada PS 34 regarding criminal breach of trust. Investigation ongoing under IO Vrinda.
1889,100220820202301889,202301889,2023-09-23,1789,820,1,2,5,13,2,44,2023-09-23T00:00:00,2023-09-24T14:00:00,2023-09-23T00:00:00,13.263436,78.208587,Case registered at Mysuru PS 13 regarding cheating. Investigation ongoing under IO Ira.
1890,100150598202301890,202301890,2023-06-11,2026,598,1,2,1,3,3,30,2023-06-11T00:00:00,2023-06-11T05:00:00,2023-06-11T00:00:00,14.223704,77.801195,Case registered at Hassan PS 22 regarding grievous hurt. Investigation ongoing under IO Timothy.
1891,100230879202301891,202301891,2023-12-07,2434,879,2,2,4,11,3,45,2023-12-07T00:00:00,2023-12-07T11:00:00,2023-12-07T00:00:00,15.487947,75.934806,Case registered at Raichur PS 15 regarding gambling. Investigation ongoing under IO Chavvi.
1892,100010019202501892,202501892,2025-06-02,1857,19,2,2,6,16,2,1,2025-06-02T00:00:00,2025-06-03T08:00:00,2025-06-02T00:00:00,14.945492,76.227004,Case registered at Bagalkot PS 19 regarding identity theft. Investigation ongoing under IO Reyansh.
1893,100070337202301893,202301893,2023-10-10,1268,337,4,2,5,13,1,14,2023-10-10T00:00:00,2023-10-11T04:00:00,2023-10-10T00:00:00,18.152724,75.699718,Case registered at Chamarajanagar PS 21 regarding cheating. Investigation ongoing under IO Abeer.
1894,100060312202401894,202401894,2024-04-19,831,312,4,2,1,1,4,12,2024-04-19T00:00:00,2024-04-20T11:00:00,2024-04-19T00:00:00,15.531209,77.027283,Case registered at Bidar PS 25 regarding murder. Investigation ongoing under IO Om.
1895,100230888202501895,202501895,2025-12-22,1942,888,4,2,5,14,2,45,2025-12-22T00:00:00,2025-12-22T17:00:00,2025-12-22T00:00:00,17.982392,77.326949,Case registered at Raichur PS 24 regarding criminal breach of trust. Investigation ongoing under IO Ekalinga.
1896,100230886202401896,202401896,2024-01-20,527,886,3,2,4,11,3,45,2024-01-20T00:00:00,2024-01-21T20:00:00,2024-01-20T00:00:00,16.52837,75.452966,Case registered at Raichur PS 22 regarding gambling. Investigation ongoing under IO Ethan.
1897,100200761202501897,202501897,2025-10-01,2094,761,1,2,6,16,3,39,2025-10-01T00:00:00,2025-10-02T20:00:00,2025-10-01T00:00:00,12.597441,74.018958,Case registered at Koppal PS 12 regarding identity theft. Investigation ongoing under IO Chakradev.
1898,100050273202501898,202501898,2025-02-03,1509,273,1,2,5,13,3,10,2025-02-03T00:00:00,2025-02-03T10:00:00,2025-02-03T00:00:00,14.676029,74.730351,Case registered at Bengaluru Urban PS 101 regarding cheating. Investigation ongoing under IO Ijaya.
1899,100170637202601899,202601899,2026-02-05,1713,637,1,2,5,13,1,34,2026-02-05T00:00:00,2026-02-06T22:00:00,2026-02-05T00:00:00,16.83602,75.865345,Case registered at Kalaburagi PS 3 regarding cheating. Investigation ongoing under IO Gagan.
1900,100030100202601900,202601900,2026-06-29,163,100,1,2,2,7,1,5,2026-06-29T00:00:00,2026-06-29T01:00:00,2026-06-29T00:00:00,17.219321,76.23475,Case registered at Belagavi PS 14 regarding vehicle theft. Investigation ongoing under IO Nidhi.
1901,100200761202301901,202301901,2023-06-20,1644,761,1,1,1,1,4,40,2023-06-20T00:00:00,2023-06-21T13:00:00,2023-06-20T00:00:00,15.735613,74.638659,Case registered at Koppal PS 12 regarding murder. Investigation ongoing under IO Saksham.
1902,100030127202401902,202401902,2024-02-03,1352,127,1,1,3,8,2,6,2024-02-03T00:00:00,2024-02-03T01:00:00,2024-02-03T00:00:00,12.932275,76.06583,Case registered at Belagavi PS 41 regarding domestic violence. Investigation ongoing under IO Nilima.
1903,100050178202301903,202301903,2023-03-29,350,178,1,2,1,1,3,9,2023-03-29T00:00:00,2023-03-30T19:00:00,2023-03-29T00:00:00,13.122906,74.746187,Case registered at Bengaluru Urban PS 6 regarding murder. Investigation ongoing under IO Yochana.
1904,100120514202401904,202401904,2024-10-05,687,514,1,2,4,11,4,23,2024-10-05T00:00:00,2024-10-05T10:00:00,2024-10-05T00:00:00,17.803331,76.926865,Case registered at Davanagere PS 25 regarding gambling. Investigation ongoing under IO Siddharth.
1905,100030143202601905,202601905,2026-07-09,1689,143,3,2,5,13,3,6,2026-07-09T00:00:00,2026-07-10T13:00:00,2026-07-09T00:00:00,12.960443,77.953876,Case registered at Belagavi PS 57 regarding cheating. Investigation ongoing under IO Ayush.
1906,100170654202301906,202301906,2023-12-15,217,654,2,2,6,15,3,34,2023-12-15T00:00:00,2023-12-16T03:00:00,2023-12-15T00:00:00,13.388605,76.425209,Case registered at Kalaburagi PS 20 regarding online fraud. Investigation ongoing under IO Charan.
1907,100220825202401907,202401907,2024-07-26,1115,825,4,2,2,6,1,43,2024-07-26T00:00:00,2024-07-27T09:00:00,2024-07-26T00:00:00,17.314356,74.415709,Case registered at Mysuru PS 18 regarding burglary. Investigation ongoing under IO Om.
1908,100050231202401908,202401908,2024-05-04,2282,231,1,2,6,15,2,9,2024-05-04T00:00:00,2024-05-05T02:00:00,2024-05-04T00:00:00,12.745012,74.594011,Case registered at Bengaluru Urban PS 59 regarding online fraud. Investigation ongoing under IO Yochana.
1909,100010009202601909,202601909,2026-06-17,1956,9,1,2,2,7,2,1,2026-06-17T00:00:00,2026-06-17T17:00:00,2026-06-17T00:00:00,15.134379,75.36925,Case registered at Bagalkot PS 9 regarding vehicle theft. Investigation ongoing under IO Arin.
1910,100180711202301910,202301910,2023-03-24,268,711,1,2,2,5,3,35,2023-03-24T00:00:00,2023-03-24T15:00:00,2023-03-24T00:00:00,16.518826,78.181707,Case registered at Kodagu PS 20 regarding robbery. Investigation ongoing under IO Chanchal.
1911,100020053202301911,202301911,2023-10-15,558,53,1,2,2,5,1,4,2023-10-15T00:00:00,2023-10-16T14:00:00,2023-10-15T00:00:00,17.427325,77.962623,Case registered at Ballari PS 24 regarding robbery. Investigation ongoing under IO Yashasvi.
1912,100050231202501912,202501912,2025-11-24,35,231,1,2,3,10,2,10,2025-11-24T00:00:00,2025-11-24T19:00:00,2025-11-24T00:00:00,15.57495,77.613616,Case registered at Bengaluru Urban PS 59 regarding sexual assault. Investigation ongoing under IO Chaaya.
1913,100090396202301913,202301913,2023-12-14,808,396,1,2,6,15,3,18,2023-12-14T00:00:00,2023-12-15T10:00:00,2023-12-14T00:00:00,17.535214,75.80886,Case registered at Chikkamagaluru PS 22 regarding online fraud. Investigation ongoing under IO Leela.
1914,100281025202401914,202401914,2024-12-31,217,1025,2,2,1,1,3,55,2024-12-31T00:00:00,2024-12-31T04:00:00,2024-12-31T00:00:00,15.186665,74.937375,Case registered at Uttara Kannada PS 16 regarding murder. Investigation ongoing under IO Charan.
1915,100110461202601915,202601915,2026-02-10,139,461,1,1,3,10,1,21,2026-02-10T00:00:00,2026-02-11T13:00:00,2026-02-10T00:00:00,18.228595,77.087977,Case registered at Dakshina Kannada PS 29 regarding sexual assault. Investigation ongoing under IO Tamanna.
1916,100060294202501916,202501916,2025-03-27,1464,294,1,2,6,16,1,12,2025-03-27T00:00:00,2025-03-28T08:00:00,2025-03-27T00:00:00,17.307157,74.729641,Case registered at Bidar PS 7 regarding identity theft. Investigation ongoing under IO Laban.
1917,100230877202501917,202501917,2025-11-27,1949,877,1,2,5,14,2,46,2025-11-27T00:00:00,2025-11-27T12:00:00,2025-11-27T00:00:00,14.544309,74.558222,Case registered at Raichur PS 13 regarding criminal breach of trust. Investigation ongoing under IO Jason.
1918,100100416202401918,202401918,2024-11-17,2289,416,1,2,5,13,2,19,2024-11-17T00:00:00,2024-11-17T13:00:00,2024-11-17T00:00:00,15.247334,76.932848,Case registered at Chitradurga PS 13 regarding cheating. Investigation ongoing under IO Hemangini.
1919,100170689202401919,202401919,2024-09-05,1416,689,1,2,1,2,1,33,2024-09-05T00:00:00,2024-09-05T14:00:00,2024-09-05T00:00:00,13.460399,74.474895,Case registered at Kalaburagi PS 55 regarding attempt to murder. Investigation ongoing under IO Aashi.
1920,100010001202401920,202401920,2024-10-23,1138,1,1,2,6,15,3,2,2024-10-23T00:00:00,2024-10-23T09:00:00,2024-10-23T00:00:00,16.143201,78.209686,Case registered at Bagalkot PS 1 regarding online fraud. Investigation ongoing under IO Laksh.
1921,100050198202501921,202501921,2025-05-15,1138,198,1,2,4,12,2,10,2025-05-15T00:00:00,2025-05-15T22:00:00,2025-05-15T00:00:00,12.409148,78.276569,Case registered at Bengaluru Urban PS 26 regarding public nuisance. Investigation ongoing under IO Laksh.
1922,100230885202301922,202301922,2023-02-20,1501,885,1,2,6,16,1,45,2023-02-20T00:00:00,2023-02-21T17:00:00,2023-02-20T00:00:00,16.053109,77.212015,Case registered at Raichur PS 21 regarding identity theft. Investigation ongoing under IO Hamsini.
1923,100160607202401923,202401923,2024-05-08,491,607,2,2,5,13,3,31,2024-05-08T00:00:00,2024-05-09T22:00:00,2024-05-08T00:00:00,15.273152,76.260947,Case registered at Haveri PS 2 regarding cheating. Investigation ongoing under IO Champak.
1924,100291051202501924,202501924,2025-03-01,536,1051,1,2,5,14,3,58,2025-03-01T00:00:00,2025-03-02T11:00:00,2025-03-01T00:00:00,12.623373,77.86885,Case registered at Vijayapura PS 13 regarding criminal breach of trust. Investigation ongoing under IO Anvi.
1925,100050210202401925,202401925,2024-12-05,258,210,1,2,1,2,2,10,2024-12-05T00:00:00,2024-12-06T15:00:00,2024-12-05T00:00:00,14.388789,74.696416,Case registered at Bengaluru Urban PS 38 regarding attempt to murder. Investigation ongoing under IO Akshay.
1926,100170662202401926,202401926,2024-09-04,1676,662,2,2,6,16,1,34,2024-09-04T00:00:00,2024-09-05T22:00:00,2024-09-04T00:00:00,18.196414,77.798852,Case registered at Kalaburagi PS 28 regarding identity theft. Investigation ongoing under IO Aashi.
1927,100040172202501927,202501927,2025-09-11,1475,172,1,2,6,15,2,8,2025-09-11T00:00:00,2025-09-12T09:00:00,2025-09-11T00:00:00,13.977309,77.722872,Case registered at Bengaluru Rural PS 29 regarding online fraud. Investigation ongoing under IO Tamanna.
1928,100050210202601928,202601928,2026-05-17,2325,210,1,2,4,11,4,9,2026-05-17T00:00:00,2026-05-18T15:00:00,2026-05-17T00:00:00,13.675744,77.964839,Case registered at Bengaluru Urban PS 38 regarding gambling. Investigation ongoing under IO Advaith.
1929,100260965202401929,202401929,2024-08-17,2092,965,1,2,3,9,1,52,2024-08-17T00:00:00,2024-08-17T18:00:00,2024-08-17T00:00:00,17.425383,74.60297,Case registered at Tumakuru PS 14 regarding dowry harassment. Investigation ongoing under IO Krishna.
1930,100291053202301930,202301930,2023-11-29,1012,1053,1,2,4,11,1,57,2023-11-29T00:00:00,2023-11-29T13:00:00,2023-11-29T00:00:00,12.034443,78.018525,Case registered at Vijayapura PS 15 regarding gambling. Investigation ongoing under IO Keya.
1931,100130527202401931,202401931,2024-08-22,2457,527,3,2,6,16,1,25,2024-08-22T00:00:00,2024-08-22T19:00:00,2024-08-22T00:00:00,13.88422,74.916841,Case registered at Dharwad PS 9 regarding identity theft. Investigation ongoing under IO Arjun.
1932,100020055202301932,202301932,2023-04-16,342,55,1,2,3,9,1,3,2023-04-16T00:00:00,2023-04-16T17:00:00,2023-04-16T00:00:00,14.805614,74.505885,Case registered at Ballari PS 26 regarding dowry harassment. Investigation ongoing under IO Viraj.
1933,100170663202601933,202601933,2026-06-02,714,663,3,2,6,15,2,33,2026-06-02T00:00:00,2026-06-03T04:00:00,2026-06-02T00:00:00,12.400829,77.955812,Case registered at Kalaburagi PS 29 regarding online fraud. Investigation ongoing under IO Manthan.
1934,100281022202501934,202501934,2025-12-30,1045,1022,2,2,1,1,1,56,2025-12-30T00:00:00,2025-12-30T20:00:00,2025-12-30T00:00:00,14.529589,74.09338,Case registered at Uttara Kannada PS 13 regarding murder. Investigation ongoing under IO Eshana.
1935,100311113202401935,202401935,2024-03-19,308,1113,2,1,3,10,2,62,2024-03-19T00:00:00,2024-03-19T05:00:00,2024-03-19T00:00:00,15.443891,74.282076,Case registered at Vijayanagara PS 17 regarding sexual assault. Investigation ongoing under IO Laksh.
1936,100220829202501936,202501936,2025-06-24,436,829,1,2,6,15,3,43,2025-06-24T00:00:00,2025-06-24T12:00:00,2025-06-24T00:00:00,14.76267,75.773572,Case registered at Mysuru PS 22 regarding online fraud. Investigation ongoing under IO Falguni.
1937,100010011202401937,202401937,2024-04-14,2292,11,1,2,2,6,1,1,2024-04-14T00:00:00,2024-04-14T22:00:00,2024-04-14T00:00:00,13.248212,75.435716,Case registered at Bagalkot PS 11 regarding burglary. Investigation ongoing under IO Madhavi.
1938,100210793202501938,202501938,2025-06-27,1013,793,1,2,5,14,3,42,2025-06-27T00:00:00,2025-06-27T04:00:00,2025-06-27T00:00:00,15.726623,78.526778,Case registered at Mandya PS 15 regarding criminal breach of trust. Investigation ongoing under IO Girik.
1939,100080346202401939,202401939,2024-11-02,754,346,1,1,3,8,1,15,2024-11-02T00:00:00,2024-11-03T11:00:00,2024-11-02T00:00:00,18.215421,74.435796,Case registered at Chikkaballapur PS 1 regarding domestic violence. Investigation ongoing under IO Radhika.
1940,100150599202401940,202401940,2024-03-16,245,599,2,2,2,5,4,29,2024-03-16T00:00:00,2024-03-16T02:00:00,2024-03-16T00:00:00,17.15585,75.519503,Case registered at Hassan PS 23 regarding robbery. Investigation ongoing under IO Vyanjana.
1941,100010013202601941,202601941,2026-06-14,1308,13,1,1,1,2,2,2,2026-06-14T00:00:00,2026-06-15T10:00:00,2026-06-14T00:00:00,15.378202,74.17743,Case registered at Bagalkot PS 13 regarding attempt to murder. Investigation ongoing under IO Noah.
1942,100050228202501942,202501942,2025-01-19,1666,228,1,2,4,12,4,9,2025-01-19T00:00:00,2025-01-20T09:00:00,2025-01-19T00:00:00,12.970334,76.440463,Case registered at Bengaluru Urban PS 56 regarding public nuisance. Investigation ongoing under IO Peter.
1943,100020041202301943,202301943,2023-08-04,207,41,1,2,2,4,3,3,2023-08-04T00:00:00,2023-08-05T16:00:00,2023-08-04T00:00:00,16.395792,77.71112,Case registered at Ballari PS 12 regarding theft. Investigation ongoing under IO Reyansh.
1944,100010001202601944,202601944,2026-05-22,1527,1,1,1,3,8,2,1,2026-05-22T00:00:00,2026-05-23T22:00:00,2026-05-22T00:00:00,13.925264,77.829786,Case registered at Bagalkot PS 1 regarding domestic violence. Investigation ongoing under IO Ojasvi.
1945,100270985202401945,202401945,2024-05-30,709,985,1,2,6,16,1,54,2024-05-30T00:00:00,2024-05-31T14:00:00,2024-05-30T00:00:00,16.092893,76.977617,Case registered at Udupi PS 5 regarding identity theft. Investigation ongoing under IO Vasudha.
1946,100170689202401946,202401946,2024-08-31,1817,689,1,2,6,16,2,34,2024-08-31T00:00:00,2024-08-31T21:00:00,2024-08-31T00:00:00,13.113439,75.272976,Case registered at Kalaburagi PS 55 regarding identity theft. Investigation ongoing under IO Triya.
1947,100301086202501947,202501947,2025-01-23,1695,1086,1,2,1,2,1,59,2025-01-23T00:00:00,2025-01-23T05:00:00,2025-01-23T00:00:00,12.594714,78.595563,Case registered at Yadgir PS 19 regarding attempt to murder. Investigation ongoing under IO Diya.
1948,100281038202601948,202601948,2026-02-28,162,1038,4,1,1,1,2,56,2026-02-28T00:00:00,2026-03-01T14:00:00,2026-02-28T00:00:00,11.821306,78.377251,Case registered at Uttara Kannada PS 29 regarding murder. Investigation ongoing under IO Vedika.
1949,100291050202501949,202501949,2025-02-11,2143,1050,1,2,1,2,4,57,2025-02-11T00:00:00,2025-02-11T15:00:00,2025-02-11T00:00:00,12.82236,77.453218,Case registered at Vijayapura PS 12 regarding attempt to murder. Investigation ongoing under IO Xiti.
1950,100301074202501950,202501950,2025-05-03,1799,1074,1,2,5,13,1,59,2025-05-03T00:00:00,2025-05-04T09:00:00,2025-05-03T00:00:00,14.166535,76.199398,Case registered at Yadgir PS 7 regarding cheating. Investigation ongoing under IO Sanya.
1951,100150592202301951,202301951,2023-09-11,1947,592,1,2,4,11,2,30,2023-09-11T00:00:00,2023-09-11T12:00:00,2023-09-11T00:00:00,15.47254,76.128739,Case registered at Hassan PS 16 regarding gambling. Investigation ongoing under IO Pallavi.
1952,100190744202401952,202401952,2024-05-24,1510,744,1,2,6,16,1,37,2024-05-24T00:00:00,2024-05-25T12:00:00,2024-05-24T00:00:00,17.126605,77.075751,Case registered at Kolar PS 24 regarding identity theft. Investigation ongoing under IO Naveen.
1953,100291059202501953,202501953,2025-02-09,1121,1059,1,2,2,5,4,58,2025-02-09T00:00:00,2025-02-09T03:00:00,2025-02-09T00:00:00,16.125549,76.671174,Case registered at Vijayapura PS 21 regarding robbery. Investigation ongoing under IO Yuvraj.
1954,100130526202601954,202601954,2026-02-08,2224,526,1,2,6,15,3,25,2026-02-08T00:00:00,2026-02-08T02:00:00,2026-02-08T00:00:00,12.958742,78.577258,Case registered at Dharwad PS 8 regarding online fraud. Investigation ongoing under IO Simon.
1955,100230884202301955,202301955,2023-03-30,332,884,2,2,5,13,2,46,2023-03-30T00:00:00,2023-03-31T18:00:00,2023-03-30T00:00:00,17.704684,75.257364,Case registered at Raichur PS 20 regarding cheating. Investigation ongoing under IO Nikita.
1956,100220818202401956,202401956,2024-01-15,33,818,1,2,1,1,3,44,2024-01-15T00:00:00,2024-01-16T15:00:00,2024-01-15T00:00:00,17.603797,77.449822,Case registered at Mysuru PS 11 regarding murder. Investigation ongoing under IO Advay.
1957,100110467202601957,202601957,2026-07-03,1694,467,1,1,3,8,4,21,2026-07-03T00:00:00,2026-07-04T00:00:00,2026-07-03T00:00:00,13.936792,74.994485,Case registered at Dakshina Kannada PS 35 regarding domestic violence. Investigation ongoing under IO Daksh.
1958,100140552202501958,202501958,2025-09-09,1726,552,1,2,4,11,4,27,2025-09-09T00:00:00,2025-09-10T12:00:00,2025-09-09T00:00:00,14.957845,75.481042,Case registered at Gadag PS 5 regarding gambling. Investigation ongoing under IO Pooja.
1959,100220862202301959,202301959,2023-06-09,1390,862,1,2,5,13,1,43,2023-06-09T00:00:00,2023-06-10T04:00:00,2023-06-09T00:00:00,12.215029,74.131714,Case registered at Mysuru PS 55 regarding cheating. Investigation ongoing under IO Tara.
1960,100170664202401960,202401960,2024-07-28,2399,664,4,2,1,3,2,33,2024-07-28T00:00:00,2024-07-28T08:00:00,2024-07-28T00:00:00,16.051109,76.384705,Case registered at Kalaburagi PS 30 regarding grievous hurt. Investigation ongoing under IO Warjas.
1961,100170688202401961,202401961,2024-05-14,139,688,1,2,5,13,1,34,2024-05-14T00:00:00,2024-05-15T03:00:00,2024-05-14T00:00:00,13.128573,76.509549,Case registered at Kalaburagi PS 54 regarding cheating. Investigation ongoing under IO Tamanna.
1962,100160626202401962,202401962,2024-03-11,2037,626,4,2,2,7,2,31,2024-03-11T00:00:00,2024-03-12T10:00:00,2024-03-11T00:00:00,14.597671,76.670538,Case registered at Haveri PS 21 regarding vehicle theft. Investigation ongoing under IO Yochana.
1963,100110444202401963,202401963,2024-06-26,919,444,1,2,4,11,2,21,2024-06-26T00:00:00,2024-06-26T22:00:00,2024-06-26T00:00:00,16.045867,74.690089,Case registered at Dakshina Kannada PS 12 regarding gambling. Investigation ongoing under IO Deepa.
1964,100020039202301964,202301964,2023-03-21,215,39,1,2,2,4,1,3,2023-03-21T00:00:00,2023-03-21T07:00:00,2023-03-21T00:00:00,17.431254,76.184171,Case registered at Ballari PS 10 regarding theft. Investigation ongoing under IO Harshil.
1965,100311115202401965,202401965,2024-01-12,413,1115,3,2,1,2,2,61,2024-01-12T00:00:00,2024-01-12T06:00:00,2024-01-12T00:00:00,17.308245,76.160116,Case registered at Vijayanagara PS 19 regarding attempt to murder. Investigation ongoing under IO Ekantika.
1966,100120515202601966,202601966,2026-01-22,1851,515,1,1,3,10,1,23,2026-01-22T00:00:00,2026-01-22T12:00:00,2026-01-22T00:00:00,12.483585,75.876391,Case registered at Davanagere PS 26 regarding sexual assault. Investigation ongoing under IO Harini.
1967,100010011202401967,202401967,2024-12-23,1168,11,1,2,6,15,1,1,2024-12-23T00:00:00,2024-12-23T15:00:00,2024-12-23T00:00:00,17.417959,76.078353,Case registered at Bagalkot PS 11 regarding online fraud. Investigation ongoing under IO Udarsh.
1968,100050181202401968,202401968,2024-03-18,854,181,1,2,5,13,1,9,2024-03-18T00:00:00,2024-03-19T05:00:00,2024-03-18T00:00:00,15.588814,76.322416,Case registered at Bengaluru Urban PS 9 regarding cheating. Investigation ongoing under IO Kevin.
1969,100200760202601969,202601969,2026-03-18,1011,760,1,2,6,15,1,40,2026-03-18T00:00:00,2026-03-19T04:00:00,2026-03-18T00:00:00,12.395065,76.33714,Case registered at Koppal PS 11 regarding online fraud. Investigation ongoing under IO Henry.
1970,100160626202501970,202501970,2025-03-02,1284,626,2,1,3,8,3,32,2025-03-02T00:00:00,2025-03-02T18:00:00,2025-03-02T00:00:00,13.178737,74.588476,Case registered at Haveri PS 21 regarding domestic violence. Investigation ongoing under IO Triya.
1971,100020048202401971,202401971,2024-04-12,697,48,2,2,4,11,2,4,2024-04-12T00:00:00,2024-04-12T21:00:00,2024-04-12T00:00:00,16.868623,74.111979,Case registered at Ballari PS 19 regarding gambling. Investigation ongoing under IO Omisha.
1972,100190747202601972,202601972,2026-02-12,1904,747,1,2,5,14,2,37,2026-02-12T00:00:00,2026-02-12T17:00:00,2026-02-12T00:00:00,16.073156,74.727891,Case registered at Kolar PS 27 regarding criminal breach of trust. Investigation ongoing under IO Victor.
1973,100270993202301973,202301973,2023-09-20,1764,993,3,2,6,16,1,53,2023-09-20T00:00:00,2023-09-21T04:00:00,2023-09-20T00:00:00,16.730292,74.409824,Case registered at Udupi PS 13 regarding identity theft. Investigation ongoing under IO Azaan.
1974,100311123202401974,202401974,2024-06-25,468,1123,1,1,3,10,1,61,2024-06-25T00:00:00,2024-06-26T18:00:00,2024-06-25T00:00:00,17.851525,78.274596,Case registered at Vijayanagara PS 27 regarding sexual assault. Investigation ongoing under IO Tanveer.
1975,100050215202501975,202501975,2025-09-13,2005,215,1,2,6,16,1,10,2025-09-13T00:00:00,2025-09-13T08:00:00,2025-09-13T00:00:00,14.845385,74.72008,Case registered at Bengaluru Urban PS 43 regarding identity theft. Investigation ongoing under IO Mitesh.
1976,100281028202601976,202601976,2026-05-07,635,1028,2,2,2,7,1,56,2026-05-07T00:00:00,2026-05-08T02:00:00,2026-05-07T00:00:00,18.264458,75.973619,Case registered at Uttara Kannada PS 19 regarding vehicle theft. Investigation ongoing under IO Urishilla.
1977,100220814202401977,202401977,2024-07-20,277,814,2,2,3,10,3,43,2024-07-20T00:00:00,2024-07-21T08:00:00,2024-07-20T00:00:00,14.048392,74.644117,Case registered at Mysuru PS 7 regarding sexual assault. Investigation ongoing under IO Yadavi.
1978,100130545202501978,202501978,2025-07-05,1638,545,1,2,6,16,4,25,2025-07-05T00:00:00,2025-07-05T02:00:00,2025-07-05T00:00:00,13.526645,75.190809,Case registered at Dharwad PS 27 regarding identity theft. Investigation ongoing under IO Ojas.
1979,100281036202601979,202601979,2026-03-01,1313,1036,1,2,5,14,1,55,2026-03-01T00:00:00,2026-03-02T06:00:00,2026-03-01T00:00:00,17.068412,78.341429,Case registered at Uttara Kannada PS 27 regarding criminal breach of trust. Investigation ongoing under IO Brijesh.
1980,100220817202301980,202301980,2023-09-16,2292,817,1,2,5,13,1,43,2023-09-16T00:00:00,2023-09-17T20:00:00,2023-09-16T00:00:00,15.902386,74.241069,Case registered at Mysuru PS 10 regarding cheating. Investigation ongoing under IO Madhavi.
1981,100110465202601981,202601981,2026-05-31,904,465,1,2,4,11,2,22,2026-05-31T00:00:00,2026-06-01T11:00:00,2026-05-31T00:00:00,13.230533,77.326689,Case registered at Dakshina Kannada PS 33 regarding gambling. Investigation ongoing under IO Devansh.
1982,100020058202601982,202601982,2026-07-12,2267,58,1,1,3,9,2,4,2026-07-12T00:00:00,2026-07-13T19:00:00,2026-07-12T00:00:00,17.351758,76.397118,Case registered at Ballari PS 29 regarding dowry harassment. Investigation ongoing under IO Vidhi.
1983,100010014202501983,202501983,2025-12-30,409,14,4,2,6,16,3,2,2025-12-30T00:00:00,2025-12-31T07:00:00,2025-12-30T00:00:00,16.378645,74.65338,Case registered at Bagalkot PS 14 regarding identity theft. Investigation ongoing under IO Rudra.
1984,100200757202501984,202501984,2025-09-06,2477,757,2,1,1,1,4,40,2025-09-06T00:00:00,2025-09-06T23:00:00,2025-09-06T00:00:00,14.812505,76.618491,Case registered at Koppal PS 8 regarding murder. Investigation ongoing under IO Oviya.
1985,100220833202501985,202501985,2025-06-08,2365,833,1,2,5,13,1,44,2025-06-08T00:00:00,2025-06-08T11:00:00,2025-06-08T00:00:00,17.974367,74.309359,Case registered at Mysuru PS 26 regarding cheating. Investigation ongoing under IO Bimala.
1986,100010021202401986,202401986,2024-07-15,91,21,1,2,6,15,1,1,2024-07-15T00:00:00,2024-07-16T05:00:00,2024-07-15T00:00:00,13.390054,77.094513,Case registered at Bagalkot PS 21 regarding online fraud. Investigation ongoing under IO Hemang.
1987,100020053202301987,202301987,2023-08-04,2212,53,1,2,1,2,4,4,2023-08-04T00:00:00,2023-08-05T03:00:00,2023-08-04T00:00:00,12.501118,74.089061,Case registered at Ballari PS 24 regarding attempt to murder. Investigation ongoing under IO Barkha.
1988,100220821202501988,202501988,2025-01-24,2016,821,3,2,3,8,2,43,2025-01-24T00:00:00,2025-01-25T20:00:00,2025-01-24T00:00:00,13.251215,75.294764,Case registered at Mysuru PS 14 regarding domestic violence. Investigation ongoing under IO Jalsa.
1989,100210805202301989,202301989,2023-03-10,2053,805,1,2,4,12,1,41,2023-03-10T00:00:00,2023-03-11T16:00:00,2023-03-10T00:00:00,17.239192,77.45465,Case registered at Mandya PS 27 regarding public nuisance. Investigation ongoing under IO Dipta.
1990,100260957202301990,202301990,2023-05-07,2191,957,1,2,5,14,3,51,2023-05-07T00:00:00,2023-05-07T05:00:00,2023-05-07T00:00:00,15.332661,77.692381,Case registered at Tumakuru PS 6 regarding criminal breach of trust. Investigation ongoing under IO Kalpit.
1991,100250947202301991,202301991,2023-08-31,787,947,2,2,6,15,2,50,2023-08-31T00:00:00,2023-08-31T20:00:00,2023-08-31T00:00:00,17.588824,75.839067,Case registered at Shivamogga PS 25 regarding online fraud. Investigation ongoing under IO Gunbir.
1992,100070319202501992,202501992,2025-01-25,2286,319,1,2,5,13,1,14,2025-01-25T00:00:00,2025-01-25T16:00:00,2025-01-25T00:00:00,11.907904,77.458358,Case registered at Chamarajanagar PS 3 regarding cheating. Investigation ongoing under IO Urvashi.
1993,100050286202301993,202301993,2023-11-01,1879,286,3,2,5,13,1,10,2023-11-01T00:00:00,2023-11-01T16:00:00,2023-11-01T00:00:00,17.901356,78.284237,Case registered at Bengaluru Urban PS 114 regarding cheating. Investigation ongoing under IO Nitesh.
1994,100291049202501994,202501994,2025-10-28,2496,1049,2,2,3,9,1,57,2025-10-28T00:00:00,2025-10-28T12:00:00,2025-10-28T00:00:00,15.624965,77.976381,Case registered at Vijayapura PS 11 regarding dowry harassment. Investigation ongoing under IO Mugdha.
1995,100271006202301995,202301995,2023-11-27,776,1006,3,2,3,8,3,54,2023-11-27T00:00:00,2023-11-27T18:00:00,2023-11-27T00:00:00,13.569143,75.037989,Case registered at Udupi PS 26 regarding domestic violence. Investigation ongoing under IO Frederick.
1996,100030102202501996,202501996,2025-03-10,975,102,1,1,3,9,1,6,2025-03-10T00:00:00,2025-03-10T09:00:00,2025-03-10T00:00:00,13.452734,74.999436,Case registered at Belagavi PS 16 regarding dowry harassment. Investigation ongoing under IO Amaira.
1997,100130537202601997,202601997,2026-06-13,1032,537,1,2,2,4,2,25,2026-06-13T00:00:00,2026-06-13T04:00:00,2026-06-13T00:00:00,13.505618,77.017823,Case registered at Dharwad PS 19 regarding theft. Investigation ongoing under IO Odika.
1998,100180693202401998,202401998,2024-08-17,36,693,2,2,1,1,3,36,2024-08-17T00:00:00,2024-08-18T12:00:00,2024-08-17T00:00:00,16.83594,76.571683,Case registered at Kodagu PS 2 regarding murder. Investigation ongoing under IO Adya.
1999,100110477202501999,202501999,2025-11-29,155,477,3,1,1,1,1,21,2025-11-29T00:00:00,2025-11-30T12:00:00,2025-11-29T00:00:00,17.322015,74.503148,Case registered at Dakshina Kannada PS 45 regarding murder. Investigation ongoing under IO Nikita.
2000,100200751202502000,202502000,2025-01-24,203,751,3,2,5,14,2,39,2025-01-24T00:00:00,2025-01-24T12:00:00,2025-01-24T00:00:00,13.757795,75.391945,Case registered at Koppal PS 2 regarding criminal breach of trust. Investigation ongoing under IO Yagnesh.
2001,100020049202602001,202602001,2026-06-13,402,49,1,1,1,3,4,3,2026-06-13T00:00:00,2026-06-14T05:00:00,2026-06-13T00:00:00,14.550447,74.278685,Case registered at Ballari PS 20 regarding grievous hurt. Investigation ongoing under IO Yagnesh.
2002,100010028202502002,202502002,2025-01-29,904,28,1,2,2,5,3,2,2025-01-29T00:00:00,2025-01-30T12:00:00,2025-01-29T00:00:00,13.527641,75.637745,Case registered at Bagalkot PS 28 regarding robbery. Investigation ongoing under IO Devansh.
2003,100170686202502003,202502003,2025-10-09,1585,686,1,2,6,16,2,33,2025-10-09T00:00:00,2025-10-09T09:00:00,2025-10-09T00:00:00,15.148373,74.470698,Case registered at Kalaburagi PS 52 regarding identity theft. Investigation ongoing under IO Aarna.
2004,100170656202402004,202402004,2024-07-02,574,656,2,2,4,11,1,33,2024-07-02T00:00:00,2024-07-03T02:00:00,2024-07-02T00:00:00,14.616322,74.045267,Case registered at Kalaburagi PS 22 regarding gambling. Investigation ongoing under IO Chandani.
2005,100291067202502005,202502005,2025-04-27,2264,1067,1,1,3,8,3,58,2025-04-27T00:00:00,2025-04-27T21:00:00,2025-04-27T00:00:00,17.175853,77.559211,Case registered at Vijayapura PS 29 regarding domestic violence. Investigation ongoing under IO Andrew.
2006,100110441202302006,202302006,2023-05-13,869,441,4,2,2,4,2,21,2023-05-13T00:00:00,2023-05-13T22:00:00,2023-05-13T00:00:00,12.053484,77.326877,Case registered at Dakshina Kannada PS 9 regarding theft. Investigation ongoing under IO Nitesh.
2007,100220822202302007,202302007,2023-07-30,76,822,1,1,1,3,2,44,2023-07-30T00:00:00,2023-07-31T17:00:00,2023-07-30T00:00:00,17.764097,75.630854,Case registered at Mysuru PS 15 regarding grievous hurt. Investigation ongoing under IO Dakshesh.
2008,100260953202302008,202302008,2023-05-05,843,953,1,2,4,11,3,51,2023-05-05T00:00:00,2023-05-06T17:00:00,2023-05-05T00:00:00,17.783144,76.694936,Case registered at Tumakuru PS 2 regarding gambling. Investigation ongoing under IO Aarnav.
2009,100050221202402009,202402009,2024-11-07,1285,221,1,2,3,8,3,9,2024-11-07T00:00:00,2024-11-07T07:00:00,2024-11-07T00:00:00,12.291799,77.700993,Case registered at Bengaluru Urban PS 49 regarding domestic violence. Investigation ongoing under IO Ekalinga.
2010,100080350202302010,202302010,2023-03-30,1281,350,1,2,2,5,1,16,2023-03-30T00:00:00,2023-03-31T09:00:00,2023-03-30T00:00:00,15.087475,78.392633,Case registered at Chikkaballapur PS 5 regarding robbery. Investigation ongoing under IO Yauvani.
2011,100050228202502011,202502011,2025-10-20,518,228,1,2,5,14,4,10,2025-10-20T00:00:00,2025-10-20T01:00:00,2025-10-20T00:00:00,16.589702,74.904135,Case registered at Bengaluru Urban PS 56 regarding criminal breach of trust. Investigation ongoing under IO Ekaja.
2012,100050176202402012,202402012,2024-01-17,622,176,1,2,6,16,3,9,2024-01-17T00:00:00,2024-01-17T21:00:00,2024-01-17T00:00:00,14.297132,77.215833,Case registered at Bengaluru Urban PS 4 regarding identity theft. Investigation ongoing under IO Reyansh.
2013,100291046202602013,202602013,2026-01-11,1146,1046,4,2,5,13,2,57,2026-01-11T00:00:00,2026-01-12T00:00:00,2026-01-11T00:00:00,11.788033,77.652821,Case registered at Vijayapura PS 8 regarding cheating. Investigation ongoing under IO Indrajit.
2014,100110480202402014,202402014,2024-06-28,791,480,1,2,2,5,4,22,2024-06-28T00:00:00,2024-06-28T17:00:00,2024-06-28T00:00:00,13.200337,74.096498,Case registered at Dakshina Kannada PS 48 regarding robbery. Investigation ongoing under IO Yagnesh.
2015,100230871202302015,202302015,2023-08-29,1047,871,1,1,1,1,1,46,2023-08-29T00:00:00,2023-08-30T02:00:00,2023-08-29T00:00:00,15.964121,78.432571,Case registered at Raichur PS 7 regarding murder. Investigation ongoing under IO Oni.
2016,100030118202502016,202502016,2025-07-11,194,118,1,2,5,13,2,6,2025-07-11T00:00:00,2025-07-12T09:00:00,2025-07-11T00:00:00,16.865219,76.971196,Case registered at Belagavi PS 32 regarding cheating. Investigation ongoing under IO Ucchal.
2017,100190726202402017,202402017,2024-02-29,2073,726,1,2,6,16,1,37,2024-02-29T00:00:00,2024-02-29T04:00:00,2024-02-29T00:00:00,12.104195,78.561153,Case registered at Kolar PS 6 regarding identity theft. Investigation ongoing under IO Zashil.
2018,100080367202302018,202302018,2023-12-14,2301,367,1,2,2,6,3,16,2023-12-14T00:00:00,2023-12-14T02:00:00,2023-12-14T00:00:00,16.779159,78.30123,Case registered at Chikkaballapur PS 22 regarding burglary. Investigation ongoing under IO Yahvi.
2019,100120507202602019,202602019,2026-06-23,172,507,1,2,1,2,2,24,2026-06-23T00:00:00,2026-06-23T16:00:00,2026-06-23T00:00:00,12.019681,78.045885,Case registered at Davanagere PS 18 regarding attempt to murder. Investigation ongoing under IO Inaya.
2020,100210786202602020,202602020,2026-06-21,1594,786,1,2,4,12,1,41,2026-06-21T00:00:00,2026-06-21T03:00:00,2026-06-21T00:00:00,16.208321,76.643412,Case registered at Mandya PS 8 regarding public nuisance. Investigation ongoing under IO Hardik.
2021,100250932202502021,202502021,2025-09-23,1488,932,1,2,3,8,4,50,2025-09-23T00:00:00,2025-09-23T02:00:00,2025-09-23T00:00:00,15.021925,75.965316,Case registered at Shivamogga PS 10 regarding domestic violence. Investigation ongoing under IO Lekha.
2022,100250935202602022,202602022,2026-03-04,1604,935,1,2,5,13,2,49,2026-03-04T00:00:00,2026-03-05T00:00:00,2026-03-04T00:00:00,13.136893,75.137811,Case registered at Shivamogga PS 13 regarding cheating. Investigation ongoing under IO Umang.
2023,100130522202302023,202302023,2023-02-20,185,522,1,2,6,16,1,25,2023-02-20T00:00:00,2023-02-21T12:00:00,2023-02-20T00:00:00,14.545734,76.242226,Case registered at Dharwad PS 4 regarding identity theft. Investigation ongoing under IO Benjamin.
2024,100170680202502024,202502024,2025-01-29,431,680,1,2,6,15,2,33,2025-01-29T00:00:00,2025-01-30T22:00:00,2025-01-29T00:00:00,14.375187,74.651608,Case registered at Kalaburagi PS 46 regarding online fraud. Investigation ongoing under IO Libni.
2025,100150602202602025,202602025,2026-03-16,494,602,1,1,3,10,3,29,2026-03-16T00:00:00,2026-03-17T13:00:00,2026-03-16T00:00:00,14.218216,74.835496,Case registered at Hassan PS 26 regarding sexual assault. Investigation ongoing under IO Libni.
2026,100050241202502026,202502026,2025-08-30,1612,241,1,2,4,12,2,9,2025-08-30T00:00:00,2025-08-31T16:00:00,2025-08-30T00:00:00,17.638989,77.342891,Case registered at Bengaluru Urban PS 69 regarding public nuisance. Investigation ongoing under IO Maanav.
2027,100130530202302027,202302027,2023-10-26,2053,530,2,2,4,12,1,26,2023-10-26T00:00:00,2023-10-26T04:00:00,2023-10-26T00:00:00,14.04601,76.106801,Case registered at Dharwad PS 12 regarding public nuisance. Investigation ongoing under IO Dipta.
2028,100100407202502028,202502028,2025-12-20,2083,407,1,2,5,14,3,19,2025-12-20T00:00:00,2025-12-20T10:00:00,2025-12-20T00:00:00,16.259122,78.582883,Case registered at Chitradurga PS 4 regarding criminal breach of trust. Investigation ongoing under IO Qushi.
2029,100250927202302029,202302029,2023-02-02,1520,927,1,1,1,1,1,49,2023-02-02T00:00:00,2023-02-03T09:00:00,2023-02-02T00:00:00,15.203821,78.397591,Case registered at Shivamogga PS 5 regarding murder. Investigation ongoing under IO Pranav.
2030,100010019202602030,202602030,2026-01-22,482,19,1,2,6,15,1,1,2026-01-22T00:00:00,2026-01-22T18:00:00,2026-01-22T00:00:00,13.637086,76.22364,Case registered at Bagalkot PS 19 regarding online fraud. Investigation ongoing under IO Gaurangi.
2031,100240916202302031,202302031,2023-06-19,2195,916,1,2,5,14,3,47,2023-06-19T00:00:00,2023-06-19T12:00:00,2023-06-19T00:00:00,12.35633,76.274672,Case registered at Ramanagara PS 23 regarding criminal breach of trust. Investigation ongoing under IO Warinder.
2032,100060296202602032,202602032,2026-02-22,1530,296,3,1,1,2,2,11,2026-02-22T00:00:00,2026-02-22T04:00:00,2026-02-22T00:00:00,11.883993,75.033069,Case registered at Bidar PS 9 regarding attempt to murder. Investigation ongoing under IO Faras.
2033,100260959202402033,202402033,2024-05-22,323,959,1,2,2,5,1,51,2024-05-22T00:00:00,2024-05-22T23:00:00,2024-05-22T00:00:00,16.442502,76.866565,Case registered at Tumakuru PS 8 regarding robbery. Investigation ongoing under IO Aryan.
2034,100281026202302034,202302034,2023-08-23,1895,1026,1,1,3,8,3,56,2023-08-23T00:00:00,2023-08-24T06:00:00,2023-08-23T00:00:00,15.999998,77.661942,Case registered at Uttara Kannada PS 17 regarding domestic violence. Investigation ongoing under IO Manthan.
2035,100291044202402035,202402035,2024-11-10,1577,1044,1,2,2,5,1,57,2024-11-10T00:00:00,2024-11-10T16:00:00,2024-11-10T00:00:00,14.387397,74.485093,Case registered at Vijayapura PS 6 regarding robbery. Investigation ongoing under IO Inaya.
2036,100281032202602036,202602036,2026-07-09,1415,1032,1,2,2,4,1,55,2026-07-09T00:00:00,2026-07-09T12:00:00,2026-07-09T00:00:00,14.78148,77.952852,Case registered at Uttara Kannada PS 23 regarding theft. Investigation ongoing under IO Harrison.
2037,100030124202502037,202502037,2025-04-20,1751,124,1,1,1,3,1,5,2025-04-20T00:00:00,2025-04-22T00:00:00,2025-04-20T00:00:00,15.878678,77.965885,Case registered at Belagavi PS 38 regarding grievous hurt. Investigation ongoing under IO Ikbal.
2038,100220838202602038,202602038,2026-03-14,1377,838,3,1,1,3,4,43,2026-03-14T00:00:00,2026-03-15T23:00:00,2026-03-14T00:00:00,13.074422,77.039749,Case registered at Mysuru PS 31 regarding grievous hurt. Investigation ongoing under IO Aadi.
2039,100050272202302039,202302039,2023-09-08,1406,272,1,2,3,9,2,9,2023-09-08T00:00:00,2023-09-09T20:00:00,2023-09-08T00:00:00,14.349548,74.507912,Case registered at Bengaluru Urban PS 100 regarding dowry harassment. Investigation ongoing under IO Divya.
2040,100070345202402040,202402040,2024-03-26,515,345,1,2,5,14,2,14,2024-03-26T00:00:00,2024-03-27T00:00:00,2024-03-26T00:00:00,14.082216,75.612115,Case registered at Chamarajanagar PS 29 regarding criminal breach of trust. Investigation ongoing under IO Vritti.
2041,100140563202502041,202502041,2025-01-29,1861,563,2,2,5,14,1,27,2025-01-29T00:00:00,2025-01-29T22:00:00,2025-01-29T00:00:00,13.645012,77.42072,Case registered at Gadag PS 16 regarding criminal breach of trust. Investigation ongoing under IO Harinakshi.
2042,100110479202302042,202302042,2023-02-05,209,479,1,2,6,15,3,21,2023-02-05T00:00:00,2023-02-05T16:00:00,2023-02-05T00:00:00,13.260961,75.789176,Case registered at Dakshina Kannada PS 47 regarding online fraud. Investigation ongoing under IO Aradhana.
2043,100050177202402043,202402043,2024-01-10,789,177,1,1,1,3,3,10,2024-01-10T00:00:00,2024-01-11T13:00:00,2024-01-10T00:00:00,11.820569,75.45687,Case registered at Bengaluru Urban PS 5 regarding grievous hurt. Investigation ongoing under IO Ishwar.
2044,100020077202402044,202402044,2024-04-14,1387,77,1,2,6,15,1,4,2024-04-14T00:00:00,2024-04-15T20:00:00,2024-04-14T00:00:00,12.297366,75.183395,Case registered at Ballari PS 48 regarding online fraud. Investigation ongoing under IO Yochana.
2045,100270994202602045,202602045,2026-03-16,2023,994,1,2,6,16,4,53,2026-03-16T00:00:00,2026-03-16T18:00:00,2026-03-16T00:00:00,13.817261,74.284633,Case registered at Udupi PS 14 regarding identity theft. Investigation ongoing under IO Maanas.
2046,100020049202502046,202502046,2025-05-03,2063,49,4,2,4,12,4,3,2025-05-03T00:00:00,2025-05-04T16:00:00,2025-05-03T00:00:00,16.866238,77.742173,Case registered at Ballari PS 20 regarding public nuisance. Investigation ongoing under IO Frederick.
2047,100040144202602047,202602047,2026-01-08,2441,144,1,1,3,8,1,7,2026-01-08T00:00:00,2026-01-09T22:00:00,2026-01-08T00:00:00,17.712488,76.609527,Case registered at Bengaluru Rural PS 1 regarding domestic violence. Investigation ongoing under IO Dhruv.
2048,100050252202302048,202302048,2023-09-22,648,252,1,2,1,2,2,10,2023-09-22T00:00:00,2023-09-23T08:00:00,2023-09-22T00:00:00,16.448832,78.038149,Case registered at Bengaluru Urban PS 80 regarding attempt to murder. Investigation ongoing under IO Chakradev.
2049,100160616202302049,202302049,2023-09-09,2442,616,3,2,4,12,3,31,2023-09-09T00:00:00,2023-09-09T02:00:00,2023-09-09T00:00:00,17.797085,74.953939,Case registered at Haveri PS 11 regarding public nuisance. Investigation ongoing under IO Vedant.
2050,100140555202302050,202302050,2023-03-27,175,555,1,2,5,14,1,27,2023-03-27T00:00:00,2023-03-27T05:00:00,2023-03-27T00:00:00,13.67386,74.012928,Case registered at Gadag PS 8 regarding criminal breach of trust. Investigation ongoing under IO William.
2051,100060310202302051,202302051,2023-09-20,1424,310,1,2,6,15,1,11,2023-09-20T00:00:00,2023-09-20T13:00:00,2023-09-20T00:00:00,14.140338,74.376487,Case registered at Bidar PS 23 regarding online fraud. Investigation ongoing under IO Mason.
2052,100220840202402052,202402052,2024-06-29,858,840,1,2,2,6,1,44,2024-06-29T00:00:00,2024-06-29T15:00:00,2024-06-29T00:00:00,15.964272,77.75849,Case registered at Mysuru PS 33 regarding burglary. Investigation ongoing under IO Vivaan.
2053,100110488202502053,202502053,2025-04-09,289,488,1,2,2,4,2,21,2025-04-09T00:00:00,2025-04-09T03:00:00,2025-04-09T00:00:00,17.169435,74.41632,Case registered at Dakshina Kannada PS 56 regarding theft. Investigation ongoing under IO Ayush.
2054,100100404202502054,202502054,2025-02-15,1125,404,2,2,5,13,3,20,2025-02-15T00:00:00,2025-02-15T03:00:00,2025-02-15T00:00:00,17.353463,75.524862,Case registered at Chitradurga PS 1 regarding cheating. Investigation ongoing under IO Zinal.
2055,100020078202602055,202602055,2026-06-09,317,78,1,2,5,14,2,3,2026-06-09T00:00:00,2026-06-10T06:00:00,2026-06-09T00:00:00,15.647678,74.371639,Case registered at Ballari PS 49 regarding criminal breach of trust. Investigation ongoing under IO Faqid.
2056,100100415202502056,202502056,2025-01-09,982,415,1,2,5,13,2,20,2025-01-09T00:00:00,2025-01-09T22:00:00,2025-01-09T00:00:00,12.840606,77.147417,Case registered at Chitradurga PS 12 regarding cheating. Investigation ongoing under IO Waida.
2057,100050194202602057,202602057,2026-03-25,953,194,1,2,4,12,2,9,2026-03-25T00:00:00,2026-03-25T07:00:00,2026-03-25T00:00:00,13.817052,77.700347,Case registered at Bengaluru Urban PS 22 regarding public nuisance. Investigation ongoing under IO Kashish.
2058,100050180202502058,202502058,2025-08-11,2313,180,1,2,2,6,1,10,2025-08-11T00:00:00,2025-08-12T21:00:00,2025-08-11T00:00:00,18.253065,77.794369,Case registered at Bengaluru Urban PS 8 regarding burglary. Investigation ongoing under IO Brinda.
2059,100180708202602059,202602059,2026-06-25,285,708,3,2,4,12,1,36,2026-06-25T00:00:00,2026-06-26T21:00:00,2026-06-25T00:00:00,12.490744,74.638815,Case registered at Kodagu PS 17 regarding public nuisance. Investigation ongoing under IO Ekapad.
2060,100180702202302060,202302060,2023-05-20,2237,702,1,2,6,16,2,35,2023-05-20T00:00:00,2023-05-20T06:00:00,2023-05-20T00:00:00,13.107354,77.200839,Case registered at Kodagu PS 11 regarding identity theft. Investigation ongoing under IO George.
2061,100170690202302061,202302061,2023-01-21,732,690,3,2,1,2,2,34,2023-01-21T00:00:00,2023-01-22T21:00:00,2023-01-21T00:00:00,11.621316,77.552501,Case registered at Kalaburagi PS 56 regarding attempt to murder. Investigation ongoing under IO Garima.
2062,100070321202302062,202302062,2023-04-01,1381,321,1,2,2,6,4,14,2023-04-01T00:00:00,2023-04-01T12:00:00,2023-04-01T00:00:00,15.920019,76.691773,Case registered at Chamarajanagar PS 5 regarding burglary. Investigation ongoing under IO Gautam.
2063,100250939202302063,202302063,2023-12-19,345,939,1,2,2,5,3,50,2023-12-19T00:00:00,2023-12-19T21:00:00,2023-12-19T00:00:00,17.567852,74.562799,Case registered at Shivamogga PS 17 regarding robbery. Investigation ongoing under IO Imaran.
2064,100110482202302064,202302064,2023-11-07,146,482,1,2,1,2,1,21,2023-11-07T00:00:00,2023-11-07T09:00:00,2023-11-07T00:00:00,16.30936,74.437485,Case registered at Dakshina Kannada PS 50 regarding attempt to murder. Investigation ongoing under IO Edhitha.
2065,100090394202502065,202502065,2025-07-01,2026,394,3,1,1,1,1,17,2025-07-01T00:00:00,2025-07-02T12:00:00,2025-07-01T00:00:00,16.92069,75.384843,Case registered at Chikkamagaluru PS 20 regarding murder. Investigation ongoing under IO Timothy.
2066,100130544202502066,202502066,2025-12-26,2003,544,2,1,3,9,4,25,2025-12-26T00:00:00,2025-12-26T22:00:00,2025-12-26T00:00:00,15.938414,77.763907,Case registered at Dharwad PS 26 regarding dowry harassment. Investigation ongoing under IO Chasmum.
2067,100110451202402067,202402067,2024-11-18,1615,451,2,2,6,15,2,21,2024-11-18T00:00:00,2024-11-18T17:00:00,2024-11-18T00:00:00,15.033322,77.088752,Case registered at Dakshina Kannada PS 19 regarding online fraud. Investigation ongoing under IO Madhav.
2068,100170683202502068,202502068,2025-09-11,1223,683,3,2,6,16,1,34,2025-09-11T00:00:00,2025-09-11T21:00:00,2025-09-11T00:00:00,16.280723,74.762843,Case registered at Kalaburagi PS 49 regarding identity theft. Investigation ongoing under IO Bachittar.
2069,100240899202502069,202502069,2025-02-09,1441,899,1,2,1,2,1,47,2025-02-09T00:00:00,2025-02-10T10:00:00,2025-02-09T00:00:00,13.708436,74.283038,Case registered at Ramanagara PS 6 regarding attempt to murder. Investigation ongoing under IO Ekbal.
2070,100070318202502070,202502070,2025-02-10,660,318,3,2,6,15,1,13,2025-02-10T00:00:00,2025-02-10T16:00:00,2025-02-10T00:00:00,16.587728,76.771371,Case registered at Chamarajanagar PS 2 regarding online fraud. Investigation ongoing under IO Ladli.
2071,100110480202502071,202502071,2025-09-29,556,480,1,2,5,14,1,21,2025-09-29T00:00:00,2025-09-29T19:00:00,2025-09-29T00:00:00,11.832119,75.862311,Case registered at Dakshina Kannada PS 48 regarding criminal breach of trust. Investigation ongoing under IO Yutika.
2072,100070335202602072,202602072,2026-03-11,439,335,1,2,1,3,2,13,2026-03-11T00:00:00,2026-03-11T17:00:00,2026-03-11T00:00:00,13.939159,76.303439,Case registered at Chamarajanagar PS 19 regarding grievous hurt. Investigation ongoing under IO Tanish.
2073,100140565202302073,202302073,2023-09-15,2061,565,2,2,1,2,1,28,2023-09-15T00:00:00,2023-09-15T16:00:00,2023-09-15T00:00:00,12.6472,76.072933,Case registered at Gadag PS 18 regarding attempt to murder. Investigation ongoing under IO Agastya.
2074,100020049202402074,202402074,2024-07-20,1522,49,1,2,6,15,2,3,2024-07-20T00:00:00,2024-07-21T19:00:00,2024-07-20T00:00:00,18.124003,77.79211,Case registered at Ballari PS 20 regarding online fraud. Investigation ongoing under IO Lipika.
2075,100281037202502075,202502075,2025-04-21,2,1037,1,2,3,10,1,55,2025-04-21T00:00:00,2025-04-22T20:00:00,2025-04-21T00:00:00,13.730513,76.86026,Case registered at Uttara Kannada PS 28 regarding sexual assault. Investigation ongoing under IO Harsh.
2076,100050265202502076,202502076,2025-02-04,1663,265,1,2,4,12,4,10,2025-02-04T00:00:00,2025-02-05T11:00:00,2025-02-04T00:00:00,11.909434,76.074787,Case registered at Bengaluru Urban PS 93 regarding public nuisance. Investigation ongoing under IO Chanchal.
2077,100291044202602077,202602077,2026-06-15,2019,1044,1,2,6,16,2,58,2026-06-15T00:00:00,2026-06-16T19:00:00,2026-06-15T00:00:00,15.436513,76.036001,Case registered at Vijayapura PS 6 regarding identity theft. Investigation ongoing under IO Qadim.
2078,100040165202502078,202502078,2025-11-16,2063,165,1,2,5,14,3,8,2025-11-16T00:00:00,2025-11-16T10:00:00,2025-11-16T00:00:00,14.198581,77.210904,Case registered at Bengaluru Rural PS 22 regarding criminal breach of trust. Investigation ongoing under IO Frederick.
2079,100180709202402079,202402079,2024-06-28,817,709,2,2,4,11,1,36,2024-06-28T00:00:00,2024-06-28T20:00:00,2024-06-28T00:00:00,12.808838,77.079482,Case registered at Kodagu PS 18 regarding gambling. Investigation ongoing under IO Bhavya.
2080,100050192202302080,202302080,2023-12-21,1360,192,1,2,2,4,2,9,2023-12-21T00:00:00,2023-12-22T16:00:00,2023-12-21T00:00:00,11.799334,77.435617,Case registered at Bengaluru Urban PS 20 regarding theft. Investigation ongoing under IO Veda.
2081,100100426202302081,202302081,2023-07-15,690,426,3,1,1,1,3,20,2023-07-15T00:00:00,2023-07-16T13:00:00,2023-07-15T00:00:00,15.08609,75.695373,Case registered at Chitradurga PS 23 regarding murder. Investigation ongoing under IO Mekhala.
2082,100020044202402082,202402082,2024-05-18,2046,44,1,1,3,10,3,3,2024-05-18T00:00:00,2024-05-19T13:00:00,2024-05-18T00:00:00,12.722061,74.380008,Case registered at Ballari PS 15 regarding sexual assault. Investigation ongoing under IO Baghyawati.
2083,100050186202402083,202402083,2024-05-14,369,186,1,2,2,6,3,9,2024-05-14T00:00:00,2024-05-15T07:00:00,2024-05-14T00:00:00,15.088227,78.322508,Case registered at Bengaluru Urban PS 14 regarding burglary. Investigation ongoing under IO Pallavi.
2084,100160623202602084,202602084,2026-05-02,2254,623,1,2,6,16,1,32,2026-05-02T00:00:00,2026-05-02T16:00:00,2026-05-02T00:00:00,17.797521,76.271645,Case registered at Haveri PS 18 regarding identity theft. Investigation ongoing under IO Chakradev.
2085,100030111202402085,202402085,2024-07-01,1144,111,1,2,6,16,1,5,2024-07-01T00:00:00,2024-07-02T04:00:00,2024-07-01T00:00:00,15.782286,77.695296,Case registered at Belagavi PS 25 regarding identity theft. Investigation ongoing under IO Sarthak.
2086,100050202202602086,202602086,2026-07-13,2108,202,3,2,6,16,2,10,2026-07-13T00:00:00,2026-07-14T06:00:00,2026-07-13T00:00:00,16.538174,76.483734,Case registered at Bengaluru Urban PS 30 regarding identity theft. Investigation ongoing under IO Harinakshi.
2087,100170673202402087,202402087,2024-02-09,1428,673,1,1,1,2,1,33,2024-02-09T00:00:00,2024-02-10T17:00:00,2024-02-09T00:00:00,17.741802,77.63493,Case registered at Kalaburagi PS 39 regarding attempt to murder. Investigation ongoing under IO Champak.
2088,100050257202302088,202302088,2023-12-02,2372,257,1,2,1,1,1,10,2023-12-02T00:00:00,2023-12-03T12:00:00,2023-12-02T00:00:00,11.656192,76.378309,Case registered at Bengaluru Urban PS 85 regarding murder. Investigation ongoing under IO Dayita.
2089,100140566202602089,202602089,2026-02-27,8,566,4,2,1,1,2,27,2026-02-27T00:00:00,2026-02-28T21:00:00,2026-02-27T00:00:00,17.891752,76.776409,Case registered at Gadag PS 19 regarding murder. Investigation ongoing under IO Pahal.
2090,100140555202402090,202402090,2024-07-03,2356,555,3,2,1,1,3,28,2024-07-03T00:00:00,2024-07-04T16:00:00,2024-07-03T00:00:00,15.586705,74.992163,Case registered at Gadag PS 8 regarding murder. Investigation ongoing under IO Zilmil.
2091,100260972202402091,202402091,2024-10-04,1203,972,1,1,3,8,3,51,2024-10-04T00:00:00,2024-10-05T19:00:00,2024-10-04T00:00:00,16.661923,75.963143,Case registered at Tumakuru PS 21 regarding domestic violence. Investigation ongoing under IO Kabir.
2092,100180693202402092,202402092,2024-06-04,63,693,2,2,2,5,1,36,2024-06-04T00:00:00,2024-06-05T07:00:00,2024-06-04T00:00:00,12.408588,74.821302,Case registered at Kodagu PS 2 regarding robbery. Investigation ongoing under IO Turvi.
2093,100100424202302093,202302093,2023-10-24,1144,424,2,1,1,2,2,20,2023-10-24T00:00:00,2023-10-24T03:00:00,2023-10-24T00:00:00,18.24731,74.963095,Case registered at Chitradurga PS 21 regarding attempt to murder. Investigation ongoing under IO Sarthak.
2094,100010017202402094,202402094,2024-07-28,527,17,4,2,2,5,1,1,2024-07-28T00:00:00,2024-07-28T06:00:00,2024-07-28T00:00:00,11.880409,75.521363,Case registered at Bagalkot PS 17 regarding robbery. Investigation ongoing under IO Ethan.
2095,100140563202302095,202302095,2023-06-19,56,563,3,2,6,16,3,28,2023-06-19T00:00:00,2023-06-19T09:00:00,2023-06-19T00:00:00,12.287105,78.235168,Case registered at Gadag PS 16 regarding identity theft. Investigation ongoing under IO Urvashi.
2096,100090383202302096,202302096,2023-04-26,613,383,1,2,6,16,4,18,2023-04-26T00:00:00,2023-04-27T17:00:00,2023-04-26T00:00:00,13.901027,74.085945,Case registered at Chikkamagaluru PS 9 regarding identity theft. Investigation ongoing under IO Mekhala.
2097,100281020202402097,202402097,2024-10-11,1963,1020,3,2,6,15,3,56,2024-10-11T00:00:00,2024-10-12T04:00:00,2024-10-11T00:00:00,18.385028,77.89364,Case registered at Uttara Kannada PS 11 regarding online fraud. Investigation ongoing under IO Damini.
2098,100060316202402098,202402098,2024-05-24,736,316,1,2,2,6,1,11,2024-05-24T00:00:00,2024-05-25T12:00:00,2024-05-24T00:00:00,17.729398,74.717085,Case registered at Bidar PS 29 regarding burglary. Investigation ongoing under IO Mekhala.
2099,100030090202302099,202302099,2023-07-23,1157,90,1,2,6,15,2,6,2023-07-23T00:00:00,2023-07-23T07:00:00,2023-07-23T00:00:00,14.686058,74.106064,Case registered at Belagavi PS 4 regarding online fraud. Investigation ongoing under IO Hema.
2100,100170667202602100,202602100,2026-03-13,566,667,1,2,4,12,3,33,2026-03-13T00:00:00,2026-03-13T10:00:00,2026-03-13T00:00:00,13.834001,76.225967,Case registered at Kalaburagi PS 33 regarding public nuisance. Investigation ongoing under IO Jagat.
2101,100220841202302101,202302101,2023-07-28,1988,841,3,2,2,6,1,43,2023-07-28T00:00:00,2023-07-28T18:00:00,2023-07-28T00:00:00,13.846615,74.017434,Case registered at Mysuru PS 34 regarding burglary. Investigation ongoing under IO Yauvani.
2102,100271003202402102,202402102,2024-02-02,8,1003,1,2,2,7,3,54,2024-02-02T00:00:00,2024-02-02T21:00:00,2024-02-02T00:00:00,15.770588,76.380202,Case registered at Udupi PS 23 regarding vehicle theft. Investigation ongoing under IO Pahal.
2103,100281010202402103,202402103,2024-11-30,2230,1010,3,2,3,9,3,56,2024-11-30T00:00:00,2024-11-30T18:00:00,2024-11-30T00:00:00,17.933112,74.831844,Case registered at Uttara Kannada PS 1 regarding dowry harassment. Investigation ongoing under IO Finn.
2104,100170642202602104,202602104,2026-06-11,1904,642,3,2,1,2,2,34,2026-06-11T00:00:00,2026-06-12T15:00:00,2026-06-11T00:00:00,15.427497,74.2526,Case registered at Kalaburagi PS 8 regarding attempt to murder. Investigation ongoing under IO Victor.
2105,100291043202302105,202302105,2023-05-26,18,1043,1,2,2,7,1,58,2023-05-26T00:00:00,2023-05-26T07:00:00,2023-05-26T00:00:00,14.967075,75.017609,Case registered at Vijayapura PS 5 regarding vehicle theft. Investigation ongoing under IO Amara.
2106,100260976202502106,202502106,2025-12-24,1723,976,1,1,3,9,1,51,2025-12-24T00:00:00,2025-12-25T10:00:00,2025-12-24T00:00:00,16.756394,75.368538,Case registered at Tumakuru PS 25 regarding dowry harassment. Investigation ongoing under IO Deepa.
2107,100301092202502107,202502107,2025-10-14,44,1092,1,2,2,5,2,59,2025-10-14T00:00:00,2025-10-15T15:00:00,2025-10-14T00:00:00,18.147517,77.582757,Case registered at Yadgir PS 25 regarding robbery. Investigation ongoing under IO Ekapad.
2108,100160610202502108,202502108,2025-06-27,2374,610,1,2,6,16,3,31,2025-06-27T00:00:00,2025-06-27T22:00:00,2025-06-27T00:00:00,12.670599,74.477017,Case registered at Haveri PS 5 regarding identity theft. Investigation ongoing under IO Kevin.
2109,100050173202402109,202402109,2024-01-11,1742,173,1,1,3,9,1,9,2024-01-11T00:00:00,2024-01-12T11:00:00,2024-01-11T00:00:00,16.761613,75.391534,Case registered at Bengaluru Urban PS 1 regarding dowry harassment. Investigation ongoing under IO Odika.
2110,100030095202502110,202502110,2025-06-13,1931,95,1,2,4,11,1,5,2025-06-13T00:00:00,2025-06-13T10:00:00,2025-06-13T00:00:00,16.672948,74.134536,Case registered at Belagavi PS 9 regarding gambling. Investigation ongoing under IO Arjun.
2111,100040151202502111,202502111,2025-10-17,523,151,1,2,1,1,1,7,2025-10-17T00:00:00,2025-10-17T10:00:00,2025-10-17T00:00:00,18.15707,74.551602,Case registered at Bengaluru Rural PS 8 regarding murder. Investigation ongoing under IO Jyoti.
2112,100301069202502112,202502112,2025-08-28,1042,1069,1,1,3,8,2,59,2025-08-28T00:00:00,2025-08-28T13:00:00,2025-08-28T00:00:00,14.10064,78.084707,Case registered at Yadgir PS 2 regarding domestic violence. Investigation ongoing under IO Saksham.
2113,100260962202302113,202302113,2023-09-14,287,962,4,1,1,3,2,52,2023-09-14T00:00:00,2023-09-14T21:00:00,2023-09-14T00:00:00,17.653622,77.233566,Case registered at Tumakuru PS 11 regarding grievous hurt. Investigation ongoing under IO Radha.
2114,100220860202602114,202602114,2026-07-15,338,860,1,2,4,11,1,44,2026-07-15T00:00:00,2026-07-17T00:00:00,2026-07-15T00:00:00,18.380486,74.028156,Case registered at Mysuru PS 53 regarding gambling. Investigation ongoing under IO Gavin.
2115,100030097202502115,202502115,2025-07-10,2046,97,4,2,5,13,1,6,2025-07-10T00:00:00,2025-07-11T12:00:00,2025-07-10T00:00:00,14.949163,74.100714,Case registered at Belagavi PS 11 regarding cheating. Investigation ongoing under IO Baghyawati.
2116,100301078202402116,202402116,2024-09-16,2320,1078,3,2,4,11,1,59,2024-09-16T00:00:00,2024-09-17T05:00:00,2024-09-16T00:00:00,13.851732,78.584659,Case registered at Yadgir PS 11 regarding gambling. Investigation ongoing under IO Jalsa.
2117,100140570202502117,202502117,2025-02-04,1910,570,1,2,6,16,4,28,2025-02-04T00:00:00,2025-02-04T19:00:00,2025-02-04T00:00:00,16.204395,74.545546,Case registered at Gadag PS 23 regarding identity theft. Investigation ongoing under IO Tanvi.
2118,100100431202502118,202502118,2025-02-26,253,431,1,2,3,9,3,19,2025-02-26T00:00:00,2025-02-27T15:00:00,2025-02-26T00:00:00,15.535752,77.923825,Case registered at Chitradurga PS 28 regarding dowry harassment. Investigation ongoing under IO Janaki.
2119,100240907202302119,202302119,2023-10-30,100,907,1,2,2,7,2,47,2023-10-30T00:00:00,2023-10-31T19:00:00,2023-10-30T00:00:00,18.063582,75.429791,Case registered at Ramanagara PS 14 regarding vehicle theft. Investigation ongoing under IO Aditya.
2120,100160606202502120,202502120,2025-01-03,2169,606,1,2,6,15,1,32,2025-01-03T00:00:00,2025-01-04T20:00:00,2025-01-03T00:00:00,17.736828,75.706401,Case registered at Haveri PS 1 regarding online fraud. Investigation ongoing under IO Yashawini.
2121,100311124202402121,202402121,2024-10-22,1505,1124,1,2,1,3,3,61,2024-10-22T00:00:00,2024-10-22T23:00:00,2024-10-22T00:00:00,15.666347,77.912884,Case registered at Vijayanagara PS 28 regarding grievous hurt. Investigation ongoing under IO Reyansh.
2122,100140576202402122,202402122,2024-01-14,1131,576,1,2,6,15,1,27,2024-01-14T00:00:00,2024-01-14T11:00:00,2024-01-14T00:00:00,13.681429,75.903712,Case registered at Gadag PS 29 regarding online fraud. Investigation ongoing under IO Baljiwan.
2123,100180694202502123,202502123,2025-08-15,2435,694,4,2,4,12,1,35,2025-08-15T00:00:00,2025-08-15T09:00:00,2025-08-15T00:00:00,12.769653,74.229265,Case registered at Kodagu PS 3 regarding public nuisance. Investigation ongoing under IO Wakeeta.
2124,100020050202302124,202302124,2023-11-23,1449,50,1,2,4,11,1,3,2023-11-23T00:00:00,2023-11-23T06:00:00,2023-11-23T00:00:00,12.5913,76.694725,Case registered at Ballari PS 21 regarding gambling. Investigation ongoing under IO Girish.
2125,100220828202402125,202402125,2024-08-05,1674,828,4,2,6,16,3,43,2024-08-05T00:00:00,2024-08-05T09:00:00,2024-08-05T00:00:00,13.340383,76.760942,Case registered at Mysuru PS 21 regarding identity theft. Investigation ongoing under IO Gagan.
2126,100291060202502126,202502126,2025-12-06,1930,1060,1,2,4,11,1,57,2025-12-06T00:00:00,2025-12-07T04:00:00,2025-12-06T00:00:00,15.098216,77.389056,Case registered at Vijayapura PS 22 regarding gambling. Investigation ongoing under IO Neel.
2127,100170656202302127,202302127,2023-08-09,933,656,1,2,5,13,3,33,2023-08-09T00:00:00,2023-08-09T15:00:00,2023-08-09T00:00:00,14.430312,78.499651,Case registered at Kalaburagi PS 22 regarding cheating. Investigation ongoing under IO Girish.
2128,100210801202502128,202502128,2025-08-10,1496,801,1,1,1,2,3,42,2025-08-10T00:00:00,2025-08-10T03:00:00,2025-08-10T00:00:00,12.83647,77.992576,Case registered at Mandya PS 23 regarding attempt to murder. Investigation ongoing under IO Radha.
2129,100311115202402129,202402129,2024-09-14,2016,1115,1,2,6,15,1,62,2024-09-14T00:00:00,2024-09-15T10:00:00,2024-09-14T00:00:00,15.695339,78.436162,Case registered at Vijayanagara PS 19 regarding online fraud. Investigation ongoing under IO Jalsa.
2130,100180709202302130,202302130,2023-05-29,1430,709,1,2,6,15,3,36,2023-05-29T00:00:00,2023-05-30T10:00:00,2023-05-29T00:00:00,14.449403,76.697317,Case registered at Kodagu PS 18 regarding online fraud. Investigation ongoing under IO Gopal.
2131,100180710202502131,202502131,2025-05-07,2143,710,1,2,5,13,3,36,2025-05-07T00:00:00,2025-05-08T01:00:00,2025-05-07T00:00:00,13.966596,76.880068,Case registered at Kodagu PS 19 regarding cheating. Investigation ongoing under IO Xiti.
2132,100110433202502132,202502132,2025-06-04,1523,433,1,2,6,15,2,21,2025-06-04T00:00:00,2025-06-04T16:00:00,2025-06-04T00:00:00,12.831809,76.708494,Case registered at Dakshina Kannada PS 1 regarding online fraud. Investigation ongoing under IO Aahana.
2133,100291054202302133,202302133,2023-08-10,127,1054,1,2,1,1,1,57,2023-08-10T00:00:00,2023-08-11T17:00:00,2023-08-10T00:00:00,17.892196,75.53076,Case registered at Vijayapura PS 16 regarding murder. Investigation ongoing under IO Dayamai.
2134,100160632202502134,202502134,2025-02-26,1807,632,1,2,5,13,1,32,2025-02-26T00:00:00,2025-02-27T03:00:00,2025-02-26T00:00:00,13.887034,75.442642,Case registered at Haveri PS 27 regarding cheating. Investigation ongoing under IO Jack.
2135,100281012202402135,202402135,2024-12-24,812,1012,1,2,5,14,1,55,2024-12-24T00:00:00,2024-12-25T16:00:00,2024-12-24T00:00:00,14.622203,75.607771,Case registered at Uttara Kannada PS 3 regarding criminal breach of trust. Investigation ongoing under IO Vedhika.
2136,100210807202502136,202502136,2025-01-26,1344,807,1,2,5,13,1,41,2025-01-26T00:00:00,2025-01-26T22:00:00,2025-01-26T00:00:00,14.589873,75.006269,Case registered at Mandya PS 29 regarding cheating. Investigation ongoing under IO Balvan.
2137,100240907202302137,202302137,2023-10-08,806,907,1,2,2,5,4,48,2023-10-08T00:00:00,2023-10-09T20:00:00,2023-10-08T00:00:00,16.621292,74.655413,Case registered at Ramanagara PS 14 regarding robbery. Investigation ongoing under IO Jackson.
2138,100150584202602138,202602138,2026-01-24,1140,584,1,2,3,9,1,30,2026-01-24T00:00:00,2026-01-25T05:00:00,2026-01-24T00:00:00,12.290456,77.046147,Case registered at Hassan PS 8 regarding dowry harassment. Investigation ongoing under IO Ishaan.
2139,100060288202302139,202302139,2023-06-29,2122,288,1,2,6,15,3,11,2023-06-29T00:00:00,2023-06-29T10:00:00,2023-06-29T00:00:00,16.87315,74.992904,Case registered at Bidar PS 1 regarding online fraud. Investigation ongoing under IO Tanay.
2140,100271000202402140,202402140,2024-06-20,217,1000,3,2,2,4,3,53,2024-06-20T00:00:00,2024-06-21T16:00:00,2024-06-20T00:00:00,15.090923,74.753285,Case registered at Udupi PS 20 regarding theft. Investigation ongoing under IO Charan.
2141,100110440202402141,202402141,2024-01-22,2367,440,3,1,1,2,2,21,2024-01-22T00:00:00,2024-01-22T01:00:00,2024-01-22T00:00:00,16.929402,76.016134,Case registered at Dakshina Kannada PS 8 regarding attempt to murder. Investigation ongoing under IO Chaitaly.
2142,100090397202402142,202402142,2024-04-12,653,397,1,2,5,13,2,18,2024-04-12T00:00:00,2024-04-12T04:00:00,2024-04-12T00:00:00,16.761085,78.413296,Case registered at Chikkamagaluru PS 23 regarding cheating. Investigation ongoing under IO Saumya.
2143,100270987202402143,202402143,2024-03-12,1761,987,1,2,5,14,4,53,2024-03-12T00:00:00,2024-03-13T21:00:00,2024-03-12T00:00:00,15.365924,76.588835,Case registered at Udupi PS 7 regarding criminal breach of trust. Investigation ongoing under IO Chaitaly.
2144,100100419202302144,202302144,2023-05-25,1663,419,2,2,5,13,1,20,2023-05-25T00:00:00,2023-05-26T02:00:00,2023-05-25T00:00:00,15.965163,75.547668,Case registered at Chitradurga PS 16 regarding cheating. Investigation ongoing under IO Chanchal.
2145,100060302202602145,202602145,2026-04-30,328,302,1,2,5,13,2,12,2026-04-30T00:00:00,2026-05-01T09:00:00,2026-04-30T00:00:00,16.565349,78.011121,Case registered at Bidar PS 15 regarding cheating. Investigation ongoing under IO Waida.
2146,100150592202602146,202602146,2026-04-04,118,592,4,2,1,1,3,29,2026-04-04T00:00:00,2026-04-04T07:00:00,2026-04-04T00:00:00,17.771669,78.139978,Case registered at Hassan PS 16 regarding murder. Investigation ongoing under IO Advika.
2147,100110478202302147,202302147,2023-11-07,1681,478,1,2,5,13,3,22,2023-11-07T00:00:00,2023-11-07T21:00:00,2023-11-07T00:00:00,17.14766,78.500813,Case registered at Dakshina Kannada PS 46 regarding cheating. Investigation ongoing under IO Aarav.
2148,100050194202602148,202602148,2026-02-07,920,194,1,2,2,6,1,10,2026-02-07T00:00:00,2026-02-07T19:00:00,2026-02-07T00:00:00,13.906939,77.266195,Case registered at Bengaluru Urban PS 22 regarding burglary. Investigation ongoing under IO Abhiram.
2149,100260979202402149,202402149,2024-09-20,1518,979,1,2,4,12,2,51,2024-09-20T00:00:00,2024-09-20T10:00:00,2024-09-20T00:00:00,12.652378,74.935588,Case registered at Tumakuru PS 28 regarding public nuisance. Investigation ongoing under IO Ekanta.
2150,100160630202602150,202602150,2026-04-19,1984,630,1,2,4,11,2,31,2026-04-19T00:00:00,2026-04-19T08:00:00,2026-04-19T00:00:00,17.948595,77.160916,Case registered at Haveri PS 25 regarding gambling. Investigation ongoing under IO Christopher.
2151,100190749202302151,202302151,2023-08-29,1773,749,1,2,5,13,1,38,2023-08-29T00:00:00,2023-08-30T13:00:00,2023-08-29T00:00:00,15.402228,74.352643,Case registered at Kolar PS 29 regarding cheating. Investigation ongoing under IO Laksh.
2152,100120494202502152,202502152,2025-04-12,667,494,3,2,4,11,2,24,2025-04-12T00:00:00,2025-04-13T00:00:00,2025-04-12T00:00:00,14.385226,77.188089,Case registered at Davanagere PS 5 regarding gambling. Investigation ongoing under IO Daksh.
2153,100050283202602153,202602153,2026-05-27,755,283,1,2,4,12,1,9,2026-05-27T00:00:00,2026-05-28T18:00:00,2026-05-27T00:00:00,15.045209,75.478787,Case registered at Bengaluru Urban PS 111 regarding public nuisance. Investigation ongoing under IO Faraj.
2154,100270995202302154,202302154,2023-09-05,591,995,2,2,4,12,3,54,2023-09-05T00:00:00,2023-09-05T16:00:00,2023-09-05T00:00:00,15.385386,75.831039,Case registered at Udupi PS 15 regarding public nuisance. Investigation ongoing under IO Aishani.
2155,100110484202602155,202602155,2026-05-22,1141,484,1,2,1,1,1,21,2026-05-22T00:00:00,2026-05-22T19:00:00,2026-05-22T00:00:00,17.200772,75.990365,Case registered at Dakshina Kannada PS 52 regarding murder. Investigation ongoing under IO Ryan.
2156,100020041202402156,202402156,2024-10-14,827,41,1,1,1,3,4,3,2024-10-14T00:00:00,2024-10-14T12:00:00,2024-10-14T00:00:00,14.309561,76.61427,Case registered at Ballari PS 12 regarding grievous hurt. Investigation ongoing under IO Indali.
2157,100250946202302157,202302157,2023-01-08,2345,946,4,2,6,15,1,49,2023-01-08T00:00:00,2023-01-09T06:00:00,2023-01-08T00:00:00,17.305004,78.18069,Case registered at Shivamogga PS 24 regarding online fraud. Investigation ongoing under IO Yashica.
2158,100291039202302158,202302158,2023-09-08,2320,1039,1,2,3,8,1,58,2023-09-08T00:00:00,2023-09-08T13:00:00,2023-09-08T00:00:00,13.979819,76.036716,Case registered at Vijayapura PS 1 regarding domestic violence. Investigation ongoing under IO Jalsa.
2159,100030092202302159,202302159,2023-12-22,2296,92,1,2,2,7,1,6,2023-12-22T00:00:00,2023-12-23T12:00:00,2023-12-22T00:00:00,15.206528,77.598001,Case registered at Belagavi PS 6 regarding vehicle theft. Investigation ongoing under IO Ryan.
2160,100060295202502160,202502160,2025-10-15,771,295,1,2,4,12,1,11,2025-10-15T00:00:00,2025-10-16T19:00:00,2025-10-15T00:00:00,13.551806,74.212231,Case registered at Bidar PS 8 regarding public nuisance. Investigation ongoing under IO Chavvi.
2161,100050251202602161,202602161,2026-06-16,1631,251,3,2,2,6,3,9,2026-06-16T00:00:00,2026-06-17T11:00:00,2026-06-16T00:00:00,16.745236,77.111117,Case registered at Bengaluru Urban PS 79 regarding burglary. Investigation ongoing under IO Lajita.
2162,100050179202502162,202502162,2025-03-25,1173,179,1,2,6,15,1,9,2025-03-25T00:00:00,2025-03-26T14:00:00,2025-03-25T00:00:00,17.454763,75.50752,Case registered at Bengaluru Urban PS 7 regarding online fraud. Investigation ongoing under IO Chatura.
2163,100170672202502163,202502163,2025-04-14,53,672,1,2,2,6,1,34,2025-04-14T00:00:00,2025-04-15T04:00:00,2025-04-14T00:00:00,15.679863,78.288021,Case registered at Kalaburagi PS 38 regarding burglary. Investigation ongoing under IO Daniel.
2164,100070339202602164,202602164,2026-07-01,2442,339,1,2,2,6,2,14,2026-07-01T00:00:00,2026-07-01T18:00:00,2026-07-01T00:00:00,12.171298,78.386657,Case registered at Chamarajanagar PS 23 regarding burglary. Investigation ongoing under IO Vedant.
2165,100050222202302165,202302165,2023-05-18,2139,222,2,2,4,11,1,9,2023-05-18T00:00:00,2023-05-19T02:00:00,2023-05-18T00:00:00,16.601284,75.707652,Case registered at Bengaluru Urban PS 50 regarding gambling. Investigation ongoing under IO Devansh.
2166,100170674202502166,202502166,2025-04-25,2444,674,1,2,2,4,3,34,2025-04-25T00:00:00,2025-04-26T00:00:00,2025-04-25T00:00:00,16.31976,78.210521,Case registered at Kalaburagi PS 40 regarding theft. Investigation ongoing under IO Zayyan.
2167,100170657202302167,202302167,2023-01-12,1238,657,1,1,1,2,1,34,2023-01-12T00:00:00,2023-01-13T05:00:00,2023-01-12T00:00:00,15.873042,76.496053,Case registered at Kalaburagi PS 23 regarding attempt to murder. Investigation ongoing under IO Mohammed.
2168,100260963202502168,202502168,2025-12-15,2011,963,1,2,1,3,2,51,2025-12-15T00:00:00,2025-12-15T17:00:00,2025-12-15T00:00:00,17.837443,77.146151,Case registered at Tumakuru PS 12 regarding grievous hurt. Investigation ongoing under IO Aarna.
2169,100110472202602169,202602169,2026-01-16,28,472,1,2,2,6,2,22,2026-01-16T00:00:00,2026-01-16T06:00:00,2026-01-16T00:00:00,11.823411,77.674724,Case registered at Dakshina Kannada PS 40 regarding burglary. Investigation ongoing under IO Lakshit.
2170,100110459202502170,202502170,2025-07-09,1720,459,4,2,5,14,2,22,2025-07-09T00:00:00,2025-07-09T15:00:00,2025-07-09T00:00:00,17.958293,74.759442,Case registered at Dakshina Kannada PS 27 regarding criminal breach of trust. Investigation ongoing under IO Yoshita.
2171,100291058202502171,202502171,2025-05-06,1966,1058,1,2,6,16,3,57,2025-05-06T00:00:00,2025-05-07T12:00:00,2025-05-06T00:00:00,12.537593,76.277674,Case registered at Vijayapura PS 20 regarding identity theft. Investigation ongoing under IO Ojas.
2172,100271006202302172,202302172,2023-08-03,1245,1006,2,2,3,9,4,53,2023-08-03T00:00:00,2023-08-04T16:00:00,2023-08-03T00:00:00,16.082082,78.507389,Case registered at Udupi PS 26 regarding dowry harassment. Investigation ongoing under IO Tanay.
2173,100150594202402173,202402173,2024-10-12,1569,594,1,2,3,10,2,29,2024-10-12T00:00:00,2024-10-13T22:00:00,2024-10-12T00:00:00,13.914565,76.719145,Case registered at Hassan PS 18 regarding sexual assault. Investigation ongoing under IO Radha.
2174,100200751202402174,202402174,2024-06-18,337,751,1,2,3,9,3,39,2024-06-18T00:00:00,2024-06-18T17:00:00,2024-06-18T00:00:00,14.394002,74.783919,Case registered at Koppal PS 2 regarding dowry harassment. Investigation ongoing under IO Jason.
2175,100271007202302175,202302175,2023-08-10,62,1007,1,1,3,9,2,53,2023-08-10T00:00:00,2023-08-11T21:00:00,2023-08-10T00:00:00,14.372851,77.848343,Case registered at Udupi PS 27 regarding dowry harassment. Investigation ongoing under IO Saumya.
2176,100090394202302176,202302176,2023-03-19,2132,394,1,2,4,12,2,17,2023-03-19T00:00:00,2023-03-19T01:00:00,2023-03-19T00:00:00,15.417697,77.948775,Case registered at Chikkamagaluru PS 20 regarding public nuisance. Investigation ongoing under IO Yatan.
2177,100080358202502177,202502177,2025-07-30,1564,358,1,2,4,11,1,16,2025-07-30T00:00:00,2025-07-31T01:00:00,2025-07-30T00:00:00,15.927305,75.852931,Case registered at Chikkaballapur PS 13 regarding gambling. Investigation ongoing under IO Maya.
2178,100281031202402178,202402178,2024-12-31,296,1031,3,2,3,10,2,56,2024-12-31T00:00:00,2024-12-31T20:00:00,2024-12-31T00:00:00,15.158923,78.468281,Case registered at Uttara Kannada PS 22 regarding sexual assault. Investigation ongoing under IO Udyati.
2179,100020084202502179,202502179,2025-11-28,1067,84,1,2,5,13,1,3,2025-11-28T00:00:00,2025-11-28T21:00:00,2025-11-28T00:00:00,11.656719,77.825342,Case registered at Ballari PS 55 regarding cheating. Investigation ongoing under IO Sai.
2180,100030097202302180,202302180,2023-10-29,1536,97,2,1,3,9,2,5,2023-10-29T00:00:00,2023-10-30T02:00:00,2023-10-29T00:00:00,15.277818,74.272604,Case registered at Belagavi PS 11 regarding dowry harassment. Investigation ongoing under IO Prisha.
2181,100230891202502181,202502181,2025-04-18,2115,891,1,2,2,6,2,46,2025-04-18T00:00:00,2025-04-18T19:00:00,2025-04-18T00:00:00,18.251529,74.147317,Case registered at Raichur PS 27 regarding burglary. Investigation ongoing under IO Vaishnavi.
2182,100080374202502182,202502182,2025-04-26,294,374,1,2,4,12,4,15,2025-04-26T00:00:00,2025-04-27T11:00:00,2025-04-26T00:00:00,16.826657,78.459675,Case registered at Chikkaballapur PS 29 regarding public nuisance. Investigation ongoing under IO Luke.
2183,100291048202502183,202502183,2025-10-16,816,1048,1,2,4,12,4,58,2025-10-16T00:00:00,2025-10-16T16:00:00,2025-10-16T00:00:00,16.932507,75.33921,Case registered at Vijayapura PS 10 regarding public nuisance. Investigation ongoing under IO Thomas.
2184,100210779202402184,202402184,2024-10-24,213,779,1,2,5,13,4,42,2024-10-24T00:00:00,2024-10-25T01:00:00,2024-10-24T00:00:00,16.41293,76.676438,Case registered at Mandya PS 1 regarding cheating. Investigation ongoing under IO Chakradev.
2185,100050195202402185,202402185,2024-05-04,289,195,1,2,4,12,4,10,2024-05-04T00:00:00,2024-05-05T16:00:00,2024-05-04T00:00:00,13.725816,75.566623,Case registered at Bengaluru Urban PS 23 regarding public nuisance. Investigation ongoing under IO Ayush.
2186,100240900202502186,202502186,2025-07-26,1908,900,2,2,3,9,1,47,2025-07-26T00:00:00,2025-07-26T03:00:00,2025-07-26T00:00:00,16.131161,78.253721,Case registered at Ramanagara PS 7 regarding dowry harassment. Investigation ongoing under IO Rajata.
2187,100140568202502187,202502187,2025-07-06,523,568,1,2,5,13,2,27,2025-07-06T00:00:00,2025-07-07T11:00:00,2025-07-06T00:00:00,17.6847,78.419286,Case registered at Gadag PS 21 regarding cheating. Investigation ongoing under IO Jyoti.
2188,100220849202502188,202502188,2025-07-28,158,849,1,2,1,1,1,43,2025-07-28T00:00:00,2025-07-28T13:00:00,2025-07-28T00:00:00,12.263872,77.24604,Case registered at Mysuru PS 42 regarding murder. Investigation ongoing under IO Lajita.
2189,100311113202502189,202502189,2025-07-02,448,1113,4,2,4,12,1,62,2025-07-02T00:00:00,2025-07-03T23:00:00,2025-07-02T00:00:00,14.835977,76.04031,Case registered at Vijayanagara PS 17 regarding public nuisance. Investigation ongoing under IO Sachi.
2190,100130530202302190,202302190,2023-08-13,1855,530,3,2,5,14,1,25,2023-08-13T00:00:00,2023-08-14T10:00:00,2023-08-13T00:00:00,14.712513,76.629957,Case registered at Dharwad PS 12 regarding criminal breach of trust. Investigation ongoing under IO Jagrati.
2191,100050177202502191,202502191,2025-01-03,1664,177,1,2,1,2,2,9,2025-01-03T00:00:00,2025-01-04T22:00:00,2025-01-03T00:00:00,15.636619,78.471178,Case registered at Bengaluru Urban PS 5 regarding attempt to murder. Investigation ongoing under IO Ikbal.
2192,100291046202502192,202502192,2025-07-04,1185,1046,1,2,3,10,1,57,2025-07-04T00:00:00,2025-07-05T07:00:00,2025-07-04T00:00:00,17.339613,76.892943,Case registered at Vijayapura PS 8 regarding sexual assault. Investigation ongoing under IO Tanmayi.
2193,100281015202302193,202302193,2023-12-29,513,1015,2,2,2,7,1,55,2023-12-29T00:00:00,2023-12-29T22:00:00,2023-12-29T00:00:00,14.552384,76.147117,Case registered at Uttara Kannada PS 6 regarding vehicle theft. Investigation ongoing under IO Jacob.
2194,100220855202302194,202302194,2023-06-03,2181,855,2,2,6,15,1,44,2023-06-03T00:00:00,2023-06-03T15:00:00,2023-06-03T00:00:00,14.983004,76.649149,Case registered at Mysuru PS 48 regarding online fraud. Investigation ongoing under IO Udarsh.
2195,100070344202602195,202602195,2026-03-01,1814,344,1,2,5,13,3,13,2026-03-01T00:00:00,2026-03-01T08:00:00,2026-03-01T00:00:00,12.494919,78.483613,Case registered at Chamarajanagar PS 28 regarding cheating. Investigation ongoing under IO Irya.
2196,100291048202602196,202602196,2026-01-15,1757,1048,2,1,1,1,2,57,2026-01-15T00:00:00,2026-01-16T08:00:00,2026-01-15T00:00:00,12.564655,74.936926,Case registered at Vijayapura PS 10 regarding murder. Investigation ongoing under IO Edhitha.
2197,100120502202602197,202602197,2026-07-18,405,502,1,2,3,10,2,23,2026-07-18T00:00:00,2026-07-19T07:00:00,2026-07-18T00:00:00,13.488004,76.386049,Case registered at Davanagere PS 13 regarding sexual assault. Investigation ongoing under IO Faraj.
2198,100060303202502198,202502198,2025-02-04,2091,303,3,2,6,16,1,11,2025-02-04T00:00:00,2025-02-04T04:00:00,2025-02-04T00:00:00,17.772633,77.023466,Case registered at Bidar PS 16 regarding identity theft. Investigation ongoing under IO Yashawini.
2199,100060316202402199,202402199,2024-11-17,2407,316,4,2,4,11,2,12,2024-11-17T00:00:00,2024-11-17T22:00:00,2024-11-17T00:00:00,15.016451,75.08888,Case registered at Bidar PS 29 regarding gambling. Investigation ongoing under IO Lucky.
2200,100040166202302200,202302200,2023-02-04,198,166,1,2,2,4,1,7,2023-02-04T00:00:00,2023-02-05T18:00:00,2023-02-04T00:00:00,11.789052,76.612741,Case registered at Bengaluru Rural PS 23 regarding theft. Investigation ongoing under IO Anya.
2201,100070335202302201,202302201,2023-08-02,1469,335,1,2,3,8,1,13,2023-08-02T00:00:00,2023-08-03T14:00:00,2023-08-02T00:00:00,17.837593,74.596209,Case registered at Chamarajanagar PS 19 regarding domestic violence. Investigation ongoing under IO Rajeshri.
2202,100220814202302202,202302202,2023-01-04,1613,814,1,1,1,1,4,43,2023-01-04T00:00:00,2023-01-04T20:00:00,2023-01-04T00:00:00,14.042415,74.662285,Case registered at Mysuru PS 7 regarding murder. Investigation ongoing under IO Nakul.
2203,100030111202502203,202502203,2025-04-07,1836,111,3,1,3,8,4,5,2025-04-07T00:00:00,2025-04-08T07:00:00,2025-04-07T00:00:00,12.240481,74.699994,Case registered at Belagavi PS 25 regarding domestic violence. Investigation ongoing under IO Sai.
2204,100070340202302204,202302204,2023-08-31,1419,340,2,2,2,5,2,13,2023-08-31T00:00:00,2023-09-01T20:00:00,2023-08-31T00:00:00,17.364581,75.861332,Case registered at Chamarajanagar PS 24 regarding robbery. Investigation ongoing under IO Oni.
2205,100050185202402205,202402205,2024-06-27,636,185,1,2,5,13,1,9,2024-06-27T00:00:00,2024-06-28T09:00:00,2024-06-27T00:00:00,16.504651,75.545638,Case registered at Bengaluru Urban PS 13 regarding cheating. Investigation ongoing under IO Tejas.
2206,100291056202402206,202402206,2024-04-25,319,1056,1,2,3,10,1,57,2024-04-25T00:00:00,2024-04-25T17:00:00,2024-04-25T00:00:00,14.833631,74.040179,Case registered at Vijayapura PS 18 regarding sexual assault. Investigation ongoing under IO Jasmit.
2207,100110488202602207,202602207,2026-03-10,2421,488,1,2,6,15,3,21,2026-03-10T00:00:00,2026-03-10T03:00:00,2026-03-10T00:00:00,16.321518,77.194038,Case registered at Dakshina Kannada PS 56 regarding online fraud. Investigation ongoing under IO Ekanta.
2208,100020069202302208,202302208,2023-11-10,1786,69,4,2,2,4,2,3,2023-11-10T00:00:00,2023-11-10T15:00:00,2023-11-10T00:00:00,16.63361,76.078823,Case registered at Ballari PS 40 regarding theft. Investigation ongoing under IO Devika.
2209,100110487202402209,202402209,2024-03-06,1939,487,1,2,3,9,2,22,2024-03-06T00:00:00,2024-03-07T07:00:00,2024-03-06T00:00:00,17.2123,77.882063,Case registered at Dakshina Kannada PS 55 regarding dowry harassment. Investigation ongoing under IO Januja.
2210,100080358202402210,202402210,2024-04-08,312,358,1,2,5,14,3,15,2024-04-08T00:00:00,2024-04-09T06:00:00,2024-04-08T00:00:00,16.108658,74.330891,Case registered at Chikkaballapur PS 13 regarding criminal breach of trust. Investigation ongoing under IO Sai.
2211,100220840202502211,202502211,2025-07-24,835,840,1,1,1,3,2,44,2025-07-24T00:00:00,2025-07-25T16:00:00,2025-07-24T00:00:00,17.565092,78.242704,Case registered at Mysuru PS 33 regarding grievous hurt. Investigation ongoing under IO Nisha.
2212,100311119202302212,202302212,2023-09-07,429,1119,1,2,3,8,3,62,2023-09-07T00:00:00,2023-09-07T17:00:00,2023-09-07T00:00:00,15.536347,75.960381,Case registered at Vijayanagara PS 23 regarding domestic violence. Investigation ongoing under IO Charles.
2213,100040171202502213,202502213,2025-07-02,828,171,3,2,2,5,3,7,2025-07-02T00:00:00,2025-07-02T23:00:00,2025-07-02T00:00:00,16.670293,76.355592,Case registered at Bengaluru Rural PS 28 regarding robbery. Investigation ongoing under IO Priya.
2214,100210783202302214,202302214,2023-10-20,1752,783,1,2,6,16,2,42,2023-10-20T00:00:00,2023-10-20T13:00:00,2023-10-20T00:00:00,16.410955,74.035821,Case registered at Mandya PS 5 regarding identity theft. Investigation ongoing under IO Ladli.
2215,100291064202502215,202502215,2025-02-27,1923,1064,1,2,6,16,1,57,2025-02-27T00:00:00,2025-02-28T15:00:00,2025-02-27T00:00:00,14.988151,78.314603,Case registered at Vijayapura PS 26 regarding identity theft. Investigation ongoing under IO Omisha.
2216,100281014202302216,202302216,2023-11-25,275,1014,1,2,5,14,3,56,2023-11-25T00:00:00,2023-11-26T01:00:00,2023-11-25T00:00:00,17.781584,75.29842,Case registered at Uttara Kannada PS 5 regarding criminal breach of trust. Investigation ongoing under IO Lakshmi.
2217,100100406202502217,202502217,2025-09-14,2161,406,2,2,6,15,2,19,2025-09-14T00:00:00,2025-09-15T16:00:00,2025-09-14T00:00:00,15.954394,75.448016,Case registered at Chitradurga PS 3 regarding online fraud. Investigation ongoing under IO Charvi.
2218,100080372202302218,202302218,2023-08-18,920,372,3,2,4,11,2,15,2023-08-18T00:00:00,2023-08-18T14:00:00,2023-08-18T00:00:00,14.362152,74.378399,Case registered at Chikkaballapur PS 27 regarding gambling. Investigation ongoing under IO Abhiram.
2219,100170661202402219,202402219,2024-08-10,2257,661,4,1,1,1,4,33,2024-08-10T00:00:00,2024-08-11T14:00:00,2024-08-10T00:00:00,18.397534,77.973023,Case registered at Kalaburagi PS 27 regarding murder. Investigation ongoing under IO Yahvi.
2220,100260955202402220,202402220,2024-01-19,564,955,2,1,1,1,2,52,2024-01-19T00:00:00,2024-01-20T21:00:00,2024-01-19T00:00:00,12.345475,74.629772,Case registered at Tumakuru PS 4 regarding murder. Investigation ongoing under IO Janani.
2221,100160628202402221,202402221,2024-11-28,330,628,1,2,4,12,4,32,2024-11-28T00:00:00,2024-11-28T07:00:00,2024-11-28T00:00:00,16.800697,74.505406,Case registered at Haveri PS 23 regarding public nuisance. Investigation ongoing under IO Oni.
2222,100030094202402222,202402222,2024-07-07,1127,94,2,2,1,2,1,6,2024-07-07T00:00:00,2024-07-08T05:00:00,2024-07-07T00:00:00,12.891831,75.047781,Case registered at Belagavi PS 8 regarding attempt to murder. Investigation ongoing under IO Jagrati.
2223,100140573202502223,202502223,2025-08-17,2472,573,3,2,1,2,3,27,2025-08-17T00:00:00,2025-08-17T23:00:00,2025-08-17T00:00:00,17.150944,78.069858,Case registered at Gadag PS 26 regarding attempt to murder. Investigation ongoing under IO Harinakshi.
2224,100291067202602224,202602224,2026-03-13,713,1067,4,2,2,6,2,57,2026-03-13T00:00:00,2026-03-13T03:00:00,2026-03-13T00:00:00,17.658268,76.969958,Case registered at Vijayapura PS 29 regarding burglary. Investigation ongoing under IO Praneel.
2225,100311120202302225,202302225,2023-09-01,1571,1120,1,2,5,14,2,61,2023-09-01T00:00:00,2023-09-01T21:00:00,2023-09-01T00:00:00,17.628392,74.515929,Case registered at Vijayanagara PS 24 regarding criminal breach of trust. Investigation ongoing under IO Megha.
2226,100080369202602226,202602226,2026-01-24,304,369,1,2,5,13,2,15,2026-01-24T00:00:00,2026-01-24T02:00:00,2026-01-24T00:00:00,13.421033,74.961159,Case registered at Chikkaballapur PS 24 regarding cheating. Investigation ongoing under IO Chandran.
2227,100050201202602227,202602227,2026-02-09,824,201,3,2,6,15,2,9,2026-02-09T00:00:00,2026-02-10T02:00:00,2026-02-09T00:00:00,13.686073,74.105642,Case registered at Bengaluru Urban PS 29 regarding online fraud. Investigation ongoing under IO Shivani.
2228,100190724202302228,202302228,2023-12-08,2349,724,2,2,2,6,2,38,2023-12-08T00:00:00,2023-12-09T18:00:00,2023-12-08T00:00:00,18.161312,78.229729,Case registered at Kolar PS 4 regarding burglary. Investigation ongoing under IO Logan.
2229,100080373202302229,202302229,2023-11-03,2210,373,1,2,5,13,1,16,2023-11-03T00:00:00,2023-11-03T21:00:00,2023-11-03T00:00:00,16.698154,77.562781,Case registered at Chikkaballapur PS 28 regarding cheating. Investigation ongoing under IO Chaitanya.
2230,100070342202402230,202402230,2024-04-24,673,342,1,2,4,12,2,14,2024-04-24T00:00:00,2024-04-24T05:00:00,2024-04-24T00:00:00,15.396933,74.853069,Case registered at Chamarajanagar PS 26 regarding public nuisance. Investigation ongoing under IO Warhi.
2231,100260959202302231,202302231,2023-08-05,166,959,3,2,5,14,1,51,2023-08-05T00:00:00,2023-08-06T07:00:00,2023-08-05T00:00:00,17.551415,74.513694,Case registered at Tumakuru PS 8 regarding criminal breach of trust. Investigation ongoing under IO Fiyaz.
2232,100250944202402232,202402232,2024-11-18,733,944,2,2,3,8,2,50,2024-11-18T00:00:00,2024-11-18T03:00:00,2024-11-18T00:00:00,13.21788,78.595548,Case registered at Shivamogga PS 22 regarding domestic violence. Investigation ongoing under IO Farhan.
2233,100170640202402233,202402233,2024-09-15,2047,640,1,2,3,8,3,34,2024-09-15T00:00:00,2024-09-15T06:00:00,2024-09-15T00:00:00,15.360061,78.390331,Case registered at Kalaburagi PS 6 regarding domestic violence. Investigation ongoing under IO Aayush.
2234,100170643202302234,202302234,2023-11-14,2006,643,1,2,5,13,3,34,2023-11-14T00:00:00,2023-11-15T13:00:00,2023-11-14T00:00:00,15.609589,75.696642,Case registered at Kalaburagi PS 9 regarding cheating. Investigation ongoing under IO Urmi.
2235,100220836202602235,202602235,2026-03-30,1905,836,1,1,1,3,1,43,2026-03-30T00:00:00,2026-03-30T06:00:00,2026-03-30T00:00:00,15.405914,74.197984,Case registered at Mysuru PS 29 regarding grievous hurt. Investigation ongoing under IO Guneet.
2236,100030124202302236,202302236,2023-10-13,1304,124,2,2,4,11,1,6,2023-10-13T00:00:00,2023-10-14T23:00:00,2023-10-13T00:00:00,16.530249,75.543051,Case registered at Belagavi PS 38 regarding gambling. Investigation ongoing under IO Manya.
2237,100020078202402237,202402237,2024-06-22,1493,78,4,2,6,16,2,3,2024-06-22T00:00:00,2024-06-23T04:00:00,2024-06-22T00:00:00,15.326536,75.673513,Case registered at Ballari PS 49 regarding identity theft. Investigation ongoing under IO Jason.
2238,100210785202402238,202402238,2024-02-05,531,785,3,1,1,2,4,42,2024-02-05T00:00:00,2024-02-06T07:00:00,2024-02-05T00:00:00,16.432004,74.391531,Case registered at Mandya PS 7 regarding attempt to murder. Investigation ongoing under IO Yadavi.
2239,100020067202502239,202502239,2025-02-06,1801,67,1,2,2,5,3,3,2025-02-06T00:00:00,2025-02-06T21:00:00,2025-02-06T00:00:00,13.47608,76.605408,Case registered at Ballari PS 38 regarding robbery. Investigation ongoing under IO Bachittar.
2240,100050255202502240,202502240,2025-10-20,516,255,1,2,6,15,1,10,2025-10-20T00:00:00,2025-10-20T06:00:00,2025-10-20T00:00:00,14.103265,74.373023,Case registered at Bengaluru Urban PS 83 regarding online fraud. Investigation ongoing under IO Ethan.
2241,100130526202402241,202402241,2024-01-17,2281,526,1,2,6,15,1,26,2024-01-17T00:00:00,2024-01-18T01:00:00,2024-01-17T00:00:00,12.588851,78.082697,Case registered at Dharwad PS 8 regarding online fraud. Investigation ongoing under IO Bina.
2242,100230870202402242,202402242,2024-03-30,2491,870,1,2,5,14,1,46,2024-03-30T00:00:00,2024-03-30T02:00:00,2024-03-30T00:00:00,15.348233,77.41416,Case registered at Raichur PS 6 regarding criminal breach of trust. Investigation ongoing under IO Nicholas.
2243,100020058202402243,202402243,2024-03-27,320,58,1,2,6,15,2,3,2024-03-27T00:00:00,2024-03-27T08:00:00,2024-03-27T00:00:00,18.172294,74.731842,Case registered at Ballari PS 29 regarding online fraud. Investigation ongoing under IO Aishani.
2244,100170673202602244,202602244,2026-06-19,1377,673,1,2,4,12,1,34,2026-06-19T00:00:00,2026-06-19T05:00:00,2026-06-19T00:00:00,13.795088,77.586062,Case registered at Kalaburagi PS 39 regarding public nuisance. Investigation ongoing under IO Aadi.
2245,100030098202602245,202602245,2026-06-13,1956,98,1,1,3,9,2,5,2026-06-13T00:00:00,2026-06-13T10:00:00,2026-06-13T00:00:00,12.780868,77.994053,Case registered at Belagavi PS 12 regarding dowry harassment. Investigation ongoing under IO Arin.
2246,100100406202302246,202302246,2023-06-18,1146,406,1,2,5,13,2,19,2023-06-18T00:00:00,2023-06-19T08:00:00,2023-06-18T00:00:00,13.498084,75.024412,Case registered at Chitradurga PS 3 regarding cheating. Investigation ongoing under IO Indrajit.
2247,100200772202402247,202402247,2024-01-03,637,772,1,2,4,12,1,40,2024-01-03T00:00:00,2024-01-04T09:00:00,2024-01-03T00:00:00,15.010889,78.300294,Case registered at Koppal PS 23 regarding public nuisance. Investigation ongoing under IO Finn.
2248,100270989202502248,202502248,2025-07-27,1396,989,1,2,5,13,2,53,2025-07-27T00:00:00,2025-07-28T21:00:00,2025-07-27T00:00:00,12.604581,76.115282,Case registered at Udupi PS 9 regarding cheating. Investigation ongoing under IO Hema.
2249,100060309202502249,202502249,2025-11-13,132,309,1,2,1,1,3,11,2025-11-13T00:00:00,2025-11-14T18:00:00,2025-11-13T00:00:00,17.365578,77.097384,Case registered at Bidar PS 22 regarding murder. Investigation ongoing under IO Ekanta.
2250,100270989202302250,202302250,2023-09-25,1942,989,3,2,6,15,2,54,2023-09-25T00:00:00,2023-09-26T07:00:00,2023-09-25T00:00:00,13.285214,74.302172,Case registered at Udupi PS 9 regarding online fraud. Investigation ongoing under IO Ekalinga.
2251,100200769202302251,202302251,2023-08-04,302,769,1,2,4,12,3,40,2023-08-04T00:00:00,2023-08-04T17:00:00,2023-08-04T00:00:00,16.378648,78.033809,Case registered at Koppal PS 20 regarding public nuisance. Investigation ongoing under IO Chakrika.
2252,100230881202402252,202402252,2024-05-18,457,881,3,2,1,3,3,46,2024-05-18T00:00:00,2024-05-18T19:00:00,2024-05-18T00:00:00,14.915764,77.360029,Case registered at Raichur PS 17 regarding grievous hurt. Investigation ongoing under IO Jeet.
2253,100060299202302253,202302253,2023-05-06,1548,299,3,2,5,14,2,12,2023-05-06T00:00:00,2023-05-07T05:00:00,2023-05-06T00:00:00,13.940012,77.778894,Case registered at Bidar PS 12 regarding criminal breach of trust. Investigation ongoing under IO Anya.
2254,100260970202402254,202402254,2024-08-12,367,970,3,1,3,8,2,52,2024-08-12T00:00:00,2024-08-12T09:00:00,2024-08-12T00:00:00,12.950395,75.483041,Case registered at Tumakuru PS 19 regarding domestic violence. Investigation ongoing under IO Kalpit.
2255,100030138202502255,202502255,2025-09-12,527,138,3,2,4,11,1,5,2025-09-12T00:00:00,2025-09-12T16:00:00,2025-09-12T00:00:00,15.306754,77.62093,Case registered at Belagavi PS 52 regarding gambling. Investigation ongoing under IO Ethan.
2256,100030129202502256,202502256,2025-08-24,1089,129,2,2,5,13,2,5,2025-08-24T00:00:00,2025-08-25T03:00:00,2025-08-24T00:00:00,14.028305,77.392303,Case registered at Belagavi PS 43 regarding cheating. Investigation ongoing under IO Ekta.
2257,100301094202402257,202402257,2024-12-05,812,1094,1,2,4,12,1,59,2024-12-05T00:00:00,2024-12-06T15:00:00,2024-12-05T00:00:00,13.420394,75.717503,Case registered at Yadgir PS 27 regarding public nuisance. Investigation ongoing under IO Vedhika.
2258,100120516202502258,202502258,2025-01-17,215,516,1,2,5,13,3,24,2025-01-17T00:00:00,2025-01-18T21:00:00,2025-01-17T00:00:00,12.019779,75.946887,Case registered at Davanagere PS 27 regarding cheating. Investigation ongoing under IO Harshil.
2259,100050256202502259,202502259,2025-04-04,256,256,1,2,4,11,4,9,2025-04-04T00:00:00,2025-04-05T01:00:00,2025-04-04T00:00:00,14.05726,77.742093,Case registered at Bengaluru Urban PS 84 regarding gambling. Investigation ongoing under IO Vedhika.
2260,100220828202502260,202502260,2025-08-02,1682,828,1,2,5,14,1,43,2025-08-02T00:00:00,2025-08-02T21:00:00,2025-08-02T00:00:00,13.169004,77.23393,Case registered at Mysuru PS 21 regarding criminal breach of trust. Investigation ongoing under IO Jacob.
2261,100050252202402261,202402261,2024-09-21,431,252,3,2,1,3,3,9,2024-09-21T00:00:00,2024-09-22T11:00:00,2024-09-21T00:00:00,13.738119,76.269378,Case registered at Bengaluru Urban PS 80 regarding grievous hurt. Investigation ongoing under IO Libni.
2262,100260969202502262,202502262,2025-12-02,803,969,1,2,6,16,2,51,2025-12-02T00:00:00,2025-12-03T08:00:00,2025-12-02T00:00:00,15.454722,75.727696,Case registered at Tumakuru PS 18 regarding identity theft. Investigation ongoing under IO Orinder.
2263,100020085202302263,202302263,2023-08-25,2292,85,2,1,1,3,2,3,2023-08-25T00:00:00,2023-08-25T04:00:00,2023-08-25T00:00:00,17.863939,74.740321,Case registered at Ballari PS 56 regarding grievous hurt. Investigation ongoing under IO Madhavi.
2264,100060291202302264,202302264,2023-09-08,680,291,1,2,4,12,4,11,2023-09-08T00:00:00,2023-09-08T15:00:00,2023-09-08T00:00:00,16.319335,75.391537,Case registered at Bidar PS 4 regarding public nuisance. Investigation ongoing under IO Xavier.
2265,100250944202602265,202602265,2026-02-06,265,944,1,2,4,12,1,50,2026-02-06T00:00:00,2026-02-07T10:00:00,2026-02-06T00:00:00,13.416124,76.561677,Case registered at Shivamogga PS 22 regarding public nuisance. Investigation ongoing under IO Ekaraj.
2266,100190734202302266,202302266,2023-09-22,769,734,1,2,4,12,1,38,2023-09-22T00:00:00,2023-09-22T15:00:00,2023-09-22T00:00:00,17.158804,77.975771,Case registered at Kolar PS 14 regarding public nuisance. Investigation ongoing under IO Ekapad.
2267,100140560202602267,202602267,2026-01-22,2115,560,1,2,4,12,3,27,2026-01-22T00:00:00,2026-01-23T04:00:00,2026-01-22T00:00:00,14.111928,76.013879,Case registered at Gadag PS 13 regarding public nuisance. Investigation ongoing under IO Vaishnavi.
2268,100030103202502268,202502268,2025-03-31,1753,103,1,2,5,13,2,5,2025-03-31T00:00:00,2025-04-01T06:00:00,2025-03-31T00:00:00,13.301689,76.869955,Case registered at Belagavi PS 17 regarding cheating. Investigation ongoing under IO Darsh.
2269,100311111202302269,202302269,2023-05-27,2343,1111,1,2,1,1,4,61,2023-05-27T00:00:00,2023-05-28T17:00:00,2023-05-27T00:00:00,17.99161,78.428625,Case registered at Vijayanagara PS 15 regarding murder. Investigation ongoing under IO Pahal.
2270,100140551202302270,202302270,2023-03-25,1760,551,1,2,1,2,3,28,2023-03-25T00:00:00,2023-03-25T21:00:00,2023-03-25T00:00:00,13.282466,78.248615,Case registered at Gadag PS 4 regarding attempt to murder. Investigation ongoing under IO Yashvi.
2271,100130535202602271,202602271,2026-07-14,1274,535,1,2,2,6,1,26,2026-07-14T00:00:00,2026-07-16T00:00:00,2026-07-14T00:00:00,18.217661,74.952617,Case registered at Dharwad PS 17 regarding burglary. Investigation ongoing under IO Laban.
2272,100030130202302272,202302272,2023-05-04,613,130,1,2,6,15,1,6,2023-05-04T00:00:00,2023-05-05T17:00:00,2023-05-04T00:00:00,14.381339,77.8908,Case registered at Belagavi PS 44 regarding online fraud. Investigation ongoing under IO Mekhala.
2273,100050252202502273,202502273,2025-12-28,1329,252,1,2,3,10,1,9,2025-12-28T00:00:00,2025-12-29T08:00:00,2025-12-28T00:00:00,14.647723,78.356167,Case registered at Bengaluru Urban PS 80 regarding sexual assault. Investigation ongoing under IO Nirja.
2274,100030130202502274,202502274,2025-02-12,31,130,3,2,6,16,1,6,2025-02-12T00:00:00,2025-02-12T11:00:00,2025-02-12T00:00:00,17.437184,74.657616,Case registered at Belagavi PS 44 regarding identity theft. Investigation ongoing under IO Devansh.
2275,100281033202302275,202302275,2023-04-08,1804,1033,1,2,4,12,3,55,2023-04-08T00:00:00,2023-04-09T20:00:00,2023-04-08T00:00:00,18.242816,74.941469,Case registered at Uttara Kannada PS 24 regarding public nuisance. Investigation ongoing under IO Leela.
2276,100150588202302276,202302276,2023-04-27,1648,588,1,2,6,15,3,29,2023-04-27T00:00:00,2023-04-28T00:00:00,2023-04-27T00:00:00,13.805781,78.535712,Case registered at Hassan PS 12 regarding online fraud. Investigation ongoing under IO Frederick.
2277,100030108202302277,202302277,2023-02-23,793,108,3,2,5,14,1,5,2023-02-23T00:00:00,2023-02-24T11:00:00,2023-02-23T00:00:00,16.912032,74.145795,Case registered at Belagavi PS 22 regarding criminal breach of trust. Investigation ongoing under IO Vincent.
2278,100260972202402278,202402278,2024-02-13,1227,972,1,2,5,13,3,51,2024-02-13T00:00:00,2024-02-13T11:00:00,2024-02-13T00:00:00,18.155357,76.568974,Case registered at Tumakuru PS 21 regarding cheating. Investigation ongoing under IO Lakshmi.
2279,100291051202502279,202502279,2025-01-08,2141,1051,1,2,5,14,2,57,2025-01-08T00:00:00,2025-01-09T03:00:00,2025-01-08T00:00:00,12.204338,78.469031,Case registered at Vijayapura PS 13 regarding criminal breach of trust. Investigation ongoing under IO Mekhala.
2280,100010017202402280,202402280,2024-07-28,2040,17,1,2,1,3,1,1,2024-07-28T00:00:00,2024-07-28T20:00:00,2024-07-28T00:00:00,15.755153,74.561631,Case registered at Bagalkot PS 17 regarding grievous hurt. Investigation ongoing under IO Samesh.
2281,100130532202302281,202302281,2023-07-24,889,532,1,1,3,8,1,26,2023-07-24T00:00:00,2023-07-24T02:00:00,2023-07-24T00:00:00,17.125352,76.285962,Case registered at Dharwad PS 14 regarding domestic violence. Investigation ongoing under IO Yachana.
2282,100100409202502282,202502282,2025-05-27,1679,409,1,1,1,3,1,20,2025-05-27T00:00:00,2025-05-28T09:00:00,2025-05-27T00:00:00,17.950374,75.235908,Case registered at Chitradurga PS 6 regarding grievous hurt. Investigation ongoing under IO Waida.
2283,100100425202402283,202402283,2024-11-12,1873,425,2,2,6,15,3,20,2024-11-12T00:00:00,2024-11-13T08:00:00,2024-11-12T00:00:00,17.534701,77.950703,Case registered at Chitradurga PS 22 regarding online fraud. Investigation ongoing under IO Geetika.
2284,100260972202502284,202502284,2025-05-08,1025,972,1,2,1,3,3,51,2025-05-08T00:00:00,2025-05-08T03:00:00,2025-05-08T00:00:00,18.062484,78.291136,Case registered at Tumakuru PS 21 regarding grievous hurt. Investigation ongoing under IO Mitali.
2285,100050266202502285,202502285,2025-12-15,1676,266,3,2,6,15,2,10,2025-12-15T00:00:00,2025-12-15T06:00:00,2025-12-15T00:00:00,15.232095,74.173982,Case registered at Bengaluru Urban PS 94 regarding online fraud. Investigation ongoing under IO Aashi.
2286,100250941202402286,202402286,2024-04-05,2192,941,1,2,1,3,4,50,2024-04-05T00:00:00,2024-04-06T05:00:00,2024-04-05T00:00:00,13.133617,76.106776,Case registered at Shivamogga PS 19 regarding grievous hurt. Investigation ongoing under IO Tanveer.
2287,100291051202502287,202502287,2025-06-10,1434,1051,1,2,5,13,2,58,2025-06-10T00:00:00,2025-06-10T15:00:00,2025-06-10T00:00:00,14.800977,76.482637,Case registered at Vijayapura PS 13 regarding cheating. Investigation ongoing under IO Rushil.
2288,100020073202402288,202402288,2024-10-19,20,73,4,2,4,11,3,4,2024-10-19T00:00:00,2024-10-20T12:00:00,2024-10-19T00:00:00,16.694097,76.243374,Case registered at Ballari PS 44 regarding gambling. Investigation ongoing under IO Yash.
2289,100220824202502289,202502289,2025-01-10,870,824,1,2,2,6,1,44,2025-01-10T00:00:00,2025-01-11T17:00:00,2025-01-10T00:00:00,18.130112,78.333728,Case registered at Mysuru PS 17 regarding burglary. Investigation ongoing under IO Max.
2290,100291063202502290,202502290,2025-01-29,420,1063,1,2,2,5,4,58,2025-01-29T00:00:00,2025-01-30T21:00:00,2025-01-29T00:00:00,12.435417,74.452362,Case registered at Vijayapura PS 25 regarding robbery. Investigation ongoing under IO Turvi.
2291,100040146202302291,202302291,2023-08-13,765,146,1,2,3,8,3,8,2023-08-13T00:00:00,2023-08-14T03:00:00,2023-08-13T00:00:00,16.228994,78.000882,Case registered at Bengaluru Rural PS 3 regarding domestic violence. Investigation ongoing under IO Maya.
2292,100180706202602292,202602292,2026-02-22,2043,706,3,2,5,14,2,35,2026-02-22T00:00:00,2026-02-22T15:00:00,2026-02-22T00:00:00,14.227464,77.687002,Case registered at Kodagu PS 15 regarding criminal breach of trust. Investigation ongoing under IO Naveen.
2293,100100410202502293,202502293,2025-08-13,2038,410,3,2,4,12,3,19,2025-08-13T00:00:00,2025-08-13T14:00:00,2025-08-13T00:00:00,12.116001,78.521635,Case registered at Chitradurga PS 7 regarding public nuisance. Investigation ongoing under IO Zehaan.
2294,100020078202502294,202502294,2025-06-24,1911,78,1,2,1,2,3,4,2025-06-24T00:00:00,2025-06-24T08:00:00,2025-06-24T00:00:00,13.673482,77.702042,Case registered at Ballari PS 49 regarding attempt to murder. Investigation ongoing under IO Anamika.
2295,100040150202602295,202602295,2026-05-05,1034,150,2,2,3,8,3,8,2026-05-05T00:00:00,2026-05-06T12:00:00,2026-05-05T00:00:00,15.213517,78.011635,Case registered at Bengaluru Rural PS 7 regarding domestic violence. Investigation ongoing under IO Omya.
2296,100050245202402296,202402296,2024-04-24,445,245,3,2,5,14,4,9,2024-04-24T00:00:00,2024-04-25T09:00:00,2024-04-24T00:00:00,13.512458,76.046492,Case registered at Bengaluru Urban PS 73 regarding criminal breach of trust. Investigation ongoing under IO Pratyush.
2297,100250947202302297,202302297,2023-07-29,1062,947,1,2,6,16,1,50,2023-07-29T00:00:00,2023-07-29T18:00:00,2023-07-29T00:00:00,18.274478,78.12464,Case registered at Shivamogga PS 25 regarding identity theft. Investigation ongoing under IO Niharika.
2298,100250937202402298,202402298,2024-04-05,1875,937,3,2,6,16,2,49,2024-04-05T00:00:00,2024-04-06T11:00:00,2024-04-05T00:00:00,14.049831,76.086374,Case registered at Shivamogga PS 15 regarding identity theft. Investigation ongoing under IO Laksh.
2299,100230865202402299,202402299,2024-03-01,699,865,3,2,3,10,3,46,2024-03-01T00:00:00,2024-03-02T10:00:00,2024-03-01T00:00:00,15.019054,78.168897,Case registered at Raichur PS 1 regarding sexual assault. Investigation ongoing under IO Xalak.
2300,100140563202302300,202302300,2023-07-01,1209,563,1,2,5,13,3,28,2023-07-01T00:00:00,2023-07-02T09:00:00,2023-07-01T00:00:00,16.328455,74.595803,Case registered at Gadag PS 16 regarding cheating. Investigation ongoing under IO Dipta.
2301,100030090202602301,202602301,2026-02-08,281,90,1,2,5,13,2,5,2026-02-08T00:00:00,2026-02-08T09:00:00,2026-02-08T00:00:00,16.415939,77.327349,Case registered at Belagavi PS 4 regarding cheating. Investigation ongoing under IO Alka.
2302,100160627202502302,202502302,2025-05-06,2037,627,2,2,4,12,3,31,2025-05-06T00:00:00,2025-05-07T11:00:00,2025-05-06T00:00:00,17.133897,76.647898,Case registered at Haveri PS 22 regarding public nuisance. Investigation ongoing under IO Yochana.
2303,100020051202402303,202402303,2024-01-20,442,51,1,2,2,7,1,3,2024-01-20T00:00:00,2024-01-20T23:00:00,2024-01-20T00:00:00,17.322407,77.07852,Case registered at Ballari PS 22 regarding vehicle theft. Investigation ongoing under IO Yashica.
2304,100120504202502304,202502304,2025-11-18,941,504,1,2,5,13,1,24,2025-11-18T00:00:00,2025-11-19T02:00:00,2025-11-18T00:00:00,15.247338,76.522229,Case registered at Davanagere PS 15 regarding cheating. Investigation ongoing under IO Unnati.
2305,100260975202602305,202602305,2026-06-28,547,975,1,2,2,7,2,52,2026-06-28T00:00:00,2026-06-29T18:00:00,2026-06-28T00:00:00,14.367258,76.94332,Case registered at Tumakuru PS 24 regarding vehicle theft. Investigation ongoing under IO Samar.
2306,100170658202502306,202502306,2025-11-13,643,658,1,2,5,13,1,34,2025-11-13T00:00:00,2025-11-13T07:00:00,2025-11-13T00:00:00,13.152273,76.175932,Case registered at Kalaburagi PS 24 regarding cheating. Investigation ongoing under IO Yashvi.
2307,100190737202602307,202602307,2026-02-16,1308,737,3,2,3,9,3,38,2026-02-16T00:00:00,2026-02-16T21:00:00,2026-02-16T00:00:00,18.049278,78.547966,Case registered at Kolar PS 17 regarding dowry harassment. Investigation ongoing under IO Noah.
2308,100100429202502308,202502308,2025-12-06,1035,429,1,2,1,3,3,19,2025-12-06T00:00:00,2025-12-06T14:00:00,2025-12-06T00:00:00,15.629452,75.837864,Case registered at Chitradurga PS 26 regarding grievous hurt. Investigation ongoing under IO Vaishnavi.
2309,100140563202402309,202402309,2024-02-16,759,563,1,2,5,14,4,28,2024-02-16T00:00:00,2024-02-17T15:00:00,2024-02-16T00:00:00,14.181082,74.242373,Case registered at Gadag PS 16 regarding criminal breach of trust. Investigation ongoing under IO Forum.
2310,100020081202602310,202602310,2026-01-05,2355,81,1,1,1,2,3,3,2026-01-05T00:00:00,2026-01-05T01:00:00,2026-01-05T00:00:00,17.95236,76.050859,Case registered at Ballari PS 52 regarding attempt to murder. Investigation ongoing under IO Kala.
2311,100050257202602311,202602311,2026-01-29,205,257,1,2,6,16,4,10,2026-01-29T00:00:00,2026-01-30T15:00:00,2026-01-29T00:00:00,11.625407,77.57021,Case registered at Bengaluru Urban PS 85 regarding identity theft. Investigation ongoing under IO Ganga.
2312,100020040202602312,202602312,2026-01-08,1316,40,1,2,2,7,1,4,2026-01-08T00:00:00,2026-01-09T23:00:00,2026-01-08T00:00:00,14.631078,77.024268,Case registered at Ballari PS 11 regarding vehicle theft. Investigation ongoing under IO Harshil.
2313,100301073202402313,202402313,2024-11-29,2414,1073,1,2,6,15,3,60,2024-11-29T00:00:00,2024-11-30T00:00:00,2024-11-29T00:00:00,12.959475,74.900262,Case registered at Yadgir PS 6 regarding online fraud. Investigation ongoing under IO Yashvi.
2314,100220817202402314,202402314,2024-07-17,2076,817,1,1,1,1,1,44,2024-07-17T00:00:00,2024-07-17T11:00:00,2024-07-17T00:00:00,13.446537,76.844406,Case registered at Mysuru PS 10 regarding murder. Investigation ongoing under IO Praneel.
2315,100030125202502315,202502315,2025-02-22,1919,125,1,2,5,14,2,6,2025-02-22T00:00:00,2025-02-23T13:00:00,2025-02-22T00:00:00,18.263247,77.976416,Case registered at Belagavi PS 39 regarding criminal breach of trust. Investigation ongoing under IO Urvashi.
2316,100281038202602316,202602316,2026-03-16,2365,1038,1,2,1,3,2,56,2026-03-16T00:00:00,2026-03-16T21:00:00,2026-03-16T00:00:00,16.772313,76.719983,Case registered at Uttara Kannada PS 29 regarding grievous hurt. Investigation ongoing under IO Bimala.
2317,100100424202302317,202302317,2023-06-03,1842,424,3,2,3,9,3,20,2023-06-03T00:00:00,2023-06-04T19:00:00,2023-06-03T00:00:00,14.78118,75.796155,Case registered at Chitradurga PS 21 regarding dowry harassment. Investigation ongoing under IO Aadi.
2318,100050260202502318,202502318,2025-12-17,2326,260,1,2,5,13,2,9,2025-12-17T00:00:00,2025-12-18T00:00:00,2025-12-17T00:00:00,12.656843,76.969058,Case registered at Bengaluru Urban PS 88 regarding cheating. Investigation ongoing under IO Ekaraj.
2319,100010020202402319,202402319,2024-09-05,615,20,3,2,2,6,1,2,2024-09-05T00:00:00,2024-09-05T03:00:00,2024-09-05T00:00:00,16.715358,74.731076,Case registered at Bagalkot PS 20 regarding burglary. Investigation ongoing under IO Hredhaan.
2320,100311103202602320,202602320,2026-07-07,2474,1103,1,1,3,8,1,62,2026-07-07T00:00:00,2026-07-08T02:00:00,2026-07-07T00:00:00,14.84327,75.808212,Case registered at Vijayanagara PS 7 regarding domestic violence. Investigation ongoing under IO Reyansh.
2321,100301068202502321,202502321,2025-06-16,196,1068,1,2,3,8,2,59,2025-06-16T00:00:00,2025-06-17T23:00:00,2025-06-16T00:00:00,15.385917,78.22736,Case registered at Yadgir PS 1 regarding domestic violence. Investigation ongoing under IO Qabil.
2322,100260958202302322,202302322,2023-11-21,556,958,1,1,3,10,2,51,2023-11-21T00:00:00,2023-11-21T22:00:00,2023-11-21T00:00:00,15.618448,75.427941,Case registered at Tumakuru PS 7 regarding sexual assault. Investigation ongoing under IO Yutika.
2323,100240906202402323,202402323,2024-06-19,1766,906,3,2,5,14,3,47,2024-06-19T00:00:00,2024-06-19T03:00:00,2024-06-19T00:00:00,17.374201,76.983922,Case registered at Ramanagara PS 13 regarding criminal breach of trust. Investigation ongoing under IO Nidra.
2324,100270999202602324,202602324,2026-01-19,88,999,4,2,1,2,2,53,2026-01-19T00:00:00,2026-01-20T00:00:00,2026-01-19T00:00:00,12.716716,75.548989,Case registered at Udupi PS 19 regarding attempt to murder. Investigation ongoing under IO Nakul.
2325,100190748202502325,202502325,2025-03-06,2441,748,2,2,5,13,3,37,2025-03-06T00:00:00,2025-03-06T05:00:00,2025-03-06T00:00:00,12.325611,74.646239,Case registered at Kolar PS 28 regarding cheating. Investigation ongoing under IO Dhruv.
2326,100301070202502326,202502326,2025-09-06,855,1070,1,2,1,1,3,59,2025-09-06T00:00:00,2025-09-06T10:00:00,2025-09-06T00:00:00,16.433554,76.066385,Case registered at Yadgir PS 3 regarding murder. Investigation ongoing under IO Anusha.
2327,100301074202302327,202302327,2023-05-17,753,1074,1,2,6,15,1,59,2023-05-17T00:00:00,2023-05-17T15:00:00,2023-05-17T00:00:00,11.800494,76.156305,Case registered at Yadgir PS 7 regarding online fraud. Investigation ongoing under IO Amrita.
2328,100120493202502328,202502328,2025-04-26,2214,493,1,2,6,15,3,23,2025-04-26T00:00:00,2025-04-26T08:00:00,2025-04-26T00:00:00,15.819769,74.951613,Case registered at Davanagere PS 4 regarding online fraud. Investigation ongoing under IO Nitesh.
2329,100291060202302329,202302329,2023-06-29,1095,1060,1,2,5,13,1,58,2023-06-29T00:00:00,2023-06-29T07:00:00,2023-06-29T00:00:00,14.301098,76.525487,Case registered at Vijayapura PS 22 regarding cheating. Investigation ongoing under IO Balendra.
2330,100150588202402330,202402330,2024-12-15,1988,588,1,2,5,13,1,30,2024-12-15T00:00:00,2024-12-15T11:00:00,2024-12-15T00:00:00,16.123266,77.384458,Case registered at Hassan PS 12 regarding cheating. Investigation ongoing under IO Yauvani.
2331,100301095202302331,202302331,2023-03-18,2396,1095,1,2,3,10,2,59,2023-03-18T00:00:00,2023-03-19T08:00:00,2023-03-18T00:00:00,18.081474,78.473512,Case registered at Yadgir PS 28 regarding sexual assault. Investigation ongoing under IO Madhavi.
2332,100020085202602332,202602332,2026-04-12,1105,85,1,2,3,10,2,3,2026-04-12T00:00:00,2026-04-14T00:00:00,2026-04-12T00:00:00,15.18694,78.174117,Case registered at Ballari PS 56 regarding sexual assault. Investigation ongoing under IO Jacob.
2333,100100414202602333,202602333,2026-01-02,1654,414,1,2,4,12,2,20,2026-01-02T00:00:00,2026-01-02T09:00:00,2026-01-02T00:00:00,16.193765,75.951204,Case registered at Chitradurga PS 11 regarding public nuisance. Investigation ongoing under IO Sanaya.
2334,100220852202402334,202402334,2024-12-11,338,852,4,2,6,15,2,43,2024-12-11T00:00:00,2024-12-11T07:00:00,2024-12-11T00:00:00,15.823447,76.854786,Case registered at Mysuru PS 45 regarding online fraud. Investigation ongoing under IO Gavin.
2335,100050233202402335,202402335,2024-10-01,1619,233,1,2,1,3,2,10,2024-10-01T00:00:00,2024-10-01T19:00:00,2024-10-01T00:00:00,17.47341,76.359922,Case registered at Bengaluru Urban PS 61 regarding grievous hurt. Investigation ongoing under IO Amara.
2336,100080371202502336,202502336,2025-11-17,870,371,1,2,5,14,1,16,2025-11-17T00:00:00,2025-11-18T05:00:00,2025-11-17T00:00:00,12.436144,76.034948,Case registered at Chikkaballapur PS 26 regarding criminal breach of trust. Investigation ongoing under IO Max.
2337,100271002202402337,202402337,2024-08-04,23,1002,2,2,2,4,2,53,2024-08-04T00:00:00,2024-08-04T15:00:00,2024-08-04T00:00:00,13.634737,75.092919,Case registered at Udupi PS 22 regarding theft. Investigation ongoing under IO Diya.
2338,100050235202302338,202302338,2023-08-10,31,235,4,2,6,16,4,10,2023-08-10T00:00:00,2023-08-11T09:00:00,2023-08-10T00:00:00,12.167233,78.012066,Case registered at Bengaluru Urban PS 63 regarding identity theft. Investigation ongoing under IO Devansh.
2339,100250933202502339,202502339,2025-08-03,1853,933,2,2,6,16,2,49,2025-08-03T00:00:00,2025-08-04T09:00:00,2025-08-03T00:00:00,13.07635,78.28589,Case registered at Shivamogga PS 11 regarding identity theft. Investigation ongoing under IO Balveer.
2340,100110452202502340,202502340,2025-10-02,1103,452,2,2,6,15,1,22,2025-10-02T00:00:00,2025-10-03T09:00:00,2025-10-02T00:00:00,18.251352,78.485782,Case registered at Dakshina Kannada PS 20 regarding online fraud. Investigation ongoing under IO Damyanti.
2341,100170669202302341,202302341,2023-07-25,1112,669,1,1,1,3,4,33,2023-07-25T00:00:00,2023-07-25T18:00:00,2023-07-25T00:00:00,14.049206,74.849479,Case registered at Kalaburagi PS 35 regarding grievous hurt. Investigation ongoing under IO Pranit.
2342,100220837202502342,202502342,2025-05-10,213,837,1,2,6,15,2,43,2025-05-10T00:00:00,2025-05-10T10:00:00,2025-05-10T00:00:00,13.022211,74.769031,Case registered at Mysuru PS 30 regarding online fraud. Investigation ongoing under IO Chakradev.
2343,100210790202602343,202602343,2026-03-31,1580,790,3,2,1,2,2,42,2026-03-31T00:00:00,2026-03-31T22:00:00,2026-03-31T00:00:00,14.936598,78.228635,Case registered at Mandya PS 12 regarding attempt to murder. Investigation ongoing under IO Frederick.
2344,100120518202402344,202402344,2024-02-21,258,518,3,1,1,1,1,24,2024-02-21T00:00:00,2024-02-21T09:00:00,2024-02-21T00:00:00,17.581247,74.830143,Case registered at Davanagere PS 29 regarding murder. Investigation ongoing under IO Akshay.
2345,100281025202302345,202302345,2023-04-23,1732,1025,1,2,2,7,1,56,2023-04-23T00:00:00,2023-04-24T22:00:00,2023-04-23T00:00:00,12.775334,76.5431,Case registered at Uttara Kannada PS 16 regarding vehicle theft. Investigation ongoing under IO Udyati.
2346,100040172202402346,202402346,2024-06-05,127,172,1,1,1,1,2,8,2024-06-05T00:00:00,2024-06-06T21:00:00,2024-06-05T00:00:00,17.83287,77.006665,Case registered at Bengaluru Rural PS 29 regarding murder. Investigation ongoing under IO Dayamai.
2347,100260963202402347,202402347,2024-08-30,281,963,4,2,4,12,1,51,2024-08-30T00:00:00,2024-08-31T10:00:00,2024-08-30T00:00:00,14.441116,78.155707,Case registered at Tumakuru PS 12 regarding public nuisance. Investigation ongoing under IO Alka.
2348,100070322202402348,202402348,2024-11-02,1406,322,2,2,2,7,2,13,2024-11-02T00:00:00,2024-11-03T20:00:00,2024-11-02T00:00:00,15.417626,75.073483,Case registered at Chamarajanagar PS 6 regarding vehicle theft. Investigation ongoing under IO Divya.
2349,100240921202502349,202502349,2025-12-30,1484,921,1,2,2,7,1,47,2025-12-30T00:00:00,2025-12-31T18:00:00,2025-12-30T00:00:00,13.976695,77.693174,Case registered at Ramanagara PS 28 regarding vehicle theft. Investigation ongoing under IO Madhav.
2350,100281018202502350,202502350,2025-05-12,1792,1018,3,2,2,6,3,56,2025-05-12T00:00:00,2025-05-12T09:00:00,2025-05-12T00:00:00,17.854676,75.253358,Case registered at Uttara Kannada PS 9 regarding burglary. Investigation ongoing under IO Darsh.
2351,100311115202602351,202602351,2026-02-03,1312,1115,1,2,4,12,1,61,2026-02-03T00:00:00,2026-02-03T23:00:00,2026-02-03T00:00:00,15.881817,76.086869,Case registered at Vijayanagara PS 19 regarding public nuisance. Investigation ongoing under IO Vincent.
2352,100281012202602352,202602352,2026-04-18,1218,1012,3,2,1,3,1,55,2026-04-18T00:00:00,2026-04-18T16:00:00,2026-04-18T00:00:00,13.469052,76.905862,Case registered at Uttara Kannada PS 3 regarding grievous hurt. Investigation ongoing under IO Agastya.
2353,100140558202302353,202302353,2023-11-12,749,558,1,2,1,2,3,28,2023-11-12T00:00:00,2023-11-12T23:00:00,2023-11-12T00:00:00,17.977694,77.870935,Case registered at Gadag PS 11 regarding attempt to murder. Investigation ongoing under IO Ekta.
2354,100060291202402354,202402354,2024-06-02,1981,291,1,1,1,3,1,11,2024-06-02T00:00:00,2024-06-03T21:00:00,2024-06-02T00:00:00,14.063656,74.458692,Case registered at Bidar PS 4 regarding grievous hurt. Investigation ongoing under IO Varenya.
2355,100050223202302355,202302355,2023-02-06,2029,223,1,2,4,12,2,10,2023-02-06T00:00:00,2023-02-07T08:00:00,2023-02-06T00:00:00,17.871894,76.215229,Case registered at Bengaluru Urban PS 51 regarding public nuisance. Investigation ongoing under IO Varsha.
2356,100080365202602356,202602356,2026-06-20,918,365,1,2,2,4,1,16,2026-06-20T00:00:00,2026-06-20T11:00:00,2026-06-20T00:00:00,16.73568,76.06585,Case registered at Chikkaballapur PS 20 regarding theft. Investigation ongoing under IO Udyati.
2357,100050279202502357,202502357,2025-02-15,2330,279,1,2,1,3,2,9,2025-02-15T00:00:00,2025-02-15T06:00:00,2025-02-15T00:00:00,11.622738,77.704176,Case registered at Bengaluru Urban PS 107 regarding grievous hurt. Investigation ongoing under IO Zinal.
2358,100281032202602358,202602358,2026-05-13,1337,1032,2,2,5,13,1,56,2026-05-13T00:00:00,2026-05-13T13:00:00,2026-05-13T00:00:00,16.662652,74.271378,Case registered at Uttara Kannada PS 23 regarding cheating. Investigation ongoing under IO Qabil.
2359,100170665202602359,202602359,2026-06-25,1834,665,3,1,1,2,1,34,2026-06-25T00:00:00,2026-06-27T00:00:00,2026-06-25T00:00:00,15.621092,76.10765,Case registered at Kalaburagi PS 31 regarding attempt to murder. Investigation ongoing under IO Gaurangi.
2360,100230873202302360,202302360,2023-03-24,190,873,1,1,1,3,2,46,2023-03-24T00:00:00,2023-03-24T09:00:00,2023-03-24T00:00:00,12.02927,76.081481,Case registered at Raichur PS 9 regarding grievous hurt. Investigation ongoing under IO Anamika.
2361,100050216202602361,202602361,2026-04-17,443,216,3,2,1,1,2,10,2026-04-17T00:00:00,2026-04-17T07:00:00,2026-04-17T00:00:00,15.216386,74.577321,Case registered at Bengaluru Urban PS 44 regarding murder. Investigation ongoing under IO Baljiwan.
2362,100311119202502362,202502362,2025-09-02,2105,1119,1,2,2,5,2,62,2025-09-02T00:00:00,2025-09-03T14:00:00,2025-09-02T00:00:00,18.349757,76.998368,Case registered at Vijayanagara PS 23 regarding robbery. Investigation ongoing under IO Madhavi.
2363,100170664202502363,202502363,2025-09-16,217,664,1,2,5,14,1,34,2025-09-16T00:00:00,2025-09-17T16:00:00,2025-09-16T00:00:00,14.820683,78.352018,Case registered at Kalaburagi PS 30 regarding criminal breach of trust. Investigation ongoing under IO Charan.
2364,100020065202502364,202502364,2025-09-18,1713,65,1,2,5,14,2,4,2025-09-18T00:00:00,2025-09-19T15:00:00,2025-09-18T00:00:00,18.288203,76.991091,Case registered at Ballari PS 36 regarding criminal breach of trust. Investigation ongoing under IO Gagan.
2365,100150596202502365,202502365,2025-03-31,1823,596,1,1,1,3,3,29,2025-03-31T00:00:00,2025-03-31T12:00:00,2025-03-31T00:00:00,14.370272,75.08883,Case registered at Hassan PS 20 regarding grievous hurt. Investigation ongoing under IO Reyansh.
2366,100050243202402366,202402366,2024-10-10,2332,243,3,2,2,5,1,9,2024-10-10T00:00:00,2024-10-11T11:00:00,2024-10-10T00:00:00,12.251724,76.758616,Case registered at Bengaluru Urban PS 71 regarding robbery. Investigation ongoing under IO Hemangini.
2367,100050237202402367,202402367,2024-07-01,421,237,1,2,4,11,1,9,2024-07-01T00:00:00,2024-07-01T19:00:00,2024-07-01T00:00:00,16.523709,77.306358,Case registered at Bengaluru Urban PS 65 regarding gambling. Investigation ongoing under IO Benjamin.
2368,100271002202502368,202502368,2025-09-06,1533,1002,3,2,2,7,1,53,2025-09-06T00:00:00,2025-09-07T00:00:00,2025-09-06T00:00:00,17.044618,75.523838,Case registered at Udupi PS 22 regarding vehicle theft. Investigation ongoing under IO Yuvraj.
2369,100030102202502369,202502369,2025-08-28,1879,102,4,2,6,15,2,6,2025-08-28T00:00:00,2025-08-29T22:00:00,2025-08-28T00:00:00,13.240936,77.016513,Case registered at Belagavi PS 16 regarding online fraud. Investigation ongoing under IO Nitesh.
2370,100230869202302370,202302370,2023-05-07,1631,869,1,2,2,6,3,45,2023-05-07T00:00:00,2023-05-08T21:00:00,2023-05-07T00:00:00,15.822336,77.397904,Case registered at Raichur PS 5 regarding burglary. Investigation ongoing under IO Lajita.
2371,100270989202602371,202602371,2026-03-04,27,989,3,2,5,14,2,54,2026-03-04T00:00:00,2026-03-04T08:00:00,2026-03-04T00:00:00,15.150506,78.270137,Case registered at Udupi PS 9 regarding criminal breach of trust. Investigation ongoing under IO Mohini.
2372,100010012202302372,202302372,2023-04-12,450,12,3,2,1,1,1,2,2023-04-12T00:00:00,2023-04-13T04:00:00,2023-04-12T00:00:00,13.455519,74.505466,Case registered at Bagalkot PS 12 regarding murder. Investigation ongoing under IO Upasna.
2373,100160622202402373,202402373,2024-07-30,662,622,2,2,3,9,4,32,2024-07-30T00:00:00,2024-07-30T19:00:00,2024-07-30T00:00:00,18.388943,76.856374,Case registered at Haveri PS 17 regarding dowry harassment. Investigation ongoing under IO Isaiah.
2374,100301071202602374,202602374,2026-06-20,448,1071,1,2,4,11,1,60,2026-06-20T00:00:00,2026-06-21T09:00:00,2026-06-20T00:00:00,12.577184,78.140193,Case registered at Yadgir PS 4 regarding gambling. Investigation ongoing under IO Sachi.
2375,100050188202402375,202402375,2024-01-15,2484,188,1,2,6,16,2,9,2024-01-15T00:00:00,2024-01-15T01:00:00,2024-01-15T00:00:00,16.994836,74.239803,Case registered at Bengaluru Urban PS 16 regarding identity theft. Investigation ongoing under IO Zarna.
2376,100030089202502376,202502376,2025-12-25,2096,89,3,2,2,7,1,6,2025-12-25T00:00:00,2025-12-25T12:00:00,2025-12-25T00:00:00,13.388411,75.092039,Case registered at Belagavi PS 3 regarding vehicle theft. Investigation ongoing under IO Lajita.
2377,100200767202602377,202602377,2026-05-24,1835,767,1,2,5,14,1,40,2026-05-24T00:00:00,2026-05-25T17:00:00,2026-05-24T00:00:00,13.628198,75.24705,Case registered at Koppal PS 18 regarding criminal breach of trust. Investigation ongoing under IO Alka.
2378,100070328202302378,202302378,2023-02-03,633,328,1,1,3,9,2,14,2023-02-03T00:00:00,2023-02-04T22:00:00,2023-02-03T00:00:00,15.548317,75.701076,Case registered at Chamarajanagar PS 12 regarding dowry harassment. Investigation ongoing under IO Kiaan.
2379,100260980202602379,202602379,2026-02-10,638,980,1,2,4,11,1,51,2026-02-10T00:00:00,2026-02-11T02:00:00,2026-02-10T00:00:00,17.844361,75.286191,Case registered at Tumakuru PS 29 regarding gambling. Investigation ongoing under IO Janaki.
2380,100030089202502380,202502380,2025-03-19,466,89,1,2,3,9,3,6,2025-03-19T00:00:00,2025-03-20T23:00:00,2025-03-19T00:00:00,13.60208,77.06009,Case registered at Belagavi PS 3 regarding dowry harassment. Investigation ongoing under IO Liam.
2381,100291055202502381,202502381,2025-02-11,1526,1055,1,2,2,5,3,58,2025-02-11T00:00:00,2025-02-12T16:00:00,2025-02-11T00:00:00,14.175082,74.7319,Case registered at Vijayapura PS 17 regarding robbery. Investigation ongoing under IO Upadhriti.
2382,100210804202602382,202602382,2026-02-15,2160,804,1,2,5,14,1,41,2026-02-15T00:00:00,2026-02-15T09:00:00,2026-02-15T00:00:00,13.290944,77.303138,Case registered at Mandya PS 26 regarding criminal breach of trust. Investigation ongoing under IO Maya.
2383,100120497202602383,202602383,2026-03-18,868,497,1,2,2,4,3,23,2026-03-18T00:00:00,2026-03-18T07:00:00,2026-03-18T00:00:00,17.090992,75.700181,Case registered at Davanagere PS 8 regarding theft. Investigation ongoing under IO Ekapad.
2384,100200768202402384,202402384,2024-05-07,724,768,1,2,1,1,1,40,2024-05-07T00:00:00,2024-05-08T02:00:00,2024-05-07T00:00:00,13.730255,78.564974,Case registered at Koppal PS 19 regarding murder. Investigation ongoing under IO Girish.
2385,100020062202402385,202402385,2024-07-05,1924,62,3,2,5,13,2,4,2024-07-05T00:00:00,2024-07-05T13:00:00,2024-07-05T00:00:00,16.640247,76.130743,Case registered at Ballari PS 33 regarding cheating. Investigation ongoing under IO Upma.
2386,100250939202502386,202502386,2025-10-03,1084,939,1,2,3,9,3,50,2025-10-03T00:00:00,2025-10-04T02:00:00,2025-10-03T00:00:00,13.02835,75.727603,Case registered at Shivamogga PS 17 regarding dowry harassment. Investigation ongoing under IO Chasmum.
2387,100030132202402387,202402387,2024-04-25,379,132,1,2,6,15,3,6,2024-04-25T00:00:00,2024-04-26T18:00:00,2024-04-25T00:00:00,14.107222,77.208099,Case registered at Belagavi PS 46 regarding online fraud. Investigation ongoing under IO Nandini.
2388,100050198202602388,202602388,2026-04-14,834,198,3,2,2,5,1,9,2026-04-14T00:00:00,2026-04-15T19:00:00,2026-04-14T00:00:00,18.251003,74.473574,Case registered at Bengaluru Urban PS 26 regarding robbery. Investigation ongoing under IO Girish.
2389,100180720202402389,202402389,2024-05-06,1649,720,1,2,5,13,4,35,2024-05-06T00:00:00,2024-05-07T08:00:00,2024-05-06T00:00:00,13.056058,75.534101,Case registered at Kodagu PS 29 regarding cheating. Investigation ongoing under IO Yasti.
2390,100020073202502390,202502390,2025-04-18,29,73,1,2,4,11,3,3,2025-04-18T00:00:00,2025-04-18T18:00:00,2025-04-18T00:00:00,12.148758,77.224342,Case registered at Ballari PS 44 regarding gambling. Investigation ongoing under IO Champak.
2391,100301088202402391,202402391,2024-11-13,180,1088,1,2,2,7,2,59,2024-11-13T00:00:00,2024-11-13T23:00:00,2024-11-13T00:00:00,17.303679,75.50701,Case registered at Yadgir PS 21 regarding vehicle theft. Investigation ongoing under IO Devika.
2392,100050243202402392,202402392,2024-06-12,192,243,1,1,3,8,1,10,2024-06-12T00:00:00,2024-06-13T09:00:00,2024-06-12T00:00:00,16.438083,74.569921,Case registered at Bengaluru Urban PS 71 regarding domestic violence. Investigation ongoing under IO Amrita.
2393,100200765202402393,202402393,2024-06-20,1279,765,1,2,5,13,2,40,2024-06-20T00:00:00,2024-06-21T11:00:00,2024-06-20T00:00:00,14.4906,78.306973,Case registered at Koppal PS 16 regarding cheating. Investigation ongoing under IO Dalaja.
2394,100281024202502394,202502394,2025-02-08,336,1024,1,1,3,10,1,56,2025-02-08T00:00:00,2025-02-09T04:00:00,2025-02-08T00:00:00,14.863154,74.58008,Case registered at Uttara Kannada PS 15 regarding sexual assault. Investigation ongoing under IO Jagrati.
2395,100080374202302395,202302395,2023-02-02,996,374,1,2,1,1,3,15,2023-02-02T00:00:00,2023-02-03T07:00:00,2023-02-02T00:00:00,17.975132,75.878708,Case registered at Chikkaballapur PS 29 regarding murder. Investigation ongoing under IO Chaitaly.
2396,100270992202402396,202402396,2024-12-13,1827,992,1,2,5,13,3,53,2024-12-13T00:00:00,2024-12-13T02:00:00,2024-12-13T00:00:00,12.112142,74.453411,Case registered at Udupi PS 12 regarding cheating. Investigation ongoing under IO Keya.
2397,100070327202502397,202502397,2025-12-05,2391,327,3,2,1,3,1,13,2025-12-05T00:00:00,2025-12-06T00:00:00,2025-12-05T00:00:00,15.083339,75.848116,Case registered at Chamarajanagar PS 11 regarding grievous hurt. Investigation ongoing under IO Aarini.
2398,100040161202502398,202502398,2025-04-11,5,161,1,2,2,4,1,7,2025-04-11T00:00:00,2025-04-12T11:00:00,2025-04-11T00:00:00,12.308824,76.697918,Case registered at Bengaluru Rural PS 18 regarding theft. Investigation ongoing under IO Avi.
2399,100311117202602399,202602399,2026-03-08,516,1117,1,2,6,16,1,62,2026-03-08T00:00:00,2026-03-08T08:00:00,2026-03-08T00:00:00,17.223829,74.523239,Case registered at Vijayanagara PS 21 regarding identity theft. Investigation ongoing under IO Ethan.
2400,100130546202302400,202302400,2023-12-03,1464,546,1,2,3,10,2,26,2023-12-03T00:00:00,2023-12-04T14:00:00,2023-12-03T00:00:00,14.244381,75.380821,Case registered at Dharwad PS 28 regarding sexual assault. Investigation ongoing under IO Laban.
2401,100230886202502401,202502401,2025-07-06,2272,886,1,2,5,13,2,46,2025-07-06T00:00:00,2025-07-06T06:00:00,2025-07-06T00:00:00,16.287951,78.461207,Case registered at Raichur PS 22 regarding cheating. Investigation ongoing under IO Avi.
2402,100170691202502402,202502402,2025-01-30,474,691,1,2,2,6,2,34,2025-01-30T00:00:00,2025-01-31T09:00:00,2025-01-30T00:00:00,12.727716,78.220364,Case registered at Kalaburagi PS 57 regarding burglary. Investigation ongoing under IO Bishakha.
2403,100100413202302403,202302403,2023-07-28,1350,413,2,2,4,11,3,20,2023-07-28T00:00:00,2023-07-28T18:00:00,2023-07-28T00:00:00,14.08808,77.206751,Case registered at Chitradurga PS 10 regarding gambling. Investigation ongoing under IO Guneet.
2404,100070337202302404,202302404,2023-04-30,2145,337,3,2,6,15,2,13,2023-04-30T00:00:00,2023-05-02T00:00:00,2023-04-30T00:00:00,17.672797,77.771593,Case registered at Chamarajanagar PS 21 regarding online fraud. Investigation ongoing under IO Jason.
2405,100010021202402405,202402405,2024-04-07,1122,21,1,2,5,14,3,1,2024-04-07T00:00:00,2024-04-08T17:00:00,2024-04-07T00:00:00,13.184857,77.998899,Case registered at Bagalkot PS 21 regarding criminal breach of trust. Investigation ongoing under IO Devika.
2406,100030110202302406,202302406,2023-06-23,1454,110,1,2,6,15,2,6,2023-06-23T00:00:00,2023-06-23T04:00:00,2023-06-23T00:00:00,12.308883,75.81549,Case registered at Belagavi PS 24 regarding online fraud. Investigation ongoing under IO Saanvi.
2407,100190735202302407,202302407,2023-02-10,514,735,1,1,3,9,1,37,2023-02-10T00:00:00,2023-02-11T10:00:00,2023-02-10T00:00:00,16.506563,75.457436,Case registered at Kolar PS 15 regarding dowry harassment. Investigation ongoing under IO Sanaya.
2408,100210805202502408,202502408,2025-04-11,1842,805,1,1,3,8,1,42,2025-04-11T00:00:00,2025-04-12T11:00:00,2025-04-11T00:00:00,13.73356,74.68397,Case registered at Mandya PS 27 regarding domestic violence. Investigation ongoing under IO Aadi.
2409,100281010202402409,202402409,2024-08-19,1182,1010,1,2,1,3,1,56,2024-08-19T00:00:00,2024-08-20T13:00:00,2024-08-19T00:00:00,17.542793,74.004901,Case registered at Uttara Kannada PS 1 regarding grievous hurt. Investigation ongoing under IO Netra.
2410,100020037202402410,202402410,2024-04-17,2248,37,3,2,4,11,2,3,2024-04-17T00:00:00,2024-04-18T23:00:00,2024-04-17T00:00:00,17.386061,76.581971,Case registered at Ballari PS 8 regarding gambling. Investigation ongoing under IO Ubika.
2411,100050200202302411,202302411,2023-05-02,526,200,1,2,6,15,3,9,2023-05-02T00:00:00,2023-05-03T21:00:00,2023-05-02T00:00:00,14.430358,74.971692,Case registered at Bengaluru Urban PS 28 regarding online fraud. Investigation ongoing under IO Varenya.
2412,100030111202402412,202402412,2024-12-31,830,111,1,2,4,11,1,5,2024-12-31T00:00:00,2024-12-31T04:00:00,2024-12-31T00:00:00,15.237151,75.259185,Case registered at Belagavi PS 25 regarding gambling. Investigation ongoing under IO Indali.
2413,100130544202402413,202402413,2024-10-09,1946,544,1,1,3,9,1,25,2024-10-09T00:00:00,2024-10-09T18:00:00,2024-10-09T00:00:00,12.219436,77.075603,Case registered at Dharwad PS 26 regarding dowry harassment. Investigation ongoing under IO Ekani.
2414,100040170202602414,202602414,2026-04-30,1826,170,2,1,1,1,2,8,2026-04-30T00:00:00,2026-05-01T15:00:00,2026-04-30T00:00:00,17.365428,76.050008,Case registered at Bengaluru Rural PS 27 regarding murder. Investigation ongoing under IO Jagdish.
2415,100260956202302415,202302415,2023-11-18,2443,956,2,2,1,3,1,52,2023-11-18T00:00:00,2023-11-18T05:00:00,2023-11-18T00:00:00,14.570848,76.852563,Case registered at Tumakuru PS 5 regarding grievous hurt. Investigation ongoing under IO Anusha.
2416,100260954202302416,202302416,2023-05-13,2111,954,1,2,1,1,3,52,2023-05-13T00:00:00,2023-05-14T03:00:00,2023-05-13T00:00:00,16.941855,77.666807,Case registered at Tumakuru PS 3 regarding murder. Investigation ongoing under IO Bhavna.
2417,100020030202402417,202402417,2024-02-06,421,30,1,2,3,10,2,4,2024-02-06T00:00:00,2024-02-07T13:00:00,2024-02-06T00:00:00,14.684498,77.285013,Case registered at Ballari PS 1 regarding sexual assault. Investigation ongoing under IO Benjamin.
2418,100190747202402418,202402418,2024-05-29,542,747,1,2,2,6,2,37,2024-05-29T00:00:00,2024-05-29T07:00:00,2024-05-29T00:00:00,15.864106,77.710877,Case registered at Kolar PS 27 regarding burglary. Investigation ongoing under IO Omaja.
2419,100281033202502419,202502419,2025-04-21,2041,1033,1,2,6,15,2,55,2025-04-21T00:00:00,2025-04-21T04:00:00,2025-04-21T00:00:00,15.252988,77.522744,Case registered at Uttara Kannada PS 24 regarding online fraud. Investigation ongoing under IO Indali.
2420,100110452202502420,202502420,2025-08-30,2238,452,1,2,1,2,1,21,2025-08-30T00:00:00,2025-08-30T20:00:00,2025-08-30T00:00:00,14.127276,78.161253,Case registered at Dakshina Kannada PS 20 regarding attempt to murder. Investigation ongoing under IO Mohini.
2421,100220856202402421,202402421,2024-08-20,99,856,3,2,5,14,1,44,2024-08-20T00:00:00,2024-08-20T04:00:00,2024-08-20T00:00:00,16.557005,78.412789,Case registered at Mysuru PS 49 regarding criminal breach of trust. Investigation ongoing under IO Riya.
2422,100180717202402422,202402422,2024-11-01,1056,717,1,2,2,7,3,35,2024-11-01T00:00:00,2024-11-02T01:00:00,2024-11-01T00:00:00,15.866918,78.370235,Case registered at Kodagu PS 26 regarding vehicle theft. Investigation ongoing under IO Anmol.
2423,100060303202502423,202502423,2025-11-04,2327,303,1,1,1,2,1,12,2025-11-04T00:00:00,2025-11-04T19:00:00,2025-11-04T00:00:00,13.231679,76.902882,Case registered at Bidar PS 16 regarding attempt to murder. Investigation ongoing under IO Nitesh.
2424,100020075202302424,202302424,2023-02-01,887,75,1,2,2,6,1,3,2023-02-01T00:00:00,2023-02-02T16:00:00,2023-02-01T00:00:00,14.319918,78.210449,Case registered at Ballari PS 46 regarding burglary. Investigation ongoing under IO Tanveer.
2425,100230892202502425,202502425,2025-11-15,1841,892,2,2,6,16,1,46,2025-11-15T00:00:00,2025-11-16T17:00:00,2025-11-15T00:00:00,13.891655,76.384381,Case registered at Raichur PS 28 regarding identity theft. Investigation ongoing under IO Sanaya.
2426,100090393202502426,202502426,2025-01-13,1831,393,1,2,4,12,1,18,2025-01-13T00:00:00,2025-01-13T13:00:00,2025-01-13T00:00:00,12.624272,75.893664,Case registered at Chikkamagaluru PS 19 regarding public nuisance. Investigation ongoing under IO Aradhana.
2427,100160625202302427,202302427,2023-01-02,1941,625,1,2,4,11,3,32,2023-01-02T00:00:00,2023-01-02T04:00:00,2023-01-02T00:00:00,14.734697,75.573526,Case registered at Haveri PS 20 regarding gambling. Investigation ongoing under IO Jeevika.
2428,100150577202302428,202302428,2023-04-10,362,577,1,2,5,14,4,29,2023-04-10T00:00:00,2023-04-10T11:00:00,2023-04-10T00:00:00,12.647671,75.874732,Case registered at Hassan PS 1 regarding criminal breach of trust. Investigation ongoing under IO Ojasvi.
2429,100020033202402429,202402429,2024-04-05,1600,33,1,2,3,8,4,4,2024-04-05T00:00:00,2024-04-05T08:00:00,2024-04-05T00:00:00,15.161688,76.130037,Case registered at Ballari PS 4 regarding domestic violence. Investigation ongoing under IO Chasmum.
2430,100080370202302430,202302430,2023-07-23,2261,370,1,2,3,10,4,16,2023-07-23T00:00:00,2023-07-23T20:00:00,2023-07-23T00:00:00,15.25299,75.184709,Case registered at Chikkaballapur PS 25 regarding sexual assault. Investigation ongoing under IO Shivani.
2431,100200776202602431,202602431,2026-07-13,2138,776,3,2,4,11,3,39,2026-07-13T00:00:00,2026-07-14T19:00:00,2026-07-13T00:00:00,12.738661,75.532835,Case registered at Koppal PS 27 regarding gambling. Investigation ongoing under IO Fiyaz.
2432,100160607202402432,202402432,2024-04-22,1865,607,1,1,3,9,1,31,2024-04-22T00:00:00,2024-04-23T09:00:00,2024-04-22T00:00:00,14.452296,75.339347,Case registered at Haveri PS 2 regarding dowry harassment. Investigation ongoing under IO Ekbal.
2433,100140571202302433,202302433,2023-07-28,2469,571,1,2,5,13,1,27,2023-07-28T00:00:00,2023-07-28T21:00:00,2023-07-28T00:00:00,11.653542,77.109509,Case registered at Gadag PS 24 regarding cheating. Investigation ongoing under IO Gopal.
2434,100250951202502434,202502434,2025-10-25,382,951,1,2,5,13,1,50,2025-10-25T00:00:00,2025-10-25T13:00:00,2025-10-25T00:00:00,17.911221,77.011708,Case registered at Shivamogga PS 29 regarding cheating. Investigation ongoing under IO Kala.
2435,100301079202602435,202602435,2026-01-25,2500,1079,1,2,3,9,1,60,2026-01-25T00:00:00,2026-01-26T15:00:00,2026-01-25T00:00:00,16.858121,77.260646,Case registered at Yadgir PS 12 regarding dowry harassment. Investigation ongoing under IO Rudra.
2436,100210781202602436,202602436,2026-02-15,1909,781,1,2,5,13,2,42,2026-02-15T00:00:00,2026-02-15T10:00:00,2026-02-15T00:00:00,12.415285,78.332207,Case registered at Mandya PS 3 regarding cheating. Investigation ongoing under IO Suhani.
2437,100210779202602437,202602437,2026-05-06,2457,779,1,2,2,4,1,41,2026-05-06T00:00:00,2026-05-06T21:00:00,2026-05-06T00:00:00,12.633631,78.481169,Case registered at Mandya PS 1 regarding theft. Investigation ongoing under IO Arjun.
2438,100270987202402438,202402438,2024-07-06,2017,987,1,1,1,1,3,53,2024-07-06T00:00:00,2024-07-06T18:00:00,2024-07-06T00:00:00,11.721525,78.222337,Case registered at Udupi PS 7 regarding murder. Investigation ongoing under IO Ishani.
2439,100050234202402439,202402439,2024-06-03,1906,234,1,2,3,10,1,10,2024-06-03T00:00:00,2024-06-03T18:00:00,2024-06-03T00:00:00,13.867517,75.809672,Case registered at Bengaluru Urban PS 62 regarding sexual assault. Investigation ongoing under IO Ryan.
2440,100170653202502440,202502440,2025-11-24,2092,653,1,2,2,5,3,34,2025-11-24T00:00:00,2025-11-25T06:00:00,2025-11-24T00:00:00,14.693328,78.336079,Case registered at Kalaburagi PS 19 regarding robbery. Investigation ongoing under IO Krishna.
2441,100210782202402441,202402441,2024-02-06,423,782,1,2,6,16,3,42,2024-02-06T00:00:00,2024-02-06T14:00:00,2024-02-06T00:00:00,14.577157,76.746256,Case registered at Mandya PS 4 regarding identity theft. Investigation ongoing under IO Matthew.
2442,100250948202302442,202302442,2023-04-18,615,948,1,2,3,9,1,49,2023-04-18T00:00:00,2023-04-19T00:00:00,2023-04-18T00:00:00,13.607059,74.538585,Case registered at Shivamogga PS 26 regarding dowry harassment. Investigation ongoing under IO Hredhaan.
2443,100170681202402443,202402443,2024-06-06,1830,681,1,2,4,11,3,33,2024-06-06T00:00:00,2024-06-06T12:00:00,2024-06-06T00:00:00,15.192884,76.344709,Case registered at Kalaburagi PS 47 regarding gambling. Investigation ongoing under IO Faqid.
2444,100240898202302444,202302444,2023-10-04,444,898,2,2,4,11,2,47,2023-10-04T00:00:00,2023-10-04T08:00:00,2023-10-04T00:00:00,17.243751,76.408763,Case registered at Ramanagara PS 5 regarding gambling. Investigation ongoing under IO Karan.
2445,100120513202602445,202602445,2026-07-04,1921,513,3,2,3,10,4,23,2026-07-04T00:00:00,2026-07-05T13:00:00,2026-07-04T00:00:00,15.677242,77.304818,Case registered at Davanagere PS 24 regarding sexual assault. Investigation ongoing under IO Falak.
2446,100301082202402446,202402446,2024-08-04,1251,1082,1,2,6,15,2,60,2024-08-04T00:00:00,2024-08-04T02:00:00,2024-08-04T00:00:00,15.171511,77.794782,Case registered at Yadgir PS 15 regarding online fraud. Investigation ongoing under IO Ekani.
2447,100050224202402447,202402447,2024-09-02,2001,224,1,2,2,7,3,9,2024-09-02T00:00:00,2024-09-03T04:00:00,2024-09-02T00:00:00,17.11166,75.604534,Case registered at Bengaluru Urban PS 52 regarding vehicle theft. Investigation ongoing under IO Laksh.
2448,100100407202602448,202602448,2026-01-19,2337,407,1,2,3,8,2,19,2026-01-19T00:00:00,2026-01-19T20:00:00,2026-01-19T00:00:00,12.929212,75.451466,Case registered at Chitradurga PS 4 regarding domestic violence. Investigation ongoing under IO Frado.
2449,100291047202302449,202302449,2023-02-11,310,1047,1,1,3,9,1,58,2023-02-11T00:00:00,2023-02-12T19:00:00,2023-02-11T00:00:00,18.061463,74.035566,Case registered at Vijayapura PS 9 regarding dowry harassment. Investigation ongoing under IO Janya.
2450,100291054202502450,202502450,2025-04-10,1587,1054,2,2,2,4,1,57,2025-04-10T00:00:00,2025-04-11T08:00:00,2025-04-10T00:00:00,14.45952,76.963841,Case registered at Vijayapura PS 16 regarding theft. Investigation ongoing under IO Krisha.
2451,100260955202502451,202502451,2025-04-17,1416,955,1,2,6,15,3,52,2025-04-17T00:00:00,2025-04-18T10:00:00,2025-04-17T00:00:00,15.800067,75.515325,Case registered at Tumakuru PS 4 regarding online fraud. Investigation ongoing under IO Aashi.
2452,100030131202302452,202302452,2023-07-28,1282,131,2,2,2,6,3,5,2023-07-28T00:00:00,2023-07-28T01:00:00,2023-07-28T00:00:00,17.638064,78.403343,Case registered at Belagavi PS 45 regarding burglary. Investigation ongoing under IO Zayyan.
2453,100030129202302453,202302453,2023-04-07,1599,129,1,2,4,12,2,5,2023-04-07T00:00:00,2023-04-08T06:00:00,2023-04-07T00:00:00,14.581707,75.820382,Case registered at Belagavi PS 43 regarding public nuisance. Investigation ongoing under IO Andrew.
2454,100150587202602454,202602454,2026-02-27,1967,587,3,2,5,14,2,29,2026-02-27T00:00:00,2026-02-28T03:00:00,2026-02-27T00:00:00,12.377865,74.280852,Case registered at Hassan PS 11 regarding criminal breach of trust. Investigation ongoing under IO Bhavika.
2455,100100428202302455,202302455,2023-05-25,385,428,1,2,2,6,1,19,2023-05-25T00:00:00,2023-05-26T13:00:00,2023-05-25T00:00:00,12.595664,76.148849,Case registered at Chitradurga PS 25 regarding burglary. Investigation ongoing under IO Panini.
2456,100090384202502456,202502456,2025-12-11,1454,384,1,2,6,16,4,17,2025-12-11T00:00:00,2025-12-11T23:00:00,2025-12-11T00:00:00,17.961697,77.974322,Case registered at Chikkamagaluru PS 10 regarding identity theft. Investigation ongoing under IO Saanvi.
2457,100030105202402457,202402457,2024-08-21,1645,105,1,1,1,1,2,5,2024-08-21T00:00:00,2024-08-21T12:00:00,2024-08-21T00:00:00,12.840222,76.312231,Case registered at Belagavi PS 19 regarding murder. Investigation ongoing under IO Ekiya.
2458,100020068202502458,202502458,2025-11-06,1868,68,1,2,5,14,2,3,2025-11-06T00:00:00,2025-11-06T04:00:00,2025-11-06T00:00:00,13.620676,77.886986,Case registered at Ballari PS 39 regarding criminal breach of trust. Investigation ongoing under IO Akshay.
2459,100230877202602459,202602459,2026-01-29,2184,877,4,1,1,2,2,45,2026-01-29T00:00:00,2026-01-30T04:00:00,2026-01-29T00:00:00,15.60131,77.849443,Case registered at Raichur PS 13 regarding attempt to murder. Investigation ongoing under IO Chandran.
2460,100050284202402460,202402460,2024-04-06,1988,284,2,2,4,11,3,9,2024-04-06T00:00:00,2024-04-07T00:00:00,2024-04-06T00:00:00,15.659148,78.156085,Case registered at Bengaluru Urban PS 112 regarding gambling. Investigation ongoing under IO Yauvani.
2461,100100414202502461,202502461,2025-10-09,2425,414,1,2,5,13,2,19,2025-10-09T00:00:00,2025-10-09T16:00:00,2025-10-09T00:00:00,17.54693,78.349467,Case registered at Chitradurga PS 11 regarding cheating. Investigation ongoing under IO Vrinda.
2462,100180693202302462,202302462,2023-01-24,766,693,1,2,6,16,3,36,2023-01-24T00:00:00,2023-01-24T15:00:00,2023-01-24T00:00:00,15.114086,76.386392,Case registered at Kodagu PS 2 regarding identity theft. Investigation ongoing under IO Ryan.
2463,100040160202302463,202302463,2023-01-17,34,160,3,2,6,15,1,8,2023-01-17T00:00:00,2023-01-17T11:00:00,2023-01-17T00:00:00,17.069237,77.128098,Case registered at Bengaluru Rural PS 17 regarding online fraud. Investigation ongoing under IO Amara.
2464,100140559202402464,202402464,2024-04-22,934,559,1,1,3,9,4,28,2024-04-22T00:00:00,2024-04-22T01:00:00,2024-04-22T00:00:00,13.329011,75.408198,Case registered at Gadag PS 12 regarding dowry harassment. Investigation ongoing under IO Meera.
2465,100050267202402465,202402465,2024-05-10,1763,267,1,2,6,16,2,9,2024-05-10T00:00:00,2024-05-10T16:00:00,2024-05-10T00:00:00,14.491332,74.855463,Case registered at Bengaluru Urban PS 95 regarding identity theft. Investigation ongoing under IO Jagrati.
2466,100170681202302466,202302466,2023-07-09,171,681,2,2,2,7,1,33,2023-07-09T00:00:00,2023-07-10T12:00:00,2023-07-09T00:00:00,11.728415,74.498531,Case registered at Kalaburagi PS 47 regarding vehicle theft. Investigation ongoing under IO Anirudh.
2467,100301085202302467,202302467,2023-05-21,2311,1085,1,2,2,5,2,59,2023-05-21T00:00:00,2023-05-21T09:00:00,2023-05-21T00:00:00,13.576546,77.051794,Case registered at Yadgir PS 18 regarding robbery. Investigation ongoing under IO Henry.
2468,100170662202402468,202402468,2024-08-21,1842,662,2,1,1,1,1,33,2024-08-21T00:00:00,2024-08-22T15:00:00,2024-08-21T00:00:00,14.101412,77.922158,Case registered at Kalaburagi PS 28 regarding murder. Investigation ongoing under IO Aadi.
2469,100170653202402469,202402469,2024-07-12,1472,653,1,2,2,4,2,33,2024-07-12T00:00:00,2024-07-12T14:00:00,2024-07-12T00:00:00,15.511787,74.461959,Case registered at Kalaburagi PS 19 regarding theft. Investigation ongoing under IO Anita.
2470,100220840202302470,202302470,2023-07-19,2068,840,1,2,5,13,3,44,2023-07-19T00:00:00,2023-07-19T05:00:00,2023-07-19T00:00:00,12.942495,77.527451,Case registered at Mysuru PS 33 regarding cheating. Investigation ongoing under IO Xalak.
2471,100060313202302471,202302471,2023-07-09,95,313,1,2,4,11,3,11,2023-07-09T00:00:00,2023-07-09T19:00:00,2023-07-09T00:00:00,16.967175,77.608123,Case registered at Bidar PS 26 regarding gambling. Investigation ongoing under IO Aishani.
2472,100010019202302472,202302472,2023-08-28,350,19,3,2,4,11,3,2,2023-08-28T00:00:00,2023-08-30T00:00:00,2023-08-28T00:00:00,17.679946,77.964016,Case registered at Bagalkot PS 19 regarding gambling. Investigation ongoing under IO Yochana.
2473,100120492202502473,202502473,2025-05-29,145,492,1,2,6,16,2,24,2025-05-29T00:00:00,2025-05-30T21:00:00,2025-05-29T00:00:00,16.576579,78.551014,Case registered at Davanagere PS 3 regarding identity theft. Investigation ongoing under IO Jairaj.
2474,100250925202502474,202502474,2025-09-25,1345,925,2,2,4,11,2,50,2025-09-25T00:00:00,2025-09-25T08:00:00,2025-09-25T00:00:00,15.77295,77.121905,Case registered at Shivamogga PS 3 regarding gambling. Investigation ongoing under IO Jacob.
2475,100070331202502475,202502475,2025-01-19,908,331,2,2,5,14,1,14,2025-01-19T00:00:00,2025-01-20T23:00:00,2025-01-19T00:00:00,13.452213,74.55534,Case registered at Chamarajanagar PS 15 regarding criminal breach of trust. Investigation ongoing under IO Jack.
2476,100070324202402476,202402476,2024-10-26,845,324,1,1,3,9,1,13,2024-10-26T00:00:00,2024-10-27T05:00:00,2024-10-26T00:00:00,16.020046,74.95536,Case registered at Chamarajanagar PS 8 regarding dowry harassment. Investigation ongoing under IO Ishita.
2477,100170641202402477,202402477,2024-09-14,16,641,1,2,4,11,1,33,2024-09-14T00:00:00,2024-09-15T17:00:00,2024-09-14T00:00:00,14.39528,75.071049,Case registered at Kalaburagi PS 7 regarding gambling. Investigation ongoing under IO Lajita.
2478,100050187202302478,202302478,2023-10-04,565,187,1,2,5,14,2,9,2023-10-04T00:00:00,2023-10-05T04:00:00,2023-10-04T00:00:00,13.326299,77.829549,Case registered at Bengaluru Urban PS 15 regarding criminal breach of trust. Investigation ongoing under IO Yamini.
2479,100291067202502479,202502479,2025-01-24,1607,1067,1,1,3,10,1,58,2025-01-24T00:00:00,2025-01-25T03:00:00,2025-01-24T00:00:00,16.107168,76.569227,Case registered at Vijayapura PS 29 regarding sexual assault. Investigation ongoing under IO Pooja.
2480,100260963202302480,202302480,2023-03-31,232,963,1,2,5,13,4,51,2023-03-31T00:00:00,2023-03-31T11:00:00,2023-03-31T00:00:00,18.26604,75.56314,Case registered at Tumakuru PS 12 regarding cheating. Investigation ongoing under IO Vivaan.
2481,100281032202502481,202502481,2025-12-30,194,1032,1,2,3,10,1,56,2025-12-30T00:00:00,2025-12-31T15:00:00,2025-12-30T00:00:00,13.944159,74.322289,Case registered at Uttara Kannada PS 23 regarding sexual assault. Investigation ongoing under IO Ucchal.
2482,100010026202502482,202502482,2025-11-04,1078,26,1,2,5,13,3,2,2025-11-04T00:00:00,2025-11-05T14:00:00,2025-11-04T00:00:00,17.086611,74.648878,Case registered at Bagalkot PS 26 regarding cheating. Investigation ongoing under IO Anmol.
2483,100050229202302483,202302483,2023-04-07,1312,229,1,2,2,4,1,9,2023-04-07T00:00:00,2023-04-07T17:00:00,2023-04-07T00:00:00,12.628888,77.863071,Case registered at Bengaluru Urban PS 57 regarding theft. Investigation ongoing under IO Vincent.
2484,100291047202502484,202502484,2025-02-17,435,1047,2,2,4,11,1,58,2025-02-17T00:00:00,2025-02-17T02:00:00,2025-02-17T00:00:00,14.980283,76.879374,Case registered at Vijayapura PS 9 regarding gambling. Investigation ongoing under IO Frado.
2485,100140574202602485,202602485,2026-05-05,1693,574,1,2,6,15,2,28,2026-05-05T00:00:00,2026-05-06T07:00:00,2026-05-05T00:00:00,13.124292,75.163179,Case registered at Gadag PS 27 regarding online fraud. Investigation ongoing under IO Gautami.
2486,100080350202402486,202402486,2024-08-01,602,350,1,2,4,11,2,16,2024-08-01T00:00:00,2024-08-02T14:00:00,2024-08-01T00:00:00,14.335639,78.375897,Case registered at Chikkaballapur PS 5 regarding gambling. Investigation ongoing under IO Laksh.
2487,100180720202402487,202402487,2024-02-21,1558,720,1,2,6,16,2,36,2024-02-21T00:00:00,2024-02-21T12:00:00,2024-02-21T00:00:00,12.032505,76.888303,Case registered at Kodagu PS 29 regarding identity theft. Investigation ongoing under IO Omaja.
2488,100301088202502488,202502488,2025-06-01,2412,1088,1,2,6,16,4,60,2025-06-01T00:00:00,2025-06-01T14:00:00,2025-06-01T00:00:00,14.324732,77.198637,Case registered at Yadgir PS 21 regarding identity theft. Investigation ongoing under IO Zashil.
2489,100020082202302489,202302489,2023-11-15,1564,82,1,2,2,6,2,3,2023-11-15T00:00:00,2023-11-16T17:00:00,2023-11-15T00:00:00,14.046966,74.315539,Case registered at Ballari PS 53 regarding burglary. Investigation ongoing under IO Maya.
2490,100140567202402490,202402490,2024-11-21,997,567,1,2,6,15,2,28,2024-11-21T00:00:00,2024-11-21T06:00:00,2024-11-21T00:00:00,16.540364,76.48186,Case registered at Gadag PS 20 regarding online fraud. Investigation ongoing under IO Mahika.
2491,100190737202302491,202302491,2023-07-18,835,737,2,2,2,7,1,37,2023-07-18T00:00:00,2023-07-19T20:00:00,2023-07-18T00:00:00,15.012225,75.182878,Case registered at Kolar PS 17 regarding vehicle theft. Investigation ongoing under IO Nisha.
2492,100220855202402492,202402492,2024-07-24,1161,855,1,1,3,8,4,43,2024-07-24T00:00:00,2024-07-24T19:00:00,2024-07-24T00:00:00,17.403877,76.191501,Case registered at Mysuru PS 48 regarding domestic violence. Investigation ongoing under IO Daniel.
2493,100220818202402493,202402493,2024-06-26,1606,818,1,2,2,7,1,43,2024-06-26T00:00:00,2024-06-27T08:00:00,2024-06-26T00:00:00,14.727295,74.330937,Case registered at Mysuru PS 11 regarding vehicle theft. Investigation ongoing under IO Utkarsh.
2494,100050249202402494,202402494,2024-06-07,1555,249,1,2,3,8,1,9,2024-06-07T00:00:00,2024-06-07T01:00:00,2024-06-07T00:00:00,13.302686,74.159162,Case registered at Bengaluru Urban PS 77 regarding domestic violence. Investigation ongoing under IO Girish.
2495,100040149202502495,202502495,2025-08-18,247,149,1,2,6,16,1,8,2025-08-18T00:00:00,2025-08-18T20:00:00,2025-08-18T00:00:00,17.007873,77.893079,Case registered at Bengaluru Rural PS 6 regarding identity theft. Investigation ongoing under IO Naveen.
2496,100311100202302496,202302496,2023-01-01,994,1100,1,2,1,1,1,61,2023-01-01T00:00:00,2023-01-01T12:00:00,2023-01-01T00:00:00,13.572315,76.823977,Case registered at Vijayanagara PS 4 regarding murder. Investigation ongoing under IO Ishanvi.
2497,100080348202502497,202502497,2025-04-17,2333,348,1,1,3,10,2,15,2025-04-17T00:00:00,2025-04-18T13:00:00,2025-04-17T00:00:00,15.701333,76.4907,Case registered at Chikkaballapur PS 3 regarding sexual assault. Investigation ongoing under IO Manan.
2498,100070324202402498,202402498,2024-07-01,546,324,1,2,1,1,2,14,2024-07-01T00:00:00,2024-07-03T00:00:00,2024-07-01T00:00:00,17.661739,77.583445,Case registered at Chamarajanagar PS 8 regarding murder. Investigation ongoing under IO Nakul.
2499,100050237202502499,202502499,2025-08-06,1036,237,2,2,1,2,3,9,2025-08-06T00:00:00,2025-08-06T09:00:00,2025-08-06T00:00:00,11.828653,75.832083,Case registered at Bengaluru Urban PS 65 regarding attempt to murder. Investigation ongoing under IO Chandani.
2500,100311109202302500,202302500,2023-07-26,542,1109,3,2,4,12,2,61,2023-07-26T00:00:00,2023-07-26T18:00:00,2023-07-26T00:00:00,15.792311,75.962419,Case registered at Vijayanagara PS 13 regarding public nuisance. Investigation ongoing under IO Omaja.
2501,100050233202602501,202602501,2026-02-09,607,233,3,2,5,13,3,10,2026-02-09T00:00:00,2026-02-10T23:00:00,2026-02-09T00:00:00,14.492658,78.174436,Case registered at Bengaluru Urban PS 61 regarding cheating. Investigation ongoing under IO Nakul.
2502,100250939202302502,202302502,2023-06-04,1023,939,2,2,5,13,1,50,2023-06-04T00:00:00,2023-06-04T09:00:00,2023-06-04T00:00:00,14.586804,77.005121,Case registered at Shivamogga PS 17 regarding cheating. Investigation ongoing under IO Onkar.
2503,100070318202302503,202302503,2023-08-17,937,318,3,2,2,6,2,13,2023-08-17T00:00:00,2023-08-18T18:00:00,2023-08-17T00:00:00,14.003946,77.086092,Case registered at Chamarajanagar PS 2 regarding burglary. Investigation ongoing under IO Maya.
2504,100220830202302504,202302504,2023-02-04,86,830,1,2,5,14,3,44,2023-02-04T00:00:00,2023-02-05T12:00:00,2023-02-04T00:00:00,17.433016,74.622647,Case registered at Mysuru PS 23 regarding criminal breach of trust. Investigation ongoing under IO Alka.
2505,100130527202402505,202402505,2024-05-04,2481,527,1,2,5,14,2,25,2024-05-04T00:00:00,2024-05-05T06:00:00,2024-05-04T00:00:00,16.5937,78.235144,Case registered at Dharwad PS 9 regarding criminal breach of trust. Investigation ongoing under IO Deepa.
2506,100220816202602506,202602506,2026-01-30,2092,816,1,2,4,12,3,43,2026-01-30T00:00:00,2026-01-31T11:00:00,2026-01-30T00:00:00,13.408813,75.621931,Case registered at Mysuru PS 9 regarding public nuisance. Investigation ongoing under IO Krishna.
2507,100160628202302507,202302507,2023-03-06,1703,628,1,2,5,14,3,32,2023-03-06T00:00:00,2023-03-07T19:00:00,2023-03-06T00:00:00,14.617001,76.792898,Case registered at Haveri PS 23 regarding criminal breach of trust. Investigation ongoing under IO Siya.
2508,100030107202602508,202602508,2026-05-15,724,107,1,1,3,10,3,6,2026-05-15T00:00:00,2026-05-15T06:00:00,2026-05-15T00:00:00,17.224712,76.358517,Case registered at Belagavi PS 21 regarding sexual assault. Investigation ongoing under IO Girish.
2509,100180696202502509,202502509,2025-11-30,554,696,2,2,2,6,3,36,2025-11-30T00:00:00,2025-12-01T11:00:00,2025-11-30T00:00:00,16.021495,77.960065,Case registered at Kodagu PS 5 regarding burglary. Investigation ongoing under IO Nathaniel.
2510,100250934202602510,202602510,2026-01-18,1463,934,2,2,5,14,2,49,2026-01-18T00:00:00,2026-01-18T10:00:00,2026-01-18T00:00:00,17.20525,78.578454,Case registered at Shivamogga PS 12 regarding criminal breach of trust. Investigation ongoing under IO Advaith.
2511,100040147202502511,202502511,2025-09-20,2089,147,4,2,4,11,2,8,2025-09-20T00:00:00,2025-09-21T22:00:00,2025-09-20T00:00:00,13.310863,75.176529,Case registered at Bengaluru Rural PS 4 regarding gambling. Investigation ongoing under IO Vritti.
2512,100240920202502512,202502512,2025-05-10,1619,920,1,2,3,10,1,48,2025-05-10T00:00:00,2025-05-10T09:00:00,2025-05-10T00:00:00,17.036485,77.933003,Case registered at Ramanagara PS 27 regarding sexual assault. Investigation ongoing under IO Amara.
2513,100130528202502513,202502513,2025-06-27,1001,528,3,2,2,5,1,25,2025-06-27T00:00:00,2025-06-28T09:00:00,2025-06-27T00:00:00,14.583116,76.524197,Case registered at Dharwad PS 10 regarding robbery. Investigation ongoing under IO Wazir.
2514,100110464202402514,202402514,2024-08-17,909,464,1,2,4,12,1,22,2024-08-17T00:00:00,2024-08-18T02:00:00,2024-08-17T00:00:00,15.35088,75.459264,Case registered at Dakshina Kannada PS 32 regarding public nuisance. Investigation ongoing under IO Chaitanya.
2515,100030090202302515,202302515,2023-03-02,567,90,1,2,4,11,1,6,2023-03-02T00:00:00,2023-03-02T18:00:00,2023-03-02T00:00:00,17.681659,76.531416,Case registered at Belagavi PS 4 regarding gambling. Investigation ongoing under IO Kashvi.
2516,100311118202302516,202302516,2023-06-19,2101,1118,1,1,3,9,3,62,2023-06-19T00:00:00,2023-06-20T15:00:00,2023-06-19T00:00:00,12.716738,75.505419,Case registered at Vijayanagara PS 22 regarding dowry harassment. Investigation ongoing under IO Eshana.
2517,100080372202602517,202602517,2026-07-20,717,372,1,2,4,12,2,16,2026-07-20T00:00:00,2026-07-21T06:00:00,2026-07-20T00:00:00,12.079214,76.669429,Case registered at Chikkaballapur PS 27 regarding public nuisance. Investigation ongoing under IO Tripti.
2518,100240895202302518,202302518,2023-11-28,1923,895,1,2,6,15,1,47,2023-11-28T00:00:00,2023-11-28T01:00:00,2023-11-28T00:00:00,17.225214,77.128503,Case registered at Ramanagara PS 2 regarding online fraud. Investigation ongoing under IO Omisha.
2519,100050279202602519,202602519,2026-01-02,2268,279,3,2,6,16,3,9,2026-01-02T00:00:00,2026-01-02T05:00:00,2026-01-02T00:00:00,17.518847,76.33881,Case registered at Bengaluru Urban PS 107 regarding identity theft. Investigation ongoing under IO Jalsa.
2520,100260974202502520,202502520,2025-05-06,997,974,3,2,1,1,1,51,2025-05-06T00:00:00,2025-05-07T12:00:00,2025-05-06T00:00:00,13.147305,75.615016,Case registered at Tumakuru PS 23 regarding murder. Investigation ongoing under IO Mahika.
2521,100240918202502521,202502521,2025-01-20,1850,918,1,1,1,3,1,48,2025-01-20T00:00:00,2025-01-20T02:00:00,2025-01-20T00:00:00,18.068674,75.367668,Case registered at Ramanagara PS 25 regarding grievous hurt. Investigation ongoing under IO Gautam.
2522,100291056202302522,202302522,2023-05-19,1707,1056,1,2,6,15,1,57,2023-05-19T00:00:00,2023-05-19T10:00:00,2023-05-19T00:00:00,15.309773,78.097519,Case registered at Vijayapura PS 18 regarding online fraud. Investigation ongoing under IO Xiti.
2523,100090390202602523,202602523,2026-04-15,928,390,1,2,5,14,1,18,2026-04-15T00:00:00,2026-04-15T07:00:00,2026-04-15T00:00:00,17.554147,76.127467,Case registered at Chikkamagaluru PS 16 regarding criminal breach of trust. Investigation ongoing under IO Hemang.
2524,100020085202302524,202302524,2023-09-29,1548,85,3,2,6,16,2,4,2023-09-29T00:00:00,2023-09-29T04:00:00,2023-09-29T00:00:00,14.789538,75.210138,Case registered at Ballari PS 56 regarding identity theft. Investigation ongoing under IO Anya.
2525,100020040202402525,202402525,2024-03-12,261,40,1,2,4,11,1,3,2024-03-12T00:00:00,2024-03-12T04:00:00,2024-03-12T00:00:00,18.3115,76.3421,Case registered at Ballari PS 11 regarding gambling. Investigation ongoing under IO Yashodhara.
2526,100110455202602526,202602526,2026-01-13,1317,455,1,2,6,15,2,22,2026-01-13T00:00:00,2026-01-13T16:00:00,2026-01-13T00:00:00,16.169884,78.596819,Case registered at Dakshina Kannada PS 23 regarding online fraud. Investigation ongoing under IO Anusha.
2527,100130535202502527,202502527,2025-07-20,1032,535,2,2,5,14,3,25,2025-07-20T00:00:00,2025-07-20T22:00:00,2025-07-20T00:00:00,12.44472,75.243937,Case registered at Dharwad PS 17 regarding criminal breach of trust. Investigation ongoing under IO Odika.
2528,100050173202402528,202402528,2024-06-04,2326,173,1,2,6,15,1,9,2024-06-04T00:00:00,2024-06-04T03:00:00,2024-06-04T00:00:00,12.049538,74.297225,Case registered at Bengaluru Urban PS 1 regarding online fraud. Investigation ongoing under IO Ekaraj.
2529,100120512202502529,202502529,2025-10-06,1934,512,3,2,6,16,2,23,2025-10-06T00:00:00,2025-10-06T21:00:00,2025-10-06T00:00:00,12.274999,74.441462,Case registered at Davanagere PS 23 regarding identity theft. Investigation ongoing under IO Aarav.
2530,100100417202502530,202502530,2025-07-03,1207,417,1,2,5,14,1,20,2025-07-03T00:00:00,2025-07-04T07:00:00,2025-07-03T00:00:00,14.904082,77.997156,Case registered at Chitradurga PS 14 regarding criminal breach of trust. Investigation ongoing under IO Nitara.
2531,100090391202502531,202502531,2025-04-24,334,391,1,2,2,4,2,17,2025-04-24T00:00:00,2025-04-25T20:00:00,2025-04-24T00:00:00,17.678256,75.462973,Case registered at Chikkamagaluru PS 17 regarding theft. Investigation ongoing under IO Warinder.
2532,100120503202302532,202302532,2023-01-26,75,503,1,2,5,14,2,24,2023-01-26T00:00:00,2023-01-26T22:00:00,2023-01-26T00:00:00,12.881799,76.853209,Case registered at Davanagere PS 14 regarding criminal breach of trust. Investigation ongoing under IO Yadavi.
2533,100150603202502533,202502533,2025-04-09,2484,603,1,1,3,8,2,30,2025-04-09T00:00:00,2025-04-10T13:00:00,2025-04-09T00:00:00,14.443468,75.866521,Case registered at Hassan PS 27 regarding domestic violence. Investigation ongoing under IO Zarna.
2534,100230874202402534,202402534,2024-10-01,879,874,3,2,6,15,3,46,2024-10-01T00:00:00,2024-10-02T14:00:00,2024-10-01T00:00:00,11.600045,75.861869,Case registered at Raichur PS 10 regarding online fraud. Investigation ongoing under IO Chatura.
2535,100160627202302535,202302535,2023-11-05,1323,627,3,2,4,11,1,31,2023-11-05T00:00:00,2023-11-06T03:00:00,2023-11-05T00:00:00,16.841406,76.736772,Case registered at Haveri PS 22 regarding gambling. Investigation ongoing under IO Noah.
2536,100270991202502536,202502536,2025-07-28,1609,991,4,2,5,14,1,53,2025-07-28T00:00:00,2025-07-28T14:00:00,2025-07-28T00:00:00,13.020401,74.882105,Case registered at Udupi PS 11 regarding criminal breach of trust. Investigation ongoing under IO Lakshit.
2537,100080360202502537,202502537,2025-08-27,1498,360,2,2,5,14,4,15,2025-08-27T00:00:00,2025-08-28T04:00:00,2025-08-27T00:00:00,12.059136,77.322655,Case registered at Chikkaballapur PS 15 regarding criminal breach of trust. Investigation ongoing under IO Xavier.
2538,100080346202502538,202502538,2025-05-03,315,346,1,1,3,10,1,16,2025-05-03T00:00:00,2025-05-04T02:00:00,2025-05-03T00:00:00,17.091241,77.966556,Case registered at Chikkaballapur PS 1 regarding sexual assault. Investigation ongoing under IO Vasatika.
2539,100210788202402539,202402539,2024-02-14,747,788,3,1,3,8,2,42,2024-02-14T00:00:00,2024-02-15T01:00:00,2024-02-14T00:00:00,15.525008,77.416717,Case registered at Mandya PS 10 regarding domestic violence. Investigation ongoing under IO Yauvani.
2540,100170650202402540,202402540,2024-02-28,863,650,1,2,6,15,3,33,2024-02-28T00:00:00,2024-02-28T02:00:00,2024-02-28T00:00:00,17.25323,74.254395,Case registered at Kalaburagi PS 16 regarding online fraud. Investigation ongoing under IO Kevin.
2541,100190743202402541,202402541,2024-01-05,419,743,1,2,3,9,3,38,2024-01-05T00:00:00,2024-01-06T04:00:00,2024-01-05T00:00:00,14.980325,76.253649,Case registered at Kolar PS 23 regarding dowry harassment. Investigation ongoing under IO Gautam.
2542,100311124202302542,202302542,2023-12-19,1621,1124,1,2,3,10,1,62,2023-12-19T00:00:00,2023-12-20T18:00:00,2023-12-19T00:00:00,15.357016,74.936683,Case registered at Vijayanagara PS 28 regarding sexual assault. Investigation ongoing under IO Fariq.
2543,100030097202502543,202502543,2025-01-12,1478,97,3,2,6,15,1,6,2025-01-12T00:00:00,2025-01-13T03:00:00,2025-01-12T00:00:00,17.351196,78.035249,Case registered at Belagavi PS 11 regarding online fraud. Investigation ongoing under IO Harsh.
2544,100220838202602544,202602544,2026-05-14,1008,838,4,2,5,14,1,44,2026-05-14T00:00:00,2026-05-15T19:00:00,2026-05-14T00:00:00,17.676015,77.172948,Case registered at Mysuru PS 31 regarding criminal breach of trust. Investigation ongoing under IO Keya.
2545,100240902202302545,202302545,2023-10-19,261,902,4,2,4,11,2,48,2023-10-19T00:00:00,2023-10-19T18:00:00,2023-10-19T00:00:00,15.928745,76.726801,Case registered at Ramanagara PS 9 regarding gambling. Investigation ongoing under IO Yashodhara.
2546,100010017202302546,202302546,2023-01-14,1787,17,1,2,2,5,1,1,2023-01-14T00:00:00,2023-01-14T11:00:00,2023-01-14T00:00:00,16.108364,77.326426,Case registered at Bagalkot PS 17 regarding robbery. Investigation ongoing under IO Advay.
2547,100030087202302547,202302547,2023-10-06,1770,87,1,2,1,3,3,6,2023-10-06T00:00:00,2023-10-06T19:00:00,2023-10-06T00:00:00,12.543925,75.006573,Case registered at Belagavi PS 1 regarding grievous hurt. Investigation ongoing under IO Jeremiah.
2548,100080365202502548,202502548,2025-03-16,1139,365,1,2,5,13,1,16,2025-03-16T00:00:00,2025-03-16T23:00:00,2025-03-16T00:00:00,12.501176,74.133359,Case registered at Chikkaballapur PS 20 regarding cheating. Investigation ongoing under IO Yasti.
2549,100090397202302549,202302549,2023-07-08,589,397,2,2,5,14,3,18,2023-07-08T00:00:00,2023-07-08T04:00:00,2023-07-08T00:00:00,14.957368,76.758077,Case registered at Chikkamagaluru PS 23 regarding criminal breach of trust. Investigation ongoing under IO Krisha.
2550,100160632202402550,202402550,2024-01-06,1285,632,1,2,6,16,2,31,2024-01-06T00:00:00,2024-01-06T09:00:00,2024-01-06T00:00:00,17.210834,74.326054,Case registered at Haveri PS 27 regarding identity theft. Investigation ongoing under IO Ekalinga.
2551,100220808202402551,202402551,2024-01-06,474,808,1,2,5,13,2,43,2024-01-06T00:00:00,2024-01-07T06:00:00,2024-01-06T00:00:00,13.146624,74.388087,Case registered at Mysuru PS 1 regarding cheating. Investigation ongoing under IO Bishakha.
2552,100250924202402552,202402552,2024-02-16,1418,924,4,2,6,15,4,49,2024-02-16T00:00:00,2024-02-16T10:00:00,2024-02-16T00:00:00,12.145107,78.4202,Case registered at Shivamogga PS 2 regarding online fraud. Investigation ongoing under IO Jasmit.
2553,100200777202502553,202502553,2025-01-17,966,777,4,2,5,13,3,39,2025-01-17T00:00:00,2025-01-18T15:00:00,2025-01-17T00:00:00,17.618433,75.234198,Case registered at Koppal PS 28 regarding cheating. Investigation ongoing under IO Zaid.
2554,100170645202302554,202302554,2023-08-24,706,645,4,2,2,5,3,34,2023-08-24T00:00:00,2023-08-24T22:00:00,2023-08-24T00:00:00,15.919154,74.997895,Case registered at Kalaburagi PS 11 regarding robbery. Investigation ongoing under IO Abeer.
2555,100281033202502555,202502555,2025-02-18,1794,1033,1,2,4,12,1,56,2025-02-18T00:00:00,2025-02-19T23:00:00,2025-02-18T00:00:00,14.451504,76.316443,Case registered at Uttara Kannada PS 24 regarding public nuisance. Investigation ongoing under IO Avi.
2556,100270989202302556,202302556,2023-09-08,867,989,4,2,2,7,2,54,2023-09-08T00:00:00,2023-09-09T18:00:00,2023-09-08T00:00:00,12.850973,74.927192,Case registered at Udupi PS 9 regarding vehicle theft. Investigation ongoing under IO Kiaan.
2557,100291041202402557,202402557,2024-11-28,372,1041,1,2,6,16,2,57,2024-11-28T00:00:00,2024-11-29T23:00:00,2024-11-28T00:00:00,16.879349,76.210169,Case registered at Vijayapura PS 3 regarding identity theft. Investigation ongoing under IO Udarsh.
2558,100050193202502558,202502558,2025-10-08,1816,193,2,2,1,1,4,9,2025-10-08T00:00:00,2025-10-09T18:00:00,2025-10-08T00:00:00,13.275426,74.79577,Case registered at Bengaluru Urban PS 21 regarding murder. Investigation ongoing under IO Guneet.
2559,100090379202302559,202302559,2023-11-12,1975,379,1,1,1,2,1,18,2023-11-12T00:00:00,2023-11-12T17:00:00,2023-11-12T00:00:00,16.608855,74.166991,Case registered at Chikkamagaluru PS 5 regarding attempt to murder. Investigation ongoing under IO Maanav.
2560,100040169202402560,202402560,2024-04-19,2326,169,3,2,2,4,2,8,2024-04-19T00:00:00,2024-04-20T02:00:00,2024-04-19T00:00:00,15.499004,76.962035,Case registered at Bengaluru Rural PS 26 regarding theft. Investigation ongoing under IO Ekaraj.
2561,100040164202302561,202302561,2023-06-19,208,164,1,2,4,12,3,8,2023-06-19T00:00:00,2023-06-19T08:00:00,2023-06-19T00:00:00,15.759906,77.137963,Case registered at Bengaluru Rural PS 21 regarding public nuisance. Investigation ongoing under IO Qasim.
2562,100020084202502562,202502562,2025-11-28,30,84,1,2,4,11,3,3,2025-11-28T00:00:00,2025-11-28T03:00:00,2025-11-28T00:00:00,16.584534,75.98842,Case registered at Ballari PS 55 regarding gambling. Investigation ongoing under IO Nathaniel.
2563,100060299202502563,202502563,2025-05-21,1543,299,4,2,2,5,1,12,2025-05-21T00:00:00,2025-05-22T18:00:00,2025-05-21T00:00:00,13.253506,76.605622,Case registered at Bidar PS 12 regarding robbery. Investigation ongoing under IO Aachal.
2564,100281032202602564,202602564,2026-02-03,589,1032,4,2,1,3,2,56,2026-02-03T00:00:00,2026-02-04T11:00:00,2026-02-03T00:00:00,11.650907,76.244521,Case registered at Uttara Kannada PS 23 regarding grievous hurt. Investigation ongoing under IO Krisha.
2565,100050262202302565,202302565,2023-10-09,1835,262,1,1,3,10,3,9,2023-10-09T00:00:00,2023-10-10T05:00:00,2023-10-09T00:00:00,15.425474,76.928963,Case registered at Bengaluru Urban PS 90 regarding sexual assault. Investigation ongoing under IO Alka.
2566,100220837202302566,202302566,2023-06-22,212,837,2,2,5,13,2,44,2023-06-22T00:00:00,2023-06-23T15:00:00,2023-06-22T00:00:00,12.655597,78.234112,Case registered at Mysuru PS 30 regarding cheating. Investigation ongoing under IO Akshay.
2567,100240896202302567,202302567,2023-11-27,664,896,1,1,1,2,2,47,2023-11-27T00:00:00,2023-11-28T14:00:00,2023-11-27T00:00:00,14.704183,74.019449,Case registered at Ramanagara PS 3 regarding attempt to murder. Investigation ongoing under IO Bahadurjit.
2568,100050187202302568,202302568,2023-08-28,2144,187,1,2,4,12,2,10,2023-08-28T00:00:00,2023-08-28T01:00:00,2023-08-28T00:00:00,16.638386,77.486889,Case registered at Bengaluru Urban PS 15 regarding public nuisance. Investigation ongoing under IO Zayan.
2569,100180695202302569,202302569,2023-01-28,101,695,4,2,3,9,3,36,2023-01-28T00:00:00,2023-01-29T20:00:00,2023-01-28T00:00:00,15.224471,75.859412,Case registered at Kodagu PS 4 regarding dowry harassment. Investigation ongoing under IO Manthan.
2570,100100427202402570,202402570,2024-04-08,1427,427,1,2,2,7,1,19,2024-04-08T00:00:00,2024-04-09T07:00:00,2024-04-08T00:00:00,16.354725,76.330267,Case registered at Chitradurga PS 24 regarding vehicle theft. Investigation ongoing under IO Vidhi.
2571,100010017202302571,202302571,2023-12-16,1782,17,1,2,5,13,4,2,2023-12-16T00:00:00,2023-12-16T16:00:00,2023-12-16T00:00:00,11.745857,76.603776,Case registered at Bagalkot PS 17 regarding cheating. Investigation ongoing under IO Vasatika.
2572,100200763202502572,202502572,2025-06-10,1214,763,2,2,3,9,2,39,2025-06-10T00:00:00,2025-06-11T06:00:00,2025-06-10T00:00:00,13.277803,74.197287,Case registered at Koppal PS 14 regarding dowry harassment. Investigation ongoing under IO Ekantika.
2573,100110438202302573,202302573,2023-08-24,709,438,1,2,1,2,4,22,2023-08-24T00:00:00,2023-08-25T17:00:00,2023-08-24T00:00:00,15.185548,74.519032,Case registered at Dakshina Kannada PS 6 regarding attempt to murder. Investigation ongoing under IO Vasudha.
2574,100040168202402574,202402574,2024-08-30,928,168,1,2,5,13,1,8,2024-08-30T00:00:00,2024-08-30T13:00:00,2024-08-30T00:00:00,12.721677,78.333116,Case registered at Bengaluru Rural PS 25 regarding cheating. Investigation ongoing under IO Hemang.
2575,100160630202302575,202302575,2023-06-15,596,630,1,2,2,6,2,31,2023-06-15T00:00:00,2023-06-16T17:00:00,2023-06-15T00:00:00,13.865404,76.936888,Case registered at Haveri PS 25 regarding burglary. Investigation ongoing under IO Ladli.
2576,100240916202602576,202602576,2026-03-20,804,916,1,2,1,1,1,48,2026-03-20T00:00:00,2026-03-21T22:00:00,2026-03-20T00:00:00,16.434677,75.707486,Case registered at Ramanagara PS 23 regarding murder. Investigation ongoing under IO Chameli.
2577,100160624202402577,202402577,2024-07-17,173,624,3,2,1,3,3,31,2024-07-17T00:00:00,2024-07-17T06:00:00,2024-07-17T00:00:00,18.230342,74.760678,Case registered at Haveri PS 19 regarding grievous hurt. Investigation ongoing under IO Banjeet.
2578,100010001202402578,202402578,2024-07-05,1118,1,1,2,6,16,1,2,2024-07-05T00:00:00,2024-07-06T16:00:00,2024-07-05T00:00:00,14.838076,75.187735,Case registered at Bagalkot PS 1 regarding identity theft. Investigation ongoing under IO Leela.
2579,100311104202402579,202402579,2024-03-15,1672,1104,1,1,1,1,4,61,2024-03-15T00:00:00,2024-03-15T15:00:00,2024-03-15T00:00:00,12.57006,77.214997,Case registered at Vijayanagara PS 8 regarding murder. Investigation ongoing under IO Shaurya.
2580,100050267202302580,202302580,2023-10-28,330,267,1,2,2,7,3,9,2023-10-28T00:00:00,2023-10-28T20:00:00,2023-10-28T00:00:00,11.754038,74.281163,Case registered at Bengaluru Urban PS 95 regarding vehicle theft. Investigation ongoing under IO Oni.
2581,100170672202302581,202302581,2023-03-14,1468,672,1,2,4,11,2,33,2023-03-14T00:00:00,2023-03-16T00:00:00,2023-03-14T00:00:00,15.358326,75.736363,Case registered at Kalaburagi PS 38 regarding gambling. Investigation ongoing under IO Kashvi.
2582,100110447202602582,202602582,2026-01-12,73,447,1,2,2,6,3,22,2026-01-12T00:00:00,2026-01-12T14:00:00,2026-01-12T00:00:00,15.031734,74.753629,Case registered at Dakshina Kannada PS 15 regarding burglary. Investigation ongoing under IO Dalbir.
2583,100030092202402583,202402583,2024-11-19,953,92,1,2,4,12,2,6,2024-11-19T00:00:00,2024-11-20T22:00:00,2024-11-19T00:00:00,16.807306,74.955521,Case registered at Belagavi PS 6 regarding public nuisance. Investigation ongoing under IO Kashish.
2584,100170686202302584,202302584,2023-05-13,2166,686,1,2,5,14,2,33,2023-05-13T00:00:00,2023-05-14T15:00:00,2023-05-13T00:00:00,13.838137,74.092851,Case registered at Kalaburagi PS 52 regarding criminal breach of trust. Investigation ongoing under IO Urishilla.
2585,100180718202402585,202402585,2024-07-07,577,718,3,2,2,6,2,35,2024-07-07T00:00:00,2024-07-07T06:00:00,2024-07-07T00:00:00,15.061012,77.262594,Case registered at Kodagu PS 27 regarding burglary. Investigation ongoing under IO Garima.
2586,100291053202402586,202402586,2024-11-11,2073,1053,1,2,4,12,1,58,2024-11-11T00:00:00,2024-11-11T03:00:00,2024-11-11T00:00:00,14.8699,77.983622,Case registered at Vijayapura PS 15 regarding public nuisance. Investigation ongoing under IO Zashil.
2587,100170640202302587,202302587,2023-05-21,150,640,2,2,2,5,3,33,2023-05-21T00:00:00,2023-05-22T04:00:00,2023-05-21T00:00:00,16.584242,76.271596,Case registered at Kalaburagi PS 6 regarding robbery. Investigation ongoing under IO Aradhana.
2588,100281032202302588,202302588,2023-10-05,397,1032,1,2,3,10,3,56,2023-10-05T00:00:00,2023-10-06T03:00:00,2023-10-05T00:00:00,16.609309,77.409316,Case registered at Uttara Kannada PS 23 regarding sexual assault. Investigation ongoing under IO Faras.
2589,100070320202502589,202502589,2025-11-17,2292,320,1,2,1,3,2,14,2025-11-17T00:00:00,2025-11-17T23:00:00,2025-11-17T00:00:00,16.604212,76.352948,Case registered at Chamarajanagar PS 4 regarding grievous hurt. Investigation ongoing under IO Madhavi.
2590,100291062202302590,202302590,2023-12-01,2109,1062,1,1,1,3,2,58,2023-12-01T00:00:00,2023-12-01T23:00:00,2023-12-01T00:00:00,13.426541,78.200697,Case registered at Vijayapura PS 24 regarding grievous hurt. Investigation ongoing under IO Rajata.
2591,100281035202302591,202302591,2023-12-31,421,1035,4,2,6,16,4,56,2023-12-31T00:00:00,2024-01-01T21:00:00,2023-12-31T00:00:00,17.945567,75.837442,Case registered at Uttara Kannada PS 26 regarding identity theft. Investigation ongoing under IO Benjamin.
2592,100150578202402592,202402592,2024-01-24,553,578,1,2,5,14,1,29,2024-01-24T00:00:00,2024-01-24T06:00:00,2024-01-24T00:00:00,17.791955,76.944084,Case registered at Hassan PS 2 regarding criminal breach of trust. Investigation ongoing under IO Omya.
2593,100220857202402593,202402593,2024-10-30,692,857,1,2,2,6,2,43,2024-10-30T00:00:00,2024-10-30T07:00:00,2024-10-30T00:00:00,15.985076,76.902595,Case registered at Mysuru PS 50 regarding burglary. Investigation ongoing under IO Jagrati.
2594,100020034202502594,202502594,2025-08-09,787,34,1,2,2,6,1,3,2025-08-09T00:00:00,2025-08-10T16:00:00,2025-08-09T00:00:00,13.339718,78.452595,Case registered at Ballari PS 5 regarding burglary. Investigation ongoing under IO Gunbir.
2595,100070342202502595,202502595,2025-01-25,2028,342,1,2,3,9,2,13,2025-01-25T00:00:00,2025-01-26T03:00:00,2025-01-25T00:00:00,14.29076,77.301256,Case registered at Chamarajanagar PS 26 regarding dowry harassment. Investigation ongoing under IO Jackson.
2596,100090385202602596,202602596,2026-03-09,1667,385,1,2,6,16,2,17,2026-03-09T00:00:00,2026-03-10T16:00:00,2026-03-09T00:00:00,14.263006,74.144772,Case registered at Chikkamagaluru PS 11 regarding identity theft. Investigation ongoing under IO Jagvi.
2597,100180710202502597,202502597,2025-10-28,1037,710,1,2,4,11,1,35,2025-10-28T00:00:00,2025-10-28T17:00:00,2025-10-28T00:00:00,17.684772,74.086001,Case registered at Kodagu PS 19 regarding gambling. Investigation ongoing under IO Bakhshi.
2598,100240915202502598,202502598,2025-05-23,67,915,1,2,5,14,1,47,2025-05-23T00:00:00,2025-05-23T12:00:00,2025-05-23T00:00:00,17.141607,78.523406,Case registered at Ramanagara PS 22 regarding criminal breach of trust. Investigation ongoing under IO Warjas.
2599,100291062202302599,202302599,2023-01-02,648,1062,1,2,4,11,1,57,2023-01-02T00:00:00,2023-01-02T21:00:00,2023-01-02T00:00:00,15.508154,75.821364,Case registered at Vijayapura PS 24 regarding gambling. Investigation ongoing under IO Chakradev.
2600,100020036202502600,202502600,2025-06-20,645,36,1,1,1,1,1,3,2025-06-20T00:00:00,2025-06-21T22:00:00,2025-06-20T00:00:00,17.573135,76.125104,Case registered at Ballari PS 7 regarding murder. Investigation ongoing under IO Dalbir.
2601,100160634202302601,202302601,2023-05-12,1467,634,4,2,2,5,2,31,2023-05-12T00:00:00,2023-05-13T21:00:00,2023-05-12T00:00:00,16.528161,74.022987,Case registered at Haveri PS 29 regarding robbery. Investigation ongoing under IO Brinda.
2602,100040166202602602,202602602,2026-05-27,1978,166,1,2,2,5,1,8,2026-05-27T00:00:00,2026-05-27T15:00:00,2026-05-27T00:00:00,13.642929,77.118841,Case registered at Bengaluru Rural PS 23 regarding robbery. Investigation ongoing under IO Urvi.
2603,100291065202402603,202402603,2024-07-24,1818,1065,1,2,4,12,1,57,2024-07-24T00:00:00,2024-07-25T13:00:00,2024-07-24T00:00:00,12.466909,77.50069,Case registered at Vijayapura PS 27 regarding public nuisance. Investigation ongoing under IO Robert.
2604,100240906202302604,202302604,2023-04-09,1523,906,1,2,6,15,4,47,2023-04-09T00:00:00,2023-04-10T05:00:00,2023-04-09T00:00:00,18.373491,74.745375,Case registered at Ramanagara PS 13 regarding online fraud. Investigation ongoing under IO Aahana.
2605,100030115202302605,202302605,2023-07-06,417,115,2,2,4,11,1,6,2023-07-06T00:00:00,2023-07-06T17:00:00,2023-07-06T00:00:00,12.471403,74.888905,Case registered at Belagavi PS 29 regarding gambling. Investigation ongoing under IO Siya.
2606,100130544202302606,202302606,2023-10-06,1210,544,1,2,5,13,3,25,2023-10-06T00:00:00,2023-10-06T22:00:00,2023-10-06T00:00:00,16.082265,74.180727,Case registered at Dharwad PS 26 regarding cheating. Investigation ongoing under IO Teerth.
2607,100100407202402607,202402607,2024-06-21,823,407,1,2,4,11,1,20,2024-06-21T00:00:00,2024-06-21T19:00:00,2024-06-21T00:00:00,16.580718,75.234673,Case registered at Chitradurga PS 4 regarding gambling. Investigation ongoing under IO Yug.
2608,100260973202302608,202302608,2023-05-08,962,973,1,2,2,7,3,51,2023-05-08T00:00:00,2023-05-09T18:00:00,2023-05-08T00:00:00,11.804347,78.349633,Case registered at Tumakuru PS 22 regarding vehicle theft. Investigation ongoing under IO Manthan.
2609,100110469202602609,202602609,2026-01-27,811,469,1,2,4,12,3,22,2026-01-27T00:00:00,2026-01-27T08:00:00,2026-01-27T00:00:00,15.530734,75.056874,Case registered at Dakshina Kannada PS 37 regarding public nuisance. Investigation ongoing under IO Chatresh.
2610,100260973202502610,202502610,2025-05-03,254,973,1,2,2,4,3,52,2025-05-03T00:00:00,2025-05-04T21:00:00,2025-05-03T00:00:00,13.218384,76.08152,Case registered at Tumakuru PS 22 regarding theft. Investigation ongoing under IO Riya.
2611,100030107202502611,202502611,2025-02-18,2440,107,1,2,4,12,4,5,2025-02-18T00:00:00,2025-02-19T15:00:00,2025-02-18T00:00:00,17.620746,77.259448,Case registered at Belagavi PS 21 regarding public nuisance. Investigation ongoing under IO Parth.
2612,100311117202402612,202402612,2024-08-29,9,1117,3,2,5,14,2,61,2024-08-29T00:00:00,2024-08-29T18:00:00,2024-08-29T00:00:00,18.386565,75.217642,Case registered at Vijayanagara PS 21 regarding criminal breach of trust. Investigation ongoing under IO Gayathri.
2613,100190737202402613,202402613,2024-06-28,1314,737,3,2,5,13,1,38,2024-06-28T00:00:00,2024-06-29T08:00:00,2024-06-28T00:00:00,12.554417,76.859292,Case registered at Kolar PS 17 regarding cheating. Investigation ongoing under IO Jalsa.
2614,100210797202502614,202502614,2025-10-07,431,797,1,2,2,6,3,42,2025-10-07T00:00:00,2025-10-08T08:00:00,2025-10-07T00:00:00,14.15888,76.027624,Case registered at Mandya PS 19 regarding burglary. Investigation ongoing under IO Libni.
2615,100190746202302615,202302615,2023-04-16,1701,746,1,2,1,1,3,38,2023-04-16T00:00:00,2023-04-16T15:00:00,2023-04-16T00:00:00,12.543316,74.147832,Case registered at Kolar PS 26 regarding murder. Investigation ongoing under IO Divya.
2616,100150604202502616,202502616,2025-06-23,604,604,1,2,3,8,2,30,2025-06-23T00:00:00,2025-06-23T05:00:00,2025-06-23T00:00:00,12.892549,76.108718,Case registered at Hassan PS 28 regarding domestic violence. Investigation ongoing under IO Upkaar.
2617,100271008202402617,202402617,2024-08-01,402,1008,1,2,2,7,3,53,2024-08-01T00:00:00,2024-08-01T12:00:00,2024-08-01T00:00:00,15.88085,76.881151,Case registered at Udupi PS 28 regarding vehicle theft. Investigation ongoing under IO Yagnesh.
2618,100160611202602618,202602618,2026-04-06,979,611,3,2,4,11,2,31,2026-04-06T00:00:00,2026-04-06T05:00:00,2026-04-06T00:00:00,16.050554,77.471264,Case registered at Haveri PS 6 regarding gambling. Investigation ongoing under IO Jagrati.
2619,100150584202602619,202602619,2026-02-05,737,584,1,2,5,13,3,30,2026-02-05T00:00:00,2026-02-05T01:00:00,2026-02-05T00:00:00,16.33028,75.29468,Case registered at Hassan PS 8 regarding cheating. Investigation ongoing under IO Anjali.
2620,100311122202502620,202502620,2025-11-06,1532,1122,3,2,2,6,2,61,2025-11-06T00:00:00,2025-11-07T03:00:00,2025-11-06T00:00:00,15.495964,77.303454,Case registered at Vijayanagara PS 26 regarding burglary. Investigation ongoing under IO Lekha.
2621,100230892202302621,202302621,2023-11-29,501,892,4,2,4,11,1,46,2023-11-29T00:00:00,2023-11-30T18:00:00,2023-11-29T00:00:00,17.476703,75.914995,Case registered at Raichur PS 28 regarding gambling. Investigation ongoing under IO Sachi.
2622,100050183202302622,202302622,2023-12-29,587,183,3,2,6,16,4,10,2023-12-29T00:00:00,2023-12-30T15:00:00,2023-12-29T00:00:00,17.923916,75.438758,Case registered at Bengaluru Urban PS 11 regarding identity theft. Investigation ongoing under IO David.
2623,100050246202502623,202502623,2025-11-03,666,246,1,2,2,6,4,10,2025-11-03T00:00:00,2025-11-04T00:00:00,2025-11-03T00:00:00,17.08312,74.563087,Case registered at Bengaluru Urban PS 74 regarding burglary. Investigation ongoing under IO Reva.
2624,100090379202302624,202302624,2023-08-21,696,379,1,1,1,1,1,17,2023-08-21T00:00:00,2023-08-22T23:00:00,2023-08-21T00:00:00,16.563846,76.974238,Case registered at Chikkamagaluru PS 5 regarding murder. Investigation ongoing under IO Timothy.
2625,100170663202302625,202302625,2023-12-26,1621,663,1,1,1,3,2,34,2023-12-26T00:00:00,2023-12-27T02:00:00,2023-12-26T00:00:00,16.464526,74.87357,Case registered at Kalaburagi PS 29 regarding grievous hurt. Investigation ongoing under IO Fariq.
2626,100220845202602626,202602626,2026-04-28,1696,845,3,2,4,12,1,44,2026-04-28T00:00:00,2026-04-28T03:00:00,2026-04-28T00:00:00,14.294894,75.101038,Case registered at Mysuru PS 38 regarding public nuisance. Investigation ongoing under IO Garima.
2627,100170635202502627,202502627,2025-03-25,1618,635,1,2,4,11,1,34,2025-03-25T00:00:00,2025-03-25T03:00:00,2025-03-25T00:00:00,16.450509,78.522045,Case registered at Kalaburagi PS 1 regarding gambling. Investigation ongoing under IO Karan.
2628,100070331202502628,202502628,2025-03-25,1468,331,1,2,5,14,1,14,2025-03-25T00:00:00,2025-03-26T13:00:00,2025-03-25T00:00:00,16.815793,75.884248,Case registered at Chamarajanagar PS 15 regarding criminal breach of trust. Investigation ongoing under IO Kashvi.
2629,100130544202302629,202302629,2023-05-19,254,544,1,2,5,14,3,25,2023-05-19T00:00:00,2023-05-19T13:00:00,2023-05-19T00:00:00,17.428597,76.223001,Case registered at Dharwad PS 26 regarding criminal breach of trust. Investigation ongoing under IO Riya.
2630,100110453202302630,202302630,2023-07-13,1912,453,1,2,1,1,2,21,2023-07-13T00:00:00,2023-07-14T23:00:00,2023-07-13T00:00:00,14.514098,78.542986,Case registered at Dakshina Kannada PS 21 regarding murder. Investigation ongoing under IO Darpan.
2631,100220856202402631,202402631,2024-07-10,716,856,3,2,1,3,1,43,2024-07-10T00:00:00,2024-07-11T10:00:00,2024-07-10T00:00:00,18.173739,76.879893,Case registered at Mysuru PS 49 regarding grievous hurt. Investigation ongoing under IO Mekhala.
2632,100090399202602632,202602632,2026-03-08,352,399,1,2,3,10,1,18,2026-03-08T00:00:00,2026-03-08T10:00:00,2026-03-08T00:00:00,15.84974,75.720681,Case registered at Chikkamagaluru PS 25 regarding sexual assault. Investigation ongoing under IO Charvi.
2633,100100426202302633,202302633,2023-12-30,1174,426,3,2,6,16,3,19,2023-12-30T00:00:00,2023-12-30T08:00:00,2023-12-30T00:00:00,15.622272,76.199938,Case registered at Chitradurga PS 23 regarding identity theft. Investigation ongoing under IO Yashasvi.
2634,100180697202502634,202502634,2025-03-10,2171,697,1,1,1,2,2,35,2025-03-10T00:00:00,2025-03-11T16:00:00,2025-03-10T00:00:00,16.230337,78.000015,Case registered at Kodagu PS 6 regarding attempt to murder. Investigation ongoing under IO Charles.
2635,100110441202302635,202302635,2023-08-14,176,441,3,2,4,12,1,22,2023-08-14T00:00:00,2023-08-16T00:00:00,2023-08-14T00:00:00,16.722196,75.385083,Case registered at Dakshina Kannada PS 9 regarding public nuisance. Investigation ongoing under IO Tejas.
2636,100050251202602636,202602636,2026-06-18,2091,251,3,2,6,15,4,10,2026-06-18T00:00:00,2026-06-18T16:00:00,2026-06-18T00:00:00,17.509559,78.586624,Case registered at Bengaluru Urban PS 79 regarding online fraud. Investigation ongoing under IO Yashawini.
2637,100080347202502637,202502637,2025-02-15,1648,347,4,2,1,1,3,15,2025-02-15T00:00:00,2025-02-16T18:00:00,2025-02-15T00:00:00,13.601771,76.829966,Case registered at Chikkaballapur PS 2 regarding murder. Investigation ongoing under IO Frederick.
2638,100160620202302638,202302638,2023-08-30,128,620,1,2,2,6,3,32,2023-08-30T00:00:00,2023-08-30T13:00:00,2023-08-30T00:00:00,15.462351,77.481572,Case registered at Haveri PS 15 regarding burglary. Investigation ongoing under IO Chakrika.
2639,100120491202402639,202402639,2024-03-12,1410,491,1,2,4,12,2,23,2024-03-12T00:00:00,2024-03-12T13:00:00,2024-03-12T00:00:00,12.230074,75.750111,Case registered at Davanagere PS 2 regarding public nuisance. Investigation ongoing under IO Vanya.
2640,100291044202502640,202502640,2025-05-17,1148,1044,2,2,1,3,2,57,2025-05-17T00:00:00,2025-05-18T04:00:00,2025-05-17T00:00:00,12.23703,77.028321,Case registered at Vijayapura PS 6 regarding grievous hurt. Investigation ongoing under IO Falan.
2641,100260962202302641,202302641,2023-05-11,2063,962,1,2,4,12,1,52,2023-05-11T00:00:00,2023-05-12T06:00:00,2023-05-11T00:00:00,17.578578,76.06351,Case registered at Tumakuru PS 11 regarding public nuisance. Investigation ongoing under IO Frederick.
2642,100281036202502642,202502642,2025-10-01,1152,1036,1,2,6,15,2,56,2025-10-01T00:00:00,2025-10-02T09:00:00,2025-10-01T00:00:00,13.602225,77.372702,Case registered at Uttara Kannada PS 27 regarding online fraud. Investigation ongoing under IO Jagvi.
2643,100030132202402643,202402643,2024-01-19,1557,132,3,2,5,13,1,5,2024-01-19T00:00:00,2024-01-20T12:00:00,2024-01-19T00:00:00,14.221074,76.474729,Case registered at Belagavi PS 46 regarding cheating. Investigation ongoing under IO Gaurika.
2644,100040144202402644,202402644,2024-04-14,467,144,1,2,2,6,3,8,2024-04-14T00:00:00,2024-04-14T07:00:00,2024-04-14T00:00:00,13.539024,75.954594,Case registered at Bengaluru Rural PS 1 regarding burglary. Investigation ongoing under IO Abdul.
2645,100220835202402645,202402645,2024-10-08,1348,835,1,2,4,12,1,43,2024-10-08T00:00:00,2024-10-09T02:00:00,2024-10-08T00:00:00,15.395947,78.593673,Case registered at Mysuru PS 28 regarding public nuisance. Investigation ongoing under IO Caleb.
2646,100230890202302646,202302646,2023-11-21,2149,890,1,2,2,5,3,45,2023-11-21T00:00:00,2023-11-21T07:00:00,2023-11-21T00:00:00,16.981865,77.074952,Case registered at Raichur PS 26 regarding robbery. Investigation ongoing under IO Aachal.
2647,100170658202502647,202502647,2025-01-22,59,658,1,2,4,12,1,34,2025-01-22T00:00:00,2025-01-22T22:00:00,2025-01-22T00:00:00,14.606153,75.677022,Case registered at Kalaburagi PS 24 regarding public nuisance. Investigation ongoing under IO Chatura.
2648,100240896202302648,202302648,2023-11-20,2100,896,1,2,1,1,1,47,2023-11-20T00:00:00,2023-11-21T12:00:00,2023-11-20T00:00:00,12.761062,77.989438,Case registered at Ramanagara PS 3 regarding murder. Investigation ongoing under IO Dalaja.
2649,100190732202502649,202502649,2025-01-07,1442,732,1,1,3,8,2,37,2025-01-07T00:00:00,2025-01-08T14:00:00,2025-01-07T00:00:00,13.98588,77.061717,Case registered at Kolar PS 12 regarding domestic violence. Investigation ongoing under IO Dipta.
2650,100250945202602650,202602650,2026-03-26,2321,945,1,2,2,6,1,50,2026-03-26T00:00:00,2026-03-26T05:00:00,2026-03-26T00:00:00,13.470925,74.647489,Case registered at Shivamogga PS 23 regarding burglary. Investigation ongoing under IO Oviya.
2651,100080373202402651,202402651,2024-03-13,2459,373,1,1,3,10,3,15,2024-03-13T00:00:00,2024-03-14T09:00:00,2024-03-13T00:00:00,14.771586,76.226479,Case registered at Chikkaballapur PS 28 regarding sexual assault. Investigation ongoing under IO Urvashi.
2652,100180707202402652,202402652,2024-06-26,2045,707,3,2,3,8,2,35,2024-06-26T00:00:00,2024-06-26T16:00:00,2024-06-26T00:00:00,16.728441,77.638514,Case registered at Kodagu PS 16 regarding domestic violence. Investigation ongoing under IO Akshay.
2653,100180719202302653,202302653,2023-07-18,741,719,3,2,6,15,1,35,2023-07-18T00:00:00,2023-07-19T05:00:00,2023-07-18T00:00:00,17.845844,76.014483,Case registered at Kodagu PS 28 regarding online fraud. Investigation ongoing under IO Yatin.
2654,100281026202502654,202502654,2025-02-24,2168,1026,1,2,1,2,4,56,2025-02-24T00:00:00,2025-02-24T15:00:00,2025-02-24T00:00:00,15.753634,75.046558,Case registered at Uttara Kannada PS 17 regarding attempt to murder. Investigation ongoing under IO Harish.
2655,100260958202602655,202602655,2026-03-15,2105,958,3,2,4,12,2,52,2026-03-15T00:00:00,2026-03-16T00:00:00,2026-03-15T00:00:00,15.434804,78.413151,Case registered at Tumakuru PS 7 regarding public nuisance. Investigation ongoing under IO Madhavi.
2656,100030118202302656,202302656,2023-02-21,636,118,1,2,2,6,2,6,2023-02-21T00:00:00,2023-02-21T21:00:00,2023-02-21T00:00:00,15.804531,76.680476,Case registered at Belagavi PS 32 regarding burglary. Investigation ongoing under IO Tejas.
2657,100090383202302657,202302657,2023-10-21,111,383,1,2,3,10,1,17,2023-10-21T00:00:00,2023-10-22T21:00:00,2023-10-21T00:00:00,16.319894,77.963175,Case registered at Chikkamagaluru PS 9 regarding sexual assault. Investigation ongoing under IO Hritik.
2658,100020064202502658,202502658,2025-11-10,1639,64,1,2,5,14,1,3,2025-11-10T00:00:00,2025-11-10T11:00:00,2025-11-10T00:00:00,18.171794,77.908912,Case registered at Ballari PS 35 regarding criminal breach of trust. Investigation ongoing under IO Chatura.
2659,100030103202502659,202502659,2025-03-26,409,103,1,2,3,9,2,5,2025-03-26T00:00:00,2025-03-26T22:00:00,2025-03-26T00:00:00,16.993453,77.089631,Case registered at Belagavi PS 17 regarding dowry harassment. Investigation ongoing under IO Rudra.
2660,100010021202302660,202302660,2023-07-15,2302,21,1,2,5,14,4,1,2023-07-15T00:00:00,2023-07-15T14:00:00,2023-07-15T00:00:00,15.825586,75.118944,Case registered at Bagalkot PS 21 regarding criminal breach of trust. Investigation ongoing under IO Qushi.
2661,100230877202502661,202502661,2025-03-21,1649,877,1,2,5,13,1,45,2025-03-21T00:00:00,2025-03-21T10:00:00,2025-03-21T00:00:00,13.293918,74.544806,Case registered at Raichur PS 13 regarding cheating. Investigation ongoing under IO Yasti.
2662,100030117202502662,202502662,2025-09-15,606,117,1,2,5,14,2,6,2025-09-15T00:00:00,2025-09-16T11:00:00,2025-09-15T00:00:00,15.408063,78.310236,Case registered at Belagavi PS 31 regarding criminal breach of trust. Investigation ongoing under IO Laksh.
2663,100260954202402663,202402663,2024-04-27,2078,954,1,2,3,8,2,52,2024-04-27T00:00:00,2024-04-28T02:00:00,2024-04-27T00:00:00,15.264847,78.293303,Case registered at Tumakuru PS 3 regarding domestic violence. Investigation ongoing under IO Faraj.
2664,100010018202302664,202302664,2023-03-20,2226,18,2,2,6,15,4,1,2023-03-20T00:00:00,2023-03-20T23:00:00,2023-03-20T00:00:00,12.825174,77.403171,Case registered at Bagalkot PS 18 regarding online fraud. Investigation ongoing under IO Wishi.
2665,100090382202402665,202402665,2024-12-27,1217,382,1,1,3,9,3,17,2024-12-27T00:00:00,2024-12-27T11:00:00,2024-12-27T00:00:00,13.131051,77.428019,Case registered at Chikkamagaluru PS 8 regarding dowry harassment. Investigation ongoing under IO Bhavika.
2666,100050209202302666,202302666,2023-06-13,1932,209,3,2,6,15,1,9,2023-06-13T00:00:00,2023-06-13T19:00:00,2023-06-13T00:00:00,12.068433,76.428004,Case registered at Bengaluru Urban PS 37 regarding online fraud. Investigation ongoing under IO Lakshit.
2667,100050203202502667,202502667,2025-10-17,1115,203,1,2,4,11,3,9,2025-10-17T00:00:00,2025-10-17T12:00:00,2025-10-17T00:00:00,11.873746,76.755641,Case registered at Bengaluru Urban PS 31 regarding gambling. Investigation ongoing under IO Om.
2668,100070317202502668,202502668,2025-05-28,1552,317,2,2,3,10,3,14,2025-05-28T00:00:00,2025-05-29T18:00:00,2025-05-28T00:00:00,11.75314,77.153026,Case registered at Chamarajanagar PS 1 regarding sexual assault. Investigation ongoing under IO George.
2669,100020084202502669,202502669,2025-11-28,850,84,1,2,2,5,2,4,2025-11-28T00:00:00,2025-11-28T13:00:00,2025-11-28T00:00:00,15.706746,75.402373,Case registered at Ballari PS 55 regarding robbery. Investigation ongoing under IO Chanakya.
2670,100110449202502670,202502670,2025-12-09,2400,449,1,2,2,7,1,21,2025-12-09T00:00:00,2025-12-10T21:00:00,2025-12-09T00:00:00,18.365065,78.150711,Case registered at Dakshina Kannada PS 17 regarding vehicle theft. Investigation ongoing under IO Lekha.
2671,100050183202402671,202402671,2024-01-06,1600,183,2,2,3,9,1,10,2024-01-06T00:00:00,2024-01-06T05:00:00,2024-01-06T00:00:00,12.632379,74.978283,Case registered at Bengaluru Urban PS 11 regarding dowry harassment. Investigation ongoing under IO Chasmum.
2672,100220814202302672,202302672,2023-02-19,999,814,1,2,5,14,1,43,2023-02-19T00:00:00,2023-02-20T22:00:00,2023-02-19T00:00:00,16.849477,76.274394,Case registered at Mysuru PS 7 regarding criminal breach of trust. Investigation ongoing under IO Timothy.
2673,100070326202502673,202502673,2025-01-26,263,326,1,1,3,9,1,14,2025-01-26T00:00:00,2025-01-27T14:00:00,2025-01-26T00:00:00,17.831236,76.690932,Case registered at Chamarajanagar PS 10 regarding dowry harassment. Investigation ongoing under IO Maanav.
2674,100210784202602674,202602674,2026-01-10,1023,784,1,2,2,5,4,41,2026-01-10T00:00:00,2026-01-10T12:00:00,2026-01-10T00:00:00,12.968938,77.655696,Case registered at Mandya PS 6 regarding robbery. Investigation ongoing under IO Onkar.
2675,100020040202302675,202302675,2023-09-02,160,40,2,2,5,14,1,3,2023-09-02T00:00:00,2023-09-04T00:00:00,2023-09-02T00:00:00,12.373157,75.415512,Case registered at Ballari PS 11 regarding criminal breach of trust. Investigation ongoing under IO Oni.
2676,100030100202302676,202302676,2023-01-08,2112,100,1,1,1,2,1,6,2023-01-08T00:00:00,2023-01-08T10:00:00,2023-01-08T00:00:00,15.24399,75.65113,Case registered at Belagavi PS 14 regarding attempt to murder. Investigation ongoing under IO Neelima.
2677,100020065202502677,202502677,2025-08-17,39,65,1,2,6,16,2,4,2025-08-17T00:00:00,2025-08-17T06:00:00,2025-08-17T00:00:00,13.360946,76.867509,Case registered at Ballari PS 36 regarding identity theft. Investigation ongoing under IO Rushil.
2678,100140570202402678,202402678,2024-04-07,158,570,1,2,3,8,1,27,2024-04-07T00:00:00,2024-04-07T22:00:00,2024-04-07T00:00:00,13.384962,74.707296,Case registered at Gadag PS 23 regarding domestic violence. Investigation ongoing under IO Lajita.
2679,100200763202602679,202602679,2026-01-19,145,763,1,2,3,8,3,40,2026-01-19T00:00:00,2026-01-20T13:00:00,2026-01-19T00:00:00,17.313628,76.421943,Case registered at Koppal PS 14 regarding domestic violence. Investigation ongoing under IO Jairaj.
2680,100230879202402680,202402680,2024-04-02,1402,879,2,2,6,15,3,46,2024-04-02T00:00:00,2024-04-02T17:00:00,2024-04-02T00:00:00,17.71523,77.123339,Case registered at Raichur PS 15 regarding online fraud. Investigation ongoing under IO Ishani.
2681,100130538202302681,202302681,2023-04-16,1608,538,1,2,6,15,2,25,2023-04-16T00:00:00,2023-04-16T15:00:00,2023-04-16T00:00:00,14.749898,77.983451,Case registered at Dharwad PS 20 regarding online fraud. Investigation ongoing under IO Forum.
2682,100301071202302682,202302682,2023-03-25,328,1071,1,2,1,1,2,60,2023-03-25T00:00:00,2023-03-25T08:00:00,2023-03-25T00:00:00,16.977405,76.683883,Case registered at Yadgir PS 4 regarding murder. Investigation ongoing under IO Waida.
2683,100100426202402683,202402683,2024-10-07,2486,426,1,2,2,6,1,20,2024-10-07T00:00:00,2024-10-08T01:00:00,2024-10-07T00:00:00,18.398983,77.62457,Case registered at Chitradurga PS 23 regarding burglary. Investigation ongoing under IO Chatura.
2684,100060294202402684,202402684,2024-05-21,1387,294,1,2,4,11,2,12,2024-05-21T00:00:00,2024-05-21T19:00:00,2024-05-21T00:00:00,17.038448,75.428392,Case registered at Bidar PS 7 regarding gambling. Investigation ongoing under IO Yochana.
2685,100160608202602685,202602685,2026-06-26,1801,608,1,2,4,12,2,31,2026-06-26T00:00:00,2026-06-27T11:00:00,2026-06-26T00:00:00,13.175497,75.964502,Case registered at Haveri PS 3 regarding public nuisance. Investigation ongoing under IO Bachittar.
2686,100030124202502686,202502686,2025-01-11,940,124,1,2,6,16,1,6,2025-01-11T00:00:00,2025-01-11T03:00:00,2025-01-11T00:00:00,16.924047,75.497143,Case registered at Belagavi PS 38 regarding identity theft. Investigation ongoing under IO Ikbal.
2687,100301077202402687,202402687,2024-12-12,927,1077,1,2,4,12,2,60,2024-12-12T00:00:00,2024-12-12T17:00:00,2024-12-12T00:00:00,15.602523,76.999348,Case registered at Yadgir PS 10 regarding public nuisance. Investigation ongoing under IO Krisha.
2688,100281026202502688,202502688,2025-12-27,1315,1026,3,2,2,5,1,56,2025-12-27T00:00:00,2025-12-28T10:00:00,2025-12-27T00:00:00,11.86189,76.205068,Case registered at Uttara Kannada PS 17 regarding robbery. Investigation ongoing under IO Chakradhar.
2689,100110475202402689,202402689,2024-01-15,2002,475,3,2,6,16,3,21,2024-01-15T00:00:00,2024-01-16T08:00:00,2024-01-15T00:00:00,12.699181,77.120641,Case registered at Dakshina Kannada PS 43 regarding identity theft. Investigation ongoing under IO Bimala.
2690,100150578202402690,202402690,2024-06-27,413,578,1,2,6,16,3,29,2024-06-27T00:00:00,2024-06-27T05:00:00,2024-06-27T00:00:00,12.301957,76.797728,Case registered at Hassan PS 2 regarding identity theft. Investigation ongoing under IO Ekantika.
2691,100050190202502691,202502691,2025-06-05,905,190,1,2,3,8,1,10,2025-06-05T00:00:00,2025-06-05T17:00:00,2025-06-05T00:00:00,12.01585,75.791128,Case registered at Bengaluru Urban PS 18 regarding domestic violence. Investigation ongoing under IO Faraj.
2692,100220851202502692,202502692,2025-02-05,1498,851,1,2,4,12,2,43,2025-02-05T00:00:00,2025-02-06T06:00:00,2025-02-05T00:00:00,15.255378,77.56928,Case registered at Mysuru PS 44 regarding public nuisance. Investigation ongoing under IO Xavier.
2693,100150581202302693,202302693,2023-03-28,432,581,1,1,3,10,3,29,2023-03-28T00:00:00,2023-03-29T13:00:00,2023-03-28T00:00:00,16.930976,76.124555,Case registered at Hassan PS 5 regarding sexual assault. Investigation ongoing under IO Mason.
2694,100281019202302694,202302694,2023-11-15,2294,1019,1,1,1,2,3,56,2023-11-15T00:00:00,2023-11-16T14:00:00,2023-11-15T00:00:00,12.654991,74.688219,Case registered at Uttara Kannada PS 10 regarding attempt to murder. Investigation ongoing under IO Neel.
2695,100170674202402695,202402695,2024-09-23,1416,674,1,2,6,16,3,33,2024-09-23T00:00:00,2024-09-24T10:00:00,2024-09-23T00:00:00,16.985414,77.818735,Case registered at Kalaburagi PS 40 regarding identity theft. Investigation ongoing under IO Aashi.
2696,100170680202502696,202502696,2025-01-25,2097,680,1,2,2,7,1,33,2025-01-25T00:00:00,2025-01-25T02:00:00,2025-01-25T00:00:00,17.734206,76.621117,Case registered at Kalaburagi PS 46 regarding vehicle theft. Investigation ongoing under IO Ishanvi.
2697,100130542202302697,202302697,2023-11-12,732,542,4,2,5,14,1,26,2023-11-12T00:00:00,2023-11-13T14:00:00,2023-11-12T00:00:00,17.099482,74.742635,Case registered at Dharwad PS 24 regarding criminal breach of trust. Investigation ongoing under IO Garima.
2698,100100426202602698,202602698,2026-07-12,2066,426,4,2,5,14,1,20,2026-07-12T00:00:00,2026-07-13T23:00:00,2026-07-12T00:00:00,12.424361,76.845459,Case registered at Chitradurga PS 23 regarding criminal breach of trust. Investigation ongoing under IO Hamsini.
2699,100080347202602699,202602699,2026-06-23,2188,347,1,2,6,16,1,16,2026-06-23T00:00:00,2026-06-23T16:00:00,2026-06-23T00:00:00,15.371669,78.129793,Case registered at Chikkaballapur PS 2 regarding identity theft. Investigation ongoing under IO Warda.
2700,100120515202602700,202602700,2026-06-04,173,515,1,2,1,2,2,23,2026-06-04T00:00:00,2026-06-05T01:00:00,2026-06-04T00:00:00,12.605494,74.851231,Case registered at Davanagere PS 26 regarding attempt to murder. Investigation ongoing under IO Banjeet.
2701,100170680202402701,202402701,2024-04-04,2208,680,1,2,1,3,4,34,2024-04-04T00:00:00,2024-04-05T05:00:00,2024-04-04T00:00:00,11.782423,78.276676,Case registered at Kalaburagi PS 46 regarding grievous hurt. Investigation ongoing under IO Upadhriti.
2702,100260970202602702,202602702,2026-01-13,349,970,1,2,5,13,2,52,2026-01-13T00:00:00,2026-01-14T21:00:00,2026-01-13T00:00:00,16.657867,74.265259,Case registered at Tumakuru PS 19 regarding cheating. Investigation ongoing under IO Devansh.
2703,100050204202502703,202502703,2025-03-05,2144,204,1,1,1,1,3,9,2025-03-05T00:00:00,2025-03-06T18:00:00,2025-03-05T00:00:00,15.863589,76.448256,Case registered at Bengaluru Urban PS 32 regarding murder. Investigation ongoing under IO Zayan.
2704,100220862202302704,202302704,2023-08-29,1163,862,1,2,1,1,1,43,2023-08-29T00:00:00,2023-08-30T12:00:00,2023-08-29T00:00:00,17.551025,75.410647,Case registered at Mysuru PS 55 regarding murder. Investigation ongoing under IO Raksha.
2705,100250931202602705,202602705,2026-06-28,416,931,1,1,1,1,1,50,2026-06-28T00:00:00,2026-06-29T13:00:00,2026-06-28T00:00:00,12.337158,77.513954,Case registered at Shivamogga PS 9 regarding murder. Investigation ongoing under IO Indira.
2706,100270995202302706,202302706,2023-01-14,1376,995,2,2,2,6,2,53,2023-01-14T00:00:00,2023-01-14T16:00:00,2023-01-14T00:00:00,14.695588,77.579504,Case registered at Udupi PS 15 regarding burglary. Investigation ongoing under IO Omkaar.
2707,100030131202502707,202502707,2025-01-05,1941,131,1,2,2,5,3,6,2025-01-05T00:00:00,2025-01-05T17:00:00,2025-01-05T00:00:00,14.889076,77.14787,Case registered at Belagavi PS 45 regarding robbery. Investigation ongoing under IO Jeevika.
2708,100050233202302708,202302708,2023-09-29,1217,233,2,2,5,13,3,9,2023-09-29T00:00:00,2023-09-30T01:00:00,2023-09-29T00:00:00,13.502373,78.073188,Case registered at Bengaluru Urban PS 61 regarding cheating. Investigation ongoing under IO Bhavika.
2709,100100410202402709,202402709,2024-03-20,2083,410,1,2,2,6,4,19,2024-03-20T00:00:00,2024-03-20T07:00:00,2024-03-20T00:00:00,17.002301,74.091708,Case registered at Chitradurga PS 7 regarding burglary. Investigation ongoing under IO Qushi.
2710,100110464202402710,202402710,2024-07-29,1459,464,1,2,2,6,4,22,2024-07-29T00:00:00,2024-07-29T22:00:00,2024-07-29T00:00:00,11.979345,75.211046,Case registered at Dakshina Kannada PS 32 regarding burglary. Investigation ongoing under IO Radhika.
2711,100150591202402711,202402711,2024-09-18,708,591,2,2,4,11,3,29,2024-09-18T00:00:00,2024-09-19T15:00:00,2024-09-18T00:00:00,16.772006,74.888634,Case registered at Hassan PS 15 regarding gambling. Investigation ongoing under IO Tejas.
2712,100070330202302712,202302712,2023-05-26,1123,330,1,2,6,16,3,13,2023-05-26T00:00:00,2023-05-27T03:00:00,2023-05-26T00:00:00,16.533619,75.810274,Case registered at Chamarajanagar PS 14 regarding identity theft. Investigation ongoing under IO Damini.
2713,100240916202502713,202502713,2025-05-22,135,916,3,2,5,13,3,47,2025-05-22T00:00:00,2025-05-23T06:00:00,2025-05-22T00:00:00,14.747858,78.133262,Case registered at Ramanagara PS 23 regarding cheating. Investigation ongoing under IO Gautami.
2714,100050227202402714,202402714,2024-05-02,1376,227,1,2,5,13,2,10,2024-05-02T00:00:00,2024-05-02T12:00:00,2024-05-02T00:00:00,18.33388,75.703291,Case registered at Bengaluru Urban PS 55 regarding cheating. Investigation ongoing under IO Omkaar.
2715,100250935202402715,202402715,2024-10-03,1567,935,1,1,3,8,2,50,2024-10-03T00:00:00,2024-10-03T05:00:00,2024-10-03T00:00:00,14.958633,77.197842,Case registered at Shivamogga PS 13 regarding domestic violence. Investigation ongoing under IO Vamakshi.
2716,100110474202302716,202302716,2023-03-09,1457,474,3,2,1,1,2,21,2023-03-09T00:00:00,2023-03-10T13:00:00,2023-03-09T00:00:00,11.840824,76.177619,Case registered at Dakshina Kannada PS 42 regarding murder. Investigation ongoing under IO Anita.
2717,100140548202402717,202402717,2024-04-29,2468,548,3,2,6,16,3,28,2024-04-29T00:00:00,2024-04-29T16:00:00,2024-04-29T00:00:00,15.111826,74.76761,Case registered at Gadag PS 1 regarding identity theft. Investigation ongoing under IO Charles.
2718,100090396202602718,202602718,2026-01-23,1623,396,1,2,4,12,1,17,2026-01-23T00:00:00,2026-01-23T15:00:00,2026-01-23T00:00:00,17.471531,75.269458,Case registered at Chikkamagaluru PS 22 regarding public nuisance. Investigation ongoing under IO Kashvi.
2719,100311114202602719,202602719,2026-05-03,1385,1114,3,1,3,10,4,62,2026-05-03T00:00:00,2026-05-03T19:00:00,2026-05-03T00:00:00,16.516706,76.183736,Case registered at Vijayanagara PS 18 regarding sexual assault. Investigation ongoing under IO Niharika.
2720,100170674202602720,202602720,2026-02-17,1371,674,1,2,4,11,3,33,2026-02-17T00:00:00,2026-02-17T03:00:00,2026-02-17T00:00:00,12.991878,75.785922,Case registered at Kalaburagi PS 40 regarding gambling. Investigation ongoing under IO Nandini.
2721,100010007202502721,202502721,2025-01-17,2313,7,1,2,4,11,2,2,2025-01-17T00:00:00,2025-01-18T07:00:00,2025-01-17T00:00:00,16.193177,77.023897,Case registered at Bagalkot PS 7 regarding gambling. Investigation ongoing under IO Brinda.
2722,100260955202502722,202502722,2025-03-23,2475,955,1,2,2,7,3,52,2025-03-23T00:00:00,2025-03-24T02:00:00,2025-03-23T00:00:00,14.052229,78.11669,Case registered at Tumakuru PS 4 regarding vehicle theft. Investigation ongoing under IO Ekansh.
2723,100220852202502723,202502723,2025-12-30,1351,852,2,2,4,11,3,44,2025-12-30T00:00:00,2025-12-30T05:00:00,2025-12-30T00:00:00,14.11185,74.889125,Case registered at Mysuru PS 45 regarding gambling. Investigation ongoing under IO Viraj.
2724,100080374202302724,202302724,2023-10-01,337,374,1,2,4,12,3,16,2023-10-01T00:00:00,2023-10-02T10:00:00,2023-10-01T00:00:00,11.647355,76.194905,Case registered at Chikkaballapur PS 29 regarding public nuisance. Investigation ongoing under IO Jason.
2725,100311104202502725,202502725,2025-07-02,2456,1104,1,2,5,14,2,61,2025-07-02T00:00:00,2025-07-03T05:00:00,2025-07-02T00:00:00,15.749764,76.731919,Case registered at Vijayanagara PS 8 regarding criminal breach of trust. Investigation ongoing under IO Gunbir.
2726,100270994202602726,202602726,2026-06-24,2019,994,2,2,5,13,1,53,2026-06-24T00:00:00,2026-06-24T11:00:00,2026-06-24T00:00:00,13.264533,75.661355,Case registered at Udupi PS 14 regarding cheating. Investigation ongoing under IO Qadim.
2727,100050180202302727,202302727,2023-03-26,1625,180,1,2,1,3,1,10,2023-03-26T00:00:00,2023-03-26T18:00:00,2023-03-26T00:00:00,15.562662,77.008352,Case registered at Bengaluru Urban PS 8 regarding grievous hurt. Investigation ongoing under IO Bachittar.
2728,100050233202302728,202302728,2023-11-27,2207,233,1,2,4,12,1,9,2023-11-27T00:00:00,2023-11-27T23:00:00,2023-11-27T00:00:00,12.363214,78.299466,Case registered at Bengaluru Urban PS 61 regarding public nuisance. Investigation ongoing under IO Yahvi.
2729,100230883202302729,202302729,2023-07-27,1734,883,1,1,1,2,3,46,2023-07-27T00:00:00,2023-07-27T21:00:00,2023-07-27T00:00:00,12.07754,74.628123,Case registered at Raichur PS 19 regarding attempt to murder. Investigation ongoing under IO Januja.
2730,100050215202602730,202602730,2026-05-10,1600,215,4,2,1,2,1,9,2026-05-10T00:00:00,2026-05-11T20:00:00,2026-05-10T00:00:00,16.29088,76.003243,Case registered at Bengaluru Urban PS 43 regarding attempt to murder. Investigation ongoing under IO Chasmum.
2731,100050241202402731,202402731,2024-09-21,2065,241,3,2,5,13,3,9,2024-09-21T00:00:00,2024-09-23T00:00:00,2024-09-21T00:00:00,13.601187,78.230579,Case registered at Bengaluru Urban PS 69 regarding cheating. Investigation ongoing under IO Om.
2732,100050184202302732,202302732,2023-04-24,487,184,1,2,5,13,3,9,2023-04-24T00:00:00,2023-04-24T18:00:00,2023-04-24T00:00:00,14.313074,75.226509,Case registered at Bengaluru Urban PS 12 regarding cheating. Investigation ongoing under IO Ryan.
2733,100090398202602733,202602733,2026-02-27,2379,398,1,2,2,4,1,17,2026-02-27T00:00:00,2026-03-01T00:00:00,2026-02-27T00:00:00,12.699578,75.272484,Case registered at Chikkamagaluru PS 24 regarding theft. Investigation ongoing under IO Saanvi.
2734,100230870202402734,202402734,2024-02-08,1193,870,3,2,5,13,3,45,2024-02-08T00:00:00,2024-02-08T10:00:00,2024-02-08T00:00:00,12.369175,75.957877,Case registered at Raichur PS 6 regarding cheating. Investigation ongoing under IO Logan.
2735,100250938202302735,202302735,2023-08-10,1063,938,1,2,5,14,3,49,2023-08-10T00:00:00,2023-08-11T00:00:00,2023-08-10T00:00:00,12.705106,78.139362,Case registered at Shivamogga PS 16 regarding criminal breach of trust. Investigation ongoing under IO Kashvi.
2736,100040155202302736,202302736,2023-10-30,2216,155,1,2,6,16,2,7,2023-10-30T00:00:00,2023-10-30T14:00:00,2023-10-30T00:00:00,15.72565,74.79087,Case registered at Bengaluru Rural PS 12 regarding identity theft. Investigation ongoing under IO Ria.
2737,100010005202602737,202602737,2026-07-15,1078,5,1,2,6,16,2,2,2026-07-15T00:00:00,2026-07-16T12:00:00,2026-07-15T00:00:00,18.078274,76.416508,Case registered at Bagalkot PS 5 regarding identity theft. Investigation ongoing under IO Anmol.
2738,100120518202502738,202502738,2025-05-18,508,518,3,2,6,16,2,23,2025-05-18T00:00:00,2025-05-18T21:00:00,2025-05-18T00:00:00,15.778673,78.508542,Case registered at Davanagere PS 29 regarding identity theft. Investigation ongoing under IO Bachittar.
2739,100160620202602739,202602739,2026-05-22,2027,620,1,2,6,16,2,32,2026-05-22T00:00:00,2026-05-23T23:00:00,2026-05-22T00:00:00,14.619783,78.391087,Case registered at Haveri PS 15 regarding identity theft. Investigation ongoing under IO Ishaan.
2740,100180720202302740,202302740,2023-05-09,1313,720,4,2,1,1,3,35,2023-05-09T00:00:00,2023-05-10T00:00:00,2023-05-09T00:00:00,12.202645,76.793653,Case registered at Kodagu PS 29 regarding murder. Investigation ongoing under IO Brijesh.
2741,100190747202602741,202602741,2026-06-09,243,747,1,2,2,5,1,37,2026-06-09T00:00:00,2026-06-09T17:00:00,2026-06-09T00:00:00,18.125229,76.028155,Case registered at Kolar PS 27 regarding robbery. Investigation ongoing under IO Parth.
2742,100050270202402742,202402742,2024-07-29,1618,270,1,2,6,15,1,9,2024-07-29T00:00:00,2024-07-30T10:00:00,2024-07-29T00:00:00,14.308317,78.208354,Case registered at Bengaluru Urban PS 98 regarding online fraud. Investigation ongoing under IO Karan.
2743,100050193202402743,202402743,2024-11-07,1139,193,1,2,1,3,2,10,2024-11-07T00:00:00,2024-11-08T19:00:00,2024-11-07T00:00:00,13.066514,76.210667,Case registered at Bengaluru Urban PS 21 regarding grievous hurt. Investigation ongoing under IO Yasti.
2744,100060297202602744,202602744,2026-01-20,921,297,1,2,2,6,2,11,2026-01-20T00:00:00,2026-01-20T18:00:00,2026-01-20T00:00:00,14.700835,75.464805,Case registered at Bidar PS 10 regarding burglary. Investigation ongoing under IO Daksha.
2745,100050218202502745,202502745,2025-11-19,424,218,1,2,1,1,1,9,2025-11-19T00:00:00,2025-11-20T06:00:00,2025-11-19T00:00:00,16.908682,77.829981,Case registered at Bengaluru Urban PS 46 regarding murder. Investigation ongoing under IO Hemal.
2746,100220819202302746,202302746,2023-08-05,991,819,1,2,4,12,2,44,2023-08-05T00:00:00,2023-08-05T04:00:00,2023-08-05T00:00:00,14.38367,74.588969,Case registered at Mysuru PS 12 regarding public nuisance. Investigation ongoing under IO Ekantika.
2747,100050183202602747,202602747,2026-06-23,964,183,1,2,4,12,3,10,2026-06-23T00:00:00,2026-06-24T21:00:00,2026-06-23T00:00:00,15.164295,74.753569,Case registered at Bengaluru Urban PS 11 regarding public nuisance. Investigation ongoing under IO Varenya.
2748,100200758202502748,202502748,2025-03-15,520,758,4,2,1,1,2,40,2025-03-15T00:00:00,2025-03-15T13:00:00,2025-03-15T00:00:00,17.286085,78.444371,Case registered at Koppal PS 9 regarding murder. Investigation ongoing under IO Owen.
2749,100291044202402749,202402749,2024-07-24,278,1044,1,2,4,11,3,57,2024-07-24T00:00:00,2024-07-24T02:00:00,2024-07-24T00:00:00,16.044526,74.729899,Case registered at Vijayapura PS 6 regarding gambling. Investigation ongoing under IO Harish.
2750,100030103202402750,202402750,2024-07-28,669,103,1,2,2,4,1,5,2024-07-28T00:00:00,2024-07-29T22:00:00,2024-07-28T00:00:00,16.009773,76.606256,Case registered at Belagavi PS 17 regarding theft. Investigation ongoing under IO Eiravati.
2751,100030092202602751,202602751,2026-05-03,2332,92,3,2,1,2,4,6,2026-05-03T00:00:00,2026-05-03T09:00:00,2026-05-03T00:00:00,15.305888,77.620096,Case registered at Belagavi PS 6 regarding attempt to murder. Investigation ongoing under IO Hemangini.
2752,100210799202502752,202502752,2025-02-28,2483,799,1,2,3,9,3,42,2025-02-28T00:00:00,2025-03-01T20:00:00,2025-02-28T00:00:00,12.352351,78.404918,Case registered at Mandya PS 21 regarding dowry harassment. Investigation ongoing under IO Hemal.
2753,100100422202602753,202602753,2026-04-21,1186,422,1,2,1,2,1,20,2026-04-21T00:00:00,2026-04-22T18:00:00,2026-04-21T00:00:00,12.462615,76.429787,Case registered at Chitradurga PS 19 regarding attempt to murder. Investigation ongoing under IO Chatura.
2754,100260954202302754,202302754,2023-08-25,2175,954,2,1,1,2,2,52,2023-08-25T00:00:00,2023-08-25T15:00:00,2023-08-25T00:00:00,15.338266,76.792874,Case registered at Tumakuru PS 3 regarding attempt to murder. Investigation ongoing under IO Kalpit.
2755,100281012202402755,202402755,2024-07-19,312,1012,1,2,5,13,1,56,2024-07-19T00:00:00,2024-07-19T18:00:00,2024-07-19T00:00:00,18.211986,76.591368,Case registered at Uttara Kannada PS 3 regarding cheating. Investigation ongoing under IO Sai.
2756,100301092202302756,202302756,2023-02-14,1121,1092,4,1,1,3,1,59,2023-02-14T00:00:00,2023-02-14T06:00:00,2023-02-14T00:00:00,15.210927,77.400017,Case registered at Yadgir PS 25 regarding grievous hurt. Investigation ongoing under IO Yuvraj.
2757,100090400202402757,202402757,2024-03-08,1655,400,2,2,5,14,1,17,2024-03-08T00:00:00,2024-03-09T18:00:00,2024-03-08T00:00:00,13.696735,75.486052,Case registered at Chikkamagaluru PS 26 regarding criminal breach of trust. Investigation ongoing under IO Karan.
2758,100040166202302758,202302758,2023-01-03,2409,166,2,1,1,3,1,8,2023-01-03T00:00:00,2023-01-04T17:00:00,2023-01-03T00:00:00,18.175627,74.645294,Case registered at Bengaluru Rural PS 23 regarding grievous hurt. Investigation ongoing under IO Siya.
2759,100250949202302759,202302759,2023-12-13,55,949,3,2,4,11,1,49,2023-12-13T00:00:00,2023-12-13T05:00:00,2023-12-13T00:00:00,16.946332,76.332609,Case registered at Shivamogga PS 27 regarding gambling. Investigation ongoing under IO Vedika.
2760,100240906202402760,202402760,2024-06-01,199,906,1,2,4,11,1,48,2024-06-01T00:00:00,2024-06-02T22:00:00,2024-06-01T00:00:00,12.437565,78.343544,Case registered at Ramanagara PS 13 regarding gambling. Investigation ongoing under IO Rayaan.
2761,100240908202602761,202602761,2026-04-17,297,908,1,2,1,2,3,47,2026-04-17T00:00:00,2026-04-17T07:00:00,2026-04-17T00:00:00,13.625809,78.322225,Case registered at Ramanagara PS 15 regarding attempt to murder. Investigation ongoing under IO Nakul.
2762,100050213202602762,202602762,2026-01-05,2388,213,1,2,2,7,1,10,2026-01-05T00:00:00,2026-01-06T14:00:00,2026-01-05T00:00:00,17.107643,76.050968,Case registered at Bengaluru Urban PS 41 regarding vehicle theft. Investigation ongoing under IO Ekani.
2763,100090401202402763,202402763,2024-09-29,958,401,2,2,4,11,1,17,2024-09-29T00:00:00,2024-09-29T11:00:00,2024-09-29T00:00:00,14.293913,78.354908,Case registered at Chikkamagaluru PS 27 regarding gambling. Investigation ongoing under IO Chandresh.
2764,100050255202502764,202502764,2025-02-25,2436,255,4,2,2,4,1,9,2025-02-25T00:00:00,2025-02-26T20:00:00,2025-02-25T00:00:00,14.987326,78.129895,Case registered at Bengaluru Urban PS 83 regarding theft. Investigation ongoing under IO Waida.
2765,100090375202402765,202402765,2024-11-15,2065,375,1,2,2,7,3,17,2024-11-15T00:00:00,2024-11-16T21:00:00,2024-11-15T00:00:00,16.925053,78.017596,Case registered at Chikkamagaluru PS 1 regarding vehicle theft. Investigation ongoing under IO Om.
2766,100160620202402766,202402766,2024-11-28,2493,620,3,2,5,13,2,31,2024-11-28T00:00:00,2024-11-29T16:00:00,2024-11-28T00:00:00,17.645427,75.304307,Case registered at Haveri PS 15 regarding cheating. Investigation ongoing under IO Udant.
2767,100220864202502767,202502767,2025-07-15,2490,864,1,2,4,11,1,44,2025-07-15T00:00:00,2025-07-16T11:00:00,2025-07-15T00:00:00,15.909061,74.673466,Case registered at Mysuru PS 57 regarding gambling. Investigation ongoing under IO Gautami.
2768,100301072202302768,202302768,2023-09-28,410,1072,2,2,1,3,2,60,2023-09-28T00:00:00,2023-09-29T21:00:00,2023-09-28T00:00:00,15.606496,74.047588,Case registered at Yadgir PS 5 regarding grievous hurt. Investigation ongoing under IO Faqid.
2769,100100410202502769,202502769,2025-10-06,2016,410,1,1,1,3,2,20,2025-10-06T00:00:00,2025-10-07T12:00:00,2025-10-06T00:00:00,16.613814,74.393305,Case registered at Chitradurga PS 7 regarding grievous hurt. Investigation ongoing under IO Jalsa.
2770,100180705202302770,202302770,2023-03-22,656,705,4,2,5,13,4,36,2023-03-22T00:00:00,2023-03-23T04:00:00,2023-03-22T00:00:00,12.746204,75.801764,Case registered at Kodagu PS 14 regarding cheating. Investigation ongoing under IO Pranav.
2771,100090400202402771,202402771,2024-04-10,1223,400,3,2,3,10,1,18,2024-04-10T00:00:00,2024-04-11T12:00:00,2024-04-10T00:00:00,14.592611,74.26697,Case registered at Chikkamagaluru PS 26 regarding sexual assault. Investigation ongoing under IO Bachittar.
2772,100110486202302772,202302772,2023-08-07,1702,486,1,2,2,6,3,22,2023-08-07T00:00:00,2023-08-08T12:00:00,2023-08-07T00:00:00,12.01137,76.102366,Case registered at Dakshina Kannada PS 54 regarding burglary. Investigation ongoing under IO Gabriel.
2773,100220837202502773,202502773,2025-09-29,1752,837,3,2,3,10,2,43,2025-09-29T00:00:00,2025-09-29T07:00:00,2025-09-29T00:00:00,17.262658,74.823957,Case registered at Mysuru PS 30 regarding sexual assault. Investigation ongoing under IO Ladli.
2774,100130524202502774,202502774,2025-02-06,2080,524,3,2,4,11,1,26,2025-02-06T00:00:00,2025-02-07T04:00:00,2025-02-06T00:00:00,12.468863,74.677574,Case registered at Dharwad PS 6 regarding gambling. Investigation ongoing under IO Widisha.
2775,100020051202402775,202402775,2024-08-20,2437,51,1,2,4,11,1,4,2024-08-20T00:00:00,2024-08-21T17:00:00,2024-08-20T00:00:00,18.292367,75.856296,Case registered at Ballari PS 22 regarding gambling. Investigation ongoing under IO Shaurya.
2776,100050204202302776,202302776,2023-06-22,655,204,4,2,2,5,2,10,2023-06-22T00:00:00,2023-06-23T00:00:00,2023-06-22T00:00:00,13.400586,76.162937,Case registered at Bengaluru Urban PS 32 regarding robbery. Investigation ongoing under IO Kiaan.
2777,100120499202502777,202502777,2025-10-07,1852,499,1,2,6,16,1,23,2025-10-07T00:00:00,2025-10-07T09:00:00,2025-10-07T00:00:00,17.793861,74.463829,Case registered at Davanagere PS 10 regarding identity theft. Investigation ongoing under IO Bimala.
2778,100050266202302778,202302778,2023-03-17,1446,266,1,1,3,9,4,9,2023-03-17T00:00:00,2023-03-18T20:00:00,2023-03-17T00:00:00,15.005537,77.755812,Case registered at Bengaluru Urban PS 94 regarding dowry harassment. Investigation ongoing under IO Arin.
2779,100070327202502779,202502779,2025-07-18,1792,327,1,2,2,6,1,14,2025-07-18T00:00:00,2025-07-18T15:00:00,2025-07-18T00:00:00,13.261434,75.27006,Case registered at Chamarajanagar PS 11 regarding burglary. Investigation ongoing under IO Darsh.
2780,100250934202502780,202502780,2025-02-21,2296,934,2,1,3,8,2,49,2025-02-21T00:00:00,2025-02-22T13:00:00,2025-02-21T00:00:00,12.99663,77.838744,Case registered at Shivamogga PS 12 regarding domestic violence. Investigation ongoing under IO Ryan.
2781,100230880202302781,202302781,2023-11-03,782,880,1,2,6,16,2,46,2023-11-03T00:00:00,2023-11-04T01:00:00,2023-11-03T00:00:00,14.79879,74.446312,Case registered at Raichur PS 16 regarding identity theft. Investigation ongoing under IO Xiti.
2782,100050273202502782,202502782,2025-10-16,1848,273,3,2,4,11,1,9,2025-10-16T00:00:00,2025-10-17T20:00:00,2025-10-16T00:00:00,15.496251,76.114573,Case registered at Bengaluru Urban PS 101 regarding gambling. Investigation ongoing under IO Jagrati.
2783,100190725202502783,202502783,2025-04-24,180,725,1,2,4,11,2,38,2025-04-24T00:00:00,2025-04-25T11:00:00,2025-04-24T00:00:00,12.403872,74.727862,Case registered at Kolar PS 5 regarding gambling. Investigation ongoing under IO Devika.
2784,100150581202302784,202302784,2023-12-31,2204,581,1,2,6,15,2,30,2023-12-31T00:00:00,2024-01-01T05:00:00,2023-12-31T00:00:00,16.626575,75.85268,Case registered at Hassan PS 5 regarding online fraud. Investigation ongoing under IO Lakshmi.
2785,100281038202602785,202602785,2026-05-07,1337,1038,3,2,5,14,1,56,2026-05-07T00:00:00,2026-05-07T03:00:00,2026-05-07T00:00:00,16.794747,74.743952,Case registered at Uttara Kannada PS 29 regarding criminal breach of trust. Investigation ongoing under IO Qabil.
2786,100110436202302786,202302786,2023-03-02,945,436,2,2,5,13,2,22,2023-03-02T00:00:00,2023-03-02T11:00:00,2023-03-02T00:00:00,12.192961,77.571594,Case registered at Dakshina Kannada PS 4 regarding cheating. Investigation ongoing under IO Banjeet.
2787,100050231202502787,202502787,2025-02-01,2034,231,1,1,3,8,1,10,2025-02-01T00:00:00,2025-02-01T06:00:00,2025-02-01T00:00:00,17.475637,75.176172,Case registered at Bengaluru Urban PS 59 regarding domestic violence. Investigation ongoing under IO Shaurya.
2788,100311102202402788,202402788,2024-11-12,1352,1102,1,2,4,11,2,61,2024-11-12T00:00:00,2024-11-12T21:00:00,2024-11-12T00:00:00,15.062051,74.019142,Case registered at Vijayanagara PS 6 regarding gambling. Investigation ongoing under IO Nilima.
2789,100110485202302789,202302789,2023-09-23,1326,485,1,2,4,12,2,22,2023-09-23T00:00:00,2023-09-24T11:00:00,2023-09-23T00:00:00,17.573593,75.316664,Case registered at Dakshina Kannada PS 53 regarding public nuisance. Investigation ongoing under IO Victor.
2790,100030087202502790,202502790,2025-06-10,1152,87,1,1,3,10,1,6,2025-06-10T00:00:00,2025-06-11T19:00:00,2025-06-10T00:00:00,14.224155,77.904417,Case registered at Belagavi PS 1 regarding sexual assault. Investigation ongoing under IO Jagvi.
2791,100180720202502791,202502791,2025-02-24,707,720,1,2,5,14,4,35,2025-02-24T00:00:00,2025-02-24T15:00:00,2025-02-24T00:00:00,16.730854,77.179377,Case registered at Kodagu PS 29 regarding criminal breach of trust. Investigation ongoing under IO Vihaan.
2792,100070330202402792,202402792,2024-11-09,2436,330,1,1,1,1,3,14,2024-11-09T00:00:00,2024-11-09T09:00:00,2024-11-09T00:00:00,15.679798,76.125159,Case registered at Chamarajanagar PS 14 regarding murder. Investigation ongoing under IO Waida.
2793,100140575202302793,202302793,2023-03-19,743,575,1,2,4,11,1,27,2023-03-19T00:00:00,2023-03-20T20:00:00,2023-03-19T00:00:00,12.106618,76.727155,Case registered at Gadag PS 28 regarding gambling. Investigation ongoing under IO Mitesh.
2794,100200764202502794,202502794,2025-09-15,1938,764,1,2,1,2,1,39,2025-09-15T00:00:00,2025-09-15T08:00:00,2025-09-15T00:00:00,11.867327,77.231518,Case registered at Koppal PS 15 regarding attempt to murder. Investigation ongoing under IO Gautami.
2795,100170671202402795,202402795,2024-11-18,921,671,1,1,3,9,3,34,2024-11-18T00:00:00,2024-11-19T12:00:00,2024-11-18T00:00:00,14.603793,76.028805,Case registered at Kalaburagi PS 37 regarding dowry harassment. Investigation ongoing under IO Daksha.
2796,100281031202502796,202502796,2025-01-10,2366,1031,1,2,6,16,1,55,2025-01-10T00:00:00,2025-01-10T10:00:00,2025-01-10T00:00:00,16.977088,74.541102,Case registered at Uttara Kannada PS 22 regarding identity theft. Investigation ongoing under IO Kamya.
2797,100170678202302797,202302797,2023-08-11,1988,678,1,2,1,2,2,34,2023-08-11T00:00:00,2023-08-11T21:00:00,2023-08-11T00:00:00,12.186827,76.844638,Case registered at Kalaburagi PS 44 regarding attempt to murder. Investigation ongoing under IO Yauvani.
2798,100120507202302798,202302798,2023-09-12,2237,507,2,2,4,12,1,23,2023-09-12T00:00:00,2023-09-12T04:00:00,2023-09-12T00:00:00,16.019964,77.86183,Case registered at Davanagere PS 18 regarding public nuisance. Investigation ongoing under IO George.
2799,100230888202502799,202502799,2025-05-06,2043,888,1,1,3,10,3,45,2025-05-06T00:00:00,2025-05-07T08:00:00,2025-05-06T00:00:00,17.126406,76.477846,Case registered at Raichur PS 24 regarding sexual assault. Investigation ongoing under IO Naveen.
2800,100260975202502800,202502800,2025-11-07,1160,975,1,2,2,5,1,52,2025-11-07T00:00:00,2025-11-07T12:00:00,2025-11-07T00:00:00,17.758061,74.502529,Case registered at Tumakuru PS 24 regarding robbery. Investigation ongoing under IO Ojas.
2801,100311105202602801,202602801,2026-02-12,548,1105,1,1,1,2,1,62,2026-02-12T00:00:00,2026-02-13T16:00:00,2026-02-12T00:00:00,11.849973,78.329926,Case registered at Vijayanagara PS 9 regarding attempt to murder. Investigation ongoing under IO Eiravati.
2802,100050235202402802,202402802,2024-01-08,1632,235,1,2,6,16,1,9,2024-01-08T00:00:00,2024-01-09T21:00:00,2024-01-08T00:00:00,15.380766,74.761357,Case registered at Bengaluru Urban PS 63 regarding identity theft. Investigation ongoing under IO Balvan.
2803,100170639202302803,202302803,2023-08-24,2036,639,1,2,1,2,2,34,2023-08-24T00:00:00,2023-08-24T05:00:00,2023-08-24T00:00:00,13.138622,78.277538,Case registered at Kalaburagi PS 5 regarding attempt to murder. Investigation ongoing under IO Raagini.
2804,100020084202602804,202602804,2026-05-04,1292,84,1,2,4,12,2,4,2026-05-04T00:00:00,2026-05-04T17:00:00,2026-05-04T00:00:00,14.512216,74.892974,Case registered at Ballari PS 55 regarding public nuisance. Investigation ongoing under IO Timothy.
2805,100130532202302805,202302805,2023-01-11,635,532,3,2,6,15,1,25,2023-01-11T00:00:00,2023-01-11T14:00:00,2023-01-11T00:00:00,17.096879,75.813068,Case registered at Dharwad PS 14 regarding online fraud. Investigation ongoing under IO Urishilla.
2806,100050230202402806,202402806,2024-06-08,506,230,1,2,6,16,3,9,2024-06-08T00:00:00,2024-06-09T05:00:00,2024-06-08T00:00:00,11.86303,78.51613,Case registered at Bengaluru Urban PS 58 regarding identity theft. Investigation ongoing under IO Raksha.
2807,100100419202502807,202502807,2025-09-17,1940,419,1,2,2,7,2,19,2025-09-17T00:00:00,2025-09-18T00:00:00,2025-09-17T00:00:00,18.056331,77.879229,Case registered at Chitradurga PS 16 regarding vehicle theft. Investigation ongoing under IO Jasmit.
2808,100020051202502808,202502808,2025-10-27,2365,51,1,2,4,12,1,4,2025-10-27T00:00:00,2025-10-27T10:00:00,2025-10-27T00:00:00,17.729618,75.751265,Case registered at Ballari PS 22 regarding public nuisance. Investigation ongoing under IO Bimala.
2809,100100410202302809,202302809,2023-05-12,2205,410,1,2,1,3,3,20,2023-05-12T00:00:00,2023-05-12T15:00:00,2023-05-12T00:00:00,14.282035,75.919668,Case registered at Chitradurga PS 7 regarding grievous hurt. Investigation ongoing under IO Kamala.
2810,100281029202502810,202502810,2025-09-24,351,1029,1,2,2,6,2,56,2025-09-24T00:00:00,2025-09-25T11:00:00,2025-09-24T00:00:00,13.766868,74.314779,Case registered at Uttara Kannada PS 20 regarding burglary. Investigation ongoing under IO Timothy.
2811,100190740202402811,202402811,2024-08-11,2392,740,3,2,3,8,2,37,2024-08-11T00:00:00,2024-08-11T05:00:00,2024-08-11T00:00:00,12.778961,77.156753,Case registered at Kolar PS 20 regarding domestic violence. Investigation ongoing under IO Om.
2812,100050240202502812,202502812,2025-09-09,682,240,3,2,2,5,1,9,2025-09-09T00:00:00,2025-09-10T19:00:00,2025-09-09T00:00:00,12.284066,76.537976,Case registered at Bengaluru Urban PS 68 regarding robbery. Investigation ongoing under IO George.
2813,100140563202602813,202602813,2026-05-03,1101,563,4,2,1,2,2,27,2026-05-03T00:00:00,2026-05-04T03:00:00,2026-05-03T00:00:00,12.785649,78.171265,Case registered at Gadag PS 16 regarding attempt to murder. Investigation ongoing under IO Qadim.
2814,100050192202402814,202402814,2024-11-15,1611,192,1,2,2,5,3,9,2024-11-15T00:00:00,2024-11-15T12:00:00,2024-11-15T00:00:00,13.155334,76.094251,Case registered at Bengaluru Urban PS 20 regarding robbery. Investigation ongoing under IO Krishna.
2815,100010004202302815,202302815,2023-01-20,1065,4,1,2,2,7,2,1,2023-01-20T00:00:00,2023-01-20T09:00:00,2023-01-20T00:00:00,14.981251,74.660417,Case registered at Bagalkot PS 4 regarding vehicle theft. Investigation ongoing under IO Netra.
2816,100250939202302816,202302816,2023-12-28,2240,939,2,2,6,16,3,49,2023-12-28T00:00:00,2023-12-28T01:00:00,2023-12-28T00:00:00,13.486713,74.776878,Case registered at Shivamogga PS 17 regarding identity theft. Investigation ongoing under IO Mitesh.
2817,100040148202502817,202502817,2025-03-24,447,148,1,2,4,11,1,8,2025-03-24T00:00:00,2025-03-25T05:00:00,2025-03-24T00:00:00,16.062607,74.389994,Case registered at Bengaluru Rural PS 5 regarding gambling. Investigation ongoing under IO Janya.
2818,100271008202502818,202502818,2025-02-06,52,1008,1,2,2,7,2,53,2025-02-06T00:00:00,2025-02-06T10:00:00,2025-02-06T00:00:00,18.138222,76.520674,Case registered at Udupi PS 28 regarding vehicle theft. Investigation ongoing under IO Thomas.
2819,100110435202602819,202602819,2026-07-15,283,435,2,2,1,2,1,21,2026-07-15T00:00:00,2026-07-16T00:00:00,2026-07-15T00:00:00,13.564711,77.914928,Case registered at Dakshina Kannada PS 3 regarding attempt to murder. Investigation ongoing under IO Lajita.
2820,100020049202302820,202302820,2023-12-10,2317,49,3,2,6,15,3,4,2023-12-10T00:00:00,2023-12-10T09:00:00,2023-12-10T00:00:00,18.169594,76.974515,Case registered at Ballari PS 20 regarding online fraud. Investigation ongoing under IO Abeer.
2821,100220814202402821,202402821,2024-06-30,2113,814,4,1,3,9,4,44,2024-06-30T00:00:00,2024-06-30T13:00:00,2024-06-30T00:00:00,16.207837,77.181512,Case registered at Mysuru PS 7 regarding dowry harassment. Investigation ongoing under IO George.
2822,100120504202602822,202602822,2026-04-07,1111,504,1,2,4,11,3,24,2026-04-07T00:00:00,2026-04-08T15:00:00,2026-04-07T00:00:00,12.737154,77.301977,Case registered at Davanagere PS 15 regarding gambling. Investigation ongoing under IO Tanvi.
2823,100271005202302823,202302823,2023-11-16,2173,1005,1,2,1,1,3,54,2023-11-16T00:00:00,2023-11-16T11:00:00,2023-11-16T00:00:00,14.192136,78.422508,Case registered at Udupi PS 25 regarding murder. Investigation ongoing under IO Nandini.
2824,100150578202502824,202502824,2025-07-27,1062,578,3,2,6,16,1,30,2025-07-27T00:00:00,2025-07-28T01:00:00,2025-07-27T00:00:00,16.968609,75.919084,Case registered at Hassan PS 2 regarding identity theft. Investigation ongoing under IO Niharika.
2825,100301091202402825,202402825,2024-06-14,85,1091,1,2,5,14,3,59,2024-06-14T00:00:00,2024-06-14T17:00:00,2024-06-14T00:00:00,16.771563,74.620208,Case registered at Yadgir PS 24 regarding criminal breach of trust. Investigation ongoing under IO Harish.
2826,100190745202302826,202302826,2023-04-07,1695,745,1,2,4,11,1,38,2023-04-07T00:00:00,2023-04-07T12:00:00,2023-04-07T00:00:00,16.441139,78.442457,Case registered at Kolar PS 25 regarding gambling. Investigation ongoing under IO Diya.
2827,100271004202502827,202502827,2025-10-11,903,1004,1,2,2,4,3,53,2025-10-11T00:00:00,2025-10-11T08:00:00,2025-10-11T00:00:00,14.403325,74.840597,Case registered at Udupi PS 24 regarding theft. Investigation ongoing under IO Ayushman.
2828,100140567202602828,202602828,2026-01-21,233,567,1,2,4,11,1,27,2026-01-21T00:00:00,2026-01-21T12:00:00,2026-01-21T00:00:00,17.677907,74.022871,Case registered at Gadag PS 20 regarding gambling. Investigation ongoing under IO Rudra.
2829,100190739202402829,202402829,2024-11-01,295,739,1,2,5,14,2,37,2024-11-01T00:00:00,2024-11-01T12:00:00,2024-11-01T00:00:00,17.595307,78.243622,Case registered at Kolar PS 19 regarding criminal breach of trust. Investigation ongoing under IO Tripti.
2830,100020049202302830,202302830,2023-10-04,2087,49,1,2,2,7,2,3,2023-10-04T00:00:00,2023-10-05T19:00:00,2023-10-04T00:00:00,12.610668,74.738265,Case registered at Ballari PS 20 regarding vehicle theft. Investigation ongoing under IO Raagini.
2831,100130525202302831,202302831,2023-12-21,2136,525,1,1,3,8,3,25,2023-12-21T00:00:00,2023-12-21T01:00:00,2023-12-21T00:00:00,14.629384,74.852993,Case registered at Dharwad PS 7 regarding domestic violence. Investigation ongoing under IO Patrick.
2832,100030114202602832,202602832,2026-03-08,1603,114,1,2,6,16,1,5,2026-03-08T00:00:00,2026-03-09T07:00:00,2026-03-08T00:00:00,14.422499,77.081107,Case registered at Belagavi PS 28 regarding identity theft. Investigation ongoing under IO Ayushman.
2833,100270987202402833,202402833,2024-11-23,1391,987,4,2,2,5,2,54,2024-11-23T00:00:00,2024-11-23T01:00:00,2024-11-23T00:00:00,17.276133,74.217643,Case registered at Udupi PS 7 regarding robbery. Investigation ongoing under IO Ayaan.
2834,100030090202302834,202302834,2023-07-02,2279,90,1,2,6,16,2,6,2023-07-02T00:00:00,2023-07-03T15:00:00,2023-07-02T00:00:00,14.561575,77.84076,Case registered at Belagavi PS 4 regarding identity theft. Investigation ongoing under IO Manya.
2835,100160625202402835,202402835,2024-05-14,1149,625,1,2,2,5,3,31,2024-05-14T00:00:00,2024-05-14T11:00:00,2024-05-14T00:00:00,11.605301,76.035166,Case registered at Haveri PS 20 regarding robbery. Investigation ongoing under IO Aahana.
2836,100020079202502836,202502836,2025-11-16,972,79,1,2,6,16,3,3,2025-11-16T00:00:00,2025-11-16T06:00:00,2025-11-16T00:00:00,12.792907,77.150348,Case registered at Ballari PS 50 regarding identity theft. Investigation ongoing under IO Avni.
2837,100180694202502837,202502837,2025-12-13,2484,694,1,2,4,12,1,35,2025-12-13T00:00:00,2025-12-13T11:00:00,2025-12-13T00:00:00,14.895358,78.579959,Case registered at Kodagu PS 3 regarding public nuisance. Investigation ongoing under IO Zarna.
2838,100281034202402838,202402838,2024-08-12,1557,1034,1,2,6,16,3,56,2024-08-12T00:00:00,2024-08-12T11:00:00,2024-08-12T00:00:00,16.43668,76.478206,Case registered at Uttara Kannada PS 25 regarding identity theft. Investigation ongoing under IO Gaurika.
2839,100281013202302839,202302839,2023-01-16,2346,1013,1,1,3,9,3,56,2023-01-16T00:00:00,2023-01-16T19:00:00,2023-01-16T00:00:00,16.189731,75.445872,Case registered at Uttara Kannada PS 4 regarding dowry harassment. Investigation ongoing under IO Jeet.
2840,100281020202402840,202402840,2024-07-24,2435,1020,2,2,5,13,1,56,2024-07-24T00:00:00,2024-07-26T00:00:00,2024-07-24T00:00:00,11.78597,78.097621,Case registered at Uttara Kannada PS 11 regarding cheating. Investigation ongoing under IO Wakeeta.
2841,100110447202502841,202502841,2025-07-03,688,447,2,2,2,6,3,22,2025-07-03T00:00:00,2025-07-04T21:00:00,2025-07-03T00:00:00,17.070828,77.194671,Case registered at Dakshina Kannada PS 15 regarding burglary. Investigation ongoing under IO Jacob.
2842,100311112202302842,202302842,2023-01-23,376,1112,1,2,2,7,2,62,2023-01-23T00:00:00,2023-01-23T04:00:00,2023-01-23T00:00:00,17.162552,77.586431,Case registered at Vijayanagara PS 16 regarding vehicle theft. Investigation ongoing under IO Amara.
2843,100291042202302843,202302843,2023-07-09,302,1042,1,2,5,14,3,57,2023-07-09T00:00:00,2023-07-10T15:00:00,2023-07-09T00:00:00,15.572276,75.397872,Case registered at Vijayapura PS 4 regarding criminal breach of trust. Investigation ongoing under IO Chakrika.
2844,100240899202402844,202402844,2024-12-16,1551,899,1,2,6,16,3,48,2024-12-16T00:00:00,2024-12-16T18:00:00,2024-12-16T00:00:00,15.718881,74.636373,Case registered at Ramanagara PS 6 regarding identity theft. Investigation ongoing under IO Zaid.
2845,100020081202502845,202502845,2025-10-04,572,81,1,2,1,3,2,4,2025-10-04T00:00:00,2025-10-05T01:00:00,2025-10-04T00:00:00,16.902005,74.777122,Case registered at Ballari PS 52 regarding grievous hurt. Investigation ongoing under IO Yutika.
2846,100070321202402846,202402846,2024-09-05,2018,321,3,2,6,16,2,14,2024-09-05T00:00:00,2024-09-06T01:00:00,2024-09-05T00:00:00,16.176921,76.548781,Case registered at Chamarajanagar PS 5 regarding identity theft. Investigation ongoing under IO Faraj.
2847,100060305202402847,202402847,2024-09-09,332,305,1,2,2,5,3,11,2024-09-09T00:00:00,2024-09-09T22:00:00,2024-09-09T00:00:00,17.782223,78.543123,Case registered at Bidar PS 18 regarding robbery. Investigation ongoing under IO Nikita.
2848,100250949202502848,202502848,2025-01-02,2321,949,1,2,4,12,2,50,2025-01-02T00:00:00,2025-01-02T11:00:00,2025-01-02T00:00:00,13.666707,75.116959,Case registered at Shivamogga PS 27 regarding public nuisance. Investigation ongoing under IO Oviya.
2849,100140569202502849,202502849,2025-04-05,1077,569,1,2,2,6,4,27,2025-04-05T00:00:00,2025-04-06T12:00:00,2025-04-05T00:00:00,14.830545,78.276497,Case registered at Gadag PS 22 regarding burglary. Investigation ongoing under IO Samuel.
2850,100110435202302850,202302850,2023-04-03,679,435,1,2,4,12,3,21,2023-04-03T00:00:00,2023-04-04T05:00:00,2023-04-03T00:00:00,15.051096,74.494805,Case registered at Dakshina Kannada PS 3 regarding public nuisance. Investigation ongoing under IO Omaja.
2851,100020059202402851,202402851,2024-06-11,779,59,1,1,3,9,2,3,2024-06-11T00:00:00,2024-06-12T21:00:00,2024-06-11T00:00:00,15.195493,77.168899,Case registered at Ballari PS 30 regarding dowry harassment. Investigation ongoing under IO Qushi.
2852,100170684202302852,202302852,2023-11-22,609,684,2,2,4,12,3,33,2023-11-22T00:00:00,2023-11-22T19:00:00,2023-11-22T00:00:00,13.864884,77.245221,Case registered at Kalaburagi PS 50 regarding public nuisance. Investigation ongoing under IO Bhavna.
2853,100150604202402853,202402853,2024-11-25,727,604,3,2,1,2,2,30,2024-11-25T00:00:00,2024-11-25T05:00:00,2024-11-25T00:00:00,14.620051,74.612123,Case registered at Hassan PS 28 regarding attempt to murder. Investigation ongoing under IO Avni.
2854,100060290202502854,202502854,2025-05-14,1049,290,3,1,1,1,3,11,2025-05-14T00:00:00,2025-05-15T09:00:00,2025-05-14T00:00:00,18.111268,77.142512,Case registered at Bidar PS 3 regarding murder. Investigation ongoing under IO Harrison.
2855,100301074202402855,202402855,2024-11-20,493,1074,1,2,5,14,3,59,2024-11-20T00:00:00,2024-11-20T07:00:00,2024-11-20T00:00:00,15.14737,74.503077,Case registered at Yadgir PS 7 regarding criminal breach of trust. Investigation ongoing under IO Mugdha.
2856,100260957202402856,202402856,2024-04-06,2144,957,1,2,2,4,3,52,2024-04-06T00:00:00,2024-04-06T23:00:00,2024-04-06T00:00:00,13.793094,74.438528,Case registered at Tumakuru PS 6 regarding theft. Investigation ongoing under IO Zayan.
2857,100130545202602857,202602857,2026-03-21,2213,545,2,2,4,11,3,26,2026-03-21T00:00:00,2026-03-22T18:00:00,2026-03-21T00:00:00,14.086012,74.012545,Case registered at Dharwad PS 27 regarding gambling. Investigation ongoing under IO Aishani.
2858,100271006202302858,202302858,2023-11-29,1913,1006,1,2,2,4,4,53,2023-11-29T00:00:00,2023-11-30T10:00:00,2023-11-29T00:00:00,13.116038,77.34414,Case registered at Udupi PS 26 regarding theft. Investigation ongoing under IO Udyati.
2859,100040169202302859,202302859,2023-10-06,2231,169,1,2,3,8,1,7,2023-10-06T00:00:00,2023-10-07T18:00:00,2023-10-06T00:00:00,16.325268,77.281151,Case registered at Bengaluru Rural PS 26 regarding domestic violence. Investigation ongoing under IO Varsha.
2860,100130527202302860,202302860,2023-01-21,2107,527,1,2,6,15,1,26,2023-01-21T00:00:00,2023-01-22T19:00:00,2023-01-21T00:00:00,13.728415,78.565576,Case registered at Dharwad PS 9 regarding online fraud. Investigation ongoing under IO Gayathri.
2861,100180704202602861,202602861,2026-01-02,17,704,1,2,5,14,3,36,2026-01-02T00:00:00,2026-01-02T18:00:00,2026-01-02T00:00:00,15.496499,77.010467,Case registered at Kodagu PS 13 regarding criminal breach of trust. Investigation ongoing under IO Janya.
2862,100220842202402862,202402862,2024-01-15,1478,842,4,2,6,16,1,44,2024-01-15T00:00:00,2024-01-15T05:00:00,2024-01-15T00:00:00,17.373865,77.4913,Case registered at Mysuru PS 35 regarding identity theft. Investigation ongoing under IO Harsh.
2863,100090382202602863,202602863,2026-05-13,813,382,4,2,5,13,1,18,2026-05-13T00:00:00,2026-05-13T16:00:00,2026-05-13T00:00:00,12.953782,78.082698,Case registered at Chikkamagaluru PS 8 regarding cheating. Investigation ongoing under IO Yashasvi.
2864,100050235202302864,202302864,2023-01-01,1350,235,1,2,1,2,2,9,2023-01-01T00:00:00,2023-01-01T22:00:00,2023-01-01T00:00:00,17.101793,75.618626,Case registered at Bengaluru Urban PS 63 regarding attempt to murder. Investigation ongoing under IO Guneet.
2865,100080363202302865,202302865,2023-12-20,487,363,1,2,2,7,3,15,2023-12-20T00:00:00,2023-12-21T17:00:00,2023-12-20T00:00:00,17.179063,74.002444,Case registered at Chikkaballapur PS 18 regarding vehicle theft. Investigation ongoing under IO Ryan.
2866,100270996202502866,202502866,2025-08-08,1926,996,1,2,4,12,2,53,2025-08-08T00:00:00,2025-08-09T08:00:00,2025-08-08T00:00:00,16.442976,75.966102,Case registered at Udupi PS 16 regarding public nuisance. Investigation ongoing under IO Guneet.
2867,100120498202602867,202602867,2026-03-22,726,498,4,1,3,10,4,24,2026-03-22T00:00:00,2026-03-23T04:00:00,2026-03-22T00:00:00,15.478669,74.700229,Case registered at Davanagere PS 9 regarding sexual assault. Investigation ongoing under IO Vaishnavi.
2868,100160623202402868,202402868,2024-02-09,965,623,4,2,1,2,2,31,2024-02-09T00:00:00,2024-02-10T07:00:00,2024-02-09T00:00:00,14.957523,76.497292,Case registered at Haveri PS 18 regarding attempt to murder. Investigation ongoing under IO Laksh.
2869,100020081202502869,202502869,2025-03-16,2443,81,1,2,5,14,1,4,2025-03-16T00:00:00,2025-03-17T13:00:00,2025-03-16T00:00:00,15.36624,77.63679,Case registered at Ballari PS 52 regarding criminal breach of trust. Investigation ongoing under IO Anusha.
2870,100010012202502870,202502870,2025-02-18,898,12,3,2,3,10,4,2,2025-02-18T00:00:00,2025-02-19T07:00:00,2025-02-18T00:00:00,11.691444,77.150553,Case registered at Bagalkot PS 12 regarding sexual assault. Investigation ongoing under IO Parth.
2871,100281021202302871,202302871,2023-11-25,1571,1021,1,2,3,8,1,55,2023-11-25T00:00:00,2023-11-26T21:00:00,2023-11-25T00:00:00,13.907153,77.128938,Case registered at Uttara Kannada PS 12 regarding domestic violence. Investigation ongoing under IO Megha.
2872,100240916202502872,202502872,2025-04-30,402,916,2,2,1,2,3,47,2025-04-30T00:00:00,2025-05-01T21:00:00,2025-04-30T00:00:00,17.782861,77.733985,Case registered at Ramanagara PS 23 regarding attempt to murder. Investigation ongoing under IO Yagnesh.
2873,100240918202602873,202602873,2026-02-23,1593,918,1,1,3,10,4,47,2026-02-23T00:00:00,2026-02-23T05:00:00,2026-02-23T00:00:00,15.854565,76.197227,Case registered at Ramanagara PS 25 regarding sexual assault. Investigation ongoing under IO Libni.
2874,100170644202602874,202602874,2026-05-11,2475,644,4,2,2,5,1,33,2026-05-11T00:00:00,2026-05-12T05:00:00,2026-05-11T00:00:00,14.438537,75.921271,Case registered at Kalaburagi PS 10 regarding robbery. Investigation ongoing under IO Ekansh.
2875,100070327202302875,202302875,2023-02-03,1994,327,2,2,5,14,1,14,2023-02-03T00:00:00,2023-02-03T15:00:00,2023-02-03T00:00:00,14.000789,76.041096,Case registered at Chamarajanagar PS 11 regarding criminal breach of trust. Investigation ongoing under IO Sachi.
2876,100220863202302876,202302876,2023-11-14,1007,863,2,2,6,15,2,44,2023-11-14T00:00:00,2023-11-14T16:00:00,2023-11-14T00:00:00,13.205492,74.993513,Case registered at Mysuru PS 56 regarding online fraud. Investigation ongoing under IO Odika.
2877,100180716202502877,202502877,2025-12-07,933,716,1,2,6,16,2,35,2025-12-07T00:00:00,2025-12-08T17:00:00,2025-12-07T00:00:00,17.129583,77.398285,Case registered at Kodagu PS 25 regarding identity theft. Investigation ongoing under IO Girish.
2878,100250946202302878,202302878,2023-02-26,261,946,4,2,5,14,4,49,2023-02-26T00:00:00,2023-02-27T13:00:00,2023-02-26T00:00:00,16.270705,74.218085,Case registered at Shivamogga PS 24 regarding criminal breach of trust. Investigation ongoing under IO Yashodhara.
2879,100271009202602879,202602879,2026-02-12,1359,1009,1,2,6,16,1,53,2026-02-12T00:00:00,2026-02-13T09:00:00,2026-02-12T00:00:00,17.752056,75.638921,Case registered at Udupi PS 29 regarding identity theft. Investigation ongoing under IO Vasudha.
2880,100311105202502880,202502880,2025-08-25,362,1105,3,2,4,12,4,61,2025-08-25T00:00:00,2025-08-25T07:00:00,2025-08-25T00:00:00,14.016808,76.127501,Case registered at Vijayanagara PS 9 regarding public nuisance. Investigation ongoing under IO Ojasvi.
2881,100220809202302881,202302881,2023-01-10,1190,809,2,2,1,2,1,43,2023-01-10T00:00:00,2023-01-10T02:00:00,2023-01-10T00:00:00,14.649306,78.235503,Case registered at Mysuru PS 2 regarding attempt to murder. Investigation ongoing under IO Tristan.
2882,100050269202302882,202302882,2023-07-08,1187,269,3,2,4,12,2,10,2023-07-08T00:00:00,2023-07-08T22:00:00,2023-07-08T00:00:00,16.224981,76.877929,Case registered at Bengaluru Urban PS 97 regarding public nuisance. Investigation ongoing under IO Garima.
2883,100190746202602883,202602883,2026-03-02,1321,746,1,2,6,15,4,38,2026-03-02T00:00:00,2026-03-03T02:00:00,2026-03-02T00:00:00,14.766294,76.712711,Case registered at Kolar PS 26 regarding online fraud. Investigation ongoing under IO Hemani.
2884,100220846202402884,202402884,2024-01-09,726,846,3,2,4,12,2,44,2024-01-09T00:00:00,2024-01-10T11:00:00,2024-01-09T00:00:00,17.67651,77.91428,Case registered at Mysuru PS 39 regarding public nuisance. Investigation ongoing under IO Vaishnavi.
2885,100050233202502885,202502885,2025-05-04,476,233,1,2,2,4,1,10,2025-05-04T00:00:00,2025-05-04T05:00:00,2025-05-04T00:00:00,14.712254,78.525292,Case registered at Bengaluru Urban PS 61 regarding theft. Investigation ongoing under IO Frederick.
2886,100050261202602886,202602886,2026-03-29,329,261,3,2,4,12,1,9,2026-03-29T00:00:00,2026-03-29T10:00:00,2026-03-29T00:00:00,17.441561,76.830586,Case registered at Bengaluru Urban PS 89 regarding public nuisance. Investigation ongoing under IO Krishna.
2887,100281032202602887,202602887,2026-05-30,1086,1032,1,2,5,13,4,55,2026-05-30T00:00:00,2026-05-31T00:00:00,2026-05-30T00:00:00,16.989271,75.232388,Case registered at Uttara Kannada PS 23 regarding cheating. Investigation ongoing under IO Kavya.
2888,100210807202402888,202402888,2024-03-02,413,807,2,2,4,12,2,41,2024-03-02T00:00:00,2024-03-02T19:00:00,2024-03-02T00:00:00,14.103264,75.546901,Case registered at Mandya PS 29 regarding public nuisance. Investigation ongoing under IO Ekantika.
2889,100040158202502889,202502889,2025-04-16,1137,158,1,2,1,1,2,7,2025-04-16T00:00:00,2025-04-16T11:00:00,2025-04-16T00:00:00,18.197082,74.80525,Case registered at Bengaluru Rural PS 15 regarding murder. Investigation ongoing under IO Zinal.
2890,100210783202302890,202302890,2023-05-29,756,783,3,2,4,12,2,41,2023-05-29T00:00:00,2023-05-30T08:00:00,2023-05-29T00:00:00,15.981587,76.099395,Case registered at Mandya PS 5 regarding public nuisance. Investigation ongoing under IO Warhi.
2891,100291063202502891,202502891,2025-07-29,497,1063,1,2,2,4,2,57,2025-07-29T00:00:00,2025-07-29T21:00:00,2025-07-29T00:00:00,14.901176,76.520822,Case registered at Vijayapura PS 25 regarding theft. Investigation ongoing under IO Farhan.
2892,100070331202302892,202302892,2023-06-09,831,331,1,2,5,14,3,13,2023-06-09T00:00:00,2023-06-09T21:00:00,2023-06-09T00:00:00,14.937533,77.615488,Case registered at Chamarajanagar PS 15 regarding criminal breach of trust. Investigation ongoing under IO Om.
2893,100110459202402893,202402893,2024-10-20,334,459,1,2,6,15,2,22,2024-10-20T00:00:00,2024-10-21T06:00:00,2024-10-20T00:00:00,16.365523,77.942714,Case registered at Dakshina Kannada PS 27 regarding online fraud. Investigation ongoing under IO Warinder.
2894,100050175202602894,202602894,2026-04-03,443,175,1,2,6,16,2,10,2026-04-03T00:00:00,2026-04-04T02:00:00,2026-04-03T00:00:00,16.9726,77.48968,Case registered at Bengaluru Urban PS 3 regarding identity theft. Investigation ongoing under IO Baljiwan.
2895,100220824202302895,202302895,2023-12-19,1577,824,1,2,5,14,1,43,2023-12-19T00:00:00,2023-12-19T22:00:00,2023-12-19T00:00:00,11.741402,77.337692,Case registered at Mysuru PS 17 regarding criminal breach of trust. Investigation ongoing under IO Inaya.
2896,100120517202602896,202602896,2026-02-02,684,517,1,2,5,14,1,24,2026-02-02T00:00:00,2026-02-04T00:00:00,2026-02-02T00:00:00,15.625131,76.789656,Case registered at Davanagere PS 28 regarding criminal breach of trust. Investigation ongoing under IO Balveer.
2897,100050229202402897,202402897,2024-12-26,906,229,1,2,5,13,2,9,2024-12-26T00:00:00,2024-12-26T04:00:00,2024-12-26T00:00:00,17.888752,77.397982,Case registered at Bengaluru Urban PS 57 regarding cheating. Investigation ongoing under IO Christopher.
2898,100180713202302898,202302898,2023-10-22,466,713,1,2,5,13,4,36,2023-10-22T00:00:00,2023-10-22T09:00:00,2023-10-22T00:00:00,17.001907,78.236165,Case registered at Kodagu PS 22 regarding cheating. Investigation ongoing under IO Liam.
2899,100110483202602899,202602899,2026-01-08,1405,483,1,2,3,8,3,22,2026-01-08T00:00:00,2026-01-08T21:00:00,2026-01-08T00:00:00,13.966081,76.481666,Case registered at Dakshina Kannada PS 51 regarding domestic violence. Investigation ongoing under IO Brijesh.
2900,100060303202502900,202502900,2025-01-14,500,303,3,1,1,2,2,11,2025-01-14T00:00:00,2025-01-14T19:00:00,2025-01-14T00:00:00,12.050691,75.785884,Case registered at Bidar PS 16 regarding attempt to murder. Investigation ongoing under IO Sanaya.
2901,100220863202602901,202602901,2026-06-14,43,863,1,2,5,13,4,43,2026-06-14T00:00:00,2026-06-15T10:00:00,2026-06-14T00:00:00,11.764929,75.586109,Case registered at Mysuru PS 56 regarding cheating. Investigation ongoing under IO Farhan.
2902,100301093202302902,202302902,2023-06-10,1930,1093,1,2,5,13,1,59,2023-06-10T00:00:00,2023-06-11T23:00:00,2023-06-10T00:00:00,12.408745,77.896268,Case registered at Yadgir PS 26 regarding cheating. Investigation ongoing under IO Neel.
2903,100170686202502903,202502903,2025-11-02,2354,686,1,2,4,11,1,33,2025-11-02T00:00:00,2025-11-03T16:00:00,2025-11-02T00:00:00,11.92617,76.686741,Case registered at Kalaburagi PS 52 regarding gambling. Investigation ongoing under IO Kalpit.
2904,100180701202502904,202502904,2025-03-25,487,701,1,2,6,16,1,36,2025-03-25T00:00:00,2025-03-25T13:00:00,2025-03-25T00:00:00,15.022634,78.389659,Case registered at Kodagu PS 10 regarding identity theft. Investigation ongoing under IO Ryan.
2905,100080374202402905,202402905,2024-01-31,1030,374,1,2,6,16,4,16,2024-01-31T00:00:00,2024-02-01T15:00:00,2024-01-31T00:00:00,12.186789,77.713569,Case registered at Chikkaballapur PS 29 regarding identity theft. Investigation ongoing under IO David.
2906,100100412202402906,202402906,2024-12-26,459,412,1,2,6,16,1,19,2024-12-26T00:00:00,2024-12-26T18:00:00,2024-12-26T00:00:00,14.698906,74.304114,Case registered at Chitradurga PS 9 regarding identity theft. Investigation ongoing under IO Rajeshri.
2907,100010019202502907,202502907,2025-11-04,1554,19,1,2,6,15,1,2,2025-11-04T00:00:00,2025-11-05T07:00:00,2025-11-04T00:00:00,15.754671,74.176992,Case registered at Bagalkot PS 19 regarding online fraud. Investigation ongoing under IO Vasudha.
2908,100220852202302908,202302908,2023-01-08,1748,852,1,2,2,4,1,44,2023-01-08T00:00:00,2023-01-08T17:00:00,2023-01-08T00:00:00,12.314071,75.919411,Case registered at Mysuru PS 45 regarding theft. Investigation ongoing under IO Vidhi.
2909,100030116202502909,202502909,2025-12-08,2106,116,1,2,4,12,3,5,2025-12-08T00:00:00,2025-12-09T10:00:00,2025-12-08T00:00:00,14.494966,74.712141,Case registered at Belagavi PS 30 regarding public nuisance. Investigation ongoing under IO Vrinda.
2910,100090390202402910,202402910,2024-02-01,487,390,1,2,6,16,3,18,2024-02-01T00:00:00,2024-02-02T03:00:00,2024-02-01T00:00:00,15.552704,75.477103,Case registered at Chikkamagaluru PS 16 regarding identity theft. Investigation ongoing under IO Ryan.
2911,100220844202502911,202502911,2025-04-21,249,844,1,2,6,15,3,43,2025-04-21T00:00:00,2025-04-21T18:00:00,2025-04-21T00:00:00,14.257437,74.872699,Case registered at Mysuru PS 37 regarding online fraud. Investigation ongoing under IO Balhaar.
2912,100190725202502912,202502912,2025-06-15,28,725,1,2,6,16,3,37,2025-06-15T00:00:00,2025-06-15T22:00:00,2025-06-15T00:00:00,11.72013,76.786989,Case registered at Kolar PS 5 regarding identity theft. Investigation ongoing under IO Lakshit.
2913,100050227202402913,202402913,2024-06-18,2328,227,3,2,5,13,4,10,2024-06-18T00:00:00,2024-06-18T22:00:00,2024-06-18T00:00:00,18.107311,75.9786,Case registered at Bengaluru Urban PS 55 regarding cheating. Investigation ongoing under IO Balhaar.
2914,100010021202302914,202302914,2023-05-06,2470,21,2,2,6,15,2,2,2023-05-06T00:00:00,2023-05-07T10:00:00,2023-05-06T00:00:00,17.168744,74.61709,Case registered at Bagalkot PS 21 regarding online fraud. Investigation ongoing under IO Advaith.
2915,100020054202502915,202502915,2025-08-09,2339,54,1,2,6,16,2,3,2025-08-09T00:00:00,2025-08-10T18:00:00,2025-08-09T00:00:00,14.383139,76.012377,Case registered at Ballari PS 25 regarding identity theft. Investigation ongoing under IO Tanay.
2916,100150595202402916,202402916,2024-10-21,1325,595,1,2,2,7,1,30,2024-10-21T00:00:00,2024-10-22T17:00:00,2024-10-21T00:00:00,16.850855,75.032096,Case registered at Hassan PS 19 regarding vehicle theft. Investigation ongoing under IO Janaki.
2917,100200766202502917,202502917,2025-04-06,275,766,1,2,1,1,1,39,2025-04-06T00:00:00,2025-04-07T12:00:00,2025-04-06T00:00:00,16.841241,75.184123,Case registered at Koppal PS 17 regarding murder. Investigation ongoing under IO Lakshmi.
2918,100170665202602918,202602918,2026-01-01,2264,665,1,2,1,3,1,33,2026-01-01T00:00:00,2026-01-02T08:00:00,2026-01-01T00:00:00,13.880862,74.524951,Case registered at Kalaburagi PS 31 regarding grievous hurt. Investigation ongoing under IO Andrew.
2919,100170645202402919,202402919,2024-01-16,1697,645,1,2,5,14,2,33,2024-01-16T00:00:00,2024-01-16T01:00:00,2024-01-16T00:00:00,14.587566,76.764381,Case registered at Kalaburagi PS 11 regarding criminal breach of trust. Investigation ongoing under IO Irya.
2920,100050256202502920,202502920,2025-08-25,1291,256,1,2,5,14,3,10,2025-08-25T00:00:00,2025-08-26T16:00:00,2025-08-25T00:00:00,14.32085,74.928979,Case registered at Bengaluru Urban PS 84 regarding criminal breach of trust. Investigation ongoing under IO Om.
2921,100050183202402921,202402921,2024-04-27,1957,183,3,2,1,1,2,9,2024-04-27T00:00:00,2024-04-27T04:00:00,2024-04-27T00:00:00,12.698908,75.601307,Case registered at Bengaluru Urban PS 11 regarding murder. Investigation ongoing under IO Kevin.
2922,100050247202602922,202602922,2026-07-01,860,247,3,2,5,14,2,9,2026-07-01T00:00:00,2026-07-01T11:00:00,2026-07-01T00:00:00,14.487568,77.247512,Case registered at Bengaluru Urban PS 75 regarding criminal breach of trust. Investigation ongoing under IO Kevin.
2923,100150599202302923,202302923,2023-04-22,795,599,1,1,3,9,3,30,2023-04-22T00:00:00,2023-04-23T15:00:00,2023-04-22T00:00:00,17.209573,77.237915,Case registered at Hassan PS 23 regarding dowry harassment. Investigation ongoing under IO Ayush.
2924,100140566202502924,202502924,2025-11-25,1284,566,2,2,5,13,2,28,2025-11-25T00:00:00,2025-11-26T20:00:00,2025-11-25T00:00:00,12.419066,76.623291,Case registered at Gadag PS 19 regarding cheating. Investigation ongoing under IO Triya.
2925,100190723202502925,202502925,2025-01-05,2058,723,1,2,6,16,3,37,2025-01-05T00:00:00,2025-01-06T12:00:00,2025-01-05T00:00:00,16.556118,74.550554,Case registered at Kolar PS 3 regarding identity theft. Investigation ongoing under IO Sachi.
2926,100220834202402926,202402926,2024-12-08,103,834,1,2,6,15,1,43,2024-12-08T00:00:00,2024-12-09T06:00:00,2024-12-08T00:00:00,17.912953,75.577188,Case registered at Mysuru PS 27 regarding online fraud. Investigation ongoing under IO Janya.
2927,100250949202302927,202302927,2023-12-26,2373,949,1,2,4,11,2,50,2023-12-26T00:00:00,2023-12-26T20:00:00,2023-12-26T00:00:00,18.268574,76.680311,Case registered at Shivamogga PS 27 regarding gambling. Investigation ongoing under IO Krishna.
2928,100050245202402928,202402928,2024-07-23,1319,245,1,2,4,12,2,10,2024-07-23T00:00:00,2024-07-23T11:00:00,2024-07-23T00:00:00,13.394359,77.304119,Case registered at Bengaluru Urban PS 73 regarding public nuisance. Investigation ongoing under IO Faras.
2929,100250924202402929,202402929,2024-12-23,2447,924,2,2,4,12,3,50,2024-12-23T00:00:00,2024-12-24T21:00:00,2024-12-23T00:00:00,18.378711,76.281351,Case registered at Shivamogga PS 2 regarding public nuisance. Investigation ongoing under IO Niharika.
2930,100260967202402930,202402930,2024-11-15,927,967,1,2,6,15,1,51,2024-11-15T00:00:00,2024-11-16T22:00:00,2024-11-15T00:00:00,14.970342,78.275838,Case registered at Tumakuru PS 16 regarding online fraud. Investigation ongoing under IO Krisha.
2931,100200755202302931,202302931,2023-04-01,1143,755,3,2,2,7,4,39,2023-04-01T00:00:00,2023-04-02T05:00:00,2023-04-01T00:00:00,17.657466,77.554828,Case registered at Koppal PS 6 regarding vehicle theft. Investigation ongoing under IO Naveen.
2932,100030106202602932,202602932,2026-02-02,1647,106,1,2,6,15,2,5,2026-02-02T00:00:00,2026-02-02T20:00:00,2026-02-02T00:00:00,15.771806,76.975676,Case registered at Belagavi PS 20 regarding online fraud. Investigation ongoing under IO Ishaan.
2933,100311107202502933,202502933,2025-02-22,1013,1107,3,2,2,4,3,61,2025-02-22T00:00:00,2025-02-23T23:00:00,2025-02-22T00:00:00,13.574496,75.132998,Case registered at Vijayanagara PS 11 regarding theft. Investigation ongoing under IO Girik.
2934,100030138202602934,202602934,2026-05-31,789,138,1,1,3,10,3,6,2026-05-31T00:00:00,2026-05-31T11:00:00,2026-05-31T00:00:00,11.919917,77.166702,Case registered at Belagavi PS 52 regarding sexual assault. Investigation ongoing under IO Ishwar.
2935,100050283202402935,202402935,2024-09-23,2081,283,1,2,4,12,2,9,2024-09-23T00:00:00,2024-09-23T19:00:00,2024-09-23T00:00:00,18.18337,76.572368,Case registered at Bengaluru Urban PS 111 regarding public nuisance. Investigation ongoing under IO Hemal.
2936,100110445202402936,202402936,2024-08-26,483,445,1,2,6,15,1,21,2024-08-26T00:00:00,2024-08-26T18:00:00,2024-08-26T00:00:00,14.521268,74.010495,Case registered at Dakshina Kannada PS 13 regarding online fraud. Investigation ongoing under IO Hamsini.
2937,100140574202302937,202302937,2023-02-04,511,574,1,2,3,8,1,27,2023-02-04T00:00:00,2023-02-04T11:00:00,2023-02-04T00:00:00,14.040573,74.687733,Case registered at Gadag PS 27 regarding domestic violence. Investigation ongoing under IO Arya.
2938,100270997202502938,202502938,2025-05-01,1861,997,1,2,4,12,4,53,2025-05-01T00:00:00,2025-05-01T09:00:00,2025-05-01T00:00:00,14.351826,77.546372,Case registered at Udupi PS 17 regarding public nuisance. Investigation ongoing under IO Harinakshi.
2939,100220853202302939,202302939,2023-09-09,923,853,2,2,3,9,3,44,2023-09-09T00:00:00,2023-09-10T16:00:00,2023-09-09T00:00:00,13.82399,76.905972,Case registered at Mysuru PS 46 regarding dowry harassment. Investigation ongoing under IO Rohan.
2940,100050177202502940,202502940,2025-03-19,649,177,1,1,1,1,1,10,2025-03-19T00:00:00,2025-03-19T19:00:00,2025-03-19T00:00:00,13.702544,75.393334,Case registered at Bengaluru Urban PS 5 regarding murder. Investigation ongoing under IO Darpan.
2941,100291047202402941,202402941,2024-10-18,1256,1047,1,2,4,11,1,58,2024-10-18T00:00:00,2024-10-19T15:00:00,2024-10-18T00:00:00,15.093705,78.480526,Case registered at Vijayapura PS 9 regarding gambling. Investigation ongoing under IO Reyansh.
2942,100090386202502942,202502942,2025-03-29,1652,386,2,2,4,12,3,17,2025-03-29T00:00:00,2025-03-30T14:00:00,2025-03-29T00:00:00,11.896214,76.948108,Case registered at Chikkamagaluru PS 12 regarding public nuisance. Investigation ongoing under IO Mason.
2943,100020037202302943,202302943,2023-10-08,153,37,1,2,2,7,1,4,2023-10-08T00:00:00,2023-10-09T22:00:00,2023-10-08T00:00:00,15.049284,76.379749,Case registered at Ballari PS 8 regarding vehicle theft. Investigation ongoing under IO Faris.
2944,100311111202302944,202302944,2023-11-06,2025,1111,1,2,1,1,3,62,2023-11-06T00:00:00,2023-11-07T05:00:00,2023-11-06T00:00:00,17.396695,78.205609,Case registered at Vijayanagara PS 15 regarding murder. Investigation ongoing under IO Nicholas.
2945,100240914202302945,202302945,2023-11-06,1677,914,1,2,2,5,1,48,2023-11-06T00:00:00,2023-11-07T05:00:00,2023-11-06T00:00:00,13.693787,76.427085,Case registered at Ramanagara PS 21 regarding robbery. Investigation ongoing under IO Irya.
2946,100180718202402946,202402946,2024-12-08,1708,718,1,2,4,12,2,36,2024-12-08T00:00:00,2024-12-09T14:00:00,2024-12-08T00:00:00,15.314416,75.025306,Case registered at Kodagu PS 27 regarding public nuisance. Investigation ongoing under IO Veda.
2947,100040150202302947,202302947,2023-04-07,1062,150,2,1,3,9,1,8,2023-04-07T00:00:00,2023-04-07T19:00:00,2023-04-07T00:00:00,13.45272,77.976321,Case registered at Bengaluru Rural PS 7 regarding dowry harassment. Investigation ongoing under IO Niharika.
2948,100311107202402948,202402948,2024-04-26,1124,1107,4,2,1,1,1,62,2024-04-26T00:00:00,2024-04-27T13:00:00,2024-04-26T00:00:00,17.562469,74.90548,Case registered at Vijayanagara PS 11 regarding murder. Investigation ongoing under IO Chanchal.
2949,100190749202302949,202302949,2023-12-25,2279,749,2,2,6,15,1,37,2023-12-25T00:00:00,2023-12-25T11:00:00,2023-12-25T00:00:00,15.815553,74.954402,Case registered at Kolar PS 29 regarding online fraud. Investigation ongoing under IO Manya.
2950,100100404202302950,202302950,2023-09-22,1931,404,2,2,5,13,1,20,2023-09-22T00:00:00,2023-09-23T23:00:00,2023-09-22T00:00:00,12.248363,77.633494,Case registered at Chitradurga PS 1 regarding cheating. Investigation ongoing under IO Arjun.
2951,100170669202602951,202602951,2026-03-05,1919,669,1,2,6,15,1,34,2026-03-05T00:00:00,2026-03-06T16:00:00,2026-03-05T00:00:00,11.654793,77.847277,Case registered at Kalaburagi PS 35 regarding online fraud. Investigation ongoing under IO Urvashi.
2952,100281036202402952,202402952,2024-07-10,382,1036,1,2,1,1,1,56,2024-07-10T00:00:00,2024-07-11T11:00:00,2024-07-10T00:00:00,13.066081,75.858938,Case registered at Uttara Kannada PS 27 regarding murder. Investigation ongoing under IO Kala.
2953,100140568202502953,202502953,2025-09-01,718,568,3,1,3,9,2,27,2025-09-01T00:00:00,2025-09-01T13:00:00,2025-09-01T00:00:00,13.900614,77.622107,Case registered at Gadag PS 21 regarding dowry harassment. Investigation ongoing under IO Upkaar.
2954,100030099202502954,202502954,2025-07-29,371,99,1,2,4,11,1,5,2025-07-29T00:00:00,2025-07-29T18:00:00,2025-07-29T00:00:00,17.387941,76.157758,Case registered at Belagavi PS 13 regarding gambling. Investigation ongoing under IO Yashica.
2955,100220810202302955,202302955,2023-07-15,1757,810,1,2,6,16,2,44,2023-07-15T00:00:00,2023-07-16T04:00:00,2023-07-15T00:00:00,11.702712,77.19127,Case registered at Mysuru PS 3 regarding identity theft. Investigation ongoing under IO Edhitha.
2956,100190721202602956,202602956,2026-01-07,336,721,3,2,6,15,4,37,2026-01-07T00:00:00,2026-01-08T02:00:00,2026-01-07T00:00:00,15.896163,76.936998,Case registered at Kolar PS 1 regarding online fraud. Investigation ongoing under IO Jagrati.
2957,100100413202502957,202502957,2025-03-03,2236,413,2,1,1,2,1,19,2025-03-03T00:00:00,2025-03-03T08:00:00,2025-03-03T00:00:00,18.090601,77.306391,Case registered at Chitradurga PS 10 regarding attempt to murder. Investigation ongoing under IO Ekavir.
2958,100010012202502958,202502958,2025-07-11,1889,12,3,1,1,3,4,1,2025-07-11T00:00:00,2025-07-12T14:00:00,2025-07-11T00:00:00,15.158053,78.086507,Case registered at Bagalkot PS 12 regarding grievous hurt. Investigation ongoing under IO Gaurang.
2959,100140556202302959,202302959,2023-11-11,134,556,1,1,1,2,1,27,2023-11-11T00:00:00,2023-11-12T16:00:00,2023-11-11T00:00:00,13.806365,76.761505,Case registered at Gadag PS 9 regarding attempt to murder. Investigation ongoing under IO Omkaar.
2960,100040172202502960,202502960,2025-02-16,2275,172,3,2,4,12,2,8,2025-02-16T00:00:00,2025-02-16T19:00:00,2025-02-16T00:00:00,16.639317,74.623407,Case registered at Bengaluru Rural PS 29 regarding public nuisance. Investigation ongoing under IO Manbir.
2961,100180693202502961,202502961,2025-10-12,935,693,1,2,5,14,1,35,2025-10-12T00:00:00,2025-10-13T00:00:00,2025-10-12T00:00:00,14.501017,76.203137,Case registered at Kodagu PS 2 regarding criminal breach of trust. Investigation ongoing under IO Radhika.
2962,100210785202402962,202402962,2024-03-13,678,785,1,1,1,2,3,42,2024-03-13T00:00:00,2024-03-14T05:00:00,2024-03-13T00:00:00,18.284111,76.096757,Case registered at Mandya PS 7 regarding attempt to murder. Investigation ongoing under IO Ubika.
2963,100040158202502963,202502963,2025-05-14,986,158,3,2,6,16,3,8,2025-05-14T00:00:00,2025-05-15T15:00:00,2025-05-14T00:00:00,16.74667,76.736977,Case registered at Bengaluru Rural PS 15 regarding identity theft. Investigation ongoing under IO Kalpit.
2964,100110454202402964,202402964,2024-01-18,440,454,1,2,6,15,4,21,2024-01-18T00:00:00,2024-01-19T12:00:00,2024-01-18T00:00:00,17.367138,75.552775,Case registered at Dakshina Kannada PS 22 regarding online fraud. Investigation ongoing under IO Rehaan.
2965,100150604202302965,202302965,2023-08-10,2417,604,1,2,6,15,2,29,2023-08-10T00:00:00,2023-08-11T16:00:00,2023-08-10T00:00:00,13.142235,77.449386,Case registered at Hassan PS 28 regarding online fraud. Investigation ongoing under IO Ati.
2966,100050197202602966,202602966,2026-04-06,1298,197,2,2,5,14,4,10,2026-04-06T00:00:00,2026-04-06T08:00:00,2026-04-06T00:00:00,18.342412,74.060983,Case registered at Bengaluru Urban PS 25 regarding criminal breach of trust. Investigation ongoing under IO Ronith.
2967,100020048202602967,202602967,2026-03-27,1581,48,4,2,2,6,2,4,2026-03-27T00:00:00,2026-03-28T04:00:00,2026-03-27T00:00:00,12.598973,75.445386,Case registered at Ballari PS 19 regarding burglary. Investigation ongoing under IO Manbir.
2968,100050231202302968,202302968,2023-03-27,1491,231,1,1,3,9,3,10,2023-03-27T00:00:00,2023-03-27T20:00:00,2023-03-27T00:00:00,18.246613,78.49033,Case registered at Bengaluru Urban PS 59 regarding dowry harassment. Investigation ongoing under IO Urvashi.
2969,100050286202302969,202302969,2023-01-24,1175,286,1,2,4,12,3,9,2023-01-24T00:00:00,2023-01-25T08:00:00,2023-01-24T00:00:00,12.087779,74.616164,Case registered at Bengaluru Urban PS 114 regarding public nuisance. Investigation ongoing under IO Noah.
2970,100160627202302970,202302970,2023-11-10,2306,627,1,2,2,5,3,31,2023-11-10T00:00:00,2023-11-11T02:00:00,2023-11-10T00:00:00,12.756646,78.561048,Case registered at Haveri PS 22 regarding robbery. Investigation ongoing under IO Yutika.
2971,100291055202402971,202402971,2024-02-05,2129,1055,1,2,2,6,3,57,2024-02-05T00:00:00,2024-02-06T10:00:00,2024-02-05T00:00:00,13.114104,77.467543,Case registered at Vijayapura PS 17 regarding burglary. Investigation ongoing under IO Amara.
2972,100080352202602972,202602972,2026-03-19,494,352,2,2,4,12,3,16,2026-03-19T00:00:00,2026-03-20T23:00:00,2026-03-19T00:00:00,17.51621,76.550131,Case registered at Chikkaballapur PS 7 regarding public nuisance. Investigation ongoing under IO Libni.
2973,100200752202502973,202502973,2025-08-19,1058,752,1,2,1,2,3,39,2025-08-19T00:00:00,2025-08-20T03:00:00,2025-08-19T00:00:00,12.111903,78.31681,Case registered at Koppal PS 3 regarding attempt to murder. Investigation ongoing under IO Guneet.
2974,100050206202402974,202402974,2024-07-23,2084,206,1,1,1,3,3,9,2024-07-23T00:00:00,2024-07-23T03:00:00,2024-07-23T00:00:00,17.052584,74.645899,Case registered at Bengaluru Urban PS 34 regarding grievous hurt. Investigation ongoing under IO Shivani.
2975,100080348202502975,202502975,2025-07-05,210,348,1,2,4,11,1,15,2025-07-05T00:00:00,2025-07-06T00:00:00,2025-07-05T00:00:00,12.896347,77.405723,Case registered at Chikkaballapur PS 3 regarding gambling. Investigation ongoing under IO Barkha.
2976,100250936202602976,202602976,2026-01-01,1286,936,1,2,4,11,3,49,2026-01-01T00:00:00,2026-01-01T14:00:00,2026-01-01T00:00:00,15.050171,77.20684,Case registered at Shivamogga PS 14 regarding gambling. Investigation ongoing under IO Vidhi.
2977,100050194202502977,202502977,2025-01-14,1023,194,1,2,2,5,4,9,2025-01-14T00:00:00,2025-01-15T23:00:00,2025-01-14T00:00:00,16.167052,74.305381,Case registered at Bengaluru Urban PS 22 regarding robbery. Investigation ongoing under IO Onkar.
2978,100120513202402978,202402978,2024-08-08,1436,513,1,2,3,10,3,23,2024-08-08T00:00:00,2024-08-08T20:00:00,2024-08-08T00:00:00,14.596382,76.886141,Case registered at Davanagere PS 24 regarding sexual assault. Investigation ongoing under IO Ekta.
2979,100030091202602979,202602979,2026-04-08,481,91,1,2,2,4,3,5,2026-04-08T00:00:00,2026-04-08T01:00:00,2026-04-08T00:00:00,16.387499,77.280185,Case registered at Belagavi PS 5 regarding theft. Investigation ongoing under IO Wridesh.
2980,100130528202602980,202602980,2026-07-16,586,528,1,2,4,11,2,25,2026-07-16T00:00:00,2026-07-16T11:00:00,2026-07-16T00:00:00,11.651188,76.422755,Case registered at Dharwad PS 10 regarding gambling. Investigation ongoing under IO Yachana.
2981,100311120202402981,202402981,2024-06-16,2107,1120,1,1,3,9,3,62,2024-06-16T00:00:00,2024-06-16T03:00:00,2024-06-16T00:00:00,12.748705,74.410371,Case registered at Vijayanagara PS 24 regarding dowry harassment. Investigation ongoing under IO Gayathri.
2982,100130537202402982,202402982,2024-09-12,1454,537,1,2,2,5,1,26,2024-09-12T00:00:00,2024-09-12T04:00:00,2024-09-12T00:00:00,16.026576,74.133209,Case registered at Dharwad PS 19 regarding robbery. Investigation ongoing under IO Saanvi.
2983,100240920202502983,202502983,2025-11-02,662,920,1,2,5,14,2,47,2025-11-02T00:00:00,2025-11-02T12:00:00,2025-11-02T00:00:00,15.730685,77.570974,Case registered at Ramanagara PS 27 regarding criminal breach of trust. Investigation ongoing under IO Isaiah.
2984,100010016202502984,202502984,2025-08-10,1358,16,1,1,1,3,2,1,2025-08-10T00:00:00,2025-08-11T20:00:00,2025-08-10T00:00:00,13.05486,74.294211,Case registered at Bagalkot PS 16 regarding grievous hurt. Investigation ongoing under IO Mekhala.
2985,100030114202402985,202402985,2024-04-28,115,114,1,2,6,16,4,6,2024-04-28T00:00:00,2024-04-28T10:00:00,2024-04-28T00:00:00,16.916252,74.414067,Case registered at Belagavi PS 28 regarding identity theft. Investigation ongoing under IO Mohini.
2986,100270987202302986,202302986,2023-11-29,729,987,1,2,6,15,3,54,2023-11-29T00:00:00,2023-11-30T14:00:00,2023-11-29T00:00:00,17.073215,75.161225,Case registered at Udupi PS 7 regarding online fraud. Investigation ongoing under IO Amol.
2987,100281029202502987,202502987,2025-01-20,1503,1029,1,1,3,8,3,55,2025-01-20T00:00:00,2025-01-20T09:00:00,2025-01-20T00:00:00,15.11365,74.886311,Case registered at Uttara Kannada PS 20 regarding domestic violence. Investigation ongoing under IO Hredhaan.
2988,100070332202502988,202502988,2025-09-07,547,332,1,2,2,7,2,13,2025-09-07T00:00:00,2025-09-08T21:00:00,2025-09-07T00:00:00,13.382099,78.158144,Case registered at Chamarajanagar PS 16 regarding vehicle theft. Investigation ongoing under IO Samar.
2989,100260972202402989,202402989,2024-12-18,1782,972,1,2,6,16,1,51,2024-12-18T00:00:00,2024-12-19T04:00:00,2024-12-18T00:00:00,16.367838,74.325495,Case registered at Tumakuru PS 21 regarding identity theft. Investigation ongoing under IO Vasatika.
2990,100150589202302990,202302990,2023-07-21,365,589,1,1,3,9,2,30,2023-07-21T00:00:00,2023-07-22T19:00:00,2023-07-21T00:00:00,13.110299,78.310234,Case registered at Hassan PS 13 regarding dowry harassment. Investigation ongoing under IO Gavin.
2991,100020051202402991,202402991,2024-03-29,2119,51,2,2,4,11,2,4,2024-03-29T00:00:00,2024-03-30T06:00:00,2024-03-29T00:00:00,15.680382,76.278292,Case registered at Ballari PS 22 regarding gambling. Investigation ongoing under IO Yutika.
2992,100180704202402992,202402992,2024-11-02,763,704,1,2,5,13,1,36,2024-11-02T00:00:00,2024-11-03T22:00:00,2024-11-02T00:00:00,14.311481,76.952359,Case registered at Kodagu PS 13 regarding cheating. Investigation ongoing under IO Vritti.
2993,100060300202402993,202402993,2024-04-11,1683,300,1,2,5,13,2,11,2024-04-11T00:00:00,2024-04-11T19:00:00,2024-04-11T00:00:00,11.972182,78.370746,Case registered at Bidar PS 13 regarding cheating. Investigation ongoing under IO Oeshi.
2994,100270997202502994,202502994,2025-09-08,317,997,1,1,1,2,3,53,2025-09-08T00:00:00,2025-09-08T03:00:00,2025-09-08T00:00:00,14.142511,76.979991,Case registered at Udupi PS 17 regarding attempt to murder. Investigation ongoing under IO Faqid.
2995,100140567202502995,202502995,2025-06-10,1495,567,1,1,3,9,2,28,2025-06-10T00:00:00,2025-06-10T02:00:00,2025-06-10T00:00:00,17.674187,75.002603,Case registered at Gadag PS 20 regarding dowry harassment. Investigation ongoing under IO Tejas.
2996,100030106202402996,202402996,2024-05-27,575,106,3,2,5,13,2,5,2024-05-27T00:00:00,2024-05-27T18:00:00,2024-05-27T00:00:00,15.460133,74.647885,Case registered at Belagavi PS 20 regarding cheating. Investigation ongoing under IO Yashodhara.
2997,100110455202402997,202402997,2024-04-21,2313,455,1,2,4,11,1,21,2024-04-21T00:00:00,2024-04-21T16:00:00,2024-04-21T00:00:00,15.04148,76.14301,Case registered at Dakshina Kannada PS 23 regarding gambling. Investigation ongoing under IO Brinda.
2998,100270993202402998,202402998,2024-12-19,43,993,1,2,6,15,2,53,2024-12-19T00:00:00,2024-12-19T20:00:00,2024-12-19T00:00:00,15.818989,76.141675,Case registered at Udupi PS 13 regarding online fraud. Investigation ongoing under IO Farhan.
2999,100170641202402999,202402999,2024-07-21,1377,641,1,2,6,16,3,33,2024-07-21T00:00:00,2024-07-21T07:00:00,2024-07-21T00:00:00,11.701903,74.835014,Case registered at Kalaburagi PS 7 regarding identity theft. Investigation ongoing under IO Aadi.
3000,100080348202503000,202503000,2025-09-17,1412,348,1,2,5,14,2,16,2025-09-17T00:00:00,2025-09-17T16:00:00,2025-09-17T00:00:00,12.151176,74.962615,Case registered at Chikkaballapur PS 3 regarding criminal breach of trust. Investigation ongoing under IO Owen.
