ComplainantID,CaseMasterID,ComplainantName,AgeYear,OccupationID,ReligionID,CasteID,GenderID
1,1,Owen Kanda,24,8,5,2,2
2,2,Ansh Devan,46,3,2,1,2
3,3,Kavya Nadkarni,38,3,1,2,2
4,4,Jonathan Trivedi,65,5,5,4,1
5,5,Warda Som,34,7,3,1,1
6,6,Damini Sandal,53,6,2,5,1
7,7,Yauvani Nayar,22,5,2,1,2
8,8,Aryan Gola,28,4,4,3,1
9,9,Ronith Narayan,38,8,1,2,1
10,10,Zaitra Sidhu,19,5,3,2,1
11,11,Shaurya Sarna,62,5,5,3,1
12,12,Eshana Bajaj,50,4,4,1,2
13,13,Girik Garg,29,2,6,2,1
14,14,Ekaraj Sha,42,5,4,2,1
15,15,Kai Yadav,48,2,5,4,2
16,16,Saksham Amble,65,7,1,1,1
17,17,Balveer Chand,69,5,5,2,2
18,18,Wriddhish Dugar,22,2,6,5,2
19,19,Shravya Gala,28,1,4,2,2
20,20,Baljiwan Anne,47,1,6,4,1
21,21,Chaitaly Dash,63,6,4,2,1
22,22,Madhavi Morar,69,3,2,1,1
23,23,Kavya Khare,23,6,4,2,2
24,24,Gopal Ganesh,19,3,3,3,2
25,25,Hitesh Parikh,60,5,2,4,2
26,26,Nirja Mitra,33,7,5,5,2
27,27,Ekansh Nayak,51,2,4,3,1
28,28,Kavya Tara,29,7,2,3,2
29,29,Oeshi Mani,29,5,3,2,2
30,30,Abeer Bhattacharyya,51,8,6,1,1
31,31,Nitesh Hora,67,1,1,2,1
32,32,Saksham Magar,44,1,5,2,2
33,33,Charita Yogi,34,1,6,3,1
34,34,Ranveer Agrawal,27,8,1,3,1
35,35,Balvan Dash,48,3,4,1,1
36,36,Jyoti Bhardwaj,34,3,4,5,2
37,37,Mitali Buch,53,1,4,5,1
38,38,Ekaraj Sahni,43,6,5,2,2
39,39,Rehaan Lad,50,5,6,1,1
40,40,Krishna Dash,21,2,4,5,1
41,41,Vedika Solanki,26,7,4,2,1
42,42,Jason Wali,61,2,1,5,1
43,43,Anay Parsa,50,1,1,4,2
44,44,Joshua Tank,49,8,2,4,1
45,45,Thomas Kurian,42,3,1,2,1
46,46,Lakshmi Sarkar,66,1,5,5,2
47,47,Dhriti Rai,58,2,6,1,2
48,48,Tamanna Din,50,8,6,2,1
49,49,Warda Manne,47,1,1,1,1
50,50,Urvashi Pall,61,6,2,5,2
51,51,Vasudha Manne,38,1,5,3,2
52,52,Ishani Som,37,2,3,3,2
53,53,Wridesh Ranganathan,69,2,3,1,1
54,54,Advay Dar,53,7,4,1,2
55,55,Qasim Ravi,20,3,3,3,1
56,56,Gagan Kunda,32,7,4,4,2
57,57,Dhriti Virk,51,4,4,3,2
58,58,Pahal Borde,29,8,1,4,1
59,59,Samar Bobal,55,2,6,3,1
60,60,Gaurav Patil,57,2,2,4,2
61,61,Henry Dasgupta,66,2,2,3,2
62,62,Aditya Varghese,33,7,6,1,2
63,63,Upadhriti Thakkar,23,4,6,5,2
64,64,Frado Mangal,26,6,6,5,2
65,65,Abhimanyu Sandal,18,6,2,2,2
66,66,Ladli Garde,52,6,4,3,1
67,67,Vasudha Memon,21,8,6,1,2
68,68,Falguni Misra,54,8,3,4,2
69,69,Nachiket Krishna,49,3,4,5,1
70,70,Neel Dey,23,1,3,3,2
71,71,Megha Sama,69,4,5,4,1
72,72,Yachana Ramachandran,47,2,3,1,1
73,73,Fitan Sanghvi,70,7,4,5,2
74,74,Adya Kota,22,5,2,4,1
75,75,Manthan Karnik,54,8,2,1,1
76,76,Vihaan Kapadia,34,1,4,4,2
77,77,Januja Mand,60,8,6,1,2
78,78,Simon Mangal,69,7,2,3,1
79,79,Janaki Wadhwa,35,7,5,5,1
80,80,Charvi Som,44,2,2,2,2
81,81,Bimala Bath,48,2,5,2,2
82,82,Samuel Gour,57,4,6,5,2
83,83,Arunima Deol,69,7,2,4,2
84,84,Aishani Deol,68,7,4,4,2
85,85,Lavanya Kurian,29,7,3,3,1
86,86,Varenya Chander,23,3,3,1,1
87,87,Yatan Sha,21,4,5,3,1
88,88,Samaksh Dewan,30,2,1,2,1
89,89,Yasti Sagar,33,1,3,3,1
90,90,Upkaar Rajagopalan,22,7,3,2,2
91,91,Priya Wali,54,7,5,5,1
92,92,Ekaja Divan,68,2,2,1,2
93,93,Joshua Gopal,23,5,2,3,2
94,94,Leela Sahota,68,2,1,1,1
95,95,Ikshita Patel,43,5,5,4,1
96,96,Chatura Cherian,41,7,2,3,2
97,97,Chandani Singhal,23,3,4,3,2
98,98,Utkarsh Sampath,18,3,2,3,2
99,99,Daksh Kanda,18,1,1,4,1
100,100,Faras Patil,21,3,2,1,1
101,101,Raghav Jaggi,40,3,5,3,2
102,102,Barkha Rao,41,8,3,5,1
103,103,Ubika Brar,21,7,3,4,2
104,104,Balveer Ram,24,8,5,4,1
105,105,Ekavir Gola,23,6,1,3,1
106,106,Fiyaz Sachdev,18,5,3,2,1
107,107,Udant Rama,18,1,4,5,2
108,108,Vedika Kala,58,6,1,1,2
109,109,Janaki Sani,53,7,5,3,1
110,110,Zayyan Goda,23,3,5,5,2
111,111,George Sangha,24,3,1,3,1
112,112,Advaith Issac,21,6,2,4,1
113,113,Ishaan Ray,32,3,6,2,1
114,114,Akshay Prabhakar,46,8,3,2,1
115,115,Indira Pandey,52,4,2,1,1
116,116,Nisha Chawla,43,6,4,4,2
117,117,Nitara Randhawa,47,4,2,2,2
118,118,Oeshi Khurana,61,2,6,5,2
119,119,Mahika Hans,70,1,6,2,1
120,120,Manya Lad,67,7,1,4,1
121,121,Rachit Khatri,55,2,3,2,2
122,122,Tripti Das,25,8,5,3,1
123,123,Anthony Sachdev,70,1,6,5,2
124,124,Nathan Vig,26,2,3,2,2
125,125,Jonathan Loyal,58,8,2,3,1
126,126,Harshil Muni,43,2,1,5,2
127,127,Oliver Bandi,46,5,2,2,1
128,128,Quincy Parmar,33,8,2,1,1
129,129,Udyati Nagy,32,8,6,3,2
130,130,Ekaja Hora,64,7,5,2,2
131,131,Onveer Narain,57,7,4,5,2
132,132,Geetika Babu,58,4,6,5,2
133,133,Hiral Ratta,49,7,3,3,2
134,134,Champak Anne,39,1,1,4,1
135,135,Indrajit Bava,41,6,1,2,1
136,136,Wridesh Sridhar,66,4,6,3,2
137,137,Upadhriti Rajan,48,1,4,3,2
138,138,Mugdha Guha,43,6,5,5,2
139,139,Rachit Loke,31,5,2,2,2
140,140,Simon Dora,38,3,5,3,2
141,141,Zilmil Sant,57,4,1,2,1
142,142,Balendra Lata,27,8,5,5,2
143,143,Idika Mani,60,3,3,1,2
144,144,Agastya Som,27,6,5,1,1
145,145,Aditya Pandey,68,3,1,2,1
146,146,Gautami Sethi,49,2,2,2,1
147,147,Isaiah Madan,62,4,2,3,2
148,148,Alka Palla,38,7,2,3,1
149,149,Bhavya Choudhary,62,7,2,4,1
150,150,Teerth Mandal,23,3,2,1,1
151,151,Yadavi Dubey,46,8,2,3,2
152,152,Oscar Sarin,54,2,1,4,2
153,153,Keya Sarkar,58,1,3,2,2
154,154,Upadhriti Pandya,32,3,5,2,2
155,155,Abeer Shere,64,4,3,2,2
156,156,Charvi Mukhopadhyay,52,5,3,4,1
157,157,Charita Ravel,19,8,3,4,1
158,158,Anvi Raman,52,1,3,3,2
159,159,Isha Dewan,53,6,4,2,1
160,160,Ikshita Vohra,67,4,4,5,2
161,161,Kai Naik,20,7,2,2,1
162,162,Warjas Cheema,32,7,3,2,1
163,163,Ekani Chokshi,52,4,5,3,2
164,164,Logan Ahluwalia,37,8,5,3,1
165,165,Farhan Datta,68,3,4,5,2
166,166,Falan Warrior,69,7,5,1,2
167,167,Bachittar Nigam,63,6,2,1,1
168,168,Anika Barman,22,8,6,5,2
169,169,Charles Ram,24,2,2,2,1
170,170,Dalbir Khanna,21,6,3,2,2
171,171,Faraj Bhandari,23,1,2,5,1
172,172,Faraj Bose,47,4,4,1,2
173,173,Dalaja Kade,54,3,3,3,1
174,174,Bahadurjit Madan,69,5,3,1,2
175,175,Qarin Sankar,32,6,2,1,2
176,176,Ikbal Rama,49,2,4,3,1
177,177,Wazir Deo,31,7,3,4,2
178,178,Janaki Luthra,57,1,6,3,2
179,179,Ria Andra,27,5,5,4,1
180,180,Viraj Contractor,28,1,2,1,1
181,181,Isaiah Vaidya,70,7,5,1,2
182,182,Aryan Narain,70,4,3,3,1
183,183,Naveen Pillay,42,1,2,2,2
184,184,Urmi Vohra,56,7,3,4,2
185,185,Wridesh Saxena,45,5,1,1,2
186,186,Dipta Dalal,18,4,2,1,1
187,187,Bahadurjit Sankar,61,8,6,5,1
188,188,Neelima Khurana,51,2,3,1,2
189,189,Yashodhara Chacko,63,1,1,1,1
190,190,Wakeeta Om,28,4,3,4,1
191,191,Benjamin Kade,21,5,4,4,1
192,192,Anusha Sur,63,6,1,4,2
193,193,Kala Jani,66,2,6,2,2
194,194,Yashica Nayak,69,5,5,5,2
195,195,Thomas Hayre,67,2,1,5,2
196,196,Karan Issac,55,7,5,1,2
197,197,Omya Lall,45,1,2,4,1
198,198,Brinda Sundaram,48,2,2,1,2
199,199,Pavani D’Alia,39,6,1,1,1
200,200,Wahab Balakrishnan,24,7,1,5,1
201,201,Sara Rout,31,7,2,2,1
202,202,Naksh Wason,31,4,3,1,2
203,203,Tanveer Kothari,20,3,1,3,1
204,204,Karan Madan,49,6,1,2,1
205,205,Harish Lalla,70,8,1,3,2
206,206,Yashawini Konda,39,5,4,5,2
207,207,Vansha Chopra,45,8,5,1,2
208,208,Zayyan Sabharwal,38,7,4,1,2
209,209,Joshua Arya,21,5,2,5,2
210,210,Aditya Minhas,46,8,1,2,1
211,211,Kamya Venkataraman,53,1,5,2,1
212,212,Girindra Yogi,46,7,6,3,1
213,213,Bhavani Sandhu,28,1,2,2,1
214,214,Ganga Malhotra,61,1,2,4,2
215,215,Urmi Narain,57,3,1,1,1
216,216,Edhitha Wali,24,8,3,2,2
217,217,Hiral Samra,40,1,3,1,2
218,218,Riya Patel,27,2,5,5,1
219,219,Anusha Bhandari,39,6,6,5,1
220,220,Rishi Badal,52,3,3,4,1
221,221,Amara Chacko,34,6,1,5,2
222,222,Ubika Chakrabarti,44,1,5,2,2
223,223,Ladli Mangat,25,1,6,5,2
224,224,Aishani Chanda,57,1,3,4,1
225,225,Aarna Kamdar,41,4,4,2,2
226,226,Abhiram Dutt,48,2,3,4,1
227,227,Quincy Bains,66,4,4,5,1
228,228,Oviya Sandhu,20,6,1,2,1
229,229,Dayamai Dhaliwal,57,1,5,4,2
230,230,Damyanti Buch,62,8,1,3,2
231,231,Kabir Nadkarni,47,1,5,4,2
232,232,Jyoti Pathak,29,2,5,3,2
233,233,Girik Nori,61,2,3,5,1
234,234,Mitali Varughese,28,7,5,2,2
235,235,Yashica Rajagopalan,43,7,2,1,1
236,236,Urvashi Nayak,18,2,2,1,2
237,237,Chandresh Pingle,66,2,6,5,2
238,238,Yuvraj Gill,29,3,6,1,2
239,239,Tara Baria,48,7,5,5,2
240,240,Rehaan Lal,62,8,4,2,1
241,241,Quincy Malhotra,37,3,6,2,2
242,242,Kai Maharaj,52,3,1,1,2
243,243,Falguni Ramachandran,38,7,1,1,1
244,244,Madhavi Kumer,37,3,3,3,2
245,245,Arin Mander,20,2,5,3,1
246,246,Indrajit Mann,37,6,3,1,2
247,247,Hitesh Nadkarni,27,7,3,2,2
248,248,Leela Sahota,62,2,5,3,1
249,249,Zaid Ganesan,48,8,3,3,2
250,250,Ryan Naidu,42,1,3,2,1
251,251,Garima Dutta,23,7,3,1,1
252,252,Lekha Bobal,66,6,5,4,2
253,253,Balveer Patla,36,5,3,2,1
254,254,Adweta Choudhury,21,6,6,4,2
255,255,Shivansh Lalla,61,1,1,4,1
256,256,Anvi Banik,62,8,5,1,2
257,257,Ayaan Kakar,69,2,5,2,1
258,258,Omkaar Vohra,57,3,2,5,2
259,259,Jagdish Hegde,48,6,3,1,2
260,260,Yash Kunda,20,7,4,3,2
261,261,Devansh Deo,35,1,6,4,2
262,262,Harish Kale,62,8,6,5,2
263,263,Aishani Wali,57,5,5,3,1
264,264,Saanvi Oommen,22,7,5,1,2
265,265,Nakul Dugar,21,1,5,2,2
266,266,Maanav Mohan,51,8,3,5,2
267,267,Arjun Nagy,69,5,2,2,2
268,268,Varsha Singhal,49,3,3,3,1
269,269,Ekta Sachdev,28,5,3,2,1
270,270,Anthony Dey,61,3,2,1,1
271,271,Aashi Kumer,47,7,4,3,1
272,272,Chanakya Wadhwa,70,6,3,5,2
273,273,Isaiah Wali,52,8,1,5,2
274,274,Rachana Bail,56,7,2,4,1
275,275,Tanvi Iyer,51,7,6,1,1
276,276,Victor Joshi,68,4,2,3,2
277,277,Atharv Sawhney,34,1,3,3,1
278,278,Samesh Rai,56,2,6,1,2
279,279,Gautam Tripathi,31,8,5,2,1
280,280,Dayita Bhattacharyya,65,6,1,5,2
281,281,Aditya Dave,57,2,4,1,2
282,282,Oni Gera,31,8,4,3,1
283,283,Atharv Narula,18,3,3,4,1
284,284,George Saini,37,5,4,1,2
285,285,Kabir Naidu,58,6,3,5,1
286,286,Qasim Mitra,32,2,3,3,2
287,287,Qabil Atwal,51,6,5,1,1
288,288,Raghav Ravi,38,7,3,2,2
289,289,Quincy Kumer,45,6,6,3,1
290,290,Idika Mohanty,29,3,1,3,2
291,291,Lucky Kapadia,56,5,3,4,2
292,292,Chandran Rattan,39,3,4,4,2
293,293,Vasana Dyal,53,6,6,2,1
294,294,Jatin Doshi,45,4,6,5,1
295,295,Mitesh Bobal,28,1,1,3,2
296,296,Gaurang Patil,66,7,2,2,1
297,297,Vedika Kibe,20,2,4,1,1
298,298,Jacob Khare,45,8,5,2,1
299,299,Baljiwan Rastogi,44,2,4,5,1
300,300,Hemangini Pandey,24,4,5,4,1
301,301,Naveen Kadakia,47,5,3,2,2
302,302,Samaksh Lanka,23,6,2,3,1
303,303,Ranveer Mukherjee,56,5,5,5,2
304,304,Mekhala Deol,18,8,1,1,1
305,305,Maanav Arora,68,3,2,2,1
306,306,Adya Sankar,63,2,2,3,1
307,307,Dipta Cheema,19,5,1,5,2
308,308,Saumya Bhandari,49,1,6,2,2
309,309,Divya Ahuja,40,3,5,5,2
310,310,Neel Hayer,53,1,2,3,1
311,311,Zayyan Tata,43,2,3,5,2
312,312,Aarav Wadhwa,56,7,4,2,1
313,313,Hemani Chatterjee,25,4,5,2,1
314,314,Hritik Palla,63,5,6,4,1
315,315,Lohit Khatri,57,5,3,2,1
316,316,Krishna Sem,19,7,6,4,2
317,317,Hemang Nagy,19,4,4,3,1
318,318,Lekha Guha,51,3,1,1,1
319,319,Lakshmi Jha,70,5,6,3,1
320,320,Chaitanya Dugal,46,4,3,3,1
321,321,Nimrat Anne,31,4,6,5,1
322,322,Saumya Dave,45,4,1,1,1
323,323,Qadim Yadav,43,8,6,1,1
324,324,Joshua Vasa,68,1,5,1,1
325,325,Kamala Sarma,37,8,3,3,1
326,326,Akshay Dua,53,4,4,1,2
327,327,Gautami Sarna,63,3,5,3,1
328,328,Omkaar Nagy,31,3,4,2,2
329,329,Ethan Bahri,26,1,6,4,1
330,330,Jagvi Kapur,63,5,2,2,2
331,331,Triveni Sethi,26,7,6,3,1
332,332,Yatan Kalla,25,2,3,1,1
333,333,Upma Chopra,29,2,3,5,2
334,334,Samuel Raju,52,6,3,5,1
335,335,Balendra Chatterjee,43,4,6,1,1
336,336,Matthew Kala,29,4,3,3,1
337,337,Harrison Dutta,50,2,2,2,2
338,338,Onkar Bahri,25,5,2,4,1
339,339,Ekapad Goel,51,6,1,1,2
340,340,Rehaan Varghese,26,6,3,5,2
341,341,Kalpit Anne,43,6,1,5,2
342,342,Hiral Lal,50,7,6,1,2
343,343,Kashvi Bhattacharyya,58,5,1,3,2
344,344,Gavin Aggarwal,30,5,5,2,2
345,345,Adya Dhawan,38,1,3,1,1
346,346,Dhruv Bhatia,62,1,3,3,1
347,347,Varsha Prabhakar,43,6,2,4,2
348,348,Sneha Dua,47,1,4,2,2
349,349,Girish Babu,43,3,1,5,1
350,350,Vinaya Bhasin,51,1,3,5,2
351,351,Tarak Saha,22,2,6,3,2
352,352,Kala Solanki,38,1,4,2,1
353,353,Anirudh Munshi,46,8,1,4,2
354,354,Daniel Som,35,1,5,2,2
355,355,Dipta Yadav,33,5,4,1,1
356,356,Aryan Balakrishnan,61,2,6,4,1
357,357,Ekantika Badal,51,6,1,1,1
358,358,Ekansh Dey,67,8,5,2,1
359,359,Nitara Oza,61,2,1,4,2
360,360,Gaurav Johal,42,8,1,2,2
361,361,Laksh Tella,56,4,3,1,1
362,362,Ekansh Baria,39,8,5,5,2
363,363,Abhimanyu Manda,45,2,4,2,2
364,364,Abha Ramaswamy,51,1,4,5,1
365,365,Samesh Iyengar,39,5,5,1,1
366,366,Pratyush Nath,27,3,3,3,1
367,367,Yuvraj Brahmbhatt,64,5,3,2,1
368,368,Jhalak Kale,39,2,4,4,1
369,369,Azaan Soni,37,1,1,5,1
370,370,Rachana Shroff,63,2,2,4,1
371,371,Chaitanya Saran,48,7,6,4,2
372,372,Owen Ratti,30,5,4,2,1
373,373,Nitesh Basak,54,6,2,5,2
374,374,Eshana Prakash,55,5,4,1,2
375,375,Warhi Dhawan,38,1,6,3,1
376,376,Neha Anne,70,5,2,5,2
377,377,Azad Tata,51,5,5,2,2
378,378,Yatan Chandra,42,6,4,2,1
379,379,Kabir Bala,35,6,4,4,2
380,380,Balveer Mannan,70,1,2,4,2
381,381,Lila Goda,54,5,6,1,2
382,382,Kevin Bajwa,66,1,1,3,2
383,383,Hitesh Sahota,50,4,6,4,2
384,384,Neel Chadha,41,1,5,5,1
385,385,Manan Mital,42,7,1,3,2
386,386,Aditya Mitter,48,4,3,1,2
387,387,Hardik Gera,67,6,6,2,1
388,388,Nitesh Koshy,55,4,3,5,1
389,389,Nakul Khurana,33,2,3,3,2
390,390,Avni Shetty,37,2,5,2,1
391,391,Hema Walia,52,3,4,5,1
392,392,Arya Lalla,60,8,3,5,2
393,393,Tripti Yogi,18,7,3,3,2
394,394,Ranbir Kumar,64,7,3,4,1
395,395,Prisha Suri,57,1,2,5,1
396,396,Arunima Chokshi,48,4,6,1,2
397,397,Max Bajaj,31,1,4,5,2
398,398,Thomas Mammen,23,2,6,3,2
399,399,Saanvi Doctor,18,1,5,2,2
400,400,Riya Jha,54,5,4,1,1
401,401,Dhruv Sethi,65,7,6,2,2
402,402,Ijaya Karnik,49,8,3,3,1
403,403,Balhaar Raj,41,6,1,2,2
404,404,Lucky Sarin,48,1,3,3,2
405,405,Praneel Walla,59,5,4,4,1
406,406,Meera Deshmukh,41,6,3,5,1
407,407,Aadi Mani,49,8,6,2,2
408,408,Jonathan Bansal,54,5,5,1,2
409,409,Rushil Babu,49,4,3,3,2
410,410,Udyati Prabhu,38,8,6,5,2
411,411,Chatresh Palla,29,7,2,4,2
412,412,Dayita Toor,68,3,3,5,2
413,413,Eta Mane,59,2,6,5,1
414,414,Lucky Hegde,36,8,4,1,1
415,415,Omisha Doshi,70,4,1,2,1
416,416,Tripti Oommen,63,8,6,1,1
417,417,Yashodhara Mital,53,8,3,3,1
418,418,Yashasvi Patil,27,4,2,1,2
419,419,Gauri Prabhakar,58,6,2,2,2
420,420,Fitan Butala,65,8,3,4,2
421,421,Gagan Baria,43,5,4,3,2
422,422,Yutika Char,20,8,4,4,2
423,423,Mohammed Bansal,21,3,2,5,1
424,424,Gaurangi Nagarajan,23,3,5,3,1
425,425,Azad Krishnan,48,7,5,5,2
426,426,Girik Sur,30,2,3,2,2
427,427,Siddharth Divan,57,3,6,1,1
428,428,Urvi Sahni,62,4,4,5,1
429,429,Aarnav Sani,33,4,6,2,2
430,430,Bhavna D’Alia,68,8,3,4,2
431,431,Brinda Kurian,58,6,3,5,2
432,432,Siya Nazareth,40,8,2,4,2
433,433,Andrew Chadha,43,5,1,3,2
434,434,Harini Ramachandran,68,6,5,4,2
435,435,Ekanta Pillay,37,8,4,1,2
436,436,Ubika Chada,61,7,5,1,2
437,437,Hredhaan Bhakta,27,5,4,3,1
438,438,Charita Ray,38,8,1,5,2
439,439,Fariq Mishra,63,8,1,3,2
440,440,Nidra Chhabra,60,7,5,3,2
441,441,Abdul Virk,69,7,6,1,2
442,442,Lipika Hans,42,8,2,5,1
443,443,Zehaan Dave,56,4,4,4,1
444,444,Kiaan Kamdar,33,2,5,1,2
445,445,Hredhaan Om,62,8,1,5,1
446,446,Vrinda Mahal,48,3,3,4,1
447,447,Indrajit Mani,27,8,6,2,2
448,448,Madhavi Madan,39,2,4,4,2
449,449,Yashodhara Dhillon,28,5,6,5,1
450,450,Hredhaan Khurana,66,4,6,5,2
451,451,Manthan Bahri,36,2,1,2,2
452,452,Zayan Magar,41,7,1,5,2
453,453,Yash Nair,64,5,1,2,1
454,454,Nitara Warrior,43,6,3,4,1
455,455,Shaurya Chander,59,8,3,5,2
456,456,Tarak Sabharwal,39,7,4,3,1
457,457,Ansh Maharaj,64,7,6,1,2
458,458,Jeevika Mistry,35,4,1,4,2
459,459,Elijah Dube,58,6,3,4,1
460,460,Saumya Sandal,60,1,1,3,2
461,461,Chatura Karpe,22,1,3,3,1
462,462,Aashi Lal,45,4,4,5,1
463,463,Anya Nazareth,38,3,5,4,2
464,464,Guneet Sarna,53,8,4,1,2
465,465,Matthew Gill,57,6,3,5,2
466,466,Aarnav Lal,27,6,4,4,2
467,467,Manthan Luthra,61,4,1,2,2
468,468,Sarthak Khosla,19,1,3,1,1
469,469,Advika Kuruvilla,54,2,4,5,1
470,470,Mohammed Bhatti,55,8,1,1,2
471,471,Dayita Krishnamurthy,24,4,1,3,1
472,472,Rachit Memon,30,6,1,1,1
473,473,Wyatt Tella,70,3,2,5,1
474,474,Rishi Vora,54,6,5,5,2
475,475,Unnati Dasgupta,35,7,1,1,1
476,476,Bakhshi Bose,67,4,5,4,2
477,477,Gaurika Sachdeva,40,2,6,4,1
478,478,Dalbir Bose,61,1,4,2,1
479,479,Yashasvi Divan,38,4,2,4,1
480,480,Geetika Khanna,44,5,3,3,2
481,481,Christopher Venkatesh,59,4,6,1,2
482,482,Harini Parekh,61,7,1,1,1
483,483,Bina Baria,61,2,2,1,1
484,484,Simon Kaur,19,8,1,2,1
485,485,Qabil Babu,62,1,1,2,2
486,486,Robert Gill,52,5,1,4,1
487,487,Mitali Dalal,63,7,3,1,2
488,488,Eshana Pathak,26,6,2,3,2
489,489,Nikita Dalal,28,1,4,4,1
490,490,Tarak Aurora,41,1,6,2,1
491,491,Yashodhara Magar,38,8,6,3,2
492,492,Falan Bumb,65,8,4,5,1
493,493,Sudiksha Reddy,20,6,4,3,2
494,494,Logan Rau,33,6,5,4,1
495,495,Samaksh Setty,61,5,5,5,2
496,496,Advaith Jayaraman,45,8,4,5,2
497,497,Tejas Sem,42,4,5,5,1
498,498,Girindra Sankar,38,4,1,4,1
499,499,Xalak Varghese,62,1,4,5,1
500,500,Vincent Zacharia,57,5,4,5,2
501,501,Arin Tailor,42,7,3,2,2
502,502,Pranit Kapur,63,6,4,2,2
503,503,Mitali Shan,39,6,3,3,2
504,504,Zashil Tripathi,42,1,3,3,2
505,505,Praneel Keer,61,5,2,4,2
506,506,Atharv Seth,45,1,3,5,1
507,507,Leena Doctor,41,7,6,5,2
508,508,Madhavi Raj,60,3,1,4,2
509,509,Amrita Krishnamurthy,41,4,2,1,1
510,510,Harshil Oak,34,2,2,2,1
511,511,Lopa Ganesh,33,5,2,1,1
512,512,Harsh Kapoor,22,7,6,4,2
513,513,Ekani Sura,62,2,4,1,1
514,514,Champak Issac,41,7,1,4,1
515,515,Eshana Memon,64,2,1,1,2
516,516,Wazir Sandhu,61,6,5,1,1
517,517,Jalsa Dayal,65,5,3,3,1
518,518,Ati Misra,51,7,6,4,2
519,519,Jagat Butala,24,5,4,1,1
520,520,Warjas Deep,49,8,1,3,1
521,521,Harish Mander,24,8,6,2,2
522,522,Jyoti Mani,44,3,4,5,2
523,523,Zinal Konda,63,2,6,4,1
524,524,Inaya Srinivasan,26,5,6,3,2
525,525,Wridesh Chaudry,49,2,6,2,1
526,526,Qabil Gera,34,5,4,1,1
527,527,Amara Sahni,66,1,5,2,1
528,528,Rachit Ghosh,19,8,1,2,2
529,529,Chatura Guha,69,6,4,3,2
530,530,Darsh Baria,40,3,3,4,1
531,531,Ekani Choudhary,66,1,1,3,1
532,532,Rushil Sridhar,70,1,1,5,2
533,533,Upma Butala,41,8,5,1,2
534,534,Liam Bera,36,1,3,2,1
535,535,Yuvraj Hora,40,6,1,1,1
536,536,Bhavani Bajaj,33,8,3,2,2
537,537,Inaya Rai,28,6,6,4,2
538,538,Jagat Dhar,65,8,2,2,2
539,539,Falan Dugal,70,4,6,3,2
540,540,Ojas Bhat,40,1,5,4,2
541,541,Zaid Bhargava,20,4,5,4,1
542,542,Pallavi Morar,25,2,4,1,1
543,543,Orinder Koshy,44,7,1,1,1
544,544,Shivani Rastogi,41,1,3,3,1
545,545,Nilima Sethi,22,4,3,5,2
546,546,Ryan Rattan,22,7,3,4,1
547,547,Samarth Dara,25,5,6,3,2
548,548,Neha Sachdeva,33,5,4,5,2
549,549,Aarush Murty,46,7,2,3,1
550,550,Rushil Sheth,38,1,2,4,1
551,551,Amaira Kothari,22,6,4,2,1
552,552,Ekalinga Lalla,67,3,1,3,1
553,553,Hitesh Chakraborty,65,4,6,1,2
554,554,Yashoda Balasubramanian,69,7,2,3,1
555,555,Chakradhar Sahota,51,3,5,1,2
556,556,Yasti Tata,58,8,3,2,1
557,557,Isaiah Pant,27,7,3,3,2
558,558,Krisha Rajagopal,21,3,1,3,1
559,559,Harsh Raju,47,8,6,4,2
560,560,Amaira Warrior,28,8,5,3,2
561,561,Sai Bir,34,4,3,5,2
562,562,Harita Grover,63,6,5,3,1
563,563,Jagvi Mallick,22,6,2,5,1
564,564,Upma Sule,34,1,1,1,2
565,565,Upkaar Narain,41,7,5,5,2
566,566,Advika Murthy,62,7,1,1,2
567,567,Megha Johal,58,5,4,1,2
568,568,Laban Misra,53,1,4,5,1
569,569,Akshay Mukhopadhyay,69,5,1,3,1
570,570,Pavani De,34,2,3,5,1
571,571,Omya Nayar,47,8,5,4,1
572,572,Vanya Som,48,2,6,5,1
573,573,Zansi Rama,58,7,6,3,1
574,574,Vasana Talwar,60,5,6,1,2
575,575,Nilima Lall,65,5,3,3,1
576,576,Vedant Sani,59,1,2,5,2
577,577,Viraj Thakur,18,1,3,2,1
578,578,Aachal Mody,36,8,2,5,2
579,579,Vyanjana Chad,50,6,2,3,2
580,580,Omkaar Bora,50,5,5,1,2
581,581,Balendra Chawla,41,3,3,3,1
582,582,Prisha Bera,25,3,3,3,1
583,583,Darsh Mohan,40,6,5,3,2
584,584,Lakshmi Krishnan,48,6,2,1,2
585,585,Shivansh Gera,31,3,1,2,2
586,586,Dev Vig,51,2,4,4,2
587,587,Jairaj Apte,66,3,4,5,2
588,588,Eiravati Kohli,39,4,1,3,2
589,589,Anay Shankar,47,4,2,4,2
590,590,Raksha Borde,61,8,6,4,2
591,591,Agastya Ramaswamy,34,7,3,2,2
592,592,Benjamin Virk,44,6,6,1,1
593,593,Alexander Wable,65,2,6,4,1
594,594,Kamala Sanghvi,25,5,2,3,1
595,595,Lajita Aurora,33,2,2,4,2
596,596,Tanmayi Mannan,18,6,6,4,2
597,597,Gopal Dhillon,54,4,6,2,1
598,598,Henry Pal,67,2,3,3,1
599,599,Mohini Kanda,58,3,1,4,1
600,600,Dalbir Chakraborty,67,4,1,1,1
601,601,Dominic Bhargava,54,4,3,4,1
602,602,Bachittar Shere,22,5,5,1,1
603,603,Arya Sodhi,41,7,6,5,1
604,604,Ekapad Sidhu,34,8,3,4,2
605,605,Sara Hari,41,4,6,1,1
606,606,Ganga Natt,48,2,1,2,1
607,607,Aditya Bandi,60,8,6,4,1
608,608,Anirudh Dhar,29,5,2,2,1
609,609,Fitan Deshmukh,18,2,5,1,2
610,610,Azad Sarma,18,3,1,2,2
611,611,Daksha Arora,21,8,5,3,1
612,612,Timothy Nayar,41,1,2,5,2
613,613,Nikita Sur,28,5,5,1,2
614,614,Reva Sood,50,5,6,3,2
615,615,Naksh Natt,24,2,2,1,2
616,616,Mahika Gour,66,5,2,2,2
617,617,Darika Narayanan,46,6,2,3,1
618,618,Ishani Konda,65,4,5,2,2
619,619,Laban Ahuja,40,8,6,2,1
620,620,Irya Verma,50,7,6,4,1
621,621,Aarav Saxena,63,1,6,3,1
622,622,Ira Vohra,27,4,3,2,2
623,623,Ubika Singhal,38,7,2,4,1
624,624,Ekalinga Prashad,63,2,6,1,1
625,625,Yoshita Devi,31,3,1,3,1
626,626,Arunima Mallick,48,3,6,2,1
627,627,Widisha Parmer,20,5,3,1,2
628,628,Gautami Batta,30,2,5,3,1
629,629,Neel Chakraborty,61,6,6,3,1
630,630,Vidhi Atwal,18,5,1,1,2
631,631,Bhavini Kumar,26,5,4,4,2
632,632,Ranveer Dayal,33,2,3,3,2
633,633,Waida Chaudhari,22,2,5,1,1
634,634,Dakshesh Patla,61,6,6,5,2
635,635,Unni Ramakrishnan,21,4,6,3,1
636,636,Anika Ramaswamy,67,5,5,4,2
637,637,Anthony Wason,32,6,6,3,2
638,638,Lakshmi Ranganathan,68,2,6,4,2
639,639,Bhavika Ben,62,6,6,5,2
640,640,Thomas Shankar,70,5,6,1,2
641,641,Naksh Kadakia,49,8,3,2,1
642,642,Kevin Sani,33,2,1,3,1
643,643,Chakradhar Parikh,30,5,1,3,2
644,644,Dayamai Grewal,33,4,1,3,2
645,645,Mitali Wadhwa,35,2,2,1,1
646,646,Joshua Prakash,37,4,6,5,2
647,647,Yashica Palla,22,2,1,4,2
648,648,Jeet Dugal,42,6,1,5,2
649,649,Ekta Savant,47,6,5,1,2
650,650,Mitesh Pal,70,7,3,2,1
651,651,Anya Cheema,45,3,1,3,2
652,652,Veer Solanki,63,4,5,5,1
653,653,Janaki Nagar,35,2,6,4,2
654,654,Anita Badal,40,3,1,5,2
655,655,Nathan Aurora,70,8,6,2,2
656,656,Nitesh Sandhu,49,6,3,2,2
657,657,Sarthak More,69,6,6,5,2
658,658,Arjun Palla,47,4,4,4,1
659,659,Radhika Taneja,24,7,3,4,2
660,660,Pooja Bandi,21,3,3,5,2
661,661,Ucchal Sastry,29,4,6,3,1
662,662,Unnati Anand,33,4,5,2,2
663,663,Turvi Sachdev,48,4,2,5,1
664,664,Adweta Master,30,7,3,2,2
665,665,Madhav Kapur,20,1,1,5,1
666,666,Nakul Chawla,40,7,5,3,1
667,667,Reyansh Mangat,55,7,3,4,1
668,668,Chasmum Mall,58,6,6,2,2
669,669,Ranveer Narayanan,60,4,5,2,1
670,670,Chaman Goswami,62,4,4,1,2
671,671,Qadim Lanka,38,8,6,2,2
672,672,Chandresh Dua,70,7,6,5,2
673,673,Champak Gade,52,4,5,1,1
674,674,Nandini Chokshi,31,2,2,2,2
675,675,Advaith Sarma,18,1,6,1,1
676,676,Vinaya Garde,63,8,1,2,2
677,677,Chaman Shanker,42,1,1,3,1
678,678,Brinda Ben,64,5,2,5,1
679,679,Vamakshi Tandon,50,7,3,2,2
680,680,Ridhi Dube,21,6,1,4,2
681,681,Yug Sunder,23,8,2,4,1
682,682,Yochana Barman,43,6,1,1,2
683,683,Hemang Krishnamurthy,21,8,6,5,1
684,684,Lipika Kumar,54,7,6,1,1
685,685,Aarav Zacharia,52,5,5,5,2
686,686,Ojas Anne,55,4,3,4,2
687,687,Sara Taneja,44,7,2,2,2
688,688,Qasim Sethi,35,6,3,1,2
689,689,Mohini Palla,22,3,5,1,1
690,690,Rajata Konda,48,3,6,2,1
691,691,Samarth Chhabra,55,7,1,1,2
692,692,Kashish Minhas,23,7,1,1,2
693,693,Hemang Choudhary,21,2,3,1,2
694,694,Lipika Ratti,59,4,4,4,2
695,695,Chaman Gole,40,7,5,4,2
696,696,Urishilla Sekhon,69,5,6,2,2
697,697,Ijaya Hegde,38,3,2,5,2
698,698,Praneel Madan,32,6,1,2,2
699,699,Yagnesh Karan,30,4,6,5,1
700,700,Ishaan Rau,21,3,6,1,1
701,701,Ikbal Acharya,40,6,3,3,1
702,702,Hardik Zachariah,57,3,2,2,1
703,703,Harish Lata,47,8,2,1,1
704,704,Pranav Badal,56,2,5,5,2
705,705,Samarth Morar,27,7,4,5,2
706,706,Raksha Randhawa,22,8,4,1,2
707,707,Nirja Shere,23,6,6,1,2
708,708,Advaith Narain,25,7,1,1,1
709,709,Jagrati Venkatesh,58,7,6,2,1
710,710,Idika Sagar,25,8,4,2,1
711,711,Harsh Parekh,67,5,1,1,2
712,712,Rachana Sen,18,4,5,1,2
713,713,Prisha Pradhan,45,7,4,2,2
714,714,Nitesh Mitra,27,5,6,3,1
715,715,Tanveer Menon,63,2,3,1,2
716,716,Eta Garde,60,5,6,5,1
717,717,Harsh Ganesan,63,2,6,3,2
718,718,Yatin Pal,26,1,6,2,1
719,719,Hiral Dey,50,4,4,3,2
720,720,Ekalinga Bhakta,34,1,5,3,2
721,721,Victor Pau,20,6,5,1,2
722,722,Samar Bansal,32,1,5,5,2
723,723,Qabil Sane,28,5,1,2,2
724,724,Dhriti Golla,53,4,5,4,2
725,725,Ishani Sandal,53,2,5,3,1
726,726,Varenya Savant,38,8,3,1,2
727,727,Anay Wali,40,8,6,3,2
728,728,Falguni Pall,65,4,1,5,1
729,729,Adweta Narasimhan,26,7,2,5,1
730,730,Yadavi Om,48,1,2,5,2
731,731,Sai Sidhu,24,6,3,3,2
732,732,Ucchal Arora,42,6,4,1,2
733,733,Divya Palla,51,5,4,4,1
734,734,Darsh Deshmukh,54,2,6,1,2
735,735,Neelima Dey,22,2,6,1,2
736,736,Ekanta Sani,37,5,1,1,2
737,737,Ladli Mannan,19,6,6,1,2
738,738,Hemal Krish,22,6,6,2,1
739,739,Baljiwan Gulati,68,4,5,2,2
740,740,Edhitha Kakar,38,2,5,2,1
741,741,Yashasvi Yadav,62,5,5,4,2
742,742,Bakhshi Jain,58,5,1,3,1
743,743,Abhiram Arora,57,6,2,5,2
744,744,Adweta Bir,22,5,3,4,2
745,745,Daksh Talwar,45,5,2,1,2
746,746,Samarth Goswami,25,3,4,5,2
747,747,Hardik Raj,21,5,1,4,2
748,748,Bakhshi Balay,31,5,3,5,2
749,749,Darpan Char,68,7,6,4,2
750,750,Ranveer Banerjee,40,3,4,1,2
751,751,Aryan Kulkarni,58,4,5,1,2
752,752,Jalsa Dhawan,70,7,4,4,2
753,753,Sanaya Som,53,2,2,5,1
754,754,Farhan Shroff,43,8,3,3,1
755,755,Onkar Sani,47,4,3,3,2
756,756,Devika Shan,18,2,3,5,1
757,757,Netra Wadhwa,38,1,3,5,1
758,758,Yamini Dugar,24,7,6,4,2
759,759,Akshay Parmer,56,2,2,4,1
760,760,Jairaj Krishnan,40,1,5,4,1
761,761,Chaitanya Rama,18,6,5,2,1
762,762,Jagat Chatterjee,52,4,1,2,2
763,763,Mason Badami,26,5,3,1,1
764,764,Bhanumati Mahajan,65,5,4,4,1
765,765,Lakshit Loke,36,3,2,3,1
766,766,Watika Lala,63,8,5,5,2
767,767,Abhiram Menon,27,6,3,4,1
768,768,Oscar Kanda,35,8,2,4,2
769,769,Ayushman Lalla,49,6,5,3,1
770,770,Aryan Chhabra,20,6,1,4,1
771,771,Nimrat Warrior,46,2,3,1,2
772,772,Yashodhara Ramanathan,36,4,3,4,2
773,773,Faris Dutta,42,5,6,4,1
774,774,Wahab Munshi,43,4,1,1,2
775,775,Michael Choudhry,62,8,6,2,2
776,776,Harrison Tailor,33,4,6,1,1
777,777,Umang Nazareth,66,2,4,4,2
778,778,Andrew Palan,40,3,5,4,2
779,779,Fitan Grewal,40,1,5,5,1
780,780,Chatresh Bhardwaj,34,8,4,1,1
781,781,Hardik Shukla,36,4,5,4,1
782,782,Bhavani Shukla,33,7,4,1,2
783,783,Upadhriti Choudhury,48,5,4,4,2
784,784,Vritti Dara,20,1,1,3,1
785,785,Indira Shroff,67,7,3,2,1
786,786,Mitali Sodhi,64,4,4,4,2
787,787,Maanav Rama,28,6,3,4,1
788,788,Isaiah Yohannan,50,5,1,4,2
789,789,Vamakshi Patla,48,6,2,4,1
790,790,Aarush Nanda,45,8,2,2,2
791,791,Saumya Tailor,69,6,5,4,1
792,792,Triya Dyal,23,6,6,3,2
793,793,Riya Chaudry,43,4,5,2,2
794,794,Guneet Sur,53,1,3,5,2
795,795,Tripti Golla,32,1,2,5,2
796,796,Quincy Varty,55,8,4,2,1
797,797,Omisha Devi,20,5,3,1,2
798,798,Vivaan Goda,49,7,2,1,1
799,799,Pushti Kurian,23,4,2,4,1
800,800,Aachal Dutt,22,3,4,2,1
801,801,Pranit Bhasin,55,5,4,5,2
802,802,Kamya Comar,66,3,1,2,1
803,803,Qarin Rao,25,4,5,5,2
804,804,Rishi Sehgal,44,3,2,3,2
805,805,Ridhi Dutta,51,7,4,3,1
806,806,Theodore Kar,60,7,2,4,1
807,807,Jeremiah Sani,33,5,4,3,2
808,808,Yashasvi Saran,20,1,6,2,1
809,809,Kamya Mistry,42,5,2,4,2
810,810,Ishita Bhavsar,58,6,2,4,1
811,811,Nidhi Thaman,41,8,4,4,2
812,812,Yatin Ramesh,57,2,4,5,1
813,813,Dakshesh Sawhney,37,6,6,1,2
814,814,Rudra Borra,23,8,2,1,1
815,815,Sanya Borra,25,5,4,3,2
816,816,Lucky Bal,45,7,3,2,1
817,817,Ojas Cherian,58,2,6,1,2
818,818,Triya Dey,60,7,5,3,1
819,819,Aachal Nagy,68,6,1,5,2
820,820,Girish Parmar,58,7,2,4,1
821,821,Onveer Nagi,26,6,1,2,2
822,822,Nathan Gera,47,2,5,5,2
823,823,Zayan Gole,58,2,4,1,1
824,824,Onkar Sawhney,31,3,6,2,1
825,825,Anirudh Kata,18,4,4,1,2
826,826,Abdul Batra,38,3,2,3,1
827,827,Kai Raman,31,1,4,1,2
828,828,Samesh Hora,54,4,1,4,1
829,829,Ronith Sharaf,69,8,5,1,1
830,830,Azad Sami,34,5,3,4,2
831,831,Qadim Barman,32,5,6,1,2
832,832,Faras Taneja,34,8,4,5,1
833,833,Umang Radhakrishnan,61,6,1,5,1
834,834,Harinakshi Karan,43,8,1,2,2
835,835,Adweta Sane,35,8,6,5,1
836,836,Ojasvi Kunda,58,8,4,3,2
837,837,Jhalak Mishra,66,1,6,5,1
838,838,Warinder Patla,60,7,4,1,2
839,839,Ria Kakar,39,6,6,4,2
840,840,Yauvani Seth,50,8,1,5,2
841,841,Samesh Sachdeva,69,2,4,3,1
842,842,Tamanna Bhargava,22,6,4,5,2
843,843,Mitesh Sahota,37,7,3,1,1
844,844,Onveer Ravel,55,5,2,2,2
845,845,Isaiah Mandal,54,4,1,4,1
846,846,Aarna Wali,60,5,5,1,1
847,847,Charles Chauhan,27,1,3,1,2
848,848,Saumya Batra,36,7,2,3,2
849,849,Azaan Varghese,63,2,6,4,2
850,850,Gaurang Borra,31,7,3,3,2
851,851,Jagdish Shan,44,1,2,4,2
852,852,Kashvi Kale,24,2,3,5,1
853,853,Amaira Seth,57,5,2,4,2
854,854,Brijesh Pandey,60,2,3,2,1
855,855,Yuvraj Vasa,65,1,1,4,2
856,856,Chandresh Kunda,49,4,2,4,2
857,857,Peter Gulati,65,1,5,5,1
858,858,Mugdha Varma,66,2,4,4,1
859,859,Chandran Virk,46,8,2,5,2
860,860,Aayush Bhavsar,58,8,1,4,2
861,861,Ekanta Doshi,52,6,4,3,2
862,862,Vivaan Nayar,50,8,6,3,1
863,863,Saumya Rege,68,7,5,5,2
864,864,Aarini Dara,57,2,2,3,1
865,865,Gabriel Gola,61,1,2,2,1
866,866,Qarin Memon,27,7,1,2,2
867,867,Faraj Bora,60,7,2,4,2
868,868,Girish Nagi,21,4,3,5,1
869,869,Bhavani Apte,62,1,4,4,2
870,870,Naveen Baral,52,2,2,4,1
871,871,Warjas Oommen,34,1,1,3,2
872,872,Rachana Sura,54,1,4,2,1
873,873,Ryan Dhillon,51,7,2,2,2
874,874,Andrew Murthy,22,5,5,1,1
875,875,Arya Minhas,26,8,6,3,1
876,876,Ethan Nori,70,8,1,2,2
877,877,Nikita Gole,38,4,3,4,2
878,878,Zansi Rattan,43,5,6,2,1
879,879,Jai Apte,64,5,5,4,1
880,880,Manya Barman,54,2,3,5,2
881,881,Eiravati Mangal,68,5,3,5,1
882,882,Bhanumati Mandal,46,1,5,3,1
883,883,Azaan Sem,69,2,5,3,2
884,884,Avi Bobal,49,2,3,3,1
885,885,David Prakash,58,3,3,2,1
886,886,Gunbir Nagarajan,40,3,6,3,1
887,887,Robert Naidu,63,3,4,4,1
888,888,Harish Grewal,47,7,1,1,2
889,889,Nidhi Mann,51,6,5,1,1
890,890,Reva Solanki,63,2,6,4,1
891,891,Chaaya Devi,44,8,1,5,2
892,892,Saanvi Naik,61,7,2,4,2
893,893,Faqid Sachdeva,66,7,3,5,1
894,894,Krishna Mani,21,5,4,3,2
895,895,Qushi Dutta,70,2,3,3,1
896,896,Ekavir Mandal,59,8,4,5,2
897,897,Bakhshi Murty,57,5,5,3,1
898,898,Chaman Kalita,29,4,5,3,2
899,899,Harinakshi Kari,41,1,5,2,2
900,900,Orinder Edwin,34,6,3,5,1
901,901,Ryan Kumer,26,7,2,2,1
902,902,Sachi Luthra,50,7,2,4,1
903,903,Kevin Amble,28,6,4,2,1
904,904,Mohini Naidu,51,4,5,2,1
905,905,Geetika Verma,57,1,6,5,2
906,906,Lavanya Pandit,69,8,2,1,1
907,907,Pooja Badal,25,2,5,1,1
908,908,Darsh Ghose,51,2,1,5,2
909,909,Vedhika Sur,66,6,1,2,2
910,910,Irya Purohit,49,3,4,2,1
911,911,Aarav Ganguly,22,1,3,5,2
912,912,Utkarsh Char,44,6,2,2,1
913,913,Amara Virk,54,5,6,3,2
914,914,Thomas Ganguly,25,3,4,4,2
915,915,Leena Rau,68,6,2,3,2
916,916,Janaki Oak,45,6,3,4,1
917,917,Yadavi Bala,44,1,4,3,1
918,918,Sanya Naidu,24,7,2,4,1
919,919,Balveer Sethi,24,3,1,4,2
920,920,Nirja Jha,39,2,3,2,1
921,921,Gauri Chakrabarti,60,4,1,2,2
922,922,Kevin Kanda,37,4,5,4,2
923,923,Suhani Batra,49,1,2,5,1
924,924,Sanaya Arya,40,2,5,1,2
925,925,Bachittar Parmar,28,1,4,2,2
926,926,Devansh Morar,48,2,4,3,2
927,927,Rushil Rattan,62,7,1,5,2
928,928,Shravya Sekhon,43,5,4,4,2
929,929,Krish Nagar,21,4,2,5,2
930,930,Sathvik Barad,59,6,6,5,1
931,931,Gautam Prashad,23,6,4,2,1
932,932,Arjun Shukla,26,5,5,4,2
933,933,Neel Gandhi,43,4,6,2,2
934,934,Shivani Mani,20,5,2,3,2
935,935,Tripti Dasgupta,58,3,4,5,1
936,936,Pallavi Kant,42,4,6,2,1
937,937,Ekbal Narang,22,6,2,1,2
938,938,Jalsa Saraf,44,1,3,2,1
939,939,George Misra,59,4,1,5,2
940,940,Mohini Srivastava,41,2,1,3,1
941,941,Vasatika Master,63,5,3,2,1
942,942,Ekanta Mangal,57,1,6,3,2
943,943,Yadavi Behl,57,4,5,1,2
944,944,Veer Sant,38,7,4,5,2
945,945,Priya Hora,43,6,3,5,2
946,946,Gautami Nayak,38,1,3,3,2
947,947,Balhaar Chauhan,51,7,1,2,2
948,948,Kabir Deshmukh,37,2,6,4,1
949,949,Aahana Warrior,57,3,6,5,1
950,950,Nisha Mander,65,6,1,3,1
951,951,Yug Sarkar,35,3,5,1,2
952,952,Leela Raval,61,6,6,3,2
953,953,Bhavya Sathe,56,8,5,2,1
954,954,Hamsini Soman,60,3,1,3,2
955,955,Faras Sagar,29,2,6,4,2
956,956,Ladli Bhargava,21,8,3,1,2
957,957,Chameli Sathe,20,1,4,2,1
958,958,Triveni Dewan,19,4,6,2,2
959,959,Tejas Narasimhan,40,6,3,4,2
960,960,Inaya Bala,33,1,5,1,2
961,961,Oni Subramaniam,51,2,1,5,1
962,962,Baljiwan Borah,24,5,4,2,2
963,963,Maanas Dara,40,2,5,5,2
964,964,Ekiya Srivastava,23,6,6,4,2
965,965,Dayamai Babu,34,2,6,4,2
966,966,Vedhika Borde,68,3,4,2,2
967,967,Ladli Das,44,3,1,4,2
968,968,Fitan Nayak,47,5,1,2,1
969,969,Devika Borde,37,7,1,3,1
970,970,Anya Verma,36,1,6,1,1
971,971,Madhav Gour,53,5,1,2,1
972,972,Anvi Choudhry,52,3,5,4,2
973,973,Nikita Ganguly,56,5,2,5,2
974,974,Pratyush Gill,59,4,3,4,1
975,975,George Barad,67,2,3,3,2
976,976,Karan Amble,19,1,5,1,2
977,977,Forum Kibe,53,2,2,2,2
978,978,Suhani Mani,28,5,5,4,2
979,979,Ucchal D’Alia,27,3,2,1,2
980,980,Arunima Grover,25,4,1,1,1
981,981,Lipika Narula,48,1,4,5,2
982,982,Sachi Sachdeva,23,2,5,1,1
983,983,Varenya Rastogi,42,4,6,5,2
984,984,Pranit Naidu,65,1,6,1,2
985,985,Indrajit Narayanan,28,4,6,3,2
986,986,Nicholas Mall,27,4,1,4,2
987,987,Radhika Ramanathan,24,6,6,1,2
988,988,Jagdish Parmer,28,5,1,3,2
989,989,Meghana Kant,68,4,2,3,2
990,990,Ishita Amble,18,8,5,2,2
991,991,Qarin Om,19,1,4,2,1
992,992,Luke Karan,66,2,3,1,1
993,993,Bhavna Konda,60,4,3,1,2
994,994,Ekalinga Dass,21,7,2,2,2
995,995,Kevin Korpal,65,3,6,3,1
996,996,Jatin Zacharia,64,2,3,3,1
997,997,Thomas Tank,30,8,3,1,2
998,998,Sudiksha Nayar,62,3,3,4,1
999,999,Lajita Joshi,59,7,3,1,2
1000,1000,Guneet Maharaj,44,8,4,5,1
1001,1001,Jasmit Ramanathan,35,4,1,1,1
1002,1002,Nathaniel Gala,46,7,3,3,1
1003,1003,Eta Rajagopal,50,8,3,5,1
1004,1004,Omisha Tailor,26,2,1,4,1
1005,1005,Brinda Tak,26,8,4,1,1
1006,1006,Girik Master,49,4,4,1,1
1007,1007,Megha Sura,57,4,1,5,1
1008,1008,Avi Bawa,58,4,3,3,1
1009,1009,Yashodhara Ganesan,30,1,6,4,2
1010,1010,Advika Pingle,42,3,1,1,2
1011,1011,Garima Manne,54,3,6,4,2
1012,1012,Ijaya Ravi,45,5,3,1,2
1013,1013,Vansha Mukherjee,49,5,5,1,1
1014,1014,Adweta Banik,43,1,2,5,1
1015,1015,Zaitra Ramachandran,19,4,4,5,1
1016,1016,Rushil Dutta,34,5,3,5,1
1017,1017,Yatin Patla,51,6,4,5,2
1018,1018,Vedhika Joshi,56,5,4,4,1
1019,1019,Varenya Rajagopalan,43,1,5,5,2
1020,1020,Aayush Sibal,51,4,6,3,2
1021,1021,Logan Nagar,40,1,5,2,1
1022,1022,Lohit Mallick,70,1,6,1,2
1023,1023,Jai Soman,48,5,1,3,1
1024,1024,Max Edwin,67,2,5,4,2
1025,1025,Faqid Kuruvilla,48,2,3,3,1
1026,1026,Yagnesh Sama,61,5,1,2,2
1027,1027,Nandini Palla,47,7,6,5,1
1028,1028,Neha Sodhi,70,1,3,4,2
1029,1029,Pallavi Patla,33,8,2,1,2
1030,1030,Aishani Ganesan,26,3,3,4,1
1031,1031,Arjun Nigam,33,5,3,3,1
1032,1032,Gaurav Bhardwaj,40,6,1,2,2
1033,1033,Oscar Vyas,48,1,2,1,2
1034,1034,Thomas Sawhney,58,5,6,3,2
1035,1035,Chavvi Shanker,21,7,5,4,1
1036,1036,Yash Anand,41,6,3,4,2
1037,1037,Girindra Dash,25,5,2,2,2
1038,1038,Guneet Upadhyay,59,7,3,5,1
1039,1039,Neel Sharaf,31,3,1,1,2
1040,1040,Robert Sem,62,6,3,3,1
1041,1041,Max Saraf,61,7,5,1,2
1042,1042,Ridhi Chopra,27,1,3,5,2
1043,1043,Caleb Agrawal,26,4,6,3,1
1044,1044,Andrew Dasgupta,25,2,1,3,1
1045,1045,Balendra Tak,31,4,6,1,1
1046,1046,Benjamin Arya,34,1,3,2,1
1047,1047,Siya Patla,55,2,3,4,1
1048,1048,Waida Joshi,42,6,1,2,2
1049,1049,Irya Varkey,59,8,5,1,2
1050,1050,Triveni Solanki,43,4,2,5,2
1051,1051,Jalsa Balay,66,2,3,2,1
1052,1052,Vrishti Dhar,59,6,5,4,1
1053,1053,Indali Choudhary,22,2,4,5,2
1054,1054,Farhan Chaudhry,47,5,5,4,2
1055,1055,Hemangini Choudhry,56,1,4,4,1
1056,1056,Aashi Sankar,46,3,3,1,2
1057,1057,Dhriti Kannan,19,3,2,1,2
1058,1058,Lekha Chandran,54,6,4,5,1
1059,1059,Pavani Kurian,34,5,1,1,1
1060,1060,Raagini Khosla,49,1,3,2,1
1061,1061,Balvan Morar,55,3,2,5,1
1062,1062,Urishilla Pathak,55,8,1,2,1
1063,1063,Bhavika Kuruvilla,44,8,1,3,1
1064,1064,Balvan Dugar,29,3,6,4,2
1065,1065,Devansh Seth,22,8,3,4,2
1066,1066,Guneet Koshy,58,3,4,4,2
1067,1067,Kashvi Hegde,32,3,6,2,2
1068,1068,Christopher Garde,57,2,6,4,1
1069,1069,Tripti Pall,62,8,2,2,1
1070,1070,Kevin Sekhon,68,6,1,2,1
1071,1071,Janaki Keer,67,7,2,4,2
1072,1072,Advik Shukla,44,3,4,2,1
1073,1073,Tanmayi Comar,52,4,6,5,2
1074,1074,Tara Ahuja,22,7,2,2,2
1075,1075,Ishwar Grewal,40,8,1,5,2
1076,1076,Krish Ratti,23,7,1,4,1
1077,1077,Rohan Vohra,37,1,6,4,2
1078,1078,Chameli Raman,18,2,5,2,2
1079,1079,Kavya Grewal,36,2,3,2,2
1080,1080,Lipika Munshi,61,6,5,5,1
1081,1081,Vasudha Bhardwaj,50,3,5,3,2
1082,1082,Avni Srinivasan,53,6,4,3,1
1083,1083,Neel Deshmukh,25,2,4,1,1
1084,1084,Faraj Tailor,40,6,3,2,1
1085,1085,Tejas Sura,68,1,4,3,2
1086,1086,Lopa Kapadia,30,3,2,1,2
1087,1087,Dayita Bhalla,46,6,2,3,2
1088,1088,Michael Subramaniam,22,8,6,3,1
1089,1089,Qarin Naidu,70,4,3,5,1
1090,1090,Guneet Johal,69,8,1,2,1
1091,1091,Janani Yohannan,31,8,1,1,2
1092,1092,Samuel Kale,43,6,4,2,1
1093,1093,Victor Bhat,38,8,4,1,2
1094,1094,Om Minhas,52,1,3,4,2
1095,1095,Nisha Panchal,18,3,5,3,2
1096,1096,Indali Hans,58,4,3,5,2
1097,1097,Leela Nagarajan,21,6,6,1,2
1098,1098,Amol Kashyap,38,6,1,3,2
1099,1099,Panini Goel,35,2,2,3,1
1100,1100,Urmi Prabhakar,51,3,4,4,1
1101,1101,Bhavani Krish,45,4,2,4,2
1102,1102,Shaurya Naidu,44,4,2,5,2
1103,1103,Anusha Deshpande,69,5,2,3,1
1104,1104,Hredhaan Shankar,39,8,5,2,2
1105,1105,Gayathri Ramanathan,46,1,6,1,2
1106,1106,Anmol Char,42,6,1,5,1
1107,1107,Veer Sundaram,37,5,3,4,2
1108,1108,Ganga Bhalla,39,5,5,2,1
1109,1109,Yauvani Panchal,22,8,3,2,2
1110,1110,Sathvik Agarwal,23,5,3,1,1
1111,1111,Oeshi Din,38,6,2,3,1
1112,1112,Matthew Hayre,32,1,6,5,2
1113,1113,Priya Ghose,54,2,3,2,1
1114,1114,Wriddhish Mangal,19,1,1,2,2
1115,1115,Vaishnavi Manda,28,4,4,2,2
1116,1116,Isha Buch,53,3,6,3,1
1117,1117,Bachittar Batra,45,7,4,4,1
1118,1118,Hema Gole,43,1,6,2,2
1119,1119,Yatan Morar,65,5,2,4,1
1120,1120,Pooja Bose,48,5,2,3,2
1121,1121,Yasti Sur,69,8,2,3,1
1122,1122,Kavya Badal,24,1,1,2,2
1123,1123,Ekalinga Kulkarni,27,5,1,1,1
1124,1124,Oliver Lal,58,8,4,3,1
1125,1125,Adweta Manda,18,8,1,1,1
1126,1126,Odika Mukherjee,47,7,5,5,2
1127,1127,Yoshita Prakash,34,5,5,4,2
1128,1128,Dalbir Virk,33,6,2,2,1
1129,1129,Aarna Rajan,20,5,5,4,1
1130,1130,Mohammed Sodhi,58,5,6,3,2
1131,1131,Ranveer Bhargava,45,5,3,3,1
1132,1132,Harish Batta,33,4,3,4,2
1133,1133,Damyanti Butala,58,7,2,2,1
1134,1134,Nathaniel Krishna,25,6,1,1,1
1135,1135,Lakshmi Raj,65,4,6,1,1
1136,1136,Tamanna Bawa,64,2,4,4,2
1137,1137,Jason Dhillon,53,3,2,3,2
1138,1138,Zaitra Ratta,20,6,4,5,2
1139,1139,Adya Seshadri,65,4,1,2,2
1140,1140,Raagini Desai,56,4,3,5,1
1141,1141,Lopa Ben,48,8,3,1,2
1142,1142,Yashodhara Badal,63,6,3,1,1
1143,1143,Wriddhish Parmer,37,4,1,1,2
1144,1144,Quincy Dutt,29,6,1,4,2
1145,1145,Pahal Sundaram,30,7,5,3,1
1146,1146,Avni Nanda,55,4,5,1,2
1147,1147,Yahvi Suresh,37,2,3,2,1
1148,1148,Gaurika Kapur,38,7,4,3,1
1149,1149,Wazir Anand,50,8,3,4,2
1150,1150,Jonathan Viswanathan,22,4,3,4,2
1151,1151,Abhiram Jani,46,7,4,3,2
1152,1152,Anjali Saha,65,3,4,1,2
1153,1153,Lakshit Tandon,64,8,5,3,2
1154,1154,Yachana Patla,67,4,2,4,2
1155,1155,Qabil Saha,36,6,4,4,1
1156,1156,Bhavya Rana,46,7,4,4,1
1157,1157,Ekapad Dua,67,1,2,3,1
1158,1158,Anita Sarraf,70,5,6,2,1
1159,1159,Urishilla Tailor,58,6,1,5,2
1160,1160,Ubika Shukla,60,8,6,1,1
1161,1161,Kiaan Ghose,44,5,5,5,2
1162,1162,Kavya Sibal,44,5,2,1,1
1163,1163,Hemangini Sunder,45,3,2,3,2
1164,1164,Oliver Khare,66,4,5,2,1
1165,1165,Bina Dash,56,4,4,5,2
1166,1166,Bhanumati Pradhan,64,6,1,5,2
1167,1167,Anamika Bandi,49,5,1,4,1
1168,1168,Neelima Krish,43,4,5,5,2
1169,1169,Dalbir Sha,50,7,4,5,1
1170,1170,Anita Gupta,24,1,4,4,2
1171,1171,Advay Behl,24,5,3,2,2
1172,1172,Warjas Sinha,38,6,4,3,1
1173,1173,Jonathan Dave,38,1,4,1,2
1174,1174,Pratyush Prasad,18,3,5,3,1
1175,1175,Lavanya Sengupta,22,5,3,1,1
1176,1176,Watika Buch,26,4,3,1,2
1177,1177,Saanvi Gara,20,4,3,2,1
1178,1178,Oviya Subramanian,45,7,6,2,1
1179,1179,Qasim Chandra,69,6,4,3,2
1180,1180,Neel Ram,65,6,4,5,1
1181,1181,Anmol Ram,18,7,3,4,1
1182,1182,Mekhala Dhar,45,3,2,4,2
1183,1183,Isaiah Sampath,54,4,4,2,1
1184,1184,Nilima Pathak,27,7,1,4,2
1185,1185,Hemani Das,33,5,5,3,1
1186,1186,Sudiksha Chaudhry,18,2,2,3,1
1187,1187,Kai Kulkarni,49,4,4,5,1
1188,1188,Sara Rajan,19,5,6,4,2
1189,1189,Ati Kapur,33,3,4,2,1
1190,1190,Aishani Oak,30,6,5,5,2
1191,1191,Jagvi Mistry,20,7,2,5,1
1192,1192,Indali Sahota,61,6,4,2,1
1193,1193,Omaja Apte,50,4,5,4,1
1194,1194,Reva Prasad,54,3,6,3,2
1195,1195,Christopher Sarma,34,2,3,2,1
1196,1196,Vincent Hans,29,4,2,4,1
1197,1197,Ayaan Purohit,47,8,4,2,2
1198,1198,Gautam Deshpande,60,2,5,1,2
1199,1199,Harini Korpal,48,1,2,5,2
1200,1200,Kevin Patla,22,1,2,1,1
1201,1201,Bakhshi Chander,59,2,3,1,2
1202,1202,Urvi Ramanathan,62,3,3,3,1
1203,1203,Ekiya Brar,24,2,2,2,2
1204,1204,Nathaniel Aggarwal,59,4,2,1,2
1205,1205,Amruta Ravi,30,3,3,4,2
1206,1206,Charan Karpe,19,4,6,3,1
1207,1207,Pooja Bawa,46,4,6,3,2
1208,1208,Xiti Chaudhry,31,1,4,3,1
1209,1209,Ayaan Dayal,34,6,3,2,2
1210,1210,Harshil Oza,36,5,5,1,2
1211,1211,Dayita Goswami,61,6,5,2,1
1212,1212,Hiral Buch,26,4,5,3,2
1213,1213,Krisha Pathak,70,3,2,4,1
1214,1214,Aditya Bhatti,51,5,2,2,1
1215,1215,Lavanya Devi,24,3,5,5,1
1216,1216,Gaurangi Divan,38,8,6,3,1
1217,1217,Dominic Vig,57,1,1,1,1
1218,1218,Ekantika Sahni,50,3,5,5,1
1219,1219,Om Ganesan,53,5,4,5,2
1220,1220,Luke Babu,23,5,5,2,2
1221,1221,Patrick Kothari,23,2,2,1,1
1222,1222,Ekaja Kala,43,3,2,3,2
1223,1223,Vasana Kaul,55,5,1,4,1
1224,1224,Pallavi Mukherjee,64,1,3,4,1
1225,1225,Ekiya Bora,30,6,5,4,2
1226,1226,Max Mistry,56,8,5,3,1
1227,1227,Kashish Chahal,53,5,6,5,1
1228,1228,Dayita Kumar,44,5,5,5,1
1229,1229,Rachana Kashyap,37,3,6,4,1
1230,1230,Tara Sarin,64,7,4,5,2
1231,1231,Lekha Tella,52,2,3,1,2
1232,1232,Chandresh Kalita,44,2,4,4,1
1233,1233,Mahika Contractor,63,6,4,2,2
1234,1234,Osha Bath,64,8,2,4,2
1235,1235,Bakhshi Arora,18,4,2,3,1
1236,1236,Unnati Varty,61,8,5,3,2
1237,1237,Fariq Lad,36,8,6,4,2
1238,1238,Indali Pau,52,5,4,2,1
1239,1239,Ikshita Wadhwa,69,1,1,4,1
1240,1240,Warhi Srivastava,33,3,1,2,1
1241,1241,Maanas Lala,27,3,2,5,1
1242,1242,Dalbir Oommen,38,5,3,4,1
1243,1243,Krishna Mukherjee,21,7,2,4,2
1244,1244,Upkaar Badami,20,6,3,1,2
1245,1245,Netra Bhalla,60,6,3,2,2
1246,1246,Adweta Chaudry,25,5,1,2,2
1247,1247,Pranit Kalla,69,8,2,1,1
1248,1248,Baghyawati Mitter,58,2,5,2,2
1249,1249,Triya Keer,54,7,6,3,1
1250,1250,Leela Chada,45,7,1,4,1
1251,1251,Dev Bath,27,5,3,1,2
1252,1252,Naksh Murty,62,2,2,4,2
1253,1253,Libni Setty,25,6,3,1,2
1254,1254,Urmi Luthra,42,4,1,3,2
1255,1255,Aayush Rajan,41,5,1,5,2
1256,1256,Avi Walla,48,8,3,4,1
1257,1257,Ucchal Mital,24,7,1,4,2
1258,1258,Tristan Srivastava,34,5,5,1,1
1259,1259,Onkar Chander,48,2,4,4,1
1260,1260,Niharika Oommen,55,1,3,1,1
1261,1261,Aarav Bhakta,65,4,2,4,2
1262,1262,Max Hayre,55,2,4,5,1
1263,1263,Januja Chaudhuri,33,8,2,2,1
1264,1264,Kamala Lall,58,6,5,4,1
1265,1265,Mitali Dora,23,8,3,4,1
1266,1266,Christopher Chacko,62,7,4,2,2
1267,1267,Reyansh Wali,60,1,2,2,1
1268,1268,Nitara Patil,65,2,3,4,2
1269,1269,Tanay Bumb,69,7,6,4,2
1270,1270,Dominic Sachdev,43,6,1,2,1
1271,1271,Hemal Dey,54,3,6,2,2
1272,1272,Noah Grewal,33,2,5,2,1
1273,1273,Yashica Chowdhury,41,4,1,3,1
1274,1274,Frederick Nath,52,3,1,5,1
1275,1275,Guneet Doshi,46,4,4,5,1
1276,1276,Nitara Gokhale,31,5,3,1,1
1277,1277,Abeer Gill,38,1,5,5,2
1278,1278,Hiral Bir,36,8,2,3,2
1279,1279,Maya Sheth,58,2,1,5,2
1280,1280,Mitali Krish,60,5,2,2,2
1281,1281,Balveer Sodhi,68,6,5,2,1
1282,1282,Ekaraj Sarkar,66,2,2,3,2
1283,1283,Bachittar Varghese,21,1,4,1,1
1284,1284,Kai Khosla,32,8,1,4,1
1285,1285,Tanmayi Narayanan,34,1,6,1,1
1286,1286,Yuvraj Jhaveri,56,2,3,3,1
1287,1287,Aayush Balasubramanian,30,2,4,4,1
1288,1288,Zaitra Aggarwal,69,6,5,2,1
1289,1289,Nicholas Deol,33,3,1,1,2
1290,1290,Rushil Patla,21,5,6,2,2
1291,1291,Anya Wali,59,6,2,1,2
1292,1292,Pranav Kannan,35,6,1,4,2
1293,1293,Nisha Dhar,26,8,1,1,1
1294,1294,Balvan Chopra,68,6,2,2,1
1295,1295,Tara Sant,66,2,4,4,1
1296,1296,Unnati Cheema,30,4,3,1,1
1297,1297,Wahab Sibal,25,8,3,4,2
1298,1298,Neha Garde,28,8,1,5,1
1299,1299,Zaid Om,29,1,3,5,2
1300,1300,Kritika Sood,52,1,4,4,2
1301,1301,Aarnav Swamy,69,8,5,1,1
1302,1302,Kalpit Nath,34,3,4,1,2
1303,1303,Rohan Dutt,70,7,4,4,1
1304,1304,Nachiket Lala,54,2,5,2,2
1305,1305,Xavier Parikh,29,5,2,5,1
1306,1306,Upma Krishnamurthy,23,3,6,2,1
1307,1307,Girik Divan,43,4,6,5,1
1308,1308,Janya Raju,39,4,3,2,2
1309,1309,Jonathan Reddy,29,1,3,3,2
1310,1310,Nirja Banik,53,7,4,5,1
1311,1311,Sachi Prasad,70,6,1,2,2
1312,1312,Harini Chokshi,24,5,4,1,2
1313,1313,Rishi Khanna,69,3,5,3,1
1314,1314,Varsha Chada,25,2,4,5,2
1315,1315,David Ratta,69,2,6,4,2
1316,1316,Anika Swaminathan,59,6,4,3,1
1317,1317,Teerth Sethi,62,2,6,5,2
1318,1318,Eesha Srinivas,18,3,4,5,1
1319,1319,Nandini Bobal,61,1,1,2,2
1320,1320,Falan Ratti,22,7,1,5,1
1321,1321,Frado Chada,38,3,1,3,2
1322,1322,Bhavani Kara,43,1,6,5,1
1323,1323,Chatresh Narang,29,4,5,5,2
1324,1324,Bachittar Bumb,27,1,1,4,1
1325,1325,Aachal Ganesh,63,1,2,1,1
1326,1326,Isaiah Palla,18,4,3,3,1
1327,1327,Sachi Sampath,51,1,5,5,1
1328,1328,Janani Verma,59,7,6,5,2
1329,1329,Geetika Thakur,37,3,2,1,1
1330,1330,Edhitha Dhillon,37,7,6,3,2
1331,1331,Tristan Gandhi,18,2,1,1,1
1332,1332,Omya Lanka,48,3,4,5,2
1333,1333,Owen Kota,67,8,5,1,1
1334,1334,Tara Goswami,36,5,2,4,1
1335,1335,Yochana Kuruvilla,65,5,1,5,1
1336,1336,Krisha Krish,41,7,5,3,2
1337,1337,Omya Nayak,36,6,3,1,1
1338,1338,Ekansh Yadav,47,4,4,2,1
1339,1339,Vinaya Zacharia,43,1,6,2,1
1340,1340,Hamsini Dewan,24,3,4,3,1
1341,1341,Xavier Buch,66,6,3,3,2
1342,1342,Prisha Nigam,40,7,2,4,2
1343,1343,Niharika Gopal,39,4,5,5,1
1344,1344,Aachal Narayanan,52,2,1,1,1
1345,1345,Nihal Kumar,25,6,2,3,1
1346,1346,Balvan Memon,37,7,1,5,1
1347,1347,Viraj Wable,24,8,3,1,1
1348,1348,Pallavi Edwin,22,3,1,5,1
1349,1349,Daniel Chada,18,3,1,2,2
1350,1350,Gavin Prashad,39,7,6,5,2
1351,1351,Faqid Barad,18,7,3,5,2
1352,1352,Tara Bail,28,6,3,2,1
1353,1353,Chakrika Pandit,33,1,5,3,2
1354,1354,Krish Butala,44,1,1,5,2
1355,1355,Falan Ramesh,26,7,4,3,2
1356,1356,Vyanjana Merchant,32,6,4,4,2
1357,1357,Dakshesh Gulati,21,7,3,5,2
1358,1358,Vanya Nadig,19,6,4,1,1
1359,1359,Adweta Thakkar,34,3,1,4,1
1360,1360,Atharv Gandhi,41,3,1,2,1
1361,1361,Bimala Mody,59,2,5,5,2
1362,1362,Ekani Ramanathan,59,7,6,2,2
1363,1363,Vrinda Bhagat,52,5,1,2,1
1364,1364,Samesh Dutt,30,1,4,2,2
1365,1365,Zilmil Soman,51,4,2,2,2
1366,1366,Upkaar Borra,60,3,6,1,1
1367,1367,Azaan Guha,58,4,4,3,2
1368,1368,Ayush Tailor,29,1,5,1,1
1369,1369,Tarak Misra,48,5,5,1,2
1370,1370,Waida Grewal,45,8,4,3,2
1371,1371,Ishwar Salvi,58,3,5,1,1
1372,1372,Bachittar Kuruvilla,63,8,6,1,1
1373,1373,Kalpit Barad,54,4,6,4,1
1374,1374,Indrajit Luthra,24,6,1,5,1
1375,1375,Libni Balasubramanian,66,5,1,2,1
1376,1376,Mitali Tella,49,6,3,5,2
1377,1377,Irya Roy,46,6,2,5,1
1378,1378,Jeremiah Chaudhary,46,2,4,1,2
1379,1379,Ishaan Boase,24,1,2,4,1
1380,1380,Ganga Nayak,57,3,5,2,1
1381,1381,Vaishnavi Oza,33,1,6,1,1
1382,1382,Damini Shenoy,57,5,6,2,1
1383,1383,Gautam Saxena,33,1,1,5,2
1384,1384,Baghyawati Chana,21,2,3,4,1
1385,1385,Tanmayi Sodhi,58,8,6,2,2
1386,1386,Elijah Agate,25,8,4,5,1
1387,1387,Lakshmi Bumb,66,5,4,2,1
1388,1388,Upasna Dara,48,1,5,5,1
1389,1389,Gabriel Balasubramanian,32,1,3,1,1
1390,1390,Nisha Bahl,35,2,5,3,1
1391,1391,Ikbal Agarwal,61,3,4,5,2
1392,1392,Umang Gala,53,4,1,4,1
1393,1393,Daksha Zachariah,28,5,1,1,1
1394,1394,Megha Nadig,26,4,3,1,1
1395,1395,Rishi Mohanty,30,3,1,3,2
1396,1396,Kamya Savant,19,4,1,1,1
1397,1397,Jhalak Das,68,3,2,5,1
1398,1398,Mugdha Dutta,66,3,4,1,2
1399,1399,Devika Dhar,34,4,6,5,1
1400,1400,Ronith Dasgupta,32,4,3,3,2
1401,1401,Vidhi Arora,66,4,5,4,2
1402,1402,Lekha Zachariah,27,6,1,4,2
1403,1403,Vrishti Zacharia,29,7,3,3,2
1404,1404,Samarth Lall,30,6,2,5,2
1405,1405,Girindra Uppal,59,8,6,4,2
1406,1406,Udant Mishra,47,3,2,2,1
1407,1407,Manan Singh,20,5,4,5,2
1408,1408,Ekani Mangal,41,6,1,3,1
1409,1409,Madhav Sibal,44,2,4,4,2
1410,1410,Triya Jayaraman,43,7,2,4,2
1411,1411,Jatin Bandi,21,8,1,3,2
1412,1412,Janani Mammen,43,7,6,1,1
1413,1413,Gunbir Sachdeva,58,2,2,1,1
1414,1414,Ridhi Bhandari,69,8,3,4,1
1415,1415,Hemani Chahal,53,2,5,5,1
1416,1416,Sai Mahal,69,8,4,5,1
1417,1417,Avni Ramaswamy,28,7,6,5,2
1418,1418,Wahab Thaman,43,8,3,4,1
1419,1419,Daniel Kala,35,2,4,2,2
1420,1420,Wazir Ravel,66,4,2,4,1
1421,1421,Yutika Murthy,45,4,6,3,2
1422,1422,Azaan Biswas,42,7,4,5,2
1423,1423,Ishani Nayar,38,6,3,5,2
1424,1424,Vritti Chaudhuri,24,1,2,1,2
1425,1425,Nihal Deshmukh,62,8,5,1,1
1426,1426,Ikshita Rajan,62,2,1,1,2
1427,1427,Imaran Dalal,59,5,2,4,1
1428,1428,Yashoda Tandon,23,1,6,5,2
1429,1429,Jagrati Balasubramanian,45,5,6,4,2
1430,1430,Niharika Basak,44,6,6,5,1
1431,1431,Netra Apte,35,2,3,2,2
1432,1432,Luke Babu,37,3,3,2,2
1433,1433,Nandini Dasgupta,23,1,3,1,2
1434,1434,Darika Vig,44,5,4,4,1
1435,1435,Dev Patla,69,7,2,5,2
1436,1436,Madhavi Bandi,59,2,3,5,1
1437,1437,Ganga Issac,62,4,4,1,1
1438,1438,Aarna Kara,21,6,4,5,2
1439,1439,Matthew Modi,43,6,2,1,2
1440,1440,Brijesh Rajagopal,45,2,2,1,1
1441,1441,Barkha Palan,35,1,5,4,1
1442,1442,Quincy Dave,48,3,4,5,1
1443,1443,Yasti Sodhi,67,5,6,3,2
1444,1444,Farhan Dayal,57,8,6,4,2
1445,1445,Kabir Chandran,68,1,6,5,1
1446,1446,Triya Muni,66,3,1,5,2
1447,1447,Janani Karan,66,3,3,4,2
1448,1448,Upkaar Menon,69,2,4,3,1
1449,1449,Jeevika Dube,56,4,1,3,1
1450,1450,Naveen Ganesh,54,6,5,5,1
1451,1451,Jacob Muni,30,3,3,3,1
1452,1452,Shivani Purohit,40,8,1,2,2
1453,1453,Advika Kale,64,2,4,4,1
1454,1454,Indira Kata,23,2,6,5,1
1455,1455,Dayamai Sant,48,8,5,4,2
1456,1456,Lopa Keer,69,2,5,3,2
1457,1457,Aarna Ganesan,18,8,6,2,2
1458,1458,Mugdha Shenoy,23,7,5,1,2
1459,1459,Vedika Kurian,36,3,3,2,2
1460,1460,Falan Bumb,29,5,4,5,1
1461,1461,Gunbir Rajagopalan,51,5,1,2,2
1462,1462,Siya Golla,62,1,3,4,2
1463,1463,Janani Singh,20,5,6,4,2
1464,1464,Jack Nayak,49,3,1,1,1
1465,1465,Dev Banerjee,20,5,4,5,2
1466,1466,Lavanya Iyer,33,5,6,2,2
1467,1467,Lila Rajan,46,1,4,1,2
1468,1468,Omkaar Ahluwalia,32,6,5,1,2
1469,1469,Abhimanyu Prasad,23,6,2,2,1
1470,1470,Ladli Mitter,51,3,3,1,2
1471,1471,Tejas Goda,31,6,2,3,2
1472,1472,Saksham Manne,21,7,5,2,1
1473,1473,Laban Sunder,33,8,1,3,2
1474,1474,Falak Contractor,25,1,3,3,2
1475,1475,Kamya Madan,30,2,5,2,1
1476,1476,Gaurika Sant,67,8,1,4,2
1477,1477,Raghav Swamy,56,5,4,2,2
1478,1478,Aditya Natt,25,3,4,5,2
1479,1479,Banjeet Tandon,18,5,6,1,1
1480,1480,Yauvani Hayre,23,8,4,5,1
1481,1481,Advaith Gulati,43,3,3,5,2
1482,1482,Zilmil Nanda,48,2,2,4,2
1483,1483,Pallavi Bhagat,28,5,2,5,2
1484,1484,Alka Aggarwal,51,2,3,5,2
1485,1485,Sai Brar,31,3,3,4,1
1486,1486,Sachi Sunder,47,7,3,4,1
1487,1487,Yutika Devi,43,6,1,4,2
1488,1488,Yagnesh Bera,39,2,2,1,1
1489,1489,Ishwar Nanda,19,4,5,3,1
1490,1490,Jalsa Pal,35,1,5,3,1
1491,1491,Kala Mander,22,3,2,3,1
1492,1492,Bhavani Mukherjee,18,6,2,2,2
1493,1493,Rudra Om,41,1,5,5,1
1494,1494,Shravya Sankar,46,1,1,3,2
1495,1495,Vasudha Ranganathan,54,4,2,1,1
1496,1496,Barkha Patla,37,6,1,5,1
1497,1497,Ishani Amble,69,5,1,4,2
1498,1498,Ekani Dutt,44,3,1,4,2
1499,1499,Balendra Viswanathan,42,5,2,5,2
1500,1500,Bhavani Bava,36,3,6,1,2
1501,1501,Dev Walia,37,3,2,2,2
1502,1502,Abhiram Kaul,42,4,2,3,2
1503,1503,Aarini Sheth,25,7,6,3,2
1504,1504,Anjali Ganguly,60,2,5,2,2
1505,1505,Zaid Chanda,25,4,4,3,1
1506,1506,Kritika Apte,22,8,1,4,2
1507,1507,Liam Dhingra,57,2,4,5,1
1508,1508,Charles Kara,31,5,3,1,1
1509,1509,Falak Rajan,55,5,3,1,2
1510,1510,Advika Kumer,50,1,6,1,2
1511,1511,Bishakha Dora,51,6,4,2,2
1512,1512,George Wable,28,8,2,5,1
1513,1513,Vrishti Batta,33,4,6,5,2
1514,1514,Vritti Bassi,44,7,3,5,1
1515,1515,Gauri Deo,64,4,4,3,2
1516,1516,Timothy Baria,69,1,3,3,2
1517,1517,Barkha Sekhon,47,1,6,2,1
1518,1518,Gagan Gola,60,8,5,3,1
1519,1519,Omya Dhingra,58,5,3,5,2
1520,1520,Dipta Chowdhury,18,2,4,1,2
1521,1521,Leela Setty,50,5,1,3,1
1522,1522,Daksh Sathe,34,6,1,1,2
1523,1523,Ganga Choudhry,25,4,1,5,1
1524,1524,Udarsh Saha,42,1,4,1,2
1525,1525,Jagdish Ravi,65,3,3,4,1
1526,1526,Ridhi Bhat,33,4,6,5,2
1527,1527,Girindra Tak,34,4,1,4,2
1528,1528,Yug Borah,33,8,4,5,1
1529,1529,Charita Bassi,70,2,5,3,1
1530,1530,Abeer Lal,28,3,2,5,2
1531,1531,Jairaj Sarin,68,3,3,2,2
1532,1532,Hemangini Viswanathan,20,6,6,5,2
1533,1533,Nandini Mohan,41,8,1,2,1
1534,1534,Barkha Wali,60,4,2,1,2
1535,1535,Isaiah Suri,49,1,1,1,1
1536,1536,William Prakash,64,2,6,4,1
1537,1537,Aachal Sandhu,21,2,6,3,1
1538,1538,Faraj Korpal,62,8,2,1,1
1539,1539,Aradhana Swaminathan,52,8,6,4,1
1540,1540,Jyoti Das,45,6,2,4,2
1541,1541,Ridhi Sharma,60,7,1,5,1
1542,1542,Farhan Shanker,62,5,6,1,1
1543,1543,Indira Balay,63,5,2,2,2
1544,1544,Shravya Pandey,26,4,6,4,2
1545,1545,Darpan Bir,70,1,2,1,1
1546,1546,Ekavir Tiwari,49,7,5,1,2
1547,1547,Gaurav Nair,69,8,3,3,1
1548,1548,Chatresh Chanda,61,2,3,1,1
1549,1549,Zashil Ramachandran,21,6,4,1,1
1550,1550,Aashi Sodhi,52,7,6,1,1
1551,1551,Aashi Chada,30,5,1,5,2
1552,1552,Geetika Sarin,43,2,6,1,1
1553,1553,Logan Vasa,29,8,2,4,1
1554,1554,Harshil Mandal,66,3,4,4,1
1555,1555,Ranveer Dara,65,8,5,2,1
1556,1556,Damyanti Sarin,39,7,1,2,2
1557,1557,Lekha Shankar,47,7,6,1,1
1558,1558,Warinder Mann,22,1,1,2,2
1559,1559,Finn Kibe,60,5,5,5,1
1560,1560,Deepa Desai,53,5,1,5,2
1561,1561,Tejas Banik,23,4,6,2,2
1562,1562,Qasim Kanda,50,6,3,4,1
1563,1563,Tanmayi Kashyap,31,3,6,5,2
1564,1564,Dakshesh Pal,18,6,5,4,2
1565,1565,Oeshi Dass,70,7,6,4,1
1566,1566,Ati Parmer,62,4,5,4,1
1567,1567,Sathvik Pandya,28,5,6,5,2
1568,1568,Veer Ratti,60,5,3,1,1
1569,1569,Yadavi Shukla,38,4,2,3,2
1570,1570,Ekaja Dewan,39,6,4,3,2
1571,1571,William Cheema,29,4,1,1,2
1572,1572,Omisha Mishra,42,5,1,4,1
1573,1573,Upma Walia,36,4,2,3,1
1574,1574,Warhi Kumer,60,7,1,4,2
1575,1575,Advik Master,23,6,4,2,1
1576,1576,Pallavi Shetty,62,2,4,3,2
1577,1577,Tanay Yadav,65,6,4,4,2
1578,1578,Umang Barad,69,8,6,1,2
1579,1579,Udant Mand,29,7,1,3,1
1580,1580,Reyansh Cherian,52,4,5,4,1
1581,1581,Nirja Kari,30,1,4,2,2
1582,1582,Ekaja Loke,56,3,4,5,1
1583,1583,Balvan Shah,43,7,2,4,1
1584,1584,Neha Cherian,21,2,3,1,1
1585,1585,Aarini Mahajan,45,1,4,5,1
1586,1586,Xavier Dugar,35,6,6,4,1
1587,1587,Vasudha Kunda,46,4,1,5,1
1588,1588,Bhanumati Sibal,55,3,1,1,2
1589,1589,Yug Chacko,35,4,5,3,1
1590,1590,Rudra Dubey,59,5,6,5,1
1591,1591,Aarna Chopra,58,5,6,2,1
1592,1592,Alka Gade,34,2,3,5,1
1593,1593,Lucky Sachdev,46,5,6,1,1
1594,1594,Robert Palan,57,5,3,1,2
1595,1595,Gayathri Bala,35,8,6,2,1
1596,1596,Zehaan Mangal,30,1,5,4,1
1597,1597,Yasti Deshmukh,52,8,3,2,2
1598,1598,Logan Dara,31,3,6,3,1
1599,1599,Caleb Chanda,48,7,3,3,1
1600,1600,Daniel Kashyap,58,7,4,1,1
1601,1601,Prisha Chana,62,6,6,4,1
1602,1602,Ati Bajwa,68,5,1,4,2
1603,1603,Anika Balasubramanian,68,4,4,4,1
1604,1604,Jason Babu,36,3,1,3,2
1605,1605,Samuel Kade,64,4,2,5,1
1606,1606,Hemangini Dar,44,1,4,1,1
1607,1607,Isaac Bal,54,8,6,1,1
1608,1608,Unni Sengupta,50,8,1,4,2
1609,1609,Nisha Badami,66,1,2,3,2
1610,1610,Shaurya Borra,64,2,3,3,2
1611,1611,Barkha Bhavsar,47,3,6,2,1
1612,1612,Ikshita Varty,50,4,4,1,2
1613,1613,Bishakha Ramaswamy,62,8,4,2,1
1614,1614,Ekiya Batra,60,1,1,2,1
1615,1615,Bhavini Chhabra,25,6,5,1,2
1616,1616,Pushti Mann,55,2,3,5,1
1617,1617,Raagini Lata,57,1,3,2,1
1618,1618,Lopa Padmanabhan,41,6,4,4,1
1619,1619,Veda Goyal,56,1,1,5,2
1620,1620,Lipika Rai,29,3,4,4,2
1621,1621,Amara Sawhney,70,1,5,1,2
1622,1622,Yug Saxena,25,1,2,3,1
1623,1623,Yahvi Shanker,20,3,2,1,1
1624,1624,Kavya Thaker,27,2,3,2,2
1625,1625,Ikbal Thakur,53,2,4,5,1
1626,1626,Akshay Shenoy,40,5,5,2,1
1627,1627,Ladli Ramakrishnan,49,1,2,5,1
1628,1628,Meera Batra,24,4,1,1,2
1629,1629,Ekavir Swaminathan,40,7,3,5,2
1630,1630,Maanas Sidhu,38,6,4,2,1
1631,1631,Anya Banerjee,70,5,5,2,2
1632,1632,Ikbal Choudhury,55,5,3,3,1
1633,1633,Falan Malhotra,56,8,6,4,2
1634,1634,Ikshita Ranganathan,46,1,6,1,2
1635,1635,Lohit Narain,42,5,5,5,2
1636,1636,Maya Yadav,49,3,6,5,1
1637,1637,Karan Talwar,49,7,1,2,2
1638,1638,Lavanya Garg,51,4,3,3,1
1639,1639,Nikita Kalla,50,4,2,1,1
1640,1640,Chatresh Talwar,53,4,2,2,1
1641,1641,Jyoti Atwal,20,6,4,1,2
1642,1642,Alka Madan,66,1,6,2,2
1643,1643,Thomas Suri,69,5,5,5,2
1644,1644,Geetika Nagi,56,5,5,4,1
1645,1645,Ekapad Pal,27,4,5,4,2
1646,1646,Bhavna Sekhon,47,4,1,1,2
1647,1647,Manbir Sathe,49,3,6,5,1
1648,1648,Bahadurjit Raman,47,7,4,2,1
1649,1649,Zayan Kade,41,1,5,3,2
1650,1650,Naksh Shenoy,33,7,2,5,1
1651,1651,Tejas Baral,66,3,2,4,2
1652,1652,Bhanumati Rau,54,4,6,5,1
1653,1653,Kritika Pandya,54,3,4,3,1
1654,1654,Hritik Tata,65,2,2,4,1
1655,1655,Logan Chakrabarti,47,1,6,1,1
1656,1656,Jyoti Hora,65,1,4,4,2
1657,1657,Praneel Dhar,69,6,6,4,2
1658,1658,Michael Ganesan,58,8,1,4,1
1659,1659,Falguni Hora,55,5,5,2,2
1660,1660,Raagini Ramanathan,32,5,1,5,1
1661,1661,Prisha Gandhi,53,2,3,5,1
1662,1662,Vinaya Konda,51,3,2,3,2
1663,1663,Unni Goel,44,5,6,4,1
1664,1664,Omkaar Magar,45,2,5,3,1
1665,1665,Champak Zachariah,51,5,1,5,1
1666,1666,Samar Tak,25,2,3,2,1
1667,1667,Pranit Balasubramanian,68,5,2,2,2
1668,1668,Chakradev Goswami,21,2,1,4,1
1669,1669,Akshay Amble,41,6,2,3,1
1670,1670,Kashish Bora,54,3,5,2,1
1671,1671,Lohit Walia,25,6,3,4,1
1672,1672,Vivaan Dewan,45,2,2,1,1
1673,1673,Brijesh Gade,42,4,5,3,2
1674,1674,Avi Chaudhuri,52,1,6,4,2
1675,1675,Gauri Gulati,56,8,3,2,2
1676,1676,Chandani Chacko,51,5,5,2,2
1677,1677,Ayaan Sem,37,2,3,2,1
1678,1678,Bishakha Sachar,63,7,6,4,1
1679,1679,Anjali Menon,55,3,4,5,1
1680,1680,Warinder De,37,4,1,2,1
1681,1681,Devansh Bhatti,19,5,5,1,2
1682,1682,Aryan Morar,69,8,5,5,1
1683,1683,Anusha Nayak,22,7,2,4,2
1684,1684,Veda Barad,47,4,1,4,2
1685,1685,Kai Dua,70,8,2,4,1
1686,1686,Ira Gopal,64,3,6,4,1
1687,1687,Tara Garg,28,7,6,4,2
1688,1688,Leena Mangat,63,5,5,4,1
1689,1689,Sudiksha Ravel,34,1,4,5,1
1690,1690,Nirja Samra,29,5,1,4,1
1691,1691,Nandini Garg,49,5,1,3,2
1692,1692,Bina Din,39,7,4,5,1
1693,1693,Kritika Khanna,66,6,4,3,1
1694,1694,Oscar Kulkarni,23,3,6,1,1
1695,1695,Jagdish Lal,68,5,1,1,1
1696,1696,Ekta Hegde,26,8,4,3,2
1697,1697,Pavani Salvi,66,8,3,2,2
1698,1698,Amaira Sarma,34,3,1,2,1
1699,1699,Kiaan Chowdhury,55,6,5,5,1
1700,1700,Bhavika Chad,60,2,1,4,1
1701,1701,Anjali Shan,68,5,5,3,1
1702,1702,Madhavi Sawhney,21,7,3,2,1
1703,1703,Tejas Mahajan,23,8,4,1,2
1704,1704,Kiaan Wali,57,6,3,1,1
1705,1705,Gagan Bhandari,27,2,5,1,2
1706,1706,Hemang Vyas,29,1,4,3,2
1707,1707,Upma Setty,62,2,5,3,2
1708,1708,Ganga Mannan,63,4,2,3,1
1709,1709,Zansi Nori,65,6,5,3,1
1710,1710,Timothy Oak,58,4,2,1,1
1711,1711,Devika De,39,2,3,2,1
1712,1712,Nikita Bose,44,3,6,5,1
1713,1713,Bhavini Chaudry,50,3,2,2,2
1714,1714,Charvi Krish,70,3,5,1,1
1715,1715,Odika Tara,43,5,3,1,2
1716,1716,Zashil Jaggi,26,6,6,2,1
1717,1717,Rehaan Krish,59,6,5,2,2
1718,1718,Arin Dhar,62,5,6,4,1
1719,1719,Osha Mangal,62,2,2,4,2
1720,1720,Jalsa Tripathi,21,1,2,4,1
1721,1721,Chaaya Misra,50,4,6,4,1
1722,1722,Vinaya Pal,31,1,5,1,2
1723,1723,Dayita Bose,44,6,6,4,2
1724,1724,Odika Chaudhari,42,5,3,3,1
1725,1725,Hemani Mani,42,8,4,1,2
1726,1726,Idika Parmer,43,2,5,5,1
1727,1727,William Rama,45,4,6,5,1
1728,1728,Falan Vaidya,59,3,4,2,2
1729,1729,Devika Rama,60,3,3,5,2
1730,1730,Dalbir Palan,53,6,6,4,1
1731,1731,Nidra Anne,64,6,6,2,2
1732,1732,Advik Sachdev,42,7,2,1,2
1733,1733,Dhruv Agarwal,46,7,6,5,1
1734,1734,Andrew Kamdar,46,1,4,3,1
1735,1735,Veer Om,69,4,5,2,2
1736,1736,Liam Bhavsar,59,8,2,2,1
1737,1737,Yatin Dutt,51,1,3,5,2
1738,1738,Tejas Pai,31,4,6,4,2
1739,1739,Champak Krish,47,8,2,1,1
1740,1740,Aayush Borah,53,6,6,5,2
1741,1741,Mugdha Chad,55,4,3,3,2
1742,1742,Falak Luthra,59,3,4,1,2
1743,1743,Nimrat Rana,50,2,1,3,1
1744,1744,Leela Aurora,18,8,3,4,2
1745,1745,Victor Rout,34,3,5,3,2
1746,1746,Meghana Sood,39,4,6,3,2
1747,1747,Aadi Sharma,37,1,6,5,2
1748,1748,Abha Raman,50,6,1,2,2
1749,1749,Warhi Khosla,32,5,2,5,2
1750,1750,Oni Datta,22,4,5,1,2
1751,1751,Banjeet Bal,65,7,1,1,2
1752,1752,Aarini Ramanathan,48,8,2,4,2
1753,1753,Eesha Radhakrishnan,54,2,4,3,2
1754,1754,Jagrati Bir,64,2,6,2,2
1755,1755,Omya Sidhu,53,2,6,4,1
1756,1756,Anay Kala,21,8,2,4,2
1757,1757,Lekha Raja,67,3,4,2,2
1758,1758,Yashodhara Sachdeva,25,1,4,1,2
1759,1759,Wazir Arya,42,3,2,4,2
1760,1760,Urmi Gill,25,2,3,3,2
1761,1761,Aarna Patla,47,7,6,2,2
1762,1762,Isha Sawhney,44,6,2,2,2
1763,1763,Falan Nagarajan,57,7,4,3,2
1764,1764,Samaksh Thaman,35,5,1,2,2
1765,1765,Yashodhara Sangha,49,1,1,3,2
1766,1766,Lakshit Mallick,38,7,1,5,2
1767,1767,Samaksh Ganesan,30,4,2,3,2
1768,1768,Omisha Gole,41,7,5,5,1
1769,1769,Mohammed Gola,25,1,2,2,1
1770,1770,Harita Pillai,60,8,6,5,1
1771,1771,Charan Kata,64,1,1,5,2
1772,1772,Raagini Soman,54,3,6,4,1
1773,1773,Liam Chanda,57,2,2,2,1
1774,1774,Shivansh Bahri,39,3,2,5,2
1775,1775,Max Varkey,26,7,3,1,1
1776,1776,Xalak Manda,44,1,4,1,2
1777,1777,Janani Nadkarni,31,2,4,5,1
1778,1778,Yasti Muni,69,4,4,1,1
1779,1779,Gautami Iyengar,64,3,2,5,2
1780,1780,Timothy Divan,68,7,1,2,1
1781,1781,Arjun Ganguly,62,1,5,4,1
1782,1782,Vivaan Kapadia,70,2,4,2,2
1783,1783,Pranit Tripathi,34,5,6,1,2
1784,1784,Omisha Sani,26,7,1,4,2
1785,1785,Max Khatri,33,3,3,5,2
1786,1786,Shivansh Lata,34,7,6,4,2
1787,1787,Kabir Batra,36,5,3,4,1
1788,1788,Charles Subramanian,34,5,3,5,2
1789,1789,Meghana Narayan,70,4,2,4,1
1790,1790,Kritika Bhardwaj,58,3,5,4,1
1791,1791,Aayush Mohan,46,8,6,3,1
1792,1792,Qushi Sahota,50,2,3,1,2
1793,1793,Tripti Murty,29,5,3,4,1
1794,1794,Lekha Loyal,68,4,2,4,2
1795,1795,Girik Chad,33,6,4,4,1
1796,1796,Viraj Rajan,19,2,3,3,2
1797,1797,Chaaya Choudhary,38,2,1,5,2
1798,1798,Yashawini Shere,70,5,6,2,2
1799,1799,Ojas Swaminathan,48,3,6,5,2
1800,1800,Jhalak Hans,58,5,4,4,2
1801,1801,Aarnav Agrawal,59,3,4,1,2
1802,1802,Dalaja Dube,55,2,2,3,2
1803,1803,Ekantika Guha,25,5,4,1,2
1804,1804,Aarini Bhat,52,7,4,4,2
1805,1805,Mekhala Talwar,70,1,3,2,1
1806,1806,Chaitaly Kade,23,3,4,3,2
1807,1807,Oviya Mahajan,44,6,1,5,1
1808,1808,Chaitanya Jayaraman,26,5,3,4,2
1809,1809,Wazir Kurian,23,7,3,3,2
1810,1810,Bhavini Agrawal,19,1,5,3,1
1811,1811,Jasmit Bir,45,6,1,4,1
1812,1812,Sachi Rajan,52,8,5,5,1
1813,1813,Jasmit Tank,26,3,4,4,1
1814,1814,Yatin Murthy,32,8,1,1,1
1815,1815,Zashil Natt,58,4,4,2,2
1816,1816,Nathaniel Choudhury,18,3,5,2,2
1817,1817,Advika Sengupta,31,5,6,2,1
1818,1818,Anjali Bassi,67,8,3,2,1
1819,1819,Andrew Naik,42,4,6,2,2
1820,1820,Aryan Oak,53,5,2,5,2
1821,1821,Oeshi Mitter,40,7,3,5,2
1822,1822,Sara Sami,54,1,4,5,1
1823,1823,Lopa Agrawal,47,1,3,5,2
1824,1824,Yauvani Char,36,1,2,2,1
1825,1825,Harish Rao,45,2,2,5,1
1826,1826,Anika Suresh,46,8,6,5,2
1827,1827,Zayan Nagi,44,8,6,2,1
1828,1828,Zarna Kanda,35,2,6,2,1
1829,1829,Kashish Raj,56,3,1,3,1
1830,1830,Nihal Dewan,48,2,3,5,2
1831,1831,Jason Walia,66,2,6,1,2
1832,1832,Suhani Tank,23,6,2,1,1
1833,1833,Girish Manda,51,6,2,4,2
1834,1834,Gunbir Buch,63,2,1,2,1
1835,1835,Upasna Soni,48,8,4,1,2
1836,1836,Krish Lalla,33,6,3,2,2
1837,1837,Sanaya Nori,34,1,6,3,2
1838,1838,Meghana Warrior,59,4,6,4,2
1839,1839,Yahvi Mukhopadhyay,26,8,6,1,2
1840,1840,Zinal Varughese,31,3,5,3,2
1841,1841,Charan Chahal,40,1,1,3,1
1842,1842,Mitesh Deshmukh,62,7,5,3,1
1843,1843,Ekanta Suresh,33,3,3,3,2
1844,1844,Yutika Sule,63,8,2,3,1
1845,1845,Chaitanya Pai,40,6,1,2,2
1846,1846,Pranit Kalla,70,4,4,2,2
1847,1847,Zashil De,30,2,2,1,1
1848,1848,Falan Gopal,42,6,5,3,1
1849,1849,Maya Sachar,23,2,4,4,2
1850,1850,Maanas Patil,66,1,4,4,1
1851,1851,Amrita Sagar,40,2,4,5,2
1852,1852,Warjas Chhabra,56,2,5,1,2
1853,1853,Devansh Nayar,30,4,6,2,1
1854,1854,Chatura Parmer,18,6,1,2,2
1855,1855,Vasudha Gade,34,6,3,5,1
1856,1856,Leena Char,27,1,2,1,2
1857,1857,Yashodhara Hayer,41,2,3,2,2
1858,1858,Ekansh Vora,38,4,5,3,1
1859,1859,Thomas Pillay,44,8,4,2,1
1860,1860,Ishanvi Dhawan,40,6,1,3,2
1861,1861,Wishi Lata,47,6,4,4,2
1862,1862,Chandran Vora,52,2,5,1,1
1863,1863,Ikbal Agarwal,45,5,3,3,1
1864,1864,Fariq Kala,56,6,1,1,1
1865,1865,Onkar Thakkar,25,2,3,5,2
1866,1866,Ekaja Aggarwal,56,3,4,3,1
1867,1867,Warinder Rout,41,3,1,4,1
1868,1868,Lopa Sarin,49,7,4,3,1
1869,1869,Ekaja Golla,29,8,4,4,2
1870,1870,Yashica Mahal,41,7,5,5,1
1871,1871,Banjeet Balakrishnan,35,8,3,2,2
1872,1872,Bachittar Naidu,69,8,3,5,1
1873,1873,Yatin Bhakta,37,8,6,3,1
1874,1874,Upma Thaman,48,8,2,5,1
1875,1875,Lekha Sabharwal,25,7,3,2,1
1876,1876,Vihaan Gopal,20,2,4,4,1
1877,1877,Daksha Brar,21,6,3,3,1
1878,1878,Nitesh Mall,34,1,6,4,2
1879,1879,Rajeshri Vig,58,8,3,2,1
1880,1880,Ranveer Bath,56,2,4,5,1
1881,1881,Shivani Bala,68,4,2,3,2
1882,1882,Urvashi Chauhan,67,1,4,1,2
1883,1883,Advika Thaker,49,4,6,2,1
1884,1884,Pavani Nayar,47,4,4,1,2
1885,1885,Aarush Nagar,44,2,6,4,2
1886,1886,Eshana Wadhwa,22,4,4,1,1
1887,1887,Michael Mani,60,6,4,2,1
1888,1888,Jagat Sangha,62,3,6,3,1
1889,1889,Bahadurjit Devi,23,2,3,5,1
1890,1890,Rajeshri Pall,59,4,3,2,1
1891,1891,Balvan Viswanathan,46,8,6,2,1
1892,1892,Siddharth Badami,63,6,2,2,1
1893,1893,Akshay Thaker,30,1,5,1,2
1894,1894,Zayyan Nanda,35,5,3,3,1
1895,1895,Joshua Sastry,56,7,3,3,1
1896,1896,Jagdish Shukla,43,1,3,4,2
1897,1897,Zayyan Sem,32,3,5,4,1
1898,1898,Advika Mander,29,4,6,2,2
1899,1899,Yashawini Sundaram,48,3,4,5,2
1900,1900,Omaja Agate,69,4,1,4,2
1901,1901,Rayaan Mandal,37,2,3,1,2
1902,1902,Gaurang Johal,67,6,4,1,1
1903,1903,Yahvi Bhatia,28,4,3,3,1
1904,1904,Qarin Kakar,35,5,2,5,2
1905,1905,Reva Manne,63,6,6,1,2
1906,1906,Vrinda Pal,25,6,4,4,1
1907,1907,Samuel Chhabra,30,3,3,3,1
1908,1908,Sarthak Walla,32,2,4,3,1
1909,1909,Henry Rao,47,1,3,2,1
1910,1910,Vedhika Korpal,29,3,3,1,2
1911,1911,Mekhala Barad,29,2,5,1,2
1912,1912,Yash Nazareth,42,4,3,1,2
1913,1913,Baljiwan Sridhar,67,5,3,2,1
1914,1914,Fitan Mand,43,4,6,4,1
1915,1915,Saumya Virk,19,6,1,3,2
1916,1916,Chaman Kothari,44,3,6,3,2
1917,1917,Suhani Ben,21,3,5,4,2
1918,1918,Jasmit Badal,60,8,3,5,1
1919,1919,Faras Karan,44,5,4,2,2
1920,1920,Devika Ravi,32,8,6,2,2
1921,1921,Ladli Chandra,24,7,1,1,1
1922,1922,Udyati Krishna,30,5,1,3,1
1923,1923,Ridhi Kaul,40,4,4,3,1
1924,1924,Urmi Sankaran,52,8,5,2,1
1925,1925,Mekhala Sachdeva,18,5,3,1,2
1926,1926,Urishilla Chada,59,5,5,4,2
1927,1927,Jairaj Mutti,39,1,1,5,1
1928,1928,Adya D’Alia,20,7,6,1,2
1929,1929,Chatresh Pandey,38,4,5,2,1
1930,1930,Triya Balakrishnan,44,2,3,4,2
1931,1931,Suhani Gaba,49,2,4,5,1
1932,1932,Aashi Arora,27,2,6,1,2
1933,1933,Ekaraj Das,55,7,1,2,1
1934,1934,Yasti Lal,60,8,1,1,1
1935,1935,Raghav Kaur,55,3,3,4,2
1936,1936,Ekiya Mani,46,2,6,2,2
1937,1937,Pavani Khurana,31,4,1,4,2
1938,1938,Akshay Mahal,42,4,5,4,1
1939,1939,Yuvraj Sankaran,64,3,5,5,1
1940,1940,Jack Vasa,53,5,6,1,1
1941,1941,Madhavi Rao,49,2,6,3,1
1942,1942,Yashvi Walia,38,1,4,5,1
1943,1943,Shaurya Khurana,33,5,1,3,1
1944,1944,Hiral Agate,35,1,1,5,1
1945,1945,George Gupta,46,7,2,5,1
1946,1946,Advik Krishnan,42,8,3,5,1
1947,1947,Laban Narayan,54,8,3,4,2
1948,1948,Tristan Verma,55,4,4,3,1
1949,1949,Ekani Chawla,48,2,1,4,1
1950,1950,Siddharth Dewan,28,7,4,2,1
1951,1951,Varsha Gara,69,3,3,4,2
1952,1952,Anamika Koshy,20,7,4,1,1
1953,1953,Darika Balasubramanian,21,5,3,1,2
1954,1954,Vyanjana Srivastava,46,8,1,2,1
1955,1955,Ekaraj Prabhu,43,8,1,3,2
1956,1956,Nirja Saha,20,1,3,2,1
1957,1957,Vrishti Jha,44,2,6,5,1
1958,1958,Bhavini Prabhakar,28,7,5,1,2
1959,1959,Darsh Samra,23,6,5,3,1
1960,1960,Hemani Sood,59,6,3,5,2
1961,1961,Arunima Nagy,36,4,3,3,2
1962,1962,Aditya Ghosh,46,7,5,1,2
1963,1963,Lila Srinivas,65,5,6,5,1
1964,1964,Brinda Sachar,47,3,5,4,1
1965,1965,Niharika Bahl,53,2,2,5,2
1966,1966,Fiyaz Hans,35,1,4,2,2
1967,1967,Forum Bajaj,41,1,5,2,2
1968,1968,Naksh Kota,63,5,6,3,2
1969,1969,Oni Mandal,65,1,3,3,1
1970,1970,Gaurang Khurana,50,3,6,3,1
1971,1971,Nidhi Keer,47,7,6,5,2
1972,1972,Harish Yogi,51,7,5,5,1
1973,1973,Zehaan Date,44,4,6,1,1
1974,1974,Kavya Sarin,69,2,4,2,1
1975,1975,Shravya Sidhu,45,7,3,1,1
1976,1976,Tara Naik,64,4,4,3,1
1977,1977,Amruta Parikh,29,4,6,4,2
1978,1978,Upma De,68,4,2,2,1
1979,1979,Anjali Dugar,62,3,1,3,1
1980,1980,Chakradhar Bhalla,54,3,4,2,1
1981,1981,Anthony Sinha,28,3,5,5,1
1982,1982,Ethan Palla,70,8,3,5,1
1983,1983,Ronith Kale,55,5,4,2,1
1984,1984,Arya Manda,28,7,6,2,1
1985,1985,Owen Mital,52,4,6,5,1
1986,1986,Gopal Butala,35,3,3,1,1
1987,1987,Xavier Som,52,7,4,2,2
1988,1988,Nathan Parmar,45,7,6,4,2
1989,1989,Fariq Garg,59,7,2,2,1
1990,1990,Vedika Kannan,44,7,6,5,1
1991,1991,Pranit Sami,53,7,4,1,2
1992,1992,Farhan Kadakia,33,5,3,1,1
1993,1993,Yasti Mittal,33,3,5,2,1
1994,1994,Viraj Ahuja,47,7,5,5,1
1995,1995,Abdul Chaudhari,21,2,6,2,2
1996,1996,Onveer Munshi,32,7,4,1,2
1997,1997,Bachittar Mitter,40,3,4,4,1
1998,1998,Rayaan Mahal,68,7,5,3,1
1999,1999,Yadavi Natarajan,21,1,5,2,1
2000,2000,Imaran Swamy,63,1,3,5,1
2001,2001,Ganga Pandya,64,1,6,4,2
2002,2002,Arya Devan,66,2,2,3,1
2003,2003,Sachi Bassi,64,3,4,1,1
2004,2004,Pushti Warrior,67,3,4,5,2
2005,2005,Dhriti Krishnamurthy,66,1,3,5,2
2006,2006,Abeer Ahluwalia,60,8,3,1,2
2007,2007,Karan Chanda,52,7,1,3,1
2008,2008,Patrick Patla,26,8,1,1,1
2009,2009,Gautam Goda,39,4,6,4,2
2010,2010,Vritti Barad,61,4,1,1,2
2011,2011,Rajata Sachdev,18,4,6,5,1
2012,2012,Raghav Dhawan,44,8,2,2,1
2013,2013,Ryan Mani,69,7,6,5,1
2014,2014,Brinda Varma,48,2,3,2,2
2015,2015,David Kar,70,3,2,2,2
2016,2016,Vrinda Wagle,22,3,4,5,1
2017,2017,Chanchal Subramaniam,70,5,5,3,2
2018,2018,Hemangini Murty,48,3,1,4,2
2019,2019,Upadhriti Buch,54,8,2,3,1
2020,2020,Amara Chahal,55,2,5,1,2
2021,2021,Ekansh Narula,36,8,4,5,1
2022,2022,Jeevika Sachar,26,6,6,3,1
2023,2023,Bhavna Gupta,58,4,2,2,2
2024,2024,Damini Murty,19,2,6,4,1
2025,2025,Rushil Anand,32,7,4,3,1
2026,2026,Aarna Ahluwalia,25,6,2,1,2
2027,2027,Pooja Jain,40,7,3,2,1
2028,2028,Xalak Bedi,30,6,2,5,1
2029,2029,Yashasvi Bir,66,4,2,5,2
2030,2030,Onveer Lata,33,5,1,1,1
2031,2031,Benjamin Bhatia,43,1,5,3,1
2032,2032,Darpan Goswami,19,4,4,4,2
2033,2033,Arjun Wali,54,8,3,1,1
2034,2034,Reva Chhabra,67,3,4,1,2
2035,2035,Oliver Dar,65,6,1,2,2
2036,2036,Dayamai Atwal,52,3,5,1,1
2037,2037,Niharika Raju,22,3,2,1,1
2038,2038,Pahal Ratti,47,2,2,4,2
2039,2039,Osha Sodhi,37,5,6,4,2
2040,2040,Lakshit Dubey,27,5,1,1,1
2041,2041,Devika Iyer,60,1,1,2,1
2042,2042,Bhavani Bansal,33,7,5,3,2
2043,2043,Chatura Char,21,5,2,4,2
2044,2044,Daksh Tata,37,5,4,3,2
2045,2045,Daniel Wali,25,7,2,1,1
2046,2046,Anamika Goda,66,1,2,2,1
2047,2047,Xalak Swaminathan,52,6,2,4,1
2048,2048,Indira Handa,52,2,1,3,1
2049,2049,Mohini Mahal,58,6,2,3,1
2050,2050,Chakrika Sodhi,24,2,3,3,2
2051,2051,Yug Bhatti,66,5,3,4,1
2052,2052,Advika Karnik,34,6,3,5,2
2053,2053,Anvi Bhalla,57,6,5,2,2
2054,2054,Ethan Chaudhuri,64,5,5,5,1
2055,2055,Warhi Tiwari,52,1,4,4,2
2056,2056,Kalpit Rajan,55,6,4,5,2
2057,2057,Sneha Dua,40,4,1,1,2
2058,2058,Rayaan Saran,24,8,2,5,2
2059,2059,Mugdha Din,27,3,4,5,2
2060,2060,Noah Subramaniam,54,7,5,2,2
2061,2061,Forum Rajagopal,33,7,2,2,1
2062,2062,Wishi Wadhwa,46,4,1,2,1
2063,2063,Aarnav Narayanan,41,7,6,4,1
2064,2064,Robert Chakrabarti,39,1,6,3,1
2065,2065,Keya Madan,36,1,6,1,1
2066,2066,Abdul Saxena,61,6,5,5,2
2067,2067,Faras Reddy,65,5,4,3,2
2068,2068,Daksha Shenoy,61,5,5,3,1
2069,2069,Ansh Doshi,46,7,5,5,1
2070,2070,Omya Chaudhari,37,3,4,3,2
2071,2071,Omisha Dixit,26,7,2,4,2
2072,2072,Jagdish Sharma,44,6,2,5,1
2073,2073,Andrew Varghese,63,7,5,3,2
2074,2074,Aahana Kalita,45,3,1,5,1
2075,2075,Zehaan Thakkar,19,2,1,5,2
2076,2076,Robert Kalita,62,4,1,1,1
2077,2077,Qabil Memon,55,8,5,2,2
2078,2078,Kashvi Rege,36,6,5,3,2
2079,2079,Wyatt Raj,47,3,6,2,1
2080,2080,Dalaja Manda,18,5,6,2,2
2081,2081,Ansh Tella,69,7,3,2,1
2082,2082,Unnati Doshi,29,1,4,5,1
2083,2083,Bhavani Ahuja,27,8,3,2,1
2084,2084,Pranav Doshi,34,2,6,4,1
2085,2085,Pratyush Patil,19,4,4,4,1
2086,2086,Maanav Savant,50,3,4,3,1
2087,2087,Jalsa Prabhakar,32,2,3,5,1
2088,2088,Aayush Dalal,39,1,1,1,1
2089,2089,Naksh Jayaraman,36,5,4,5,2
2090,2090,Zayan Dhillon,62,3,1,2,2
2091,2091,Aashi Nanda,31,8,3,3,2
2092,2092,Siya Bajaj,56,3,3,2,2
2093,2093,Darpan Pillai,23,6,4,1,2
2094,2094,Shivani Bakshi,20,5,2,5,2
2095,2095,Abhiram Vohra,65,8,4,2,1
2096,2096,Vidhi Ramachandran,67,7,3,5,1
2097,2097,Sara Borde,59,5,4,3,2
2098,2098,Zaitra Purohit,44,8,6,5,2
2099,2099,Ojasvi Goda,49,2,3,3,2
2100,2100,Gavin Aggarwal,36,6,4,4,2
2101,2101,Rushil Ghose,63,1,6,5,1
2102,2102,Jacob Dara,44,4,2,4,2
2103,2103,Gavin Kari,33,8,5,4,2
2104,2104,Peter Konda,58,6,6,1,1
2105,2105,Aditya Padmanabhan,67,3,6,3,2
2106,2106,Devika Ahluwalia,27,8,6,2,2
2107,2107,Wridesh Jhaveri,68,5,6,2,2
2108,2108,Balendra Patil,26,6,5,4,1
2109,2109,Oni Sachdeva,62,5,1,5,2
2110,2110,Harrison Nagarajan,60,8,5,3,1
2111,2111,Caleb Chanda,32,7,6,1,1
2112,2112,Janani Ahluwalia,43,5,1,3,1
2113,2113,Ansh Dey,59,4,1,5,2
2114,2114,Jagdish Edwin,23,2,3,1,2
2115,2115,Pavani Yogi,33,3,2,2,1
2116,2116,Faris Balan,46,2,5,3,1
2117,2117,Chaman Patla,25,4,6,1,1
2118,2118,Samar Sachar,56,8,2,3,1
2119,2119,Abeer Sarraf,59,5,3,5,1
2120,2120,Faris Guha,63,1,2,3,2
2121,2121,Azad Char,30,5,3,2,1
2122,2122,Harshil Bal,50,4,4,3,1
2123,2123,Ira Bhardwaj,41,7,4,2,2
2124,2124,Zashil Khare,52,8,6,2,2
2125,2125,Jason Wadhwa,30,2,4,3,2
2126,2126,Chatresh Karan,57,5,4,1,1
2127,2127,Chaaya Mohan,24,3,5,2,2
2128,2128,Yashvi Sha,18,8,5,1,1
2129,2129,Nihal Purohit,42,6,6,5,1
2130,2130,Alka Bhatnagar,37,3,6,5,1
2131,2131,Bahadurjit Pandya,59,5,3,5,1
2132,2132,Falan Guha,51,3,3,4,2
2133,2133,Dhruv Chopra,55,2,1,3,2
2134,2134,Veer Padmanabhan,25,2,1,2,2
2135,2135,Vihaan Solanki,52,6,4,2,2
2136,2136,Aishani Biswas,21,3,1,3,1
2137,2137,Rachana Bhatti,21,8,1,2,1
2138,2138,Zaitra Chada,36,8,1,3,2
2139,2139,Nitara Kumer,68,1,1,5,2
2140,2140,Ryan Rao,64,6,3,2,2
2141,2141,Akshay Sodhi,26,4,6,1,2
2142,2142,Sachi Kant,42,3,3,2,2
2143,2143,Yasti Sachdeva,23,7,5,1,2
2144,2144,Raksha Cheema,51,6,5,4,1
2145,2145,Varsha Kant,63,7,2,1,1
2146,2146,Falan Sachar,29,2,5,2,2
2147,2147,Harinakshi Tiwari,23,6,4,2,1
2148,2148,Aayush Gopal,62,5,4,3,2
2149,2149,Ekbal Rao,70,7,1,3,1
2150,2150,Gautam Dugar,60,7,3,2,1
2151,2151,Warhi Thakkar,43,8,3,4,2
2152,2152,Janya Nagarajan,38,5,3,1,1
2153,2153,Shivansh Virk,36,4,6,4,2
2154,2154,Chaaya Manne,63,4,3,1,2
2155,2155,Maya Badal,37,5,1,1,1
2156,2156,Dayita Saran,61,5,4,2,2
2157,2157,Reyansh Saini,56,5,5,1,2
2158,2158,Nitesh Dugar,24,4,2,5,2
2159,2159,Ekiya Narayanan,63,8,1,4,2
2160,2160,Zaid Bhandari,63,7,6,1,2
2161,2161,Hardik Keer,46,6,6,5,2
2162,2162,Oviya Sinha,61,6,4,2,1
2163,2163,Krishna Sekhon,69,5,4,5,2
2164,2164,Vincent Brar,63,1,4,5,2
2165,2165,Chatresh Manda,35,2,5,5,1
2166,2166,Matthew Srinivasan,34,8,6,1,2
2167,2167,Saumya Ganguly,23,7,2,3,2
2168,2168,Aadi Singh,18,3,6,4,1
2169,2169,Pratyush Ray,48,1,3,4,2
2170,2170,Jagdish Khurana,34,8,1,4,1
2171,2171,Meera Mishra,67,3,5,2,1
2172,2172,Aachal Tripathi,41,2,6,4,1
2173,2173,Tejas Guha,48,4,6,1,1
2174,2174,Girik Ghosh,56,4,5,3,2
2175,2175,Oeshi Gill,45,2,2,1,1
2176,2176,Logan Kala,18,5,4,2,2
2177,2177,Charita Kade,40,5,2,1,2
2178,2178,Yash Kurian,55,2,3,3,1
2179,2179,Divya Luthra,64,5,2,2,1
2180,2180,Jagat Mutti,44,8,3,4,2
2181,2181,Ranbir Bala,45,7,6,4,1
2182,2182,Lucky Bakshi,35,5,1,3,1
2183,2183,Hemani Savant,35,3,5,3,1
2184,2184,Sai Sarraf,43,7,6,4,1
2185,2185,Brinda Om,55,3,3,2,1
2186,2186,Yashica Sekhon,40,1,2,1,1
2187,2187,Mugdha Batta,24,8,5,5,2
2188,2188,Agastya Sridhar,40,6,2,4,2
2189,2189,Mitali Suresh,61,1,5,4,2
2190,2190,Harita Salvi,51,7,5,3,2
2191,2191,Leela Purohit,38,2,6,4,1
2192,2192,Jack Barad,36,2,4,4,1
2193,2193,Vyanjana Setty,26,4,6,3,2
2194,2194,Tripti Dyal,40,4,1,4,2
2195,2195,Suhani Patla,21,2,1,2,1
2196,2196,Bhavya Mutti,52,7,5,5,2
2197,2197,Aarnav Bajwa,62,2,1,5,1
2198,2198,Urishilla Dhaliwal,27,4,5,1,2
2199,2199,Vaishnavi Gill,54,5,3,3,2
2200,2200,Daksha Kata,33,7,4,5,1
2201,2201,Harish Deol,50,2,2,3,1
2202,2202,Siya Contractor,68,2,6,3,1
2203,2203,Urvashi Keer,35,1,6,1,1
2204,2204,Gaurang Rama,26,3,4,1,2
2205,2205,Faraj Panchal,47,5,4,3,2
2206,2206,Vinaya Swamy,58,6,2,5,2
2207,2207,Yashodhara Chahal,47,7,2,2,2
2208,2208,Ekanta Saran,55,6,5,5,2
2209,2209,Charvi De,57,6,5,4,1
2210,2210,Hemang Salvi,54,6,5,1,2
2211,2211,Amaira Amble,20,5,2,3,2
2212,2212,Triya Chawla,60,5,1,4,1
2213,2213,Vedhika Sagar,32,3,4,4,2
2214,2214,Praneel Shan,35,8,3,4,2
2215,2215,Ranbir Patla,48,3,4,2,1
2216,2216,Bachittar Chaudhry,40,6,1,4,1
2217,2217,Krish Shanker,35,4,4,2,2
2218,2218,Aarnav Handa,28,7,5,5,2
2219,2219,Bachittar Dubey,69,3,4,3,1
2220,2220,Agastya Anand,57,1,5,3,2
2221,2221,Naveen Dubey,47,8,4,5,2
2222,2222,Jeevika Luthra,68,4,5,1,1
2223,2223,Damini Ganesh,56,6,3,1,1
2224,2224,Tamanna Dixit,63,5,4,1,2
2225,2225,Sarthak Badami,69,1,6,5,1
2226,2226,Naksh Basak,62,2,1,5,1
2227,2227,Geetika Varty,43,7,2,2,1
2228,2228,Wakeeta Goyal,37,3,2,1,2
2229,2229,Xiti Bakshi,39,1,4,4,2
2230,2230,Baljiwan Agrawal,66,7,5,3,2
2231,2231,Chandresh Parsa,48,8,1,5,1
2232,2232,Gauri Sarraf,28,3,5,2,1
2233,2233,Hemangini Shan,40,6,4,4,1
2234,2234,Aryan Sandhu,60,2,2,2,1
2235,2235,Indira Lal,26,6,4,2,2
2236,2236,Lekha Kala,35,1,3,3,1
2237,2237,Januja Pall,65,5,6,5,1
2238,2238,Faris Venkatesh,23,5,5,3,2
2239,2239,Ladli Behl,70,8,3,4,2
2240,2240,Samesh Mohan,36,2,5,4,1
2241,2241,Brinda Gulati,21,4,6,3,2
2242,2242,Ayaan Nagi,24,8,6,3,2
2243,2243,Logan Wali,58,1,3,1,1
2244,2244,Zaitra Chana,51,1,5,3,2
2245,2245,Orinder Jaggi,48,5,2,3,1
2246,2246,Udyati Madan,26,6,4,4,1
2247,2247,Harish Shetty,56,2,5,2,2
2248,2248,Aarnav Golla,31,6,4,2,2
2249,2249,Gaurang Luthra,59,1,3,2,1
2250,2250,Lucky Korpal,29,3,5,2,2
2251,2251,Jack Kara,68,2,1,5,2
2252,2252,Jasmit Parmar,40,3,2,1,1
2253,2253,Chameli Wagle,20,8,2,1,1
2254,2254,Triveni Dass,36,1,4,5,2
2255,2255,Alexander Nath,61,7,6,5,2
2256,2256,Saksham Gara,18,6,5,1,1
2257,2257,Lakshmi Khurana,31,3,6,1,2
2258,2258,Aarnav Deep,41,2,2,5,1
2259,2259,Karan Bhalla,65,7,5,2,2
2260,2260,Gaurangi Bhat,35,8,6,3,2
2261,2261,Lajita Dada,68,6,2,4,1
2262,2262,Udyati Baral,44,1,6,2,2
2263,2263,Vrishti Hora,69,7,6,4,1
2264,2264,Charita Hari,63,7,2,2,1
2265,2265,Quincy Dyal,46,8,1,3,1
2266,2266,Bishakha Basak,57,6,3,3,2
2267,2267,Ati Sachdeva,25,2,3,4,2
2268,2268,Anthony Oak,68,2,6,2,2
2269,2269,Akshay Ahluwalia,68,2,4,3,1
2270,2270,Guneet Luthra,54,4,3,5,2
2271,2271,Indrajit Bhatia,65,7,4,4,2
2272,2272,Pahal Reddy,68,1,6,4,2
2273,2273,Panini Loke,68,4,4,4,2
2274,2274,Daniel Johal,34,1,6,4,2
2275,2275,Januja Gade,58,2,2,5,2
2276,2276,Balhaar Shukla,63,1,5,1,2
2277,2277,Anmol Bal,64,7,2,2,1
2278,2278,Sarthak Babu,33,5,5,2,1
2279,2279,Daniel Shanker,58,1,2,1,1
2280,2280,Ojasvi Aurora,37,4,2,4,1
2281,2281,Vedant Pai,21,2,4,3,2
2282,2282,Hema Karpe,36,5,1,2,2
2283,2283,Isaac Banik,45,7,4,1,2
2284,2284,Falan Grover,66,7,5,1,2
2285,2285,Nikita Barad,40,1,3,2,1
2286,2286,Alka Handa,63,7,5,2,1
2287,2287,Baljiwan Natt,55,6,6,1,1
2288,2288,Lekha Shah,25,1,5,5,1
2289,2289,Suhani Gokhale,57,3,5,3,1
2290,2290,Nandini Bhardwaj,39,5,6,5,2
2291,2291,Mahika Raman,59,2,6,1,2
2292,2292,Caleb Saha,37,5,4,4,2
2293,2293,Chakrika Muni,55,7,5,2,2
2294,2294,Kamya Arya,34,2,4,3,2
2295,2295,Dayita Yadav,54,5,6,3,1
2296,2296,Wakeeta Nori,45,8,2,1,2
2297,2297,Warhi Manne,25,6,1,5,1
2298,2298,Chaitanya Bal,59,8,2,5,1
2299,2299,Zaid Dhar,49,1,6,2,1
2300,2300,Ishaan Rattan,55,8,3,2,2
2301,2301,Udant Mani,63,5,1,4,2
2302,2302,Chasmum Sachar,53,1,1,5,2
2303,2303,Ridhi Roy,22,6,5,5,2
2304,2304,Raksha Nori,30,2,3,2,2
2305,2305,Hema Dugar,53,3,5,4,1
2306,2306,Chaitanya Chakrabarti,35,2,6,1,1
2307,2307,Gayathri Badami,29,7,6,4,2
2308,2308,Ganga Kar,61,5,3,3,1
2309,2309,Faqid Parmer,69,4,2,4,1
2310,2310,Gagan Trivedi,60,1,1,5,2
2311,2311,Kiaan Bath,60,8,3,4,1
2312,2312,Thomas Ramanathan,45,1,4,5,1
2313,2313,Radha Kapur,29,1,5,2,2
2314,2314,Urvi Jain,21,8,6,2,1
2315,2315,Falak Sachar,21,4,2,2,2
2316,2316,Aadi Desai,28,4,4,4,1
2317,2317,Krisha Srinivas,33,3,3,4,1
2318,2318,Dalaja Uppal,27,4,3,5,2
2319,2319,Ishita Thaman,32,5,5,1,2
2320,2320,Manan Venkataraman,19,3,3,3,1
2321,2321,Wriddhish Nadkarni,21,8,3,5,2
2322,2322,Nandini Iyengar,54,7,2,2,2
2323,2323,Sanaya Shan,29,2,3,3,2
2324,2324,Vrinda Kakar,53,6,6,3,1
2325,2325,Pavani Sagar,55,8,3,2,2
2326,2326,Pratyush Dass,24,1,2,2,2
2327,2327,Triveni Dhaliwal,67,6,3,5,1
2328,2328,Atharv Gulati,53,7,1,5,1
2329,2329,Hiral Murty,33,8,5,4,1
2330,2330,Atharv Saran,60,2,4,4,2
2331,2331,Ikshita Naidu,58,2,6,5,2
2332,2332,Girish Srinivasan,21,5,1,1,1
2333,2333,Wahab Saini,21,3,6,4,1
2334,2334,Reyansh Dewan,54,8,2,2,1
2335,2335,Yadavi Srinivasan,33,5,3,5,1
2336,2336,Yashasvi Handa,22,8,5,3,2
2337,2337,Abeer Narain,24,6,6,5,2
2338,2338,Omaja Acharya,68,2,6,2,2
2339,2339,Vrishti Saha,53,1,6,3,1
2340,2340,Hredhaan Butala,48,8,5,3,1
2341,2341,Jonathan Bhargava,19,6,1,4,2
2342,2342,Anya Narayanan,39,6,4,2,1
2343,2343,Yochana Borah,56,4,1,1,2
2344,2344,Advika Gulati,49,5,5,5,1
2345,2345,Chakradev Handa,28,6,1,5,2
2346,2346,Mitesh Behl,63,5,4,3,2
2347,2347,Anthony Palla,31,6,4,4,1
2348,2348,Daksha Chopra,30,5,1,4,1
2349,2349,Darsh Bhatnagar,34,3,1,5,2
2350,2350,Darika Varma,31,8,1,3,2
2351,2351,Chanchal Varty,60,1,1,1,1
2352,2352,Geetika Pillay,46,3,6,5,1
2353,2353,Chaaya Khosla,62,1,6,1,1
2354,2354,Hema Pillai,34,8,2,5,1
2355,2355,Qasim Sibal,52,2,1,4,2
2356,2356,Lakshit Char,70,8,3,4,1
2357,2357,Faqid Shanker,38,5,3,5,2
2358,2358,Janani Raghavan,31,6,6,4,1
2359,2359,Baghyawati Samra,69,2,5,4,2
2360,2360,Kamya Nayak,69,1,2,3,1
2361,2361,Rajata Mohan,24,8,4,3,1
2362,2362,Saanvi Chowdhury,19,1,3,4,2
2363,2363,Kabir Pingle,54,5,2,2,1
2364,2364,Urishilla Mohanty,18,1,6,5,2
2365,2365,Darpan Hegde,68,5,5,2,1
2366,2366,Kalpit Kade,67,6,1,3,2
2367,2367,Watika Pal,43,4,3,5,2
2368,2368,Widisha Wadhwa,46,4,2,5,2
2369,2369,Nidra Ramakrishnan,30,2,6,4,2
2370,2370,Zarna Manne,45,8,1,3,2
2371,2371,Darsh Soni,27,2,1,5,2
2372,2372,Ikbal Goswami,59,1,1,5,1
2373,2373,Eta Cheema,20,8,4,2,2
2374,2374,Mitesh Bajwa,50,8,2,1,2
2375,2375,Harini Dugar,65,2,1,2,2
2376,2376,Jacob Oommen,55,2,5,4,1
2377,2377,Zinal Kulkarni,60,5,4,5,1
2378,2378,Bahadurjit Garde,39,3,6,5,1
2379,2379,Quincy Char,32,4,2,4,2
2380,2380,Pranav Gola,33,8,1,1,2
2381,2381,Tamanna Shankar,21,2,1,5,2
2382,2382,Manya Sinha,32,2,4,3,2
2383,2383,Wakeeta Nayak,68,7,5,1,2
2384,2384,Kai Sibal,19,7,4,3,2
2385,2385,Chaitanya Lanka,64,5,4,3,1
2386,2386,Rachit Mahal,20,7,1,3,2
2387,2387,Wahab Goda,31,2,1,5,1
2388,2388,Nidra Manne,29,6,2,3,1
2389,2389,Aarna Patla,66,6,4,4,2
2390,2390,Anthony Srivastava,41,2,6,5,1
2391,2391,Janya Arya,25,6,1,2,1
2392,2392,Urmi Mani,29,5,2,4,2
2393,2393,Lohit More,26,6,3,1,1
2394,2394,Chasmum Narayan,29,8,6,5,2
2395,2395,Ekaja Bedi,58,6,4,2,2
2396,2396,Aayush Rastogi,23,3,3,1,1
2397,2397,Nidra Rana,41,3,2,1,1
2398,2398,Mugdha Narayan,58,4,5,4,1
2399,2399,Saanvi Ravi,38,3,2,2,1
2400,2400,Amruta Hegde,29,7,6,1,2
2401,2401,Anjali Divan,60,1,5,4,1
2402,2402,Sachi Jani,40,2,3,3,1
2403,2403,Arjun Misra,63,8,1,5,2
2404,2404,Dhruv Rai,43,6,5,1,1
2405,2405,Chasmum Chokshi,37,4,4,4,1
2406,2406,Chaaya Hayre,26,6,2,1,1
2407,2407,Finn Sankar,65,2,2,3,2
2408,2408,Aashi Sule,46,4,4,2,1
2409,2409,Gaurav Sani,46,1,4,1,1
2410,2410,Vyanjana Kuruvilla,57,4,2,5,2
2411,2411,Aarav Lad,34,6,2,3,1
2412,2412,Gayathri Manda,63,5,2,5,1
2413,2413,Ira Ramanathan,24,2,6,4,1
2414,2414,Hritik Sheth,64,6,6,5,1
2415,2415,Lucky Natt,55,8,5,5,1
2416,2416,Simon Oommen,38,3,3,5,1
2417,2417,Warinder Bhat,39,2,6,5,2
2418,2418,Ekavir Parekh,48,7,6,1,2
2419,2419,Dayamai Bajaj,35,3,6,1,1
2420,2420,Lajita Kata,59,5,5,3,1
2421,2421,Ayaan Rana,25,5,5,1,1
2422,2422,Jagat Bhatnagar,69,5,6,3,1
2423,2423,Patrick Bhakta,31,1,3,3,2
2424,2424,Yatan Mohanty,65,5,4,1,1
2425,2425,Benjamin Jaggi,28,6,1,5,1
2426,2426,Samar Mane,69,8,3,4,2
2427,2427,Thomas Bhavsar,42,2,2,5,1
2428,2428,Logan Parekh,52,4,5,2,1
2429,2429,Damini Badal,33,6,1,2,2
2430,2430,Rayaan Patla,47,6,5,3,1
2431,2431,Pranav Mital,69,4,2,1,1
2432,2432,Januja Mukherjee,37,7,2,3,1
2433,2433,Harshil Seth,31,5,1,1,2
2434,2434,Vidhi Deep,65,1,4,2,1
2435,2435,Nathan Palla,26,1,2,5,1
2436,2436,Peter Pillai,19,4,3,1,1
2437,2437,Parth Palla,19,8,4,2,2
2438,2438,Aayush Nagy,51,4,2,2,2
2439,2439,Dhriti Devan,41,7,1,4,1
2440,2440,Champak Mistry,56,7,1,1,2
2441,2441,Lucky Shetty,60,7,4,1,1
2442,2442,Yagnesh Naik,36,1,6,3,1
2443,2443,Divya Chatterjee,40,8,3,4,2
2444,2444,Luke Deol,36,6,5,1,2
2445,2445,Tanvi Krish,42,6,3,3,1
2446,2446,Pallavi Bal,57,1,5,1,2
2447,2447,David Bala,62,8,1,5,2
2448,2448,Anay Upadhyay,42,8,5,3,1
2449,2449,Chanakya Jayaraman,50,5,5,3,1
2450,2450,Siddharth Patla,67,3,3,3,2
2451,2451,Lipika Krishnamurthy,38,4,2,4,2
2452,2452,Jasmit Rajagopal,65,3,5,5,1
2453,2453,Xavier Zachariah,42,1,4,5,2
2454,2454,Urvashi Nanda,51,2,2,1,1
2455,2455,Omaja Khatri,64,4,3,3,2
2456,2456,Zilmil Memon,42,6,3,1,2
2457,2457,Alexander Grewal,39,6,3,2,2
2458,2458,Girish Khare,42,7,4,4,1
2459,2459,Widisha Kapoor,45,2,5,5,2
2460,2460,George Rajan,66,1,1,5,1
2461,2461,Hitesh Deo,60,4,4,4,2
2462,2462,Gaurangi Bassi,19,1,3,4,2
2463,2463,Ishani Magar,24,3,4,3,1
2464,2464,Hritik Sem,57,8,6,3,2
2465,2465,Edhitha Desai,25,6,5,1,2
2466,2466,Vamakshi Memon,26,3,6,2,1
2467,2467,Harini Lad,59,3,4,1,2
2468,2468,Max Gade,39,4,5,3,2
2469,2469,Chameli Biswas,26,3,3,3,2
2470,2470,Ranbir Sharma,27,5,4,1,2
2471,2471,Yashica Varty,21,3,2,3,1
2472,2472,Rohan Guha,43,5,4,3,2
2473,2473,Rohan Balay,52,6,3,4,1
2474,2474,Timothy Deol,59,5,4,4,2
2475,2475,Jasmit Tandon,20,4,3,2,2
2476,2476,Bina Parsa,48,4,3,2,1
2477,2477,Chanakya Ben,69,1,5,1,1
2478,2478,Lopa Devan,30,6,5,3,1
2479,2479,William Soman,59,2,4,2,1
2480,2480,Lipika Karan,21,4,3,4,2
2481,2481,Charles Dube,56,7,1,4,2
2482,2482,Michael Dutta,44,7,5,2,2
2483,2483,Samar Sastry,20,1,4,2,2
2484,2484,Ojas Dhar,46,5,1,3,1
2485,2485,Bina Vaidya,54,6,6,4,2
2486,2486,Wahab Prabhakar,66,5,5,3,1
2487,2487,Udyati Bhat,48,8,3,5,1
2488,2488,Prisha Lal,53,6,2,2,1
2489,2489,Tanay Rajagopalan,55,5,4,2,2
2490,2490,Advika Prakash,26,5,4,1,1
2491,2491,Abhiram Din,51,7,1,4,1
2492,2492,Bhavya Muni,62,4,1,4,1
2493,2493,Waida Narang,18,3,4,5,2
2494,2494,Vedhika Bala,23,3,1,2,2
2495,2495,Omaja Dhar,20,7,2,1,2
2496,2496,Yochana Kale,40,8,3,1,1
2497,2497,Abeer Tata,40,5,4,4,1
2498,2498,Gopal Banik,51,8,2,4,2
2499,2499,Baghyawati Mody,50,7,6,3,2
2500,2500,Yashica Raju,40,2,3,1,1
2501,2501,Fiyaz Vasa,44,6,2,1,2
2502,2502,Yash Prasad,33,6,2,3,1
2503,2503,Mitesh Agate,30,3,3,5,1
2504,2504,Pranav Uppal,38,2,6,2,1
2505,2505,Kritika Balay,54,2,2,3,2
2506,2506,Falak Kurian,27,1,5,4,1
2507,2507,Udyati Thakkar,60,1,4,2,2
2508,2508,Kabir Tata,68,7,2,3,2
2509,2509,Saksham Gera,65,2,6,1,1
2510,2510,Jyoti Mitter,49,8,6,4,1
2511,2511,Deepa Chakraborty,29,4,1,5,1
2512,2512,Nidhi Nazareth,26,4,1,2,1
2513,2513,Balvan Chanda,23,1,5,5,2
2514,2514,Keya Nayak,60,4,5,5,1
2515,2515,Fariq Bhat,21,4,1,2,1
2516,2516,Rushil Toor,39,2,4,1,2
2517,2517,Urvi Lad,45,3,1,2,2
2518,2518,Max Das,65,7,1,3,2
2519,2519,Azad Pal,59,6,4,1,2
2520,2520,Mugdha Jhaveri,56,5,2,4,1
2521,2521,Janya Hayre,44,7,4,1,1
2522,2522,Ekapad Kashyap,50,8,4,4,2
2523,2523,Panini Mand,56,7,4,2,1
2524,2524,Divya Kapadia,30,4,3,2,1
2525,2525,Bishakha Brar,53,7,2,5,2
2526,2526,Lila Dass,37,7,5,5,1
2527,2527,Girik Iyengar,66,6,4,1,2
2528,2528,Ucchal Master,49,1,3,4,1
2529,2529,Xavier Sant,22,4,4,4,2
2530,2530,Prisha Sandhu,55,4,2,1,1
2531,2531,Watika Madan,65,2,3,4,1
2532,2532,Lipika Bedi,60,8,4,1,2
2533,2533,Hitesh Ram,68,4,3,4,2
2534,2534,Oviya Anand,46,3,2,3,2
2535,2535,Jonathan Sabharwal,34,8,4,1,2
2536,2536,Sai Brahmbhatt,40,2,3,2,1
2537,2537,Girik Venkataraman,21,1,4,1,1
2538,2538,Robert Mani,40,8,4,1,1
2539,2539,Eshana Sehgal,50,2,6,1,2
2540,2540,Joshua Narayan,18,5,4,4,2
2541,2541,Vritti Lata,23,7,3,5,1
2542,2542,Zilmil Kothari,35,1,3,3,2
2543,2543,Chandran Keer,29,4,4,2,1
2544,2544,Jairaj Choudhury,24,4,5,3,2
2545,2545,Rajeshri Ranganathan,49,2,2,4,2
2546,2546,Vaishnavi Trivedi,32,1,5,1,2
2547,2547,Gabriel Shanker,18,4,1,4,2
2548,2548,Madhav Badami,46,8,4,4,1
2549,2549,Chandran Nadig,42,3,5,1,2
2550,2550,Chatresh Kothari,42,5,3,4,1
2551,2551,Max Comar,61,5,6,5,2
2552,2552,Dominic Gokhale,34,2,3,4,2
2553,2553,Tanveer Ravel,30,3,5,5,2
2554,2554,Deepa Bhatnagar,59,7,3,4,1
2555,2555,Varsha Singh,60,8,2,5,2
2556,2556,Laban Tandon,24,5,1,5,2
2557,2557,Maanas Mahal,27,4,4,4,2
2558,2558,Yashica Sarin,23,6,3,2,1
2559,2559,Dominic Hayer,53,7,1,2,2
2560,2560,Aarav Datta,56,7,2,5,1
2561,2561,Rohan Acharya,41,6,2,5,1
2562,2562,Abhimanyu Kadakia,36,4,5,5,1
2563,2563,Kashish Swaminathan,29,1,4,3,2
2564,2564,Omya Mani,52,6,1,1,1
2565,2565,Faqid Devi,63,2,5,3,2
2566,2566,Bhavini Dora,41,6,2,1,1
2567,2567,Vasana Boase,48,7,4,3,2
2568,2568,Yash Kapur,53,1,4,5,2
2569,2569,Mohini Vig,22,3,6,1,1
2570,2570,Gaurangi Barad,30,2,2,3,2
2571,2571,Ishaan Virk,48,4,1,1,1
2572,2572,Gaurang Bhalla,69,3,1,4,1
2573,2573,Faqid Walia,23,1,2,3,1
2574,2574,Brijesh Samra,32,4,1,4,2
2575,2575,Urmi Tara,34,7,1,1,2
2576,2576,Maya Bumb,66,1,4,2,1
2577,2577,Bakhshi Apte,40,7,4,2,2
2578,2578,Dhriti Babu,35,1,1,2,2
2579,2579,Lakshmi Memon,69,6,4,2,1
2580,2580,Wyatt Khalsa,70,7,4,1,1
2581,2581,Advaith Dada,33,5,4,1,2
2582,2582,Aarna Kunda,52,1,5,4,1
2583,2583,Sathvik Ben,42,3,2,3,2
2584,2584,Raagini Joshi,40,4,4,3,1
2585,2585,Maanav Biswas,19,6,1,1,1
2586,2586,Ekani Rajagopal,62,7,2,3,2
2587,2587,Wyatt Sangha,46,4,6,5,2
2588,2588,Kashish Kulkarni,70,6,2,3,1
2589,2589,Anita Raman,32,2,1,3,2
2590,2590,Charles Sahni,55,4,5,3,1
2591,2591,Upkaar Shenoy,34,1,2,2,2
2592,2592,Darika Grover,63,1,6,4,1
2593,2593,Kala Gaba,54,5,6,2,2
2594,2594,Gauri Baria,27,6,6,4,2
2595,2595,Timothy Nath,32,1,2,1,2
2596,2596,Indrajit Sha,39,6,5,5,1
2597,2597,Pavani Sant,70,7,5,5,1
2598,2598,Yashvi Mukherjee,55,6,4,3,1
2599,2599,Ronith Pai,64,5,6,2,1
2600,2600,Yashawini Mann,31,2,4,4,1
2601,2601,Faqid Reddy,69,4,1,2,2
2602,2602,Tanveer Murthy,40,6,1,4,1
2603,2603,Nikita Om,48,7,3,3,1
2604,2604,Falguni Dash,28,8,3,1,1
2605,2605,Yoshita Sankaran,63,4,4,2,1
2606,2606,Zayan Dalal,69,3,2,4,2
2607,2607,Jagvi Raj,45,6,4,3,2
2608,2608,Ekbal Swamy,45,6,6,2,1
2609,2609,Vidhi Kala,30,5,3,4,1
2610,2610,Logan Sidhu,68,4,5,2,1
2611,2611,Aarnav Lal,62,4,5,2,1
2612,2612,Siddharth Bera,49,8,5,4,1
2613,2613,Sarthak Dhingra,47,6,1,4,1
2614,2614,Upadhriti Gupta,59,1,1,4,2
2615,2615,Aadhya Apte,37,5,6,1,1
2616,2616,Oscar Sangha,25,3,5,5,1
2617,2617,Vasudha Mallick,27,3,5,2,1
2618,2618,Rajata Jaggi,42,5,6,4,2
2619,2619,Pranav Borah,39,3,4,5,1
2620,2620,Balendra Handa,33,1,5,3,2
2621,2621,Rachana Walia,64,4,3,5,2
2622,2622,Shaurya Nigam,56,4,3,1,1
2623,2623,Adweta Date,63,4,2,2,1
2624,2624,Samaksh Soman,50,4,6,3,2
2625,2625,Sathvik Gokhale,43,6,3,1,1
2626,2626,Gabriel Banerjee,62,1,2,3,2
2627,2627,Harish Pandya,35,3,5,1,1
2628,2628,Advik Subramaniam,43,3,1,5,2
2629,2629,Janaki Nayar,70,7,2,3,2
2630,2630,Noah Solanki,27,7,3,1,2
2631,2631,Simon Boase,47,2,2,4,1
2632,2632,Irya Sarna,27,6,4,4,2
2633,2633,Samar Kumer,50,3,4,1,1
2634,2634,Rachita Bath,68,7,2,1,2
2635,2635,Chasmum Chawla,55,5,3,2,1
2636,2636,Wyatt Lata,25,8,5,5,2
2637,2637,Harini Kakar,52,8,2,3,2
2638,2638,Mugdha Wable,38,5,5,1,2
2639,2639,Vinaya Agarwal,47,2,4,3,1
2640,2640,Ria Bhakta,69,1,1,1,2
2641,2641,Warinder Sibal,60,3,5,2,2
2642,2642,Balendra Contractor,36,7,5,1,1
2643,2643,Zayan Bhavsar,24,4,5,5,1
2644,2644,Nitara Sankaran,64,4,2,3,2
2645,2645,Damini Sahota,24,7,6,2,1
2646,2646,Aadhya Ray,37,2,6,1,2
2647,2647,Abeer Sant,20,6,4,1,2
2648,2648,Ronith Dhar,37,6,5,1,2
2649,2649,Odika Mishra,36,1,2,5,1
2650,2650,Varenya Grewal,37,5,5,1,1
2651,2651,Vinaya Deshmukh,34,1,1,2,2
2652,2652,Jagdish Morar,20,2,4,5,2
2653,2653,Mitali Balakrishnan,60,2,3,5,1
2654,2654,Omkaar Gupta,44,2,1,2,2
2655,2655,Qarin Bawa,61,2,5,1,1
2656,2656,Michael Din,32,5,6,1,1
2657,2657,Wridesh Tank,54,7,6,2,2
2658,2658,Hemang Modi,55,1,1,3,2
2659,2659,Mohammed Bajaj,52,1,5,5,2
2660,2660,Frado D’Alia,59,6,3,4,1
2661,2661,Abeer Dhar,34,4,1,3,2
2662,2662,Ishwar Sangha,36,2,3,5,1
2663,2663,Vamakshi Roy,24,5,3,2,2
2664,2664,Vivaan Murty,47,6,1,3,2
2665,2665,Daniel Gokhale,45,8,6,1,2
2666,2666,Mekhala Upadhyay,19,7,2,1,2
2667,2667,Logan Kibe,49,4,1,4,1
2668,2668,Megha Bawa,39,2,5,3,1
2669,2669,Gaurav Bose,57,2,2,1,1
2670,2670,Girindra Kale,61,8,1,3,1
2671,2671,Manan Narang,70,3,6,2,2
2672,2672,Tanish Bal,18,5,5,5,1
2673,2673,Krishna Balasubramanian,21,8,5,2,2
2674,2674,Onveer Butala,68,5,4,4,1
2675,2675,Nakul Hari,43,6,3,3,2
2676,2676,Gaurang Dutt,50,6,2,2,1
2677,2677,Girish Nayak,41,8,5,3,2
2678,2678,Quincy Rout,59,3,4,4,1
2679,2679,Zaitra Sahni,24,6,1,2,1
2680,2680,Aarush Bhattacharyya,33,8,2,3,2
2681,2681,Brijesh Nori,57,4,5,4,2
2682,2682,Osha Loke,68,3,4,3,1
2683,2683,Rishi Ramachandran,53,2,4,2,1
2684,2684,Leena Chaudhary,66,4,4,4,1
2685,2685,Lakshit Kuruvilla,44,5,4,1,1
2686,2686,Banjeet Nagy,38,4,6,5,2
2687,2687,Aryan Chaudhuri,60,4,6,5,1
2688,2688,Siddharth Ghosh,45,7,4,2,2
2689,2689,Qasim Kale,27,4,2,2,1
2690,2690,Xiti Mander,19,4,6,1,1
2691,2691,Sanaya Saini,43,1,1,1,2
2692,2692,Atharv Pal,41,2,4,1,2
2693,2693,Saumya Dugar,32,6,1,5,1
2694,2694,Tanmayi Goyal,69,7,2,5,1
2695,2695,Quincy Malhotra,69,6,6,2,1
2696,2696,Reva Prabhu,47,2,4,2,2
2697,2697,Janani Chand,42,2,5,1,1
2698,2698,Wridesh Lad,31,6,5,2,2
2699,2699,Yashasvi Vig,69,2,3,2,2
2700,2700,Netra Gill,55,4,1,3,2
2701,2701,Viraj Chada,63,8,6,3,1
2702,2702,Harsh Talwar,68,1,1,1,1
2703,2703,Mitesh Patel,37,4,6,2,1
2704,2704,Xiti Bedi,65,7,5,5,1
2705,2705,Gaurangi Parsa,64,5,2,5,1
2706,2706,Madhavi Varty,18,6,5,4,2
2707,2707,Gaurika Sane,64,8,3,4,2
2708,2708,Ayaan Mishra,44,1,4,2,2
2709,2709,Fitan Dhar,56,1,5,2,2
2710,2710,Harita Char,31,1,6,4,1
2711,2711,Hritik Rama,56,6,4,3,1
2712,2712,Samesh Goda,26,3,4,5,1
2713,2713,Faras Bhatia,52,1,5,1,2
2714,2714,Hemal Yogi,53,3,1,4,2
2715,2715,Girik Deshpande,31,7,1,4,1
2716,2716,Unni Bail,28,3,3,4,2
2717,2717,Vidhi Kade,27,5,4,1,1
2718,2718,Kamya Varghese,29,1,5,4,1
2719,2719,Rachit Swaminathan,25,3,2,5,1
2720,2720,Nicholas Varty,18,3,4,1,1
2721,2721,Aarnav Dada,26,3,5,5,1
2722,2722,Orinder Bora,32,8,4,2,2
2723,2723,Jagrati Keer,65,4,3,5,1
2724,2724,Bhavika Singhal,25,1,5,1,1
2725,2725,Qadim Shroff,51,2,6,1,1
2726,2726,Alexander Ramesh,54,2,2,5,1
2727,2727,Lakshmi Yadav,66,1,3,5,2
2728,2728,Sachi Lall,57,2,6,4,1
2729,2729,Vasana Sane,42,3,4,4,2
2730,2730,Brijesh Bedi,62,3,6,3,1
2731,2731,Megha Ramachandran,63,8,3,5,1
2732,2732,Kamala Tara,36,2,1,2,2
2733,2733,Anvi Kunda,19,8,2,1,1
2734,2734,Upkaar Dyal,19,8,4,5,2
2735,2735,Vidhi Barad,33,2,1,3,2
2736,2736,Vasana Sidhu,42,3,4,3,1
2737,2737,Neha Chaudhry,31,5,2,2,2
2738,2738,Anthony Tailor,28,1,4,1,2
2739,2739,Lavanya Mammen,34,1,5,5,1
2740,2740,Rudra Palla,41,4,3,2,2
2741,2741,Gunbir Baral,25,8,2,4,1
2742,2742,Gaurav Raju,35,8,4,1,2
2743,2743,Wishi Mukhopadhyay,28,8,1,1,1
2744,2744,Vedant Khare,48,4,5,2,2
2745,2745,Fariq Chander,34,8,1,3,2
2746,2746,Krishna Borra,28,5,3,1,1
2747,2747,Jagat Goyal,26,2,3,3,1
2748,2748,Jagat Rajan,58,2,5,5,2
2749,2749,Balveer Shere,45,2,1,4,2
2750,2750,Wishi Tella,31,8,2,5,1
2751,2751,Tripti Kade,60,2,3,5,2
2752,2752,Wishi Balay,43,7,6,1,2
2753,2753,Damini Memon,67,2,5,3,2
2754,2754,Diya Purohit,32,8,2,2,1
2755,2755,Amaira Apte,23,6,3,2,1
2756,2756,Harrison Pradhan,32,5,3,2,1
2757,2757,Farhan Varty,51,4,1,1,1
2758,2758,Ikbal Chana,35,1,5,2,1
2759,2759,Samuel Oak,30,3,3,1,2
2760,2760,Viraj Vala,45,5,5,4,2
2761,2761,Sathvik Nanda,41,8,6,5,1
2762,2762,Sarthak Lanka,30,5,2,1,2
2763,2763,Indali Borra,36,2,5,4,2
2764,2764,Chandran Banerjee,59,7,5,5,1
2765,2765,Siddharth Khare,36,4,1,1,2
2766,2766,Priya Patel,29,8,2,1,2
2767,2767,Yauvani Kakar,24,3,4,4,2
2768,2768,Urmi Dhaliwal,24,3,4,1,1
2769,2769,Laksh Mukhopadhyay,30,3,5,3,1
2770,2770,Bina Mangal,33,5,3,2,1
2771,2771,Vinaya Agrawal,35,6,1,3,1
2772,2772,Ryan Sethi,24,4,3,3,1
2773,2773,Hemang Memon,32,6,5,2,2
2774,2774,Udyati Mandal,47,3,4,5,1
2775,2775,Chandani Luthra,59,7,2,2,1
2776,2776,Aishani Tak,20,2,3,5,1
2777,2777,Pranav Pal,27,7,2,2,1
2778,2778,Jeet Lad,41,5,4,2,2
2779,2779,Orinder Venkataraman,45,7,3,2,1
2780,2780,Urvi Thakkar,41,2,4,5,1
2781,2781,Vritti Bumb,39,2,1,1,1
2782,2782,Ubika Vala,57,7,4,2,2
2783,2783,Advik Kaul,68,2,6,5,2
2784,2784,Lakshmi Arya,64,6,2,2,2
2785,2785,Tanmayi Mann,43,4,2,4,1
2786,2786,Ansh Cherian,25,3,2,4,2
2787,2787,Ekiya Sundaram,32,5,3,2,1
2788,2788,Ikshita Dixit,46,1,1,3,2
2789,2789,Imaran Magar,55,8,4,3,2
2790,2790,Jacob Soni,29,2,1,4,1
2791,2791,Tejas Seshadri,18,6,1,2,1
2792,2792,Leena Palan,31,6,4,5,2
2793,2793,Isaiah Pal,20,3,3,4,1
2794,2794,Aahana Walla,25,2,6,2,2
2795,2795,Lopa Rajan,36,2,1,1,2
2796,2796,Darpan Prashad,51,2,4,1,1
2797,2797,Falguni Kale,18,8,5,2,1
2798,2798,Radhika Rajan,64,1,3,2,1
2799,2799,Abhimanyu Singh,60,4,4,1,1
2800,2800,Kabir Krish,51,4,3,4,2
2801,2801,Guneet Patil,64,6,2,1,1
2802,2802,Liam Pai,62,4,6,1,1
2803,2803,Gagan Raman,58,3,5,4,1
2804,2804,Kavya Dhillon,70,1,4,5,2
2805,2805,Qabil Atwal,32,4,5,4,1
2806,2806,Falak Basak,66,8,6,1,1
2807,2807,Onveer Jhaveri,57,1,1,3,1
2808,2808,Hemal Nayak,63,7,5,1,1
2809,2809,Tanay Jain,33,3,4,2,1
2810,2810,Yashica Kannan,35,2,2,2,2
2811,2811,Wazir Radhakrishnan,32,4,1,1,1
2812,2812,Dev Radhakrishnan,41,3,5,4,2
2813,2813,Yauvani Dugal,48,1,3,2,2
2814,2814,Amaira Oommen,39,4,2,5,2
2815,2815,Vedant Mody,59,2,5,3,2
2816,2816,Qasim Master,57,8,4,5,2
2817,2817,Abhiram Kala,67,4,3,2,2
2818,2818,Azaan Lala,23,1,1,5,1
2819,2819,Ansh Iyer,50,3,2,1,2
2820,2820,Harini Kala,52,7,3,3,1
2821,2821,Harish Kunda,33,3,5,2,1
2822,2822,Udyati Dara,47,5,2,3,2
2823,2823,Megha Mukherjee,38,5,6,3,1
2824,2824,Aahana Deo,29,8,6,4,2
2825,2825,Siddharth Pandey,57,7,1,2,1
2826,2826,Odika Sidhu,18,4,4,4,2
2827,2827,Naveen Behl,44,6,6,4,1
2828,2828,Ekanta Nori,39,1,4,5,2
2829,2829,Oeshi Deol,51,8,2,1,1
2830,2830,Victor Tiwari,20,1,2,1,1
2831,2831,Chaman Lad,48,6,2,3,2
2832,2832,Ethan Verma,62,1,1,2,2
2833,2833,Dayamai Biswas,52,5,6,3,1
2834,2834,Vasana Sura,39,7,2,3,1
2835,2835,Rachana Kuruvilla,39,5,6,3,2
2836,2836,Gabriel Loyal,67,4,2,1,1
2837,2837,Ekta Pandey,44,1,5,2,1
2838,2838,Ira Virk,31,3,4,2,1
2839,2839,Harini Gole,41,3,1,1,1
2840,2840,Vivaan Saxena,21,5,6,3,2
2841,2841,Urvi Vala,30,3,3,4,2
2842,2842,Damyanti Tata,28,7,4,4,1
2843,2843,Tanmayi Bandi,51,6,3,3,2
2844,2844,Dipta Grewal,54,1,5,1,2
2845,2845,Saanvi Chaudhuri,59,6,3,1,1
2846,2846,Kamya Devi,59,4,4,3,2
2847,2847,Anjali Jani,19,1,2,2,1
2848,2848,Jacob Loyal,67,5,5,1,1
2849,2849,Rajata Char,34,1,2,5,2
2850,2850,Yashodhara Bakshi,47,6,5,3,1
2851,2851,Bhavya Gade,23,7,4,3,2
2852,2852,Manthan Deep,30,4,5,4,2
2853,2853,Ria Parsa,53,5,3,2,2
2854,2854,Mitesh Seshadri,61,4,2,3,2
2855,2855,Wahab Swaminathan,51,5,3,5,1
2856,2856,Orinder Sodhi,64,7,2,2,2
2857,2857,Dipta Jain,51,6,1,3,1
2858,2858,Vedant Ganesan,64,3,4,3,2
2859,2859,Zaitra Kala,68,2,3,5,2
2860,2860,Sai Bumb,54,4,3,5,1
2861,2861,Karan Dubey,27,3,1,5,1
2862,2862,Aachal Gandhi,19,7,6,3,1
2863,2863,Maanav Bedi,51,7,1,1,1
2864,2864,Girik Nadig,45,6,6,4,1
2865,2865,Daksh Narain,48,2,6,4,1
2866,2866,Ati Zachariah,38,4,6,5,2
2867,2867,Matthew Bhagat,46,1,5,2,1
2868,2868,Suhani Sharaf,19,4,6,1,2
2869,2869,Wahab Badami,25,1,4,2,1
2870,2870,Rishi Bhakta,54,6,2,3,2
2871,2871,Thomas Chopra,69,3,3,2,1
2872,2872,Janya Shere,63,7,4,4,2
2873,2873,Triveni Sachdeva,24,5,1,1,1
2874,2874,Finn Basak,52,4,4,5,1
2875,2875,Yahvi Mitra,26,7,1,5,2
2876,2876,Ishwar Padmanabhan,56,1,6,2,2
2877,2877,Libni Rajagopal,31,5,5,2,2
2878,2878,Unnati Choudhary,50,3,6,2,1
2879,2879,Yamini Suri,56,4,3,1,1
2880,2880,Warjas Dada,70,3,5,5,1
2881,2881,Champak Johal,44,7,6,2,2
2882,2882,Kala Lanka,69,2,6,3,2
2883,2883,Raksha Sharaf,44,3,3,5,2
2884,2884,Edhitha Jayaraman,67,2,3,4,2
2885,2885,Jasmit Saraf,22,4,2,2,1
2886,2886,Kalpit Tripathi,50,1,4,1,2
2887,2887,Quincy Batra,63,2,3,5,2
2888,2888,Chandresh Kalita,48,3,5,3,1
2889,2889,Bina Narain,63,8,1,3,2
2890,2890,Idika Kala,48,4,6,2,2
2891,2891,Jacob Dugar,37,6,5,4,1
2892,2892,Priya Singh,39,6,4,2,2
2893,2893,Chandani Arya,18,2,1,2,1
2894,2894,Chavvi Krishna,49,5,5,3,1
2895,2895,Praneel Date,18,3,3,4,1
2896,2896,Manya Bandi,23,8,3,3,1
2897,2897,Eta Ranganathan,63,4,6,5,1
2898,2898,Vidhi Parsa,70,6,2,1,2
2899,2899,Bhavika Mitter,25,1,2,3,2
2900,2900,Bhavika Sood,56,4,6,4,1
2901,2901,Ojas Shukla,38,3,6,2,2
2902,2902,Shravya Doctor,32,6,4,3,2
2903,2903,Balveer Ratta,46,6,3,5,2
2904,2904,Adya Kothari,26,3,1,3,1
2905,2905,Gagan Banerjee,23,4,3,3,2
2906,2906,Unnati Arya,45,8,2,4,2
2907,2907,Neel Pandya,37,1,5,4,2
2908,2908,Oliver Mani,55,6,3,3,1
2909,2909,Triya Memon,25,4,2,4,2
2910,2910,Krishna Ghose,31,8,5,1,2
2911,2911,Kalpit Saxena,51,3,1,1,1
2912,2912,Jeevika Parekh,69,3,1,3,2
2913,2913,Abhimanyu Chacko,68,1,5,3,1
2914,2914,Aarav Seth,57,5,3,3,2
2915,2915,Maanas Buch,50,5,1,1,1
2916,2916,Bhanumati Chandra,47,2,2,4,2
2917,2917,Bachittar Shroff,46,4,1,4,2
2918,2918,Chatura Modi,21,3,3,4,2
2919,2919,Onkar Pathak,42,6,2,4,2
2920,2920,Joshua Nazareth,44,6,1,1,2
2921,2921,Januja Balan,46,6,3,1,2
2922,2922,Januja Bassi,45,2,2,5,2
2923,2923,Chavvi Dugal,60,5,6,5,1
2924,2924,Wakeeta Om,22,1,4,5,1
2925,2925,Gautam Samra,47,1,3,2,2
2926,2926,Wishi Sengupta,59,1,2,2,1
2927,2927,Ekansh Swaminathan,33,3,6,1,2
2928,2928,Raagini Parekh,27,3,1,1,2
2929,2929,Nimrat Contractor,39,1,5,5,1
2930,2930,Neelima Raj,46,7,5,5,2
2931,2931,Jackson Parekh,70,3,2,5,2
2932,2932,Yatin Nath,70,7,1,2,1
2933,2933,Azad Som,31,1,3,4,1
2934,2934,Samaksh Mistry,21,3,3,4,1
2935,2935,Ati Rana,55,2,4,4,1
2936,2936,Ranveer Chopra,58,4,2,2,1
2937,2937,Arunima Ahuja,40,2,3,3,1
2938,2938,Chakrika Nath,41,2,3,3,1
2939,2939,Neel Sawhney,68,6,1,5,1
2940,2940,Gautami Goel,18,3,2,1,1
2941,2941,Alexander Sagar,48,2,2,4,2
2942,2942,Anamika Goyal,31,8,4,3,2
2943,2943,Qarin Gopal,69,6,1,2,2
2944,2944,Nicholas Gopal,66,5,3,3,1
2945,2945,Varenya Kade,42,4,2,5,2
2946,2946,Krishna Sagar,49,2,2,1,1
2947,2947,Ishaan Kannan,52,7,4,5,1
2948,2948,Mugdha Karpe,26,7,1,5,2
2949,2949,Ishani Lad,23,6,5,4,1
2950,2950,Vasudha Mahal,58,3,2,2,1
2951,2951,Eshana Sami,40,5,4,1,2
2952,2952,Anjali Kamdar,50,4,6,5,1
2953,2953,Frado Buch,70,7,1,5,1
2954,2954,Ryan Deep,27,6,1,2,2
2955,2955,Meera Tara,55,7,4,1,2
2956,2956,Jairaj Das,48,7,3,2,1
2957,2957,Triveni Balan,42,4,3,1,2
2958,2958,Jai Dora,39,5,2,5,2
2959,2959,Riya Bera,43,1,6,2,2
2960,2960,Yadavi Sundaram,56,3,6,2,1
2961,2961,Manthan Khanna,19,5,1,4,1
2962,2962,Shaurya Raj,38,7,5,3,2
2963,2963,Kashvi Mittal,30,3,5,1,1
2964,2964,Odika Sha,61,6,2,1,1
2965,2965,Anthony Kota,35,1,3,2,2
2966,2966,Unni Bora,22,1,5,3,1
2967,2967,Timothy Rajan,31,2,4,4,1
2968,2968,Quincy Balasubramanian,70,8,6,4,1
2969,2969,Faris Gola,65,1,2,4,2
2970,2970,Krish Hegde,31,1,5,4,2
2971,2971,Tamanna Issac,68,4,1,2,1
2972,2972,Bhavya Dora,37,5,3,2,1
2973,2973,Abhimanyu Srivastava,53,3,3,4,1
2974,2974,Gautam More,56,3,2,4,1
2975,2975,Amara Mital,39,7,2,1,1
2976,2976,Finn Bhakta,34,3,2,1,1
2977,2977,Maanas Pall,43,7,2,4,1
2978,2978,Baghyawati Bhatti,43,4,1,5,2
2979,2979,Raksha Grover,50,4,1,1,2
2980,2980,Ayush Vyas,23,4,2,3,2
2981,2981,Yashasvi Varkey,68,6,5,5,1
2982,2982,Shivansh Bains,56,1,6,3,2
2983,2983,Noah Vig,18,4,2,4,1
2984,2984,Vansha Aurora,38,5,1,5,2
2985,2985,Fitan Pingle,27,4,3,5,1
2986,2986,Yahvi Dora,51,8,3,4,1
2987,2987,Finn Tella,41,5,2,4,2
2988,2988,Patrick Jayaraman,28,3,6,1,2
2989,2989,Kala Bhattacharyya,49,5,6,1,1
2990,2990,Radhika Comar,19,8,4,4,1
2991,2991,Qushi Jain,19,5,3,3,1
2992,2992,Keya Chaudhry,26,8,5,1,1
2993,2993,Vedant Oza,42,5,3,2,1
2994,2994,Vritti Prabhu,52,5,2,2,1
2995,2995,Arya Mangal,22,4,2,5,2
2996,2996,Ranbir Kashyap,70,2,2,4,1
2997,2997,Adya Apte,30,3,4,5,2
2998,2998,Tanveer Krishnan,55,1,3,5,1
2999,2999,Veer Dhillon,55,2,3,2,1
3000,3000,Lajita Kapoor,44,8,4,5,2
