EmployeeID,DistrictID,UnitID,RankID,DesignationID,KGID,FirstName,EmployeeDOB,GenderID,BloodGroupID,PhysicallyChallenged,AppointmentDate
1,5,229,1,2,KGID100001,Anvi,1989-04-18,1,4,0,2006-01-19
2,5,210,3,3,KGID100002,Harsh,1975-11-18,1,7,0,2020-05-22
3,5,192,1,3,KGID100003,Gagan,1990-07-24,1,4,0,2023-04-16
4,31,1117,2,2,KGID100004,Girik,1987-08-19,2,1,0,2008-02-15
5,7,327,3,2,KGID100005,Avi,1974-12-27,2,3,0,2023-01-29
6,17,690,1,2,KGID100006,Oni,1986-08-21,1,6,0,2020-09-21
7,13,542,4,3,KGID100007,Abeer,1975-01-18,2,2,1,2023-02-02
8,20,776,1,2,KGID100008,Pahal,1993-05-09,2,4,0,2005-05-21
9,3,94,3,2,KGID100009,Gayathri,1979-02-14,1,4,0,2017-02-08
10,21,779,1,3,KGID100010,Jagrati,1971-01-11,2,3,0,2024-04-24
11,10,430,3,3,KGID100011,Caleb,1996-05-15,1,3,0,2014-11-08
12,12,502,1,2,KGID100012,Kritika,1992-05-13,2,4,0,2014-11-20
13,3,115,1,1,KGID100013,Janaki,1970-03-26,2,7,0,2024-11-05
14,11,433,5,3,KGID100014,Chakradev,1987-03-09,2,4,0,2020-03-26
15,22,811,4,3,KGID100015,Fariq,1990-01-14,2,3,0,2020-10-14
16,12,506,3,3,KGID100016,Lajita,1996-08-20,2,7,0,2021-12-12
17,22,818,2,1,KGID100017,Janya,1977-01-02,2,2,0,2022-08-21
18,5,225,1,1,KGID100018,Amara,1973-01-31,2,2,0,2022-12-22
19,26,959,2,3,KGID100019,Ekbal,1991-06-01,1,2,0,2018-08-04
20,31,1100,4,3,KGID100020,Yash,1988-04-06,2,2,0,2009-10-21
21,7,324,2,3,KGID100021,Theodore,1973-02-09,2,3,0,2023-01-26
22,5,218,4,2,KGID100022,Daksh,1990-10-31,1,3,0,2022-04-02
23,7,331,2,3,KGID100023,Diya,1975-05-05,1,6,0,2019-09-30
24,5,230,5,2,KGID100024,Divya,1981-03-12,1,1,0,2014-05-07
25,4,162,1,2,KGID100025,Tara,1974-10-13,1,3,0,2023-01-18
26,26,974,5,1,KGID100026,Adya,1972-05-30,2,7,0,2022-12-21
27,31,1105,4,3,KGID100027,Mohini,1992-12-14,1,5,0,2012-05-28
28,20,765,2,3,KGID100028,Lakshit,1979-11-11,2,2,0,2025-07-11
29,3,132,1,3,KGID100029,Champak,1984-11-16,1,4,0,2011-12-02
30,3,121,1,1,KGID100030,Nathaniel,1996-10-31,2,2,0,2002-09-06
31,14,571,3,1,KGID100031,Devansh,1994-06-26,1,8,0,2011-02-08
32,26,969,4,1,KGID100032,Upadhriti,1980-08-20,1,2,0,2021-02-08
33,19,726,2,2,KGID100033,Advay,1985-07-18,1,2,0,2025-02-01
34,18,695,4,1,KGID100034,Amara,1990-09-07,1,4,0,2006-12-16
35,24,919,1,1,KGID100035,Chaaya,1993-09-08,2,8,0,2009-09-19
36,4,155,2,3,KGID100036,Adya,1982-05-03,1,1,0,2018-06-14
37,31,1108,4,1,KGID100037,Yashica,2000-08-06,1,3,0,2018-03-04
38,27,986,1,2,KGID100038,Chanchal,1998-08-01,1,3,0,2021-10-18
39,21,800,1,2,KGID100039,Rushil,1996-03-03,2,7,0,2012-04-05
40,27,997,1,2,KGID100040,Aadi,1972-10-01,1,1,0,2024-11-02
41,31,1111,1,2,KGID100041,Isaac,1987-12-02,1,1,0,2016-05-07
42,28,1030,5,3,KGID100042,Damyanti,1999-02-22,1,1,0,2021-11-30
43,4,165,4,1,KGID100043,Farhan,1975-09-11,1,4,0,2020-12-30
44,12,505,2,1,KGID100044,Ekapad,1970-06-19,1,7,0,2025-01-14
45,30,1071,1,2,KGID100045,Jeremiah,2000-10-21,1,6,0,2011-01-25
46,22,811,1,3,KGID100046,Noah,1971-12-02,2,8,0,2024-07-02
47,4,149,1,3,KGID100047,Pallavi,1976-07-25,1,2,0,2024-08-28
48,28,1037,1,2,KGID100048,Sai,2000-05-05,1,4,0,2023-05-08
49,7,324,2,3,KGID100049,Kashvi,1991-10-18,2,1,0,2012-04-30
50,16,614,5,1,KGID100050,Jai,1982-06-13,1,5,0,2019-04-13
51,5,220,3,1,KGID100051,Ansh,1975-12-25,2,5,0,2019-12-09
52,18,703,1,3,KGID100052,Thomas,1987-07-23,2,8,0,2011-09-11
53,3,105,1,2,KGID100053,Daniel,1967-10-19,2,1,0,2025-07-21
54,5,268,3,2,KGID100054,Ganga,1975-05-04,1,8,0,2024-12-25
55,23,876,2,1,KGID100055,Vedika,1969-12-17,1,3,0,2025-07-21
56,20,757,2,1,KGID100056,Urvashi,1974-11-02,2,3,0,2021-03-19
57,19,747,4,1,KGID100057,Niharika,1975-10-25,2,4,0,2022-05-23
58,5,211,2,3,KGID100058,Raagini,1974-01-10,2,3,0,2021-01-13
59,11,485,4,1,KGID100059,Chatura,1979-08-08,2,1,0,2019-08-31
60,17,681,4,2,KGID100060,Guneet,1990-06-13,1,5,0,2025-03-21
61,5,222,2,1,KGID100061,Ikbal,1969-08-12,2,4,0,2025-07-21
62,25,943,1,1,KGID100062,Saumya,1976-01-04,1,1,0,2019-11-20
63,22,817,1,1,KGID100063,Turvi,1972-04-26,2,6,0,2023-02-07
64,22,819,3,3,KGID100064,Saanvi,1976-01-18,2,1,0,2025-01-05
65,13,535,1,2,KGID100065,Guneet,1995-01-10,1,2,0,2021-10-22
66,18,708,3,2,KGID100066,Alexander,1969-04-10,2,2,0,2025-07-21
67,9,390,1,3,KGID100067,Warjas,2000-07-01,2,1,0,2023-04-09
68,31,1103,3,3,KGID100068,Tanay,1973-03-17,1,6,0,2023-06-30
69,17,677,3,3,KGID100069,Nitesh,1996-12-14,1,5,0,2022-12-01
70,22,837,1,3,KGID100070,Alka,1980-06-09,2,3,0,2025-05-22
71,20,777,3,1,KGID100071,Bhavika,1999-01-21,2,7,0,2019-02-08
72,1,1,1,1,KGID100072,Vidhi,1981-12-08,2,6,0,2025-01-14
73,24,906,3,3,KGID100073,Dalbir,1972-10-25,2,3,0,2023-06-11
74,15,582,2,3,KGID100074,Dipta,1987-03-31,2,2,0,2017-04-24
75,11,482,3,1,KGID100075,Yadavi,1969-06-30,1,3,0,2025-07-21
76,12,502,6,3,KGID100076,Dakshesh,1998-10-24,1,8,0,2011-12-15
77,9,399,3,2,KGID100077,Quincy,2000-03-21,2,7,0,1997-01-14
78,1,12,4,1,KGID100078,Wahab,1969-11-18,2,4,0,2025-07-21
79,29,1061,2,3,KGID100079,Yatin,1981-04-13,1,2,0,2024-11-07
80,26,952,3,3,KGID100080,Finn,1987-03-28,2,8,0,2008-04-08
81,28,1034,2,3,KGID100081,Diya,1981-10-22,2,3,0,2020-07-22
82,26,973,2,1,KGID100082,Dipta,1999-05-03,2,8,0,2001-09-06
83,14,563,2,3,KGID100083,Charita,1975-09-02,2,4,0,2021-12-05
84,17,655,4,1,KGID100084,Elijah,1983-02-06,1,3,0,2024-07-23
85,6,313,3,1,KGID100085,Harish,1967-11-14,2,7,0,2025-07-21
86,26,955,2,1,KGID100086,Alka,1970-01-16,2,7,0,2024-10-06
87,2,41,4,3,KGID100087,Ekapad,1972-01-21,2,8,0,2023-08-08
88,19,721,1,2,KGID100088,Nakul,1997-06-13,2,4,0,2007-11-25
89,14,559,2,1,KGID100089,Chasmum,1982-06-14,2,6,0,2019-08-13
90,22,829,3,2,KGID100090,Abhiram,1988-05-08,1,1,0,2025-04-23
91,2,56,1,2,KGID100091,Hemang,1990-04-06,1,8,0,2016-03-13
92,13,533,2,1,KGID100092,Jack,1999-06-24,2,6,0,1999-08-01
93,20,777,1,2,KGID100093,Nachiket,1997-10-21,2,2,0,2018-05-04
94,31,1105,1,2,KGID100094,Hemal,1976-10-24,1,2,0,2022-10-14
95,2,83,4,1,KGID100095,Aishani,1974-06-23,1,1,0,2023-09-22
96,11,489,1,3,KGID100096,Charan,1984-09-26,1,4,0,2014-04-27
97,13,525,4,1,KGID100097,Aradhana,1970-09-10,1,3,0,2024-12-22
98,5,222,2,2,KGID100098,Kalpit,1969-01-19,2,7,0,2025-07-21
99,10,407,1,3,KGID100099,Riya,1989-03-20,1,2,0,2010-10-16
100,16,618,4,3,KGID100100,Aditya,1986-04-24,1,1,0,2015-10-28
101,23,878,3,1,KGID100101,Manthan,1971-05-11,2,1,0,2025-06-10
102,27,1004,1,2,KGID100102,Manbir,1986-02-07,2,3,0,2022-09-28
103,30,1069,5,2,KGID100103,Janya,1982-03-02,2,8,0,2013-02-04
104,14,550,1,1,KGID100104,Balveer,1998-02-13,1,5,0,2019-08-22
105,12,500,4,3,KGID100105,Zaid,1998-02-12,2,6,0,2002-08-24
106,17,666,1,1,KGID100106,Niharika,1990-03-25,2,5,0,2011-12-24
107,14,566,2,3,KGID100107,Warjas,2000-08-31,1,2,0,2017-10-14
108,22,833,2,1,KGID100108,Peter,1996-12-13,2,8,0,2024-11-28
109,2,36,1,1,KGID100109,Gaurangi,1997-07-10,2,4,0,1998-04-01
110,20,756,2,3,KGID100110,Yuvraj,1994-02-26,2,7,1,2010-11-05
111,17,678,2,2,KGID100111,Hritik,1976-08-16,2,5,0,2024-01-24
112,5,248,3,2,KGID100112,Upma,1980-07-23,1,3,0,2014-12-24
113,27,992,1,3,KGID100113,Triveni,1975-02-12,2,2,0,2024-06-14
114,16,607,1,1,KGID100114,Vedant,1979-06-11,2,1,0,2023-10-04
115,5,260,1,1,KGID100115,Mohini,1975-02-18,2,3,0,2023-07-07
116,27,1006,1,1,KGID100116,Arya,1978-09-18,2,8,0,2024-05-01
117,18,698,1,1,KGID100117,Garima,1979-06-29,2,8,0,2020-08-24
118,3,134,2,1,KGID100118,Advika,1999-06-28,1,3,0,1999-01-05
119,16,623,1,1,KGID100119,Alka,1973-08-16,1,7,0,2025-05-27
120,11,463,4,2,KGID100120,Hemani,1968-11-08,2,8,0,2025-07-21
121,23,879,1,3,KGID100121,Yasti,1992-04-28,1,2,0,2009-10-07
122,10,426,3,2,KGID100122,Ranveer,1971-06-27,1,3,0,2025-05-08
123,4,154,1,2,KGID100123,Aarav,1976-03-19,2,8,0,2023-07-07
124,11,475,1,2,KGID100124,Ronith,1985-03-25,2,2,0,2022-06-16
125,13,542,4,3,KGID100125,Ganga,1979-12-09,1,7,0,2016-04-02
126,11,461,3,2,KGID100126,Jeet,1988-09-27,1,2,0,2019-02-27
127,16,630,2,3,KGID100127,Dayamai,1992-01-10,2,8,0,2009-06-17
128,16,623,3,2,KGID100128,Chakrika,1990-03-25,2,8,0,2011-05-27
129,2,82,4,3,KGID100129,Ladli,1986-05-28,2,5,0,2011-10-25
130,11,469,5,3,KGID100130,Charvi,1990-08-01,1,5,0,2023-07-06
131,8,359,2,3,KGID100131,Daksha,1981-05-12,2,5,0,2023-07-23
132,23,893,3,2,KGID100132,Ekanta,1977-04-23,1,8,0,2020-12-28
133,17,683,1,1,KGID100133,Tanay,1983-05-13,1,6,0,2017-09-28
134,28,1015,1,2,KGID100134,Omkaar,1984-12-07,1,8,0,2022-06-17
135,12,517,1,2,KGID100135,Gautami,1989-12-15,1,8,0,2011-03-25
136,9,385,2,3,KGID100136,Wahab,1970-09-23,2,8,0,2025-07-03
137,10,417,1,1,KGID100137,Rushil,1990-06-06,2,8,0,2009-04-08
138,27,993,1,3,KGID100138,Vaishnavi,1972-07-24,1,3,0,2022-09-10
139,1,29,2,1,KGID100139,Tamanna,1988-05-03,1,2,0,2021-02-25
140,5,241,3,1,KGID100140,Robert,1981-08-23,2,5,0,2021-02-09
141,14,560,2,2,KGID100141,Mugdha,1991-12-24,2,4,0,2012-01-01
142,6,297,2,3,KGID100142,Abdul,1975-11-07,1,2,0,2023-06-28
143,22,850,1,3,KGID100143,Hredhaan,1997-11-26,2,1,0,2021-08-23
144,16,612,4,3,KGID100144,Zarna,1994-01-08,2,3,0,2006-01-09
145,27,992,1,3,KGID100145,Jairaj,1983-05-08,2,8,0,2019-05-11
146,9,387,6,1,KGID100146,Edhitha,1983-01-27,2,4,0,2022-10-09
147,22,842,1,3,KGID100147,Yamini,1999-11-09,2,7,0,2022-04-18
148,6,312,2,1,KGID100148,Sanaya,1982-01-23,1,6,0,2024-05-04
149,24,902,1,2,KGID100149,Vaishnavi,1998-01-22,1,3,0,2018-02-12
150,7,317,1,2,KGID100150,Aradhana,1982-11-09,2,7,0,2022-04-29
151,17,673,4,3,KGID100151,William,1993-08-04,2,6,0,2014-01-24
152,27,1000,4,1,KGID100152,Bhavika,1976-11-21,1,4,0,2019-02-05
153,15,589,6,3,KGID100153,Faris,1975-07-12,1,7,1,2021-07-26
154,5,206,2,3,KGID100154,Michael,1972-04-04,2,1,0,2023-04-01
155,3,115,1,2,KGID100155,Nikita,1991-07-29,2,3,0,2004-12-19
156,22,844,2,1,KGID100156,David,1978-10-21,1,3,0,2020-09-29
157,21,784,3,1,KGID100157,Anmol,1974-08-02,2,3,0,2022-08-27
158,13,521,2,3,KGID100158,Lajita,1996-09-06,1,8,0,2019-03-23
159,31,1120,1,2,KGID100159,Chanchal,1983-10-09,2,5,0,2024-10-01
160,23,869,3,2,KGID100160,Oni,1993-03-04,2,4,1,2022-01-13
161,27,990,1,2,KGID100161,Thomas,1985-11-08,2,5,1,2021-04-22
162,15,605,1,3,KGID100162,Vedika,1984-02-26,2,5,0,2014-08-25
163,3,101,5,3,KGID100163,Nidhi,1968-07-16,2,5,0,2025-07-21
164,11,472,3,2,KGID100164,Joshua,1992-03-05,1,4,0,2021-11-19
165,5,281,3,3,KGID100165,Meera,2000-11-24,1,5,0,2011-02-10
166,2,69,2,3,KGID100166,Fiyaz,1987-09-05,1,2,0,2019-06-27
167,17,670,3,1,KGID100167,Triya,1989-05-29,1,3,0,2008-04-07
168,20,750,2,2,KGID100168,Falak,1973-09-24,1,5,0,2022-08-05
169,27,987,5,2,KGID100169,Ladli,1974-10-01,2,2,0,2022-03-09
170,4,155,1,1,KGID100170,Oviya,1977-01-05,2,6,0,2025-02-28
171,22,809,1,3,KGID100171,Anirudh,1976-02-17,1,8,0,2019-02-16
172,13,537,2,3,KGID100172,Inaya,1993-01-08,2,2,0,2002-10-21
173,26,966,1,3,KGID100173,Banjeet,1975-03-06,2,4,0,2019-12-19
174,25,951,5,2,KGID100174,Ryan,1993-03-13,2,2,0,2024-05-05
175,2,77,1,2,KGID100175,William,1996-02-02,1,2,0,2015-04-30
176,31,1101,1,2,KGID100176,Tejas,1971-11-05,2,7,0,2024-11-21
177,7,317,4,3,KGID100177,Jyoti,1983-05-14,1,8,0,2015-02-21
178,14,573,1,2,KGID100178,Ishwar,1973-04-04,1,8,0,2023-12-25
179,11,484,4,1,KGID100179,Deepa,1993-12-31,2,6,0,2005-06-26
180,14,566,1,1,KGID100180,Devika,1971-03-25,2,2,0,2023-08-09
181,2,44,1,2,KGID100181,Keya,1987-02-17,1,3,0,2023-11-24
182,10,421,1,3,KGID100182,Faqid,1981-01-15,1,4,0,2022-02-17
183,11,478,1,1,KGID100183,Xavier,1987-09-08,1,5,0,2022-07-03
184,6,297,6,3,KGID100184,Jai,1971-01-07,2,3,0,2025-02-04
185,2,53,1,2,KGID100185,Benjamin,1994-08-17,1,6,0,2014-09-13
186,13,544,1,3,KGID100186,Kamala,1979-05-11,2,2,0,2019-11-02
187,26,976,2,2,KGID100187,Advik,1969-11-24,1,8,0,2025-07-21
188,3,89,3,3,KGID100188,Hitesh,1996-06-09,2,8,0,2020-10-03
189,2,64,1,2,KGID100189,Tripti,1982-04-17,2,7,0,2017-04-05
190,27,1005,3,2,KGID100190,Anamika,1991-08-09,1,2,0,2013-02-18
191,6,304,1,2,KGID100191,Veda,1988-06-30,2,7,1,2024-01-10
192,30,1087,1,3,KGID100192,Amrita,1983-05-12,2,2,0,2023-02-10
193,5,235,4,3,KGID100193,Gabriel,1978-07-06,1,7,0,2018-10-05
194,11,468,2,2,KGID100194,Ucchal,1977-01-14,2,7,0,2021-02-27
195,17,641,2,3,KGID100195,Gayathri,1986-12-05,2,6,0,2019-11-29
196,26,972,1,1,KGID100196,Qabil,1968-07-12,1,7,0,2025-07-21
197,20,764,4,3,KGID100197,Aarna,1984-02-17,1,6,0,2015-11-16
198,22,842,2,3,KGID100198,Anya,1979-02-15,2,1,0,2024-05-09
199,17,640,2,3,KGID100199,Rayaan,1986-06-14,1,3,0,2017-05-02
200,11,460,4,2,KGID100200,Vrinda,1970-06-19,2,2,0,2025-04-09
201,11,464,4,3,KGID100201,Vamakshi,1986-06-06,1,5,0,2012-08-21
202,14,560,3,2,KGID100202,Anay,1989-07-07,2,6,0,2015-05-15
203,6,294,2,2,KGID100203,Yagnesh,1970-09-19,1,3,0,2024-10-09
204,2,63,1,3,KGID100204,Urvashi,1977-12-18,1,7,0,2022-03-16
205,18,699,1,2,KGID100205,Ganga,1986-05-16,2,2,0,2014-05-25
206,7,319,1,3,KGID100206,Damini,1979-07-08,1,2,0,2020-02-03
207,23,869,2,2,KGID100207,Reyansh,1976-02-07,2,5,0,2019-05-26
208,29,1050,1,2,KGID100208,Qasim,1978-04-13,1,5,0,2023-03-28
209,27,997,2,2,KGID100209,Aradhana,1974-01-24,1,4,0,2024-03-30
210,3,113,1,2,KGID100210,Barkha,1992-03-10,1,3,0,2025-01-05
211,15,593,1,1,KGID100211,Chaman,2000-11-21,2,7,0,2020-05-13
212,21,779,2,1,KGID100212,Akshay,1975-04-16,2,2,0,2020-08-18
213,3,87,2,2,KGID100213,Chakradev,1991-08-17,1,6,0,2006-05-04
214,22,829,3,2,KGID100214,Jonathan,2000-09-05,2,2,0,2011-09-16
215,17,666,1,3,KGID100215,Harshil,1989-03-29,2,6,0,2020-08-10
216,5,217,1,3,KGID100216,Upasna,1997-03-24,2,2,0,2013-08-17
217,17,636,3,1,KGID100217,Charan,1983-10-31,2,3,0,2016-04-28
218,5,234,2,1,KGID100218,Ishaan,1976-02-20,2,6,0,2024-08-01
219,6,303,1,1,KGID100219,Ethan,1995-07-04,2,4,0,2009-12-21
220,6,314,4,3,KGID100220,Max,1987-03-05,1,3,0,2019-11-28
221,28,1012,2,3,KGID100221,Daksha,1972-08-16,2,6,0,2024-03-29
222,17,648,1,1,KGID100222,Omaja,1970-06-13,2,8,0,2024-10-19
223,14,563,2,2,KGID100223,Upkaar,1988-03-02,1,5,0,2021-07-29
224,2,78,1,2,KGID100224,Saanvi,1993-12-05,1,2,0,2010-09-07
225,29,1039,2,3,KGID100225,Pushti,1977-08-30,1,8,0,2022-04-05
226,9,386,1,2,KGID100226,Hardik,1977-12-08,1,1,0,2022-07-09
227,18,704,6,1,KGID100227,Siddharth,1999-10-10,1,1,0,2001-10-14
228,24,897,6,3,KGID100228,Wriddhish,1976-07-20,1,6,0,2019-02-14
229,15,580,2,2,KGID100229,Aarnav,1973-06-18,1,6,0,2021-11-07
230,5,194,2,2,KGID100230,Upma,1981-06-11,2,5,0,2021-10-28
231,6,308,1,3,KGID100231,Barkha,1977-06-16,1,6,0,2019-05-28
232,21,803,1,3,KGID100232,Vivaan,1991-06-16,1,5,0,2013-07-17
233,17,673,4,3,KGID100233,Rudra,1998-12-20,1,7,0,2019-05-26
234,2,38,2,1,KGID100234,Manthan,1982-01-03,1,6,0,2019-08-19
235,27,996,1,1,KGID100235,Ekbal,1998-06-10,1,2,0,2020-07-10
236,5,208,2,3,KGID100236,Bhavya,1969-07-31,1,6,0,2025-07-21
237,5,269,2,1,KGID100237,Daksha,1982-06-26,1,3,0,2018-08-24
238,7,340,3,1,KGID100238,Xiti,1991-05-06,2,6,0,2024-04-16
239,11,487,5,3,KGID100239,Balveer,1985-11-30,2,8,0,2016-07-22
240,12,490,1,2,KGID100240,Zashil,1997-10-17,1,6,0,2018-02-13
241,24,903,2,2,KGID100241,Ansh,1968-06-07,2,7,0,2025-07-21
242,10,409,4,1,KGID100242,Amruta,2001-07-16,2,1,0,2015-01-24
243,20,761,2,1,KGID100243,Parth,1987-02-23,1,5,0,2021-04-15
244,7,329,1,3,KGID100244,Arunima,1983-07-21,1,7,0,2020-09-03
245,11,455,4,2,KGID100245,Vyanjana,1973-09-21,1,7,0,2023-11-23
246,28,1029,2,2,KGID100246,Nilima,2000-07-02,1,6,0,2009-02-14
247,17,653,5,3,KGID100247,Naveen,1978-11-20,2,3,0,2022-08-01
248,15,588,5,2,KGID100248,Bhavya,1978-10-07,1,8,0,2022-10-18
249,1,11,5,1,KGID100249,Balhaar,1990-01-30,2,4,0,2012-12-17
250,31,1124,5,3,KGID100250,Ekiya,1983-01-07,2,2,0,2015-12-16
251,11,487,1,1,KGID100251,Yoshita,1971-06-30,1,7,0,2025-02-04
252,25,937,1,2,KGID100252,Turvi,1995-08-08,1,4,0,1999-08-01
253,15,597,2,3,KGID100253,Janaki,1981-08-09,2,4,0,2015-10-21
254,9,384,3,1,KGID100254,Riya,1988-09-21,2,2,0,2016-01-10
255,31,1115,2,3,KGID100255,Karan,1993-05-24,1,7,0,2006-06-10
256,3,90,3,2,KGID100256,Vedhika,1999-02-04,2,1,0,2008-09-11
257,3,139,1,3,KGID100257,Wriddhish,1971-09-06,1,6,0,2025-07-01
258,19,722,2,3,KGID100258,Akshay,1991-09-08,1,8,1,2010-05-22
259,27,981,3,1,KGID100259,Ishaan,1986-05-01,1,8,0,2010-02-19
260,10,413,1,1,KGID100260,Mitesh,1983-03-30,1,6,0,2013-03-13
261,29,1056,2,3,KGID100261,Yashodhara,1984-07-01,2,5,0,2021-04-20
262,9,392,1,1,KGID100262,Vasudha,1991-07-16,2,5,0,2012-09-10
263,20,754,2,2,KGID100263,Maanav,2000-11-18,2,7,0,2002-02-09
264,9,383,2,2,KGID100264,Yashoda,1980-08-05,2,5,0,2024-09-10
265,23,870,1,3,KGID100265,Ekaraj,1992-12-05,1,5,0,2005-09-10
266,4,164,1,2,KGID100266,Oeshi,1976-12-11,2,8,0,2024-01-31
267,23,873,1,2,KGID100267,Amara,1979-02-09,2,8,0,2023-06-06
268,19,723,3,2,KGID100268,Chanchal,1995-06-15,2,1,0,2006-11-27
269,22,832,2,3,KGID100269,Vrishti,1996-01-11,1,1,0,2014-03-18
270,24,898,1,1,KGID100270,Veda,1996-12-21,1,6,0,2010-08-11
271,2,67,3,3,KGID100271,Krishna,1979-04-16,2,6,0,2021-01-26
272,4,158,2,3,KGID100272,Ranbir,1983-01-13,2,7,0,2016-01-22
273,14,571,1,1,KGID100273,Leela,2000-11-25,1,3,0,2001-12-15
274,21,793,5,1,KGID100274,Caleb,1975-06-30,2,5,0,2024-03-16
275,11,440,6,2,KGID100275,Lakshmi,1978-05-16,2,4,0,2020-10-22
276,4,152,2,3,KGID100276,Max,1980-09-05,2,2,0,2021-11-08
277,17,655,3,3,KGID100277,Yadavi,1984-05-24,1,5,0,2011-02-09
278,7,323,3,3,KGID100278,Harish,2000-05-17,1,6,0,2004-11-04
279,5,249,6,1,KGID100279,Tanmayi,1997-04-11,1,8,0,2009-11-18
280,20,756,2,3,KGID100280,Mohammed,1968-01-28,1,2,0,2025-07-21
281,22,816,6,3,KGID100281,Alka,1970-02-05,2,7,0,2025-05-02
282,4,152,1,2,KGID100282,Faris,1979-01-24,1,8,0,2022-06-24
283,29,1060,1,3,KGID100283,Lajita,1996-07-07,1,3,0,2021-07-25
284,3,114,4,3,KGID100284,Vinaya,1999-12-30,1,5,0,2014-05-10
285,17,661,5,1,KGID100285,Ekapad,1997-03-20,2,5,0,1998-07-24
286,12,514,1,3,KGID100286,Bhavna,1975-07-15,2,3,0,2023-08-29
287,30,1093,1,3,KGID100287,Radha,2001-06-20,1,3,0,2017-06-13
288,18,692,4,3,KGID100288,Harish,2000-10-25,1,1,0,2018-02-14
289,13,543,3,3,KGID100289,Ayush,1982-08-22,2,1,0,2021-07-29
290,31,1118,1,2,KGID100290,Chaaya,1969-02-12,2,4,0,2025-07-21
291,22,832,1,1,KGID100291,Yash,1979-09-28,1,3,0,2019-11-10
292,27,992,2,2,KGID100292,Pranit,1985-08-12,1,6,0,2018-08-10
293,17,654,3,2,KGID100293,Lavanya,1973-05-02,2,3,0,2021-11-13
294,29,1055,2,2,KGID100294,Luke,1988-08-16,1,8,0,2011-02-17
295,24,921,1,1,KGID100295,Tripti,1975-06-13,1,5,0,2023-05-19
296,22,857,1,1,KGID100296,Udyati,1976-03-26,2,6,0,2018-08-15
297,7,327,2,3,KGID100297,Nakul,1998-03-13,2,8,0,2016-03-15
298,28,1019,1,2,KGID100298,Chandani,1970-01-24,2,4,0,2025-07-01
299,19,723,1,2,KGID100299,Zashil,1989-04-11,2,8,0,2014-01-14
300,1,17,4,2,KGID100300,Leena,1983-02-01,1,5,0,2015-10-13
301,22,826,2,2,KGID100301,Lakshmi,1996-07-26,1,4,0,2001-06-07
302,15,592,1,3,KGID100302,Chakrika,1986-12-31,2,5,0,2018-04-29
303,5,244,1,1,KGID100303,Meghana,1968-04-19,2,6,0,2025-07-21
304,18,695,2,2,KGID100304,Chandran,1976-11-19,1,4,0,2022-07-07
305,22,823,2,1,KGID100305,Bhavini,1998-07-07,1,3,0,2018-02-28
306,26,971,2,1,KGID100306,Indira,1993-12-05,1,6,0,2007-01-28
307,17,653,1,3,KGID100307,Zashil,1974-12-31,2,6,0,2021-07-03
308,29,1044,2,3,KGID100308,Laksh,1990-08-07,2,8,0,2019-09-10
309,20,755,1,1,KGID100309,Balveer,1988-11-30,2,5,0,2023-09-19
310,2,55,2,2,KGID100310,Janya,1978-01-21,1,1,0,2020-07-08
311,8,350,2,3,KGID100311,Chakrika,1992-06-15,2,3,0,2004-08-17
312,12,497,1,3,KGID100312,Sai,1978-08-30,1,4,0,2020-04-16
313,17,643,2,2,KGID100313,Jasmit,1972-01-18,1,7,0,2024-03-03
314,26,966,4,3,KGID100314,Nitesh,1985-08-08,1,3,0,2024-03-02
315,17,666,6,2,KGID100315,Vasatika,1976-04-16,2,6,0,2024-04-28
316,25,942,5,2,KGID100316,Hamsini,2000-06-11,2,5,0,2003-09-14
317,9,394,5,2,KGID100317,Faqid,1994-11-24,2,4,0,2012-04-05
318,16,610,4,3,KGID100318,Mekhala,1972-05-04,1,8,0,2025-06-14
319,18,715,2,3,KGID100319,Jasmit,2000-06-10,2,5,0,2019-06-30
320,31,1113,2,2,KGID100320,Aishani,1970-08-16,2,3,0,2024-12-12
321,15,590,5,1,KGID100321,Adweta,1985-10-18,2,8,0,2016-10-29
322,27,982,1,3,KGID100322,Kamya,1987-06-06,2,5,0,2022-05-10
323,12,491,1,3,KGID100323,Aryan,1971-03-28,1,4,0,2024-01-08
324,22,847,1,2,KGID100324,Falak,1988-08-14,1,3,0,2024-06-21
325,7,324,2,2,KGID100325,Dev,1998-09-03,2,4,0,2002-12-21
326,15,589,1,3,KGID100326,Chasmum,1989-02-27,1,2,0,2014-11-02
327,11,476,2,3,KGID100327,Chakradev,1989-08-17,1,3,0,2007-11-20
328,8,361,5,1,KGID100328,Waida,1999-09-23,2,8,0,2004-09-06
329,15,593,4,1,KGID100329,Krishna,1971-07-03,2,2,0,2024-01-09
330,17,687,1,3,KGID100330,Oni,1980-10-07,2,3,0,2018-08-20
331,26,959,1,1,KGID100331,Oeshi,1987-07-11,2,3,0,2020-08-18
332,13,527,3,1,KGID100332,Nikita,1989-10-27,2,5,0,2022-03-24
333,9,396,1,3,KGID100333,Kamala,1999-06-26,2,7,0,2003-12-12
334,5,178,2,1,KGID100334,Warinder,1974-12-10,1,3,0,2022-10-11
335,12,509,1,2,KGID100335,Jhalak,1996-08-21,1,8,0,2001-03-27
336,17,676,1,3,KGID100336,Jagrati,1986-01-24,1,5,0,2025-03-05
337,11,484,1,1,KGID100337,Jason,1969-08-11,2,5,0,2025-07-21
338,28,1030,5,3,KGID100338,Gavin,1999-10-27,2,2,0,2020-04-11
339,15,605,2,1,KGID100339,Ansh,1990-02-01,1,3,0,2018-01-10
340,25,932,3,3,KGID100340,Jeremiah,1969-04-10,2,7,0,2025-07-21
341,26,965,4,3,KGID100341,Sarthak,1994-04-24,1,4,0,2005-09-06
342,4,168,2,3,KGID100342,Viraj,1987-06-29,2,2,0,2022-03-10
343,5,230,1,3,KGID100343,Aarnav,1978-09-22,1,3,0,2017-11-18
344,29,1066,2,3,KGID100344,Kalpit,1976-12-24,1,8,0,2025-06-10
345,29,1046,2,1,KGID100345,Imaran,1985-12-02,2,3,0,2022-04-30
346,25,936,2,3,KGID100346,Alexander,1990-01-11,2,5,0,2005-02-03
347,22,811,1,1,KGID100347,Ekiya,1979-09-26,1,2,0,2023-06-09
348,18,706,3,3,KGID100348,Jonathan,1968-02-02,1,2,1,2025-07-21
349,26,967,1,2,KGID100349,Devansh,1992-10-09,1,3,0,2014-08-27
350,22,861,2,2,KGID100350,Yochana,1983-09-30,2,7,0,2022-06-12
351,31,1105,1,2,KGID100351,Timothy,1987-09-27,1,3,1,2015-09-09
352,21,805,2,3,KGID100352,Charvi,1999-09-13,1,1,0,1996-11-08
353,16,612,2,3,KGID100353,Darsh,1983-02-16,2,7,0,2025-01-18
354,12,507,2,1,KGID100354,Pooja,2001-07-04,2,4,0,2020-08-31
355,5,232,1,3,KGID100355,Sachi,1990-11-18,2,1,0,2014-11-06
356,3,138,1,1,KGID100356,Manbir,1970-01-19,2,1,0,2024-08-19
357,3,91,2,1,KGID100357,Ekta,1969-10-14,1,1,0,2025-07-21
358,15,593,1,3,KGID100358,Chaitaly,1980-07-03,2,6,0,2021-02-14
359,6,294,6,3,KGID100359,Hardik,1982-12-24,1,7,0,2020-06-03
360,3,125,2,3,KGID100360,Tanveer,1994-07-09,1,7,0,2003-05-31
361,3,97,6,3,KGID100361,Odika,1982-03-06,2,6,0,2024-02-05
362,22,837,1,2,KGID100362,Ojasvi,1979-01-29,1,8,0,2020-02-02
363,11,462,1,3,KGID100363,Dhriti,1992-05-12,1,8,0,2009-09-28
364,22,846,5,3,KGID100364,Michael,1990-03-02,1,7,0,2012-05-30
365,10,417,1,1,KGID100365,Gavin,1990-11-27,2,6,0,2014-07-06
366,9,391,1,2,KGID100366,Gopal,1995-11-01,1,2,0,2001-12-23
367,11,445,2,2,KGID100367,Kalpit,1992-11-14,2,1,0,2011-02-15
368,9,390,5,1,KGID100368,Forum,1986-06-21,2,4,0,2018-07-10
369,10,419,2,1,KGID100369,Pallavi,1990-05-02,2,5,0,2013-03-06
370,30,1093,3,2,KGID100370,Bhavna,1997-01-25,2,6,0,2017-09-28
371,28,1019,2,3,KGID100371,Yashica,1987-12-20,2,6,0,2013-11-18
372,20,760,1,1,KGID100372,Udarsh,1974-10-15,1,3,0,2023-11-02
373,22,856,1,1,KGID100373,Jhalak,1996-05-12,2,4,0,2008-01-03
374,12,504,2,3,KGID100374,Upkaar,1971-06-17,2,5,0,2024-02-10
375,27,1001,5,3,KGID100375,Atharv,1994-12-31,2,8,0,2021-09-06
376,19,722,1,3,KGID100376,Amara,1988-04-05,2,3,0,2019-01-19
377,31,1111,6,1,KGID100377,Dayamai,1968-07-15,1,2,0,2025-07-21
378,3,100,4,2,KGID100378,Pratyush,1998-11-20,1,4,0,2006-09-25
379,6,310,1,3,KGID100379,Nandini,1997-02-16,2,6,0,2013-05-30
380,27,990,3,1,KGID100380,Azaan,1969-12-02,1,7,0,2025-07-21
381,30,1085,3,3,KGID100381,Krisha,1970-09-03,2,1,0,2025-01-30
382,23,882,4,1,KGID100382,Kala,1981-10-29,1,2,0,2017-08-23
383,12,494,1,3,KGID100383,Frado,1978-02-24,2,6,0,2019-06-22
384,22,813,1,2,KGID100384,Chandran,1997-08-03,2,4,1,2001-11-28
385,11,463,1,1,KGID100385,Panini,1990-06-21,1,2,0,2010-04-08
386,20,773,2,1,KGID100386,Anjali,1984-01-25,1,3,0,2017-03-08
387,23,889,3,2,KGID100387,Hemani,1974-11-19,1,1,0,2023-02-11
388,26,974,1,1,KGID100388,Vidhi,1982-03-04,2,1,0,2016-03-26
389,17,645,1,1,KGID100389,Thomas,1985-06-20,1,7,0,2014-06-27
390,16,613,1,1,KGID100390,Abhimanyu,1980-12-28,2,6,0,2021-02-22
391,5,287,4,3,KGID100391,Laksh,1974-07-03,1,6,0,2025-04-12
392,24,896,1,1,KGID100392,Jagdish,1993-07-15,2,7,0,2008-07-02
393,17,669,1,2,KGID100393,Parth,1967-10-25,2,8,0,2025-07-21
394,20,769,2,3,KGID100394,Victor,1971-12-12,2,2,0,2024-08-13
395,15,605,4,3,KGID100395,Irya,1984-07-24,1,2,0,2023-01-20
396,21,779,3,3,KGID100396,Brijesh,1970-01-02,1,7,0,2025-05-31
397,5,219,1,2,KGID100397,Faras,1982-05-21,2,6,0,2018-07-12
398,5,210,1,1,KGID100398,Nidhi,1996-11-12,2,8,0,2014-02-05
399,29,1050,2,1,KGID100399,Ishwar,1991-09-05,1,6,0,2012-09-28
400,17,665,4,1,KGID100400,Onveer,1981-04-29,2,7,0,2025-02-22
401,5,174,3,3,KGID100401,Janaki,1994-10-19,1,3,0,2016-01-03
402,8,348,1,2,KGID100402,Yagnesh,1970-07-20,2,8,0,2025-05-25
403,7,343,2,2,KGID100403,Farhan,1982-05-14,2,8,0,2017-10-04
404,19,740,1,1,KGID100404,Harinakshi,1981-01-04,2,4,0,2017-04-10
405,5,278,1,2,KGID100405,Faraj,1975-02-01,2,7,0,2024-03-24
406,17,675,2,2,KGID100406,Yashvi,1984-11-28,1,5,0,2012-04-06
407,10,412,2,1,KGID100407,Indali,1974-02-23,2,6,0,2024-06-07
408,27,1006,5,1,KGID100408,Manbir,1992-04-14,2,7,0,2021-05-22
409,21,805,2,3,KGID100409,Rudra,1975-08-03,1,3,0,2020-06-06
410,2,56,5,2,KGID100410,Faqid,1973-06-14,1,8,0,2022-03-01
411,3,142,4,2,KGID100411,Wakeeta,1973-07-29,2,3,0,2024-08-23
412,12,496,1,1,KGID100412,Saumya,1983-04-30,2,7,0,2019-06-12
413,27,982,2,3,KGID100413,Ekantika,1990-09-17,2,1,0,2023-01-28
414,19,737,3,3,KGID100414,Matthew,1996-12-09,1,2,0,2015-06-27
415,19,728,1,3,KGID100415,Chavvi,1982-07-04,1,7,0,2018-08-25
416,17,680,5,2,KGID100416,Indira,1994-08-18,1,1,0,2015-05-04
417,11,455,2,3,KGID100417,Siya,1984-10-20,1,8,0,2015-03-18
418,25,949,4,3,KGID100418,Bhavini,1968-10-31,1,6,1,2025-07-21
419,27,989,1,2,KGID100419,Gautam,1970-02-28,1,2,0,2025-06-01
420,6,291,1,2,KGID100420,Turvi,1988-06-18,2,4,0,2016-03-09
421,18,714,2,2,KGID100421,Benjamin,1987-04-15,2,6,0,2024-09-23
422,3,92,4,1,KGID100422,Raghav,1982-11-05,1,6,0,2023-01-30
423,7,337,5,3,KGID100423,Matthew,1978-06-27,1,3,0,2020-10-31
424,17,678,2,2,KGID100424,Hemal,2000-02-12,1,7,0,2008-07-08
425,9,382,3,2,KGID100425,Orinder,2000-12-15,2,1,0,1997-03-02
426,10,405,2,2,KGID100426,Reva,1968-11-19,2,1,0,2025-07-21
427,10,422,1,3,KGID100427,Januja,1985-05-16,1,2,0,2019-04-23
428,31,1100,1,2,KGID100428,Nilima,1980-03-25,1,8,0,2017-08-31
429,27,1003,2,3,KGID100429,Charles,1993-11-20,2,7,0,2017-11-05
430,5,234,1,2,KGID100430,Dominic,1994-05-22,1,5,0,2016-09-25
431,5,174,3,2,KGID100431,Libni,1978-10-06,1,4,0,2021-07-29
432,9,375,2,1,KGID100432,Mason,1977-03-19,2,7,0,2023-05-05
433,21,786,2,2,KGID100433,Lohit,1978-11-21,1,3,0,2021-10-18
434,6,288,1,2,KGID100434,Manya,1998-09-22,1,6,0,2005-07-19
435,27,993,1,2,KGID100435,Frado,1971-12-09,2,7,0,2024-12-20
436,22,852,3,2,KGID100436,Falguni,1978-01-29,2,3,0,2019-12-11
437,2,64,4,1,KGID100437,Girik,1995-03-15,2,1,0,2016-12-22
438,31,1102,1,2,KGID100438,Janaki,1989-07-08,2,2,0,2014-01-07
439,14,549,4,2,KGID100439,Tanish,1968-03-04,1,8,0,2025-07-21
440,23,871,1,3,KGID100440,Rehaan,1979-03-04,1,5,0,2023-03-20
441,2,67,2,2,KGID100441,Faras,1975-04-04,1,8,0,2020-05-18
442,5,241,4,1,KGID100442,Yashica,1977-08-11,1,6,0,2023-11-09
443,23,877,1,1,KGID100443,Baljiwan,1993-10-06,1,4,0,2021-08-05
444,18,719,2,3,KGID100444,Karan,1990-01-22,1,6,1,2022-12-15
445,15,600,1,2,KGID100445,Pratyush,1987-11-11,1,3,0,2010-05-01
446,22,843,5,2,KGID100446,Noah,1995-10-27,1,3,0,2019-08-08
447,17,660,4,3,KGID100447,Janya,1992-01-28,2,8,0,2003-07-24
448,14,551,3,2,KGID100448,Sachi,1990-07-20,2,2,0,2009-07-16
449,5,191,2,3,KGID100449,Saumya,1988-04-24,2,6,0,2020-11-05
450,27,1000,1,1,KGID100450,Upasna,1975-07-06,1,8,0,2020-12-27
451,19,734,4,3,KGID100451,Ridhi,1998-04-16,2,4,0,2002-03-07
452,11,434,2,2,KGID100452,Lavanya,1983-04-02,2,6,0,2015-07-01
453,5,268,2,2,KGID100453,Neel,1984-08-26,2,1,0,2016-10-31
454,25,942,1,1,KGID100454,Lakshit,1995-04-30,2,8,0,2020-05-20
455,23,877,1,3,KGID100455,Vasana,1997-03-27,1,5,0,1999-01-06
456,14,562,1,2,KGID100456,Harshil,1997-04-10,2,2,0,2013-01-29
457,7,339,1,3,KGID100457,Jeet,1991-09-28,2,4,0,2014-11-26
458,5,187,3,1,KGID100458,Anjali,1977-03-31,1,8,0,2023-08-28
459,11,464,2,2,KGID100459,Rajeshri,1982-10-31,1,1,0,2019-03-24
460,5,247,6,2,KGID100460,Shravya,1970-09-02,1,8,0,2025-06-18
461,21,785,1,1,KGID100461,Oeshi,1997-08-19,1,6,0,2023-08-10
462,16,613,1,1,KGID100462,Warinder,1969-05-13,1,2,0,2025-07-21
463,1,18,3,1,KGID100463,Udarsh,1980-09-06,2,6,0,2015-06-14
464,6,311,5,3,KGID100464,Gautami,1968-07-06,2,4,0,2025-07-21
465,5,206,1,1,KGID100465,Bhavini,1994-06-18,2,6,0,2003-12-29
466,17,645,4,1,KGID100466,Liam,1998-09-30,2,2,0,2010-04-03
467,15,584,4,3,KGID100467,Abdul,1993-05-10,1,5,0,2012-10-23
468,29,1044,1,2,KGID100468,Tanveer,1998-05-09,2,1,0,1997-02-07
469,12,491,2,1,KGID100469,Pallavi,1995-12-11,1,8,0,2013-10-27
470,4,146,2,1,KGID100470,Charvi,1971-05-02,2,6,0,2024-02-17
471,22,862,2,3,KGID100471,Tanvi,1971-09-12,1,8,0,2024-01-12
472,4,150,1,1,KGID100472,Xalak,1969-09-09,1,5,0,2025-07-21
473,3,124,5,2,KGID100473,Yutika,1987-11-04,2,7,0,2007-11-07
474,22,824,1,3,KGID100474,Bishakha,1987-02-08,1,5,0,2020-06-26
475,4,162,2,1,KGID100475,Wridesh,1982-02-23,1,6,0,2020-07-18
476,3,136,1,2,KGID100476,Frederick,1986-12-16,1,1,0,2011-09-27
477,23,890,1,3,KGID100477,Yashica,1985-05-09,1,5,0,2015-04-28
478,8,360,1,3,KGID100478,Anmol,1994-04-17,1,1,0,2013-03-30
479,18,711,2,3,KGID100479,Lila,1980-10-30,2,3,0,2019-09-22
480,14,551,3,1,KGID100480,Amol,2000-11-28,1,6,0,2002-06-01
481,14,558,2,2,KGID100481,Wridesh,1979-09-11,1,8,0,2016-03-24
482,19,738,1,3,KGID100482,Gaurangi,1992-06-22,1,6,0,2017-01-01
483,5,211,4,3,KGID100483,Hamsini,1972-02-02,1,4,0,2023-08-11
484,1,6,1,1,KGID100484,Ucchal,1995-03-19,1,1,0,2004-02-08
485,21,785,5,1,KGID100485,Qabil,2000-11-25,1,7,0,2009-05-21
486,12,509,2,3,KGID100486,Tanvi,1995-02-22,2,5,0,2001-03-12
487,20,764,1,3,KGID100487,Ryan,1968-10-23,1,3,0,2025-07-21
488,29,1057,6,2,KGID100488,Dayita,1997-09-02,1,8,0,2006-05-23
489,17,637,1,3,KGID100489,Urvashi,1985-01-28,2,1,0,2025-05-18
490,15,598,2,2,KGID100490,Rayaan,1976-03-01,1,8,0,2023-10-29
491,28,1011,6,1,KGID100491,Champak,1977-04-13,1,3,0,2024-06-13
492,22,840,1,3,KGID100492,Jeet,1996-12-28,2,1,0,2007-07-08
493,1,3,4,2,KGID100493,Mugdha,1994-09-25,2,2,0,2011-06-23
494,11,488,2,1,KGID100494,Libni,1992-10-29,1,5,0,2023-02-16
495,11,475,4,3,KGID100495,Widisha,1979-01-30,2,6,0,2017-06-03
496,5,174,2,3,KGID100496,Amara,1980-01-17,1,7,0,2023-04-28
497,3,128,2,1,KGID100497,Farhan,1994-10-17,1,5,0,2018-09-23
498,17,646,5,2,KGID100498,Pranit,1982-03-12,2,6,0,2025-06-27
499,11,479,1,1,KGID100499,Fariq,1986-02-06,1,2,0,2014-01-05
500,7,337,2,2,KGID100500,Sanaya,1978-09-14,2,2,0,2019-03-19
501,10,426,2,2,KGID100501,Sachi,1988-01-16,2,2,0,2014-08-25
502,16,624,4,3,KGID100502,Ira,1979-07-04,1,4,0,2015-12-23
503,17,672,1,3,KGID100503,Dakshesh,1988-06-16,1,6,0,2014-10-26
504,3,101,3,2,KGID100504,Januja,1970-02-07,1,1,0,2025-03-10
505,25,927,2,3,KGID100505,Nathaniel,1984-12-31,1,2,0,2021-10-19
506,5,287,1,1,KGID100506,Raksha,1999-12-13,1,3,0,1999-11-02
507,22,821,2,3,KGID100507,Jeevika,1968-09-26,1,5,0,2025-07-21
508,4,154,1,1,KGID100508,Bachittar,1979-11-13,1,8,0,2025-01-17
509,5,189,5,2,KGID100509,Kamala,1988-02-16,1,1,0,2019-06-16
510,3,104,1,3,KGID100510,Laksh,1980-03-15,2,7,0,2022-12-12
511,21,784,3,1,KGID100511,Arya,1985-07-22,2,4,0,2015-12-03
512,14,564,1,1,KGID100512,Quincy,1976-01-15,1,4,0,2019-05-07
513,28,1022,2,3,KGID100513,Jacob,1984-07-09,2,1,0,2016-05-10
514,21,785,1,1,KGID100514,Sanaya,1976-06-15,1,1,1,2020-05-17
515,19,736,2,2,KGID100515,Vritti,1974-11-06,2,6,0,2023-08-12
516,8,369,1,3,KGID100516,Ethan,1974-05-12,1,1,0,2021-03-25
517,14,576,1,2,KGID100517,Sai,1982-12-03,2,4,1,2024-03-26
518,5,206,1,1,KGID100518,Ekaja,2001-06-18,2,1,0,2019-06-28
519,11,450,2,2,KGID100519,Bina,1990-04-05,2,3,0,2019-06-15
520,17,652,4,3,KGID100520,Owen,1997-11-10,2,1,0,2021-05-23
521,19,721,5,3,KGID100521,Jairaj,1994-07-16,1,4,0,2013-04-09
522,27,1009,2,1,KGID100522,Warjas,2001-01-18,2,1,0,2018-11-24
523,11,477,3,1,KGID100523,Jyoti,1994-06-05,2,1,0,2001-03-17
524,10,413,4,2,KGID100524,Kai,1983-06-12,1,6,0,2025-04-25
525,6,303,2,1,KGID100525,Dayamai,1988-05-11,1,6,0,2008-03-11
526,20,766,3,3,KGID100526,Varenya,1981-02-02,2,2,0,2022-02-26
527,17,661,1,1,KGID100527,Ethan,1985-06-05,2,8,0,2021-11-09
528,8,357,3,3,KGID100528,Ethan,1971-10-25,2,4,0,2024-03-09
529,8,360,2,3,KGID100529,Hemangini,1982-11-08,2,3,0,2021-05-24
530,1,4,5,3,KGID100530,Qabil,1971-12-01,2,1,0,2025-03-18
531,17,652,5,3,KGID100531,Yadavi,1993-08-29,1,2,0,2004-08-25
532,6,289,1,1,KGID100532,Jeet,1998-07-09,1,6,1,1998-02-27
533,7,344,3,1,KGID100533,Neel,1985-03-03,2,8,0,2014-06-02
534,10,430,1,1,KGID100534,Hiral,1978-07-11,2,5,0,2022-12-08
535,1,3,1,2,KGID100535,Bhanumati,1999-10-08,2,3,0,2011-02-13
536,28,1010,4,2,KGID100536,Anvi,1996-04-25,2,2,0,2005-04-27
537,11,462,1,1,KGID100537,Girik,1971-10-23,1,5,0,2024-02-28
538,13,535,5,1,KGID100538,Mitesh,1984-08-22,2,3,0,2013-01-30
539,7,330,3,3,KGID100539,Geetika,1973-05-17,1,6,0,2024-01-19
540,27,989,3,2,KGID100540,Ayush,1996-03-14,1,7,0,2013-10-08
541,5,208,1,1,KGID100541,Alka,1970-04-25,2,5,0,2025-07-02
542,16,610,1,1,KGID100542,Omaja,1989-09-10,2,8,0,2020-11-21
543,19,739,1,1,KGID100543,Bimala,1988-07-27,2,8,0,2007-02-17
544,2,53,1,3,KGID100544,Yash,1989-05-18,2,2,0,2011-08-05
545,5,237,1,2,KGID100545,Chameli,1994-11-30,2,8,0,2017-09-04
546,13,543,1,3,KGID100546,Nakul,1982-12-22,2,3,0,2021-07-03
547,21,782,2,2,KGID100547,Samar,1982-07-02,1,5,0,2018-11-06
548,13,540,1,2,KGID100548,Eiravati,1979-02-13,1,3,0,2016-12-27
549,5,199,1,2,KGID100549,Mohini,1992-07-08,2,4,0,2022-05-08
550,21,793,4,2,KGID100550,Hitesh,1971-12-31,2,4,0,2024-04-17
551,4,162,2,3,KGID100551,Amara,1978-05-28,1,3,0,2020-10-01
552,24,920,1,1,KGID100552,Chandresh,1982-11-03,1,4,0,2014-05-20
553,23,868,1,3,KGID100553,Omya,1977-06-03,2,4,1,2020-08-16
554,6,303,4,2,KGID100554,Nathaniel,1975-12-30,2,2,0,2024-09-28
555,22,814,2,2,KGID100555,Dhriti,1995-03-19,2,1,0,2023-10-30
556,30,1071,4,1,KGID100556,Yutika,1974-01-03,2,3,0,2021-05-07
557,5,206,5,3,KGID100557,Widisha,1983-06-05,1,5,0,2023-11-10
558,18,705,4,2,KGID100558,Yashasvi,1968-05-04,2,8,0,2025-07-21
559,26,969,1,2,KGID100559,Ira,1983-02-06,2,3,0,2014-12-03
560,22,823,1,2,KGID100560,Upma,1969-03-17,1,1,0,2025-07-21
561,14,551,4,1,KGID100561,Hritik,1977-04-08,2,5,0,2017-08-13
562,27,1007,4,3,KGID100562,Jasmit,1982-03-16,1,4,0,2024-01-09
563,24,908,4,2,KGID100563,Nandini,1993-07-11,2,7,0,2010-05-03
564,5,183,1,1,KGID100564,Janani,1969-04-17,2,8,0,2025-07-21
565,20,766,4,3,KGID100565,Yamini,1986-05-13,1,2,0,2009-10-20
566,28,1038,2,3,KGID100566,Jagat,1982-11-12,1,3,0,2019-09-13
567,10,412,4,1,KGID100567,Kashvi,1971-12-05,1,8,0,2023-09-30
568,19,739,3,2,KGID100568,Jasmit,1994-07-31,2,8,0,2009-01-11
569,5,254,3,1,KGID100569,Yashodhara,1993-03-22,2,8,0,2006-05-01
570,8,364,5,2,KGID100570,Balvan,1981-03-14,2,6,0,2014-01-13
571,13,530,3,3,KGID100571,Urvi,1972-03-18,1,5,0,2023-07-21
572,3,102,1,3,KGID100572,Yutika,1985-03-18,1,4,0,2011-12-08
573,10,424,1,2,KGID100573,Eiravati,1972-04-21,1,1,0,2025-05-06
574,5,271,3,3,KGID100574,Chandani,1973-01-29,1,4,0,2025-07-07
575,16,626,3,3,KGID100575,Yashodhara,1987-09-28,2,7,0,2016-09-07
576,18,715,2,1,KGID100576,Chandani,1985-08-27,2,5,0,2020-11-21
577,22,814,2,1,KGID100577,Garima,1983-09-13,2,5,0,2011-10-15
578,5,222,2,2,KGID100578,Darika,1990-06-19,2,6,0,2025-02-16
579,13,535,3,3,KGID100579,Avi,1994-08-23,2,4,0,2018-09-07
580,12,493,4,3,KGID100580,Vedant,1987-11-07,2,6,0,2012-05-01
581,2,53,3,2,KGID100581,Onkar,1992-01-31,2,7,0,2015-12-22
582,2,73,2,3,KGID100582,Lajita,1985-05-18,1,6,0,2021-02-02
583,11,456,3,3,KGID100583,Azad,1972-07-30,2,6,0,2024-08-05
584,8,349,4,3,KGID100584,Rayaan,1987-01-08,1,5,0,2020-02-29
585,5,263,3,3,KGID100585,Max,1968-03-13,1,6,0,2025-07-21
586,11,456,2,3,KGID100586,Yachana,1981-08-05,2,7,0,2015-12-31
587,17,679,2,3,KGID100587,David,1993-11-26,2,8,0,2023-08-24
588,26,964,1,3,KGID100588,Ekta,1991-07-21,1,8,0,2014-12-18
589,28,1025,1,3,KGID100589,Krisha,2001-06-28,2,5,0,2008-11-10
590,6,309,1,1,KGID100590,Hema,1978-03-22,2,7,1,2018-02-10
591,25,938,1,3,KGID100591,Aishani,1986-02-16,1,2,0,2020-01-16
592,8,363,1,1,KGID100592,Yatin,1988-04-18,1,8,0,2010-03-17
593,8,346,2,1,KGID100593,Chameli,1977-01-14,2,2,0,2019-12-10
594,23,889,3,2,KGID100594,Vrinda,1993-10-10,2,8,0,2018-06-21
595,2,78,2,3,KGID100595,Anusha,1978-05-02,2,1,0,2019-09-10
596,30,1088,1,3,KGID100596,Ladli,1977-05-04,1,4,0,2022-02-20
597,18,706,1,1,KGID100597,Hemani,1998-01-04,2,5,0,2007-12-29
598,3,94,1,2,KGID100598,Bina,2000-01-05,2,6,0,2019-06-30
599,5,275,1,2,KGID100599,Farhan,1968-12-25,2,4,0,2025-07-21
600,22,827,1,1,KGID100600,Aahana,1979-05-01,1,4,0,2019-12-23
601,28,1034,1,2,KGID100601,Anika,1992-12-18,1,7,0,2007-06-23
602,13,524,4,3,KGID100602,Laksh,1999-04-12,1,1,0,2016-06-08
603,2,41,1,1,KGID100603,Wriddhish,1971-04-08,2,8,0,2025-01-12
604,31,1121,1,3,KGID100604,Upkaar,1975-10-19,1,4,0,2023-07-28
605,1,20,1,3,KGID100605,Odika,1989-03-30,1,5,0,2006-08-08
606,5,281,2,1,KGID100606,Laksh,1978-10-13,1,5,0,2020-10-20
607,5,218,2,3,KGID100607,Nakul,1967-09-24,1,5,0,2025-07-21
608,10,414,2,2,KGID100608,Vamakshi,1981-05-22,2,3,0,2024-10-09
609,28,1017,5,3,KGID100609,Bhavna,1983-10-15,2,6,0,2014-05-06
610,1,27,3,1,KGID100610,Gaurav,1978-06-22,2,3,0,2022-05-14
611,29,1048,1,3,KGID100611,Baljiwan,1989-09-24,1,5,0,2010-03-13
612,25,936,6,2,KGID100612,Patrick,1998-08-09,2,8,0,2001-08-18
613,8,358,4,2,KGID100613,Mekhala,1999-04-23,2,6,0,1996-08-23
614,5,238,1,1,KGID100614,Bimala,1994-05-06,1,3,0,2005-03-18
615,8,350,1,2,KGID100615,Hredhaan,1997-05-13,2,2,0,1997-10-24
616,18,702,1,2,KGID100616,Suhani,1999-02-14,2,8,0,2005-08-09
617,21,790,3,2,KGID100617,Wakeeta,2001-03-08,2,3,0,2010-12-09
618,3,121,6,1,KGID100618,Yamini,1997-10-15,1,7,0,2001-04-24
619,27,989,4,3,KGID100619,Isaiah,1983-06-20,2,3,0,2014-04-02
620,19,735,3,3,KGID100620,Aarini,1978-10-18,1,8,0,2023-02-18
621,5,232,4,2,KGID100621,Geetika,1991-12-27,1,2,0,2003-11-12
622,17,644,1,3,KGID100622,Reyansh,1994-06-10,1,6,0,2014-09-30
623,5,196,2,3,KGID100623,Nidra,1973-07-09,1,8,0,2024-12-22
624,21,789,1,3,KGID100624,Gabriel,1995-09-03,1,1,0,2012-12-13
625,7,322,2,2,KGID100625,Logan,1981-03-07,2,3,0,2014-09-12
626,27,1007,1,2,KGID100626,Abeer,1983-10-15,2,1,0,2024-08-26
627,20,776,2,1,KGID100627,Amara,1976-06-02,1,8,0,2020-03-14
628,24,918,1,2,KGID100628,Advay,1999-12-29,2,6,0,2004-08-11
629,28,1019,3,1,KGID100629,Warinder,1976-06-12,1,7,0,2021-01-26
630,31,1125,1,1,KGID100630,Damyanti,1969-08-31,2,4,0,2025-07-21
631,25,935,5,2,KGID100631,Deepa,1972-12-25,1,4,0,2024-08-11
632,17,680,2,3,KGID100632,Chakrika,1991-01-09,2,6,0,2017-08-09
633,5,234,1,3,KGID100633,Kiaan,1980-01-19,1,1,0,2016-12-25
634,15,598,2,2,KGID100634,Kashvi,1983-10-24,1,1,0,2017-12-03
635,27,1009,1,3,KGID100635,Urishilla,1981-09-10,2,2,0,2020-02-22
636,9,402,1,2,KGID100636,Tejas,1993-04-21,1,8,0,2020-10-19
637,9,391,3,1,KGID100637,Finn,1993-06-16,2,1,0,2017-11-18
638,5,253,4,2,KGID100638,Janaki,1985-06-03,2,3,0,2018-01-01
639,1,9,2,1,KGID100639,David,1970-03-17,2,8,0,2025-02-11
640,8,363,3,1,KGID100640,Samaksh,1995-09-25,1,2,0,2023-01-10
641,17,660,2,2,KGID100641,Falak,1987-01-10,2,4,0,2010-04-02
642,18,703,6,2,KGID100642,Samesh,1996-08-09,1,3,0,2010-06-25
643,29,1050,1,3,KGID100643,Yashvi,1991-12-06,2,4,0,2014-04-22
644,15,596,3,3,KGID100644,Kevin,1982-09-13,1,3,0,2013-04-11
645,17,661,3,2,KGID100645,Dalbir,1985-01-02,2,7,0,2016-11-10
646,30,1094,1,2,KGID100646,Darika,1986-07-21,1,2,0,2019-12-28
647,6,298,1,1,KGID100647,Aarush,1992-02-23,1,5,0,2011-08-29
648,7,330,6,3,KGID100648,Chakradev,1992-11-29,2,3,0,2015-11-08
649,15,605,1,3,KGID100649,Darpan,1981-12-16,1,6,0,2021-12-15
650,5,210,3,3,KGID100650,Urmi,1999-05-01,1,7,0,1997-08-16
651,15,590,3,1,KGID100651,Krishna,1968-08-19,2,7,0,2025-07-21
652,17,641,5,1,KGID100652,Osha,1993-08-04,1,5,0,2025-01-12
653,24,908,4,3,KGID100653,Saumya,1980-04-14,2,4,0,2024-05-10
654,9,397,1,1,KGID100654,Keya,1997-02-13,1,3,0,2022-12-10
655,29,1053,1,1,KGID100655,Kiaan,1970-04-13,2,5,0,2025-07-07
656,5,267,1,2,KGID100656,Pranav,1989-10-10,1,6,0,2012-07-04
657,7,318,1,2,KGID100657,Joshua,2001-04-24,1,5,0,2006-02-17
658,19,734,1,3,KGID100658,Aarush,1992-04-20,2,4,0,2007-09-04
659,29,1067,1,3,KGID100659,Ubika,1993-04-06,1,7,0,2025-01-13
660,22,827,1,1,KGID100660,Ladli,1990-06-15,1,6,0,2015-12-26
661,15,602,1,3,KGID100661,Hiral,1995-07-20,2,1,0,2005-12-27
662,18,709,2,3,KGID100662,Isaiah,1972-10-29,1,1,0,2023-02-13
663,17,658,2,1,KGID100663,Amol,1968-08-25,2,5,0,2025-07-21
664,15,580,1,3,KGID100664,Bahadurjit,1975-09-26,2,8,0,2019-12-16
665,16,608,4,1,KGID100665,Chanakya,1982-09-25,2,2,0,2021-04-15
666,7,343,6,3,KGID100666,Reva,1975-11-16,1,2,0,2019-10-26
667,11,437,4,2,KGID100667,Daksh,1975-07-10,1,4,0,2020-11-09
668,23,892,3,1,KGID100668,Vivaan,1972-04-26,1,1,0,2025-07-13
669,17,680,1,1,KGID100669,Eiravati,1995-04-17,1,3,0,2018-07-28
670,4,145,2,1,KGID100670,Ekani,1987-03-10,2,7,0,2021-06-16
671,22,829,2,1,KGID100671,Timothy,1975-08-11,2,2,0,2024-10-22
672,3,130,4,3,KGID100672,Parth,1981-08-13,1,2,0,2016-11-07
673,28,1030,1,3,KGID100673,Warhi,1988-11-02,2,2,0,2014-09-02
674,24,897,2,3,KGID100674,Lakshmi,1969-02-23,1,8,0,2025-07-21
675,11,451,1,2,KGID100675,Omaja,1994-04-09,2,3,0,2008-07-09
676,20,765,5,1,KGID100676,Qarin,1981-06-08,1,2,0,2017-02-24
677,22,808,2,1,KGID100677,Umang,1993-03-16,2,4,0,2012-12-01
678,18,705,1,3,KGID100678,Ubika,1977-10-11,1,3,0,2023-03-19
679,12,518,1,1,KGID100679,Omaja,1998-08-28,1,8,0,2012-11-10
680,4,150,1,1,KGID100680,Xavier,1986-07-02,2,2,0,2010-10-31
681,27,998,5,2,KGID100681,Farhan,1976-03-22,1,4,0,2020-11-12
682,3,143,5,2,KGID100682,George,1998-11-29,2,8,0,2021-02-12
683,16,627,3,1,KGID100683,Charan,1985-10-07,2,6,0,2022-10-28
684,8,346,1,1,KGID100684,Balveer,1976-09-06,1,7,0,2023-04-08
685,19,737,1,3,KGID100685,Teerth,1997-04-04,2,8,0,2002-10-28
686,19,735,4,2,KGID100686,Gaurangi,1983-11-08,1,3,0,2023-09-22
687,4,168,4,1,KGID100687,Siddharth,1977-11-11,1,5,0,2024-10-28
688,4,157,3,1,KGID100688,Jacob,1999-06-02,1,7,0,2024-05-31
689,11,436,5,3,KGID100689,Xavier,1992-12-12,2,8,0,2019-11-26
690,6,305,2,1,KGID100690,Mekhala,1991-03-16,2,3,0,2019-01-13
691,29,1046,1,2,KGID100691,Barkha,1998-09-01,1,4,0,2012-07-24
692,7,340,4,1,KGID100692,Jagrati,1980-06-30,2,3,0,2020-06-03
693,6,300,3,2,KGID100693,Widisha,1978-01-15,2,1,0,2019-10-16
694,27,999,1,2,KGID100694,Upasna,1983-05-26,2,4,0,2022-10-16
695,10,424,2,2,KGID100695,Samar,1993-06-13,2,8,0,2009-03-28
696,3,96,1,3,KGID100696,Timothy,1980-02-27,2,2,0,2019-02-08
697,30,1068,3,2,KGID100697,Omisha,1992-10-03,2,3,0,2002-12-05
698,20,776,2,3,KGID100698,Victor,1977-08-03,1,5,0,2019-02-14
699,11,457,2,2,KGID100699,Xalak,1980-06-20,2,8,0,2023-09-20
700,1,14,2,1,KGID100700,Geetika,1986-04-11,2,3,0,2024-08-03
701,29,1054,3,1,KGID100701,Vritti,1976-04-20,1,3,0,2024-04-20
702,5,243,3,2,KGID100702,Indira,1983-03-23,2,2,0,2021-10-23
703,27,981,2,3,KGID100703,Vrinda,1973-04-23,1,7,0,2024-06-07
704,3,89,1,3,KGID100704,Daniel,1973-10-23,1,3,0,2025-02-09
705,2,81,4,1,KGID100705,Falan,1985-05-14,1,3,0,2022-12-23
706,8,369,2,2,KGID100706,Abeer,1999-09-10,1,5,0,2015-08-07
707,11,444,2,2,KGID100707,Vihaan,1981-07-29,2,3,0,2023-08-30
708,22,842,3,3,KGID100708,Tejas,1969-11-12,1,5,0,2025-07-21
709,18,702,5,3,KGID100709,Vasudha,1984-09-30,1,4,0,2016-02-25
710,5,271,1,1,KGID100710,Nisha,1989-12-20,2,3,0,2005-11-12
711,8,364,2,3,KGID100711,Anvi,1967-12-16,1,2,0,2025-07-21
712,5,267,5,3,KGID100712,Yadavi,1985-10-08,1,7,0,2014-02-20
713,20,759,4,3,KGID100713,Praneel,1995-03-15,2,4,0,2017-01-28
714,27,988,4,2,KGID100714,Manthan,1971-03-12,2,2,0,2023-09-30
715,13,522,2,1,KGID100715,Zayyan,1975-09-30,1,5,0,2023-04-09
716,31,1114,2,1,KGID100716,Mekhala,1995-04-10,1,1,0,2006-07-03
717,5,242,2,2,KGID100717,Tripti,1970-03-29,1,6,0,2025-07-06
718,5,219,1,3,KGID100718,Upkaar,1986-10-06,2,5,0,2025-05-21
719,23,868,2,3,KGID100719,Faris,1977-10-02,2,7,0,2024-03-05
720,22,847,2,3,KGID100720,Azad,1989-10-12,2,3,0,2022-09-19
721,27,991,1,2,KGID100721,Vamakshi,1970-09-25,2,7,0,2024-12-06
722,5,244,3,2,KGID100722,Onveer,1969-06-17,1,2,0,2025-07-21
723,22,821,4,3,KGID100723,Garima,1970-05-13,1,3,0,2025-05-25
724,1,11,4,1,KGID100724,Girish,1986-10-17,2,7,0,2023-02-20
725,13,539,1,1,KGID100725,Victor,1997-12-23,1,7,0,2023-04-16
726,22,821,3,3,KGID100726,Vaishnavi,1974-09-28,2,1,0,2024-11-22
727,8,359,3,2,KGID100727,Avni,1976-10-08,1,4,0,2025-01-08
728,29,1062,1,1,KGID100728,Bachittar,1998-02-17,1,3,0,2012-11-22
729,19,737,1,1,KGID100729,Amol,1973-08-26,1,2,1,2024-12-14
730,22,819,2,2,KGID100730,Mitali,2000-03-30,2,4,0,2012-10-01
731,3,141,5,3,KGID100731,Wridesh,1999-02-19,2,6,0,2004-07-13
732,14,567,1,1,KGID100732,Garima,1986-10-27,2,7,0,2022-12-29
733,13,535,1,3,KGID100733,Farhan,1980-08-08,1,2,0,2022-09-09
734,18,697,5,3,KGID100734,Chatresh,1984-07-31,2,5,0,2025-03-02
735,20,773,2,1,KGID100735,Faqid,1970-11-16,2,8,0,2024-10-13
736,2,57,2,2,KGID100736,Mekhala,1979-02-18,1,7,0,2023-03-30
737,11,452,3,1,KGID100737,Anjali,2000-07-01,2,7,0,2004-09-02
738,29,1058,2,3,KGID100738,Vedant,1994-03-12,2,4,0,2011-10-25
739,22,818,3,2,KGID100739,Rachana,1979-08-26,1,3,0,2024-12-18
740,19,725,1,3,KGID100740,Lajita,1973-11-13,2,3,0,2023-11-23
741,9,390,2,1,KGID100741,Yatin,1970-06-20,1,4,0,2025-03-03
742,10,424,1,1,KGID100742,Mitesh,1991-10-20,2,3,0,2005-05-11
743,5,246,5,3,KGID100743,Mitesh,1980-06-22,2,1,0,2023-03-05
744,31,1109,5,2,KGID100744,Hredhaan,1992-09-13,2,6,0,2009-11-02
745,14,563,2,3,KGID100745,Sai,1970-08-31,2,7,0,2025-06-30
746,5,263,1,2,KGID100746,Kevin,1979-10-16,2,1,0,2018-04-02
747,21,807,4,1,KGID100747,Yauvani,1970-07-10,2,2,0,2024-12-25
748,25,943,1,1,KGID100748,Irya,1981-06-05,1,4,0,2013-11-13
749,5,207,1,3,KGID100749,Ekta,1986-05-25,2,3,0,2018-09-13
750,11,486,1,3,KGID100750,Odika,1996-12-02,2,6,0,1998-11-20
751,23,869,1,3,KGID100751,Xavier,1980-09-27,2,6,0,2015-06-27
752,14,573,2,3,KGID100752,Lajita,1987-01-01,1,4,0,2010-08-09
753,14,553,4,3,KGID100753,Amrita,1973-04-26,2,7,0,2022-08-17
754,6,307,2,1,KGID100754,Radhika,1984-04-27,1,7,0,2011-07-03
755,29,1059,2,2,KGID100755,Faraj,1976-12-08,2,5,0,2020-08-26
756,3,98,2,3,KGID100756,Warhi,1979-10-31,1,1,0,2024-12-29
757,13,521,2,3,KGID100757,Hredhaan,1987-09-29,1,8,0,2011-01-27
758,13,533,2,3,KGID100758,Meghana,1972-02-28,2,6,0,2022-07-29
759,5,249,2,3,KGID100759,Forum,1978-11-06,1,3,1,2022-02-18
760,15,583,2,3,KGID100760,Laban,1982-07-10,2,8,0,2018-02-24
761,21,781,3,2,KGID100761,Sai,1977-10-08,1,3,0,2022-05-18
762,17,691,2,3,KGID100762,Mitali,1983-11-03,2,2,0,2014-01-15
763,18,704,1,2,KGID100763,Vritti,2000-06-28,2,5,0,2003-08-03
764,22,810,1,2,KGID100764,Eshana,2000-06-16,2,8,0,2018-10-17
765,9,377,4,1,KGID100765,Maya,1980-05-04,1,5,0,2023-07-14
766,4,164,1,2,KGID100766,Ryan,1979-12-19,1,2,0,2024-11-14
767,26,970,2,1,KGID100767,Avi,1987-09-09,2,2,0,2017-05-16
768,7,319,1,2,KGID100768,Shaurya,1999-12-16,2,4,0,2009-05-26
769,15,582,2,1,KGID100769,Ekapad,1982-06-18,1,3,0,2016-05-04
770,19,731,4,2,KGID100770,Nilima,1995-05-26,2,8,1,2020-03-28
771,31,1108,5,3,KGID100771,Chavvi,1990-06-08,2,3,0,2007-06-23
772,31,1105,1,3,KGID100772,Pallavi,1975-10-13,2,7,0,2023-07-04
773,30,1094,1,2,KGID100773,Varenya,1994-05-20,2,4,0,2002-05-27
774,24,905,1,2,KGID100774,Omya,1987-05-08,2,3,0,2017-03-03
775,1,1,2,1,KGID100775,Jagvi,1986-01-14,2,5,0,2021-12-29
776,1,18,3,2,KGID100776,Frederick,1991-05-30,2,5,0,2021-06-03
777,23,882,4,3,KGID100777,Isha,1971-04-10,1,1,0,2024-01-19
778,9,387,2,3,KGID100778,Mugdha,1973-03-17,2,7,0,2024-01-02
779,21,799,4,1,KGID100779,Qushi,2000-06-04,2,2,0,2004-10-31
780,12,491,2,3,KGID100780,Tristan,1971-02-26,2,5,0,2023-10-01
781,30,1090,4,2,KGID100781,Timothy,1984-12-01,1,2,0,2018-05-02
782,15,594,1,2,KGID100782,Xiti,1982-09-17,2,5,0,2017-08-21
783,27,1008,1,1,KGID100783,Vasudha,1972-09-05,1,1,0,2025-07-18
784,2,46,1,1,KGID100784,Frederick,1971-02-09,2,5,0,2024-05-20
785,24,898,3,1,KGID100785,Lucky,1971-07-02,1,3,0,2025-06-07
786,11,445,1,2,KGID100786,Samuel,1979-05-25,2,6,0,2018-12-25
787,2,65,1,1,KGID100787,Gunbir,1985-04-09,1,5,0,2015-02-15
788,4,147,2,1,KGID100788,Eiravati,1982-06-14,1,5,0,2021-08-11
789,1,26,1,3,KGID100789,Ishwar,1969-11-02,1,7,0,2025-07-21
790,24,908,1,1,KGID100790,Ikbal,1968-04-27,1,8,0,2025-07-21
791,5,193,2,1,KGID100791,Yagnesh,1990-07-30,2,7,0,2008-01-02
792,17,640,5,1,KGID100792,Ganga,1985-02-05,1,2,0,2018-05-20
793,16,612,1,1,KGID100793,Vincent,1986-08-03,1,2,0,2024-11-05
794,23,890,1,1,KGID100794,Quincy,1994-09-05,2,2,0,2016-04-18
795,12,498,1,1,KGID100795,Ayush,1989-05-01,2,3,0,2014-03-12
796,5,184,1,2,KGID100796,Shivani,1992-08-16,1,6,0,2022-11-12
797,3,123,1,3,KGID100797,Tanish,1987-09-09,1,2,0,2014-07-21
798,11,477,1,3,KGID100798,Dev,1974-07-20,2,8,0,2024-04-24
799,2,44,3,2,KGID100799,Rachit,1987-03-09,1,5,0,2021-12-10
800,27,994,3,3,KGID100800,Ishaan,1979-12-28,2,8,0,2017-07-10
801,9,383,2,2,KGID100801,Dhriti,1976-06-22,2,5,0,2024-08-03
802,7,329,1,1,KGID100802,Ishaan,1987-11-07,2,5,0,2018-07-22
803,31,1110,2,1,KGID100803,Orinder,1979-05-20,2,3,0,2024-01-03
804,19,746,4,1,KGID100804,Chameli,1995-03-22,2,2,0,2017-11-28
805,31,1104,4,1,KGID100805,Krish,1998-10-16,2,3,0,2013-09-01
806,17,661,2,2,KGID100806,Jackson,1978-03-15,1,2,0,2018-09-13
807,3,137,1,1,KGID100807,Yasti,1973-10-11,1,1,0,2024-04-29
808,27,995,1,1,KGID100808,Leela,1980-10-05,2,8,0,2021-02-10
809,13,525,1,1,KGID100809,Oscar,1981-12-08,1,1,0,2019-05-24
810,10,428,3,1,KGID100810,Logan,1986-06-03,2,1,0,2016-11-16
811,22,852,4,3,KGID100811,Chatresh,1973-11-30,1,5,0,2024-12-02
812,4,145,4,1,KGID100812,Vedhika,1996-12-24,1,2,0,2024-04-02
813,11,474,2,1,KGID100813,Yashasvi,1972-03-12,1,4,0,2024-12-30
814,8,367,2,3,KGID100814,Vyanjana,1989-10-04,2,2,0,2013-09-25
815,19,734,3,3,KGID100815,Vrinda,1981-09-07,2,2,0,2023-08-19
816,8,370,2,3,KGID100816,Thomas,1973-03-29,2,3,0,2023-10-25
817,24,908,5,2,KGID100817,Bhavya,1977-06-26,2,6,0,2019-10-02
818,23,882,4,2,KGID100818,Warhi,1973-04-09,1,4,0,2023-05-20
819,13,521,2,2,KGID100819,Ishaan,1986-03-31,2,7,0,2010-06-23
820,2,71,6,3,KGID100820,Jeevika,1976-08-29,1,3,1,2022-05-10
821,16,619,1,1,KGID100821,Ridhi,1985-12-25,1,6,0,2021-08-29
822,14,566,5,3,KGID100822,Harsh,1986-02-17,1,2,0,2025-05-18
823,19,729,1,2,KGID100823,Yug,1992-07-30,2,4,0,2017-08-02
824,16,616,1,2,KGID100824,Shivani,1977-09-04,1,2,0,2025-07-18
825,27,989,1,3,KGID100825,Gagan,1976-06-27,1,5,0,2024-08-02
826,21,782,1,1,KGID100826,Warjas,1982-06-25,2,6,0,2025-06-22
827,23,890,2,1,KGID100827,Indali,1974-09-09,1,1,0,2024-03-28
828,21,784,1,3,KGID100828,Priya,1996-10-30,1,6,0,2015-01-11
829,6,307,1,3,KGID100829,Samuel,1973-03-13,1,3,0,2022-02-09
830,21,805,6,3,KGID100830,Indali,1995-03-20,1,4,0,2020-06-29
831,22,808,1,2,KGID100831,Om,1985-08-26,1,8,0,2019-02-07
832,3,101,2,2,KGID100832,Bimala,1978-07-23,1,7,0,2022-11-21
833,5,268,4,2,KGID100833,Yoshita,1987-01-10,1,8,0,2024-09-11
834,9,402,2,3,KGID100834,Girish,2001-01-22,1,4,0,2015-04-16
835,23,881,1,3,KGID100835,Nisha,1972-02-29,1,2,0,2024-10-20
836,23,868,2,1,KGID100836,Jonathan,1998-10-17,2,6,0,2025-05-02
837,2,50,4,1,KGID100837,Madhav,1991-05-28,2,8,0,2006-06-22
838,24,903,1,1,KGID100838,Maya,1991-09-28,1,6,0,2021-10-11
839,5,176,1,1,KGID100839,Amruta,1984-03-12,1,3,0,2019-03-20
840,15,590,1,3,KGID100840,Faqid,1988-11-24,1,5,0,2013-09-06
841,2,47,1,3,KGID100841,Girik,1989-02-05,1,4,0,2023-02-26
842,13,530,2,3,KGID100842,Jyoti,1981-04-02,1,1,0,2022-07-20
843,30,1079,1,1,KGID100843,Aarnav,1983-01-05,1,5,0,2018-05-21
844,14,556,1,3,KGID100844,Girik,1997-02-04,1,2,0,2021-04-10
845,14,556,3,3,KGID100845,Ishita,1992-05-28,2,2,0,2013-02-04
846,21,792,1,2,KGID100846,Mitali,1996-06-16,1,6,0,2020-01-14
847,30,1089,1,1,KGID100847,Siddharth,1974-12-17,2,1,0,2022-09-13
848,30,1085,1,2,KGID100848,Bhanumati,1984-05-16,2,3,0,2015-05-25
849,19,721,2,2,KGID100849,Vedhika,1979-01-14,1,5,0,2021-05-01
850,13,528,4,1,KGID100850,Chanakya,1994-05-10,2,4,0,2022-11-27
851,21,805,3,1,KGID100851,Tripti,1969-02-11,2,4,0,2025-07-21
852,6,313,2,2,KGID100852,Nakul,1968-02-09,2,8,0,2025-07-21
853,10,424,3,3,KGID100853,Priya,1982-07-23,1,3,0,2012-07-24
854,30,1073,5,2,KGID100854,Kevin,1974-06-07,1,3,0,2023-12-30
855,30,1092,5,1,KGID100855,Anusha,1997-07-19,1,6,0,2006-01-02
856,6,299,3,2,KGID100856,Fitan,1970-09-23,2,7,0,2024-11-29
857,14,561,1,1,KGID100857,Noah,1980-03-12,1,3,0,2024-06-29
858,13,547,3,3,KGID100858,Vivaan,1969-04-25,1,4,0,2025-07-21
859,2,54,2,3,KGID100859,Girish,1982-02-23,2,3,0,2013-09-27
860,26,961,3,2,KGID100860,Kevin,1967-08-04,1,7,0,2025-07-21
861,5,282,1,1,KGID100861,Sai,1987-09-27,1,7,0,2016-11-25
862,2,31,5,2,KGID100862,Jai,1967-11-14,1,4,0,2025-07-21
863,3,136,1,2,KGID100863,Kevin,2001-02-24,2,6,0,2007-01-25
864,12,506,2,1,KGID100864,Gaurav,1983-10-18,2,6,0,2014-10-04
865,31,1099,2,3,KGID100865,Dhriti,1992-05-26,1,2,0,2004-11-28
866,3,87,4,1,KGID100866,Lavanya,1980-01-19,2,1,0,2017-11-05
867,29,1058,4,1,KGID100867,Kiaan,1993-11-07,1,5,0,2019-08-18
868,16,624,4,2,KGID100868,Ekapad,1989-05-14,2,3,0,2019-02-04
869,3,112,3,1,KGID100869,Nitesh,1985-08-04,2,8,0,2009-09-08
870,28,1026,1,3,KGID100870,Max,1982-07-08,1,7,0,2021-12-11
871,25,924,1,2,KGID100871,Saanvi,1998-10-31,1,8,0,2014-06-02
872,17,664,3,3,KGID100872,Harish,1996-10-16,1,2,0,2000-11-22
873,24,921,3,1,KGID100873,Leena,1972-04-24,2,3,0,2022-12-03
874,21,780,1,1,KGID100874,Logan,1979-07-04,2,3,0,2019-11-06
875,6,297,1,3,KGID100875,Yuvraj,1975-12-24,1,7,0,2023-06-03
876,24,914,1,1,KGID100876,Bhavani,1986-05-15,1,3,0,2018-10-02
877,1,8,3,2,KGID100877,Charvi,1994-01-15,1,8,0,2017-10-24
878,28,1022,2,1,KGID100878,Ranbir,1974-07-16,2,4,0,2023-08-03
879,26,975,2,2,KGID100879,Chatura,1992-12-24,1,1,0,2009-05-08
880,31,1121,1,3,KGID100880,Wriddhish,1994-03-16,1,1,0,2020-05-24
881,3,113,3,1,KGID100881,Xalak,1984-05-19,1,1,0,2012-03-30
882,16,612,1,1,KGID100882,Advik,1989-04-01,1,2,0,2006-12-21
883,8,366,1,2,KGID100883,Kevin,2001-02-09,1,8,0,2023-06-09
884,19,738,5,1,KGID100884,Osha,1980-09-15,2,6,0,2023-10-13
885,20,777,4,2,KGID100885,Urishilla,1979-12-24,1,5,0,2022-05-20
886,5,250,3,2,KGID100886,Anay,2000-01-03,2,7,0,2018-06-08
887,10,429,3,1,KGID100887,Tanveer,1987-07-11,1,8,0,2007-10-20
888,15,589,2,2,KGID100888,Mitali,1968-11-27,2,6,0,2025-07-21
889,28,1017,2,3,KGID100889,Yachana,1984-10-11,2,8,0,2019-12-25
890,11,477,3,1,KGID100890,Neelima,1993-08-20,1,2,0,2011-09-20
891,5,242,3,1,KGID100891,Michael,1970-05-10,2,7,0,2025-02-01
892,18,717,2,3,KGID100892,Yasti,1976-12-26,1,1,0,2020-09-21
893,15,577,1,1,KGID100893,Nachiket,1998-11-12,2,5,0,2024-10-21
894,17,664,4,1,KGID100894,Dominic,1985-10-16,2,6,0,2015-10-21
895,2,60,4,1,KGID100895,William,1978-02-05,2,6,0,2020-06-28
896,27,982,5,1,KGID100896,Radha,1969-07-10,1,8,0,2025-07-21
897,25,944,4,3,KGID100897,Christopher,1971-07-01,2,8,0,2024-10-10
898,22,848,5,1,KGID100898,Parth,1978-01-26,2,6,0,2023-03-24
899,2,39,1,3,KGID100899,Advay,1971-08-13,2,6,0,2024-12-19
900,6,306,1,1,KGID100900,Zansi,1973-02-14,2,7,0,2025-05-13
901,7,340,2,2,KGID100901,Ojas,1994-03-05,1,2,0,2018-07-28
902,16,632,3,2,KGID100902,Amruta,1980-03-13,1,5,0,2022-10-19
903,28,1018,4,2,KGID100903,Ayushman,1992-06-22,2,5,0,2005-04-08
904,16,620,1,2,KGID100904,Devansh,1978-12-11,1,4,0,2020-06-01
905,24,909,2,2,KGID100905,Faraj,1976-06-29,1,4,0,2025-05-18
906,27,991,3,3,KGID100906,Christopher,1984-06-03,2,6,0,2018-03-20
907,5,202,4,3,KGID100907,Jhalak,1984-07-16,1,4,0,2019-01-21
908,25,941,2,3,KGID100908,Jack,1972-11-25,1,1,0,2024-11-14
909,3,91,3,3,KGID100909,Chaitanya,1975-04-27,1,6,0,2022-08-09
910,3,95,1,3,KGID100910,Chakradhar,1996-10-01,2,1,0,1998-11-20
911,17,640,3,1,KGID100911,Mason,1983-08-05,2,4,0,2016-11-30
912,14,567,2,2,KGID100912,Balendra,1973-08-21,1,5,0,2025-05-24
913,14,561,1,3,KGID100913,Oni,1986-05-09,1,4,0,2024-02-02
914,17,653,1,3,KGID100914,Ekaja,1975-03-10,2,4,0,2021-01-15
915,17,638,3,2,KGID100915,Kashish,1976-10-10,2,1,0,2019-02-06
916,26,965,5,1,KGID100916,Charles,1971-08-12,1,7,0,2024-11-24
917,23,874,2,3,KGID100917,Chakradhar,1973-08-26,2,6,0,2024-10-08
918,10,406,3,3,KGID100918,Udyati,1999-12-29,1,8,0,1997-08-15
919,5,191,4,3,KGID100919,Deepa,1996-12-31,2,2,0,2019-06-09
920,26,954,2,1,KGID100920,Abhiram,1978-09-06,1,5,0,2021-07-13
921,21,803,1,3,KGID100921,Daksha,1980-02-05,2,6,0,2017-10-05
922,2,62,1,1,KGID100922,Jyoti,1992-09-12,2,8,0,2008-02-18
923,8,350,1,2,KGID100923,Rohan,1987-09-03,1,2,0,2016-06-07
924,5,220,1,3,KGID100924,Yatan,1992-06-16,1,5,0,2015-02-15
925,22,821,2,1,KGID100925,Arjun,1972-09-02,1,3,1,2025-05-07
926,21,787,1,1,KGID100926,Aditya,1975-06-23,2,7,0,2021-08-19
927,18,701,2,1,KGID100927,Krisha,1999-11-21,1,2,0,1995-08-07
928,27,997,1,3,KGID100928,Hemang,1996-06-02,2,6,0,2018-03-10
929,24,912,1,2,KGID100929,Oni,1974-07-13,1,2,0,2025-06-20
930,20,777,1,3,KGID100930,Lucky,1984-04-13,1,2,0,2011-06-15
931,5,285,4,3,KGID100931,Vincent,1991-10-02,1,3,0,2005-08-07
932,25,928,2,2,KGID100932,Kashish,1998-01-23,2,4,0,2011-08-17
933,17,649,1,3,KGID100933,Girish,1983-02-21,2,7,0,2022-01-09
934,18,706,6,3,KGID100934,Meera,1984-09-26,1,7,0,2020-02-10
935,15,603,1,3,KGID100935,Radhika,1970-02-05,1,1,0,2025-02-13
936,19,736,1,2,KGID100936,Bishakha,1990-01-28,1,4,0,2007-04-19
937,22,808,3,3,KGID100937,Maya,1976-06-05,2,7,0,2020-10-04
938,31,1117,1,1,KGID100938,Eesha,1991-05-19,2,3,0,2019-09-24
939,21,788,4,2,KGID100939,Samaksh,1982-12-12,2,3,0,2015-08-04
940,5,258,1,1,KGID100940,Ikbal,1972-03-07,1,3,0,2024-11-11
941,27,997,3,1,KGID100941,Unnati,1972-11-02,1,3,0,2023-01-17
942,22,852,4,3,KGID100942,Ishita,1978-03-25,2,3,0,2017-08-21
943,23,869,2,2,KGID100943,Darika,2000-05-08,2,6,0,2000-12-27
944,23,870,3,3,KGID100944,Gautam,1983-04-23,2,4,0,2023-06-27
945,14,552,2,3,KGID100945,Banjeet,1972-11-29,2,1,1,2024-08-11
946,27,990,3,1,KGID100946,Manbir,1974-11-12,2,2,0,2024-11-01
947,30,1079,6,2,KGID100947,Ishani,1970-08-27,2,2,0,2024-10-19
948,5,182,1,3,KGID100948,Chandani,1981-01-09,1,5,0,2014-02-20
949,18,704,2,1,KGID100949,Azaan,1976-05-26,2,8,0,2025-06-27
950,26,961,2,2,KGID100950,Zaid,1999-12-05,2,6,0,2021-03-10
951,15,604,1,1,KGID100951,Logan,1970-10-10,2,5,0,2024-08-27
952,26,970,2,3,KGID100952,Tristan,1971-09-07,1,5,0,2023-09-05
953,2,56,1,1,KGID100953,Kashish,1971-12-31,1,2,0,2025-03-14
954,14,570,1,3,KGID100954,Frado,1990-11-20,2,5,0,2024-03-29
955,2,30,3,3,KGID100955,Falan,1987-05-09,1,3,0,2012-03-18
956,20,758,4,2,KGID100956,Sachi,1968-04-17,1,8,0,2025-07-21
957,30,1081,4,2,KGID100957,Garima,1995-01-26,1,3,0,2001-12-11
958,6,316,4,2,KGID100958,Chandresh,1971-09-20,2,4,0,2025-06-08
959,7,343,1,3,KGID100959,Megha,1973-04-07,2,1,0,2023-11-06
960,5,238,1,2,KGID100960,Pooja,1984-06-03,2,8,0,2016-04-17
961,30,1091,1,3,KGID100961,Rachit,1973-06-06,2,8,0,2022-05-30
962,30,1087,4,1,KGID100962,Manthan,1976-11-25,2,8,0,2021-09-04
963,17,647,5,3,KGID100963,Yatan,1968-09-24,1,2,0,2025-07-21
964,19,725,5,2,KGID100964,Varenya,1989-07-24,2,6,0,2015-07-13
965,5,202,1,3,KGID100965,Laksh,1969-08-17,2,8,0,2025-07-21
966,12,496,3,3,KGID100966,Zaid,1981-10-22,1,6,0,2021-04-06
967,8,369,1,1,KGID100967,Anirudh,1988-12-31,1,2,0,2021-10-17
968,5,201,2,3,KGID100968,Jagrati,2001-03-12,2,6,0,2018-07-29
969,15,581,1,1,KGID100969,Hemangini,1983-11-12,1,2,0,2022-06-29
970,11,445,5,3,KGID100970,Lipika,1998-08-02,1,2,0,2011-02-14
971,5,267,2,3,KGID100971,Theodore,1976-09-30,1,2,0,2018-09-26
972,13,519,1,3,KGID100972,Avni,1968-07-19,1,8,0,2025-07-21
973,14,567,4,3,KGID100973,Ishita,1969-07-18,2,5,0,2025-07-21
974,4,152,1,1,KGID100974,Nathaniel,1993-08-17,2,7,0,2025-07-17
975,3,124,1,2,KGID100975,Amaira,1970-12-16,1,8,0,2025-03-17
976,10,411,3,1,KGID100976,Daksh,1985-09-12,2,2,0,2022-03-18
977,23,884,1,3,KGID100977,Lipika,1993-07-13,1,8,0,2024-04-19
978,5,212,1,1,KGID100978,Oscar,1979-08-14,2,8,0,2023-12-11
979,28,1020,1,3,KGID100979,Jagrati,1973-07-16,1,1,0,2023-12-03
980,13,546,1,2,KGID100980,Indira,1998-08-18,2,1,0,1997-05-15
981,27,1005,2,2,KGID100981,Raghav,1999-10-09,1,4,0,2012-06-17
982,27,988,1,3,KGID100982,Waida,1996-01-01,2,6,0,2020-06-07
983,22,821,1,3,KGID100983,Baljiwan,1985-12-26,1,6,0,2012-05-11
984,18,697,1,2,KGID100984,Theodore,1970-08-15,2,4,0,2024-10-13
985,2,81,5,3,KGID100985,Garima,1968-03-25,1,5,0,2025-07-21
986,5,219,3,2,KGID100986,Kalpit,1998-10-06,2,2,0,2002-05-24
987,24,897,3,1,KGID100987,Ekiya,1979-02-20,1,4,0,2017-04-30
988,11,489,2,1,KGID100988,Lucky,1969-07-30,2,8,0,2025-07-21
989,24,921,5,1,KGID100989,Janya,1993-11-18,1,6,0,2021-11-13
990,3,88,2,1,KGID100990,Meghana,2000-03-19,2,3,0,2006-02-18
991,11,478,5,1,KGID100991,Ekantika,1987-06-24,1,8,0,2013-08-11
992,26,966,5,3,KGID100992,Rajeshri,1972-03-11,1,4,0,2023-01-10
993,5,268,1,3,KGID100993,Edhitha,1994-06-23,1,5,0,2024-07-26
994,5,200,2,1,KGID100994,Ishanvi,1973-06-23,1,2,0,2025-06-05
995,11,452,1,1,KGID100995,Parth,1975-02-22,2,6,0,2023-02-01
996,22,824,1,3,KGID100996,Chaitaly,1980-06-02,1,6,0,2022-08-17
997,11,437,4,3,KGID100997,Mahika,1971-11-19,1,6,0,2025-01-04
998,14,561,1,2,KGID100998,Bachittar,1996-06-24,1,6,0,2019-05-14
999,24,899,1,3,KGID100999,Timothy,1973-09-29,1,3,0,2022-10-28
1000,20,771,4,1,KGID101000,Watika,1989-04-20,2,2,0,2007-08-20
1001,8,368,5,3,KGID101001,Wazir,1972-05-02,2,7,0,2024-10-15
1002,26,975,3,1,KGID101002,Gaurang,1979-05-07,1,5,0,2018-09-30
1003,22,844,1,1,KGID101003,Gautami,1995-06-29,1,3,0,2016-12-21
1004,5,181,3,2,KGID101004,Zaid,1982-09-27,2,7,0,2016-01-01
1005,11,483,1,3,KGID101005,Hritik,1991-02-14,1,6,0,2011-04-07
1006,31,1106,2,2,KGID101006,Raksha,1992-01-18,1,5,0,2003-08-30
1007,5,231,4,3,KGID101007,Odika,1992-06-17,2,8,0,2024-11-03
1008,3,89,1,2,KGID101008,Keya,1984-04-26,2,4,0,2016-03-26
1009,17,685,3,2,KGID101009,Umang,1971-01-01,1,2,0,2024-07-06
1010,31,1101,1,1,KGID101010,Bahadurjit,1973-01-31,2,2,0,2021-11-05
1011,11,482,3,3,KGID101011,Henry,1977-07-31,2,7,0,2020-02-07
1012,17,668,1,1,KGID101012,Keya,1970-01-28,2,4,0,2024-09-21
1013,22,845,4,2,KGID101013,Girik,1973-01-09,1,2,0,2021-11-07
1014,27,993,1,2,KGID101014,Vasudha,1979-01-17,1,4,0,2025-05-28
1015,25,932,1,2,KGID101015,Nitesh,1991-07-05,1,8,0,2013-01-15
1016,19,735,6,1,KGID101016,Chatresh,1988-03-15,2,3,0,2014-10-20
1017,3,123,1,1,KGID101017,Ranveer,1970-12-30,2,8,0,2024-10-04
1018,18,704,1,2,KGID101018,Alka,1981-06-20,1,3,0,2020-03-14
1019,11,471,1,3,KGID101019,Gopal,1990-01-05,2,4,0,2010-10-19
1020,25,948,1,3,KGID101020,Vritti,1969-03-29,2,4,0,2025-07-21
1021,23,890,2,3,KGID101021,Prisha,1972-10-10,1,1,0,2023-08-21
1022,3,91,1,2,KGID101022,Varsha,1970-07-14,1,7,0,2025-05-17
1023,27,982,4,3,KGID101023,Onkar,1974-05-05,1,8,0,2020-09-05
1024,4,171,2,1,KGID101024,Urvashi,1989-04-02,2,4,0,2025-02-03
1025,16,606,1,1,KGID101025,Mitali,1996-03-29,1,8,0,2006-11-17
1026,7,332,3,3,KGID101026,Alka,1983-07-26,1,8,0,2024-01-30
1027,5,284,4,2,KGID101027,Qasim,1970-08-26,1,6,0,2025-02-04
1028,1,3,4,1,KGID101028,Rachit,1980-03-02,2,6,0,2018-10-01
1029,16,608,2,2,KGID101029,Udyati,1982-09-17,1,2,0,2015-12-23
1030,17,688,3,1,KGID101030,David,1976-07-05,2,1,0,2024-05-30
1031,19,749,2,1,KGID101031,Gunbir,1972-09-09,2,6,0,2024-08-22
1032,3,138,2,1,KGID101032,Odika,1970-06-20,1,6,0,2024-11-23
1033,5,233,3,3,KGID101033,Darsh,2000-07-23,1,4,0,2012-10-31
1034,14,548,2,2,KGID101034,Omya,1996-02-21,2,1,0,2020-08-25
1035,18,708,2,3,KGID101035,Vaishnavi,2000-05-21,1,8,0,2015-11-07
1036,30,1092,4,2,KGID101036,Chandani,1987-01-10,2,2,0,2011-10-18
1037,25,938,1,2,KGID101037,Bakhshi,1970-03-28,1,5,0,2025-06-15
1038,4,158,1,2,KGID101038,Manan,1984-08-16,1,3,0,2024-01-22
1039,10,419,2,3,KGID101039,Oscar,1971-08-23,1,5,0,2025-01-24
1040,31,1109,5,2,KGID101040,Siddharth,1999-10-28,2,7,0,2000-07-26
1041,2,44,1,1,KGID101041,Pallavi,1995-01-16,1,4,0,2002-11-01
1042,29,1065,3,2,KGID101042,Saksham,1970-03-21,2,6,0,2025-03-27
1043,30,1086,4,2,KGID101043,Aarna,2001-06-18,2,5,0,2013-08-16
1044,16,628,1,2,KGID101044,Ekalinga,1978-06-04,1,8,0,2023-02-04
1045,15,591,4,1,KGID101045,Eshana,1970-07-06,1,6,0,2025-02-09
1046,7,341,3,1,KGID101046,Advik,1996-09-05,2,3,1,2012-08-01
1047,6,315,1,1,KGID101047,Oni,1994-04-19,1,6,0,2016-02-17
1048,24,903,1,1,KGID101048,Harish,1971-05-19,1,1,0,2023-11-08
1049,18,705,1,2,KGID101049,Harrison,1999-01-01,1,5,0,2012-06-07
1050,2,52,2,2,KGID101050,Hemangini,1994-04-09,1,8,0,2022-03-28
1051,7,320,1,3,KGID101051,Vedika,1997-05-27,2,5,0,2004-12-13
1052,15,594,5,3,KGID101052,Orinder,1987-01-01,1,8,0,2016-01-25
1053,5,231,3,1,KGID101053,Neelima,1976-12-01,1,2,0,2019-07-24
1054,22,823,3,1,KGID101054,Garima,1968-11-14,2,6,0,2025-07-21
1055,3,113,3,1,KGID101055,Vaishnavi,1991-01-12,1,5,0,2004-08-21
1056,4,172,2,2,KGID101056,Anmol,1998-11-11,1,7,0,2022-07-26
1057,17,651,3,3,KGID101057,Deepa,1979-01-15,1,6,0,2023-06-28
1058,23,876,2,2,KGID101058,Guneet,1977-01-31,1,5,0,2021-06-26
1059,16,631,6,3,KGID101059,Charita,2000-08-14,1,4,0,2001-08-14
1060,24,910,3,2,KGID101060,Ekani,2000-09-04,2,5,0,2008-04-15
1061,23,869,3,2,KGID101061,Gaurav,1976-09-17,1,2,0,2021-06-21
1062,16,622,2,3,KGID101062,Niharika,1973-12-10,2,2,0,2022-05-25
1063,20,770,1,2,KGID101063,Kashvi,1992-09-29,2,7,0,2020-01-08
1064,25,947,3,1,KGID101064,Nathan,1995-06-21,1,3,0,2012-12-13
1065,15,593,2,1,KGID101065,Netra,1969-10-13,2,5,0,2025-07-21
1066,25,950,1,1,KGID101066,Ayush,1972-03-01,1,5,0,2025-02-08
1067,26,968,1,3,KGID101067,Sai,1973-06-17,2,7,0,2025-01-19
1068,12,502,1,2,KGID101068,Tanmayi,1996-01-05,2,2,0,2005-04-16
1069,19,741,2,3,KGID101069,Rushil,1969-04-09,2,5,0,2025-07-21
1070,26,975,6,1,KGID101070,Yashasvi,1976-11-13,2,1,0,2024-04-25
1071,7,334,2,1,KGID101071,Azaan,1981-01-18,2,8,0,2024-08-17
1072,5,278,2,1,KGID101072,Sanaya,1975-10-12,2,6,0,2022-06-26
1073,19,730,1,2,KGID101073,Inaya,1973-08-04,1,4,0,2025-01-12
1074,9,376,4,3,KGID101074,Aarna,1979-04-05,1,6,0,2023-12-06
1075,16,617,1,3,KGID101075,Bhavani,1993-01-07,2,2,0,2018-01-31
1076,19,721,4,1,KGID101076,Tanish,1968-06-26,1,5,0,2025-07-21
1077,27,994,2,1,KGID101077,Samuel,1996-09-11,1,4,0,2016-01-12
1078,11,453,4,3,KGID101078,Anmol,1976-09-13,1,7,0,2021-06-02
1079,4,157,1,1,KGID101079,Aditya,1996-12-13,1,8,0,2024-08-30
1080,19,743,1,2,KGID101080,Oscar,1983-09-03,2,3,0,2013-05-28
1081,2,59,3,1,KGID101081,Zayyan,1987-12-29,1,3,0,2007-09-15
1082,6,292,3,2,KGID101082,Anvi,1988-03-28,1,4,0,2024-06-20
1083,4,161,2,1,KGID101083,Ikshita,1981-12-18,1,1,0,2018-01-26
1084,23,884,1,1,KGID101084,Chasmum,1983-02-28,1,1,0,2014-08-10
1085,13,519,1,2,KGID101085,Mekhala,1990-07-31,1,2,0,2021-11-11
1086,10,421,2,1,KGID101086,Kavya,1987-06-05,1,6,0,2007-09-08
1087,6,299,4,2,KGID101087,Barkha,1986-08-23,2,6,0,2018-08-24
1088,28,1026,4,3,KGID101088,Devansh,1977-09-13,1,2,0,2018-06-01
1089,1,29,2,3,KGID101089,Ekta,1978-12-27,1,5,0,2019-01-15
1090,31,1101,1,3,KGID101090,Chanchal,1996-11-04,1,4,0,2005-08-09
1091,26,973,2,3,KGID101091,Wridesh,1973-12-16,1,8,0,2023-08-15
1092,5,220,1,2,KGID101092,Netra,1998-02-22,2,7,0,2019-11-29
1093,11,467,2,2,KGID101093,Atharv,1990-01-05,1,8,0,2018-11-06
1094,5,279,2,2,KGID101094,Aashi,1989-11-02,2,1,0,2025-07-02
1095,28,1012,1,2,KGID101095,Balendra,1998-05-22,2,5,0,2008-04-14
1096,24,910,1,2,KGID101096,Ranveer,1987-05-18,2,7,0,2025-06-16
1097,3,143,4,2,KGID101097,Vamakshi,1979-03-22,2,3,0,2022-09-08
1098,27,1007,3,2,KGID101098,Yashica,1998-05-18,2,2,0,2016-01-14
1099,22,809,2,3,KGID101099,Pratyush,1977-10-05,1,3,0,2018-11-29
1100,10,408,1,3,KGID101100,Aarna,1977-07-17,2,2,0,2021-04-26
1101,23,870,3,2,KGID101101,Qadim,1992-03-18,2,7,0,2015-05-30
1102,22,829,6,3,KGID101102,Gaurav,1999-10-01,2,3,0,2022-07-16
1103,5,222,1,2,KGID101103,Damyanti,1975-02-10,2,4,0,2020-11-22
1104,5,276,1,3,KGID101104,Kamya,1981-11-06,1,2,0,2024-03-12
1105,2,55,6,2,KGID101105,Jacob,1976-05-30,2,3,0,2020-08-11
1106,5,198,4,3,KGID101106,Ekavir,1983-07-21,2,8,0,2023-09-06
1107,28,1020,2,2,KGID101107,Jagdish,1983-08-11,2,1,0,2014-04-11
1108,2,65,6,1,KGID101108,Chanchal,1997-01-18,2,8,0,2008-03-28
1109,20,771,2,1,KGID101109,Matthew,1981-08-07,1,3,0,2024-01-01
1110,16,621,4,1,KGID101110,Nimrat,1972-03-22,2,7,0,2023-02-26
1111,21,797,2,1,KGID101111,Tanvi,2001-02-12,2,8,0,2022-02-14
1112,7,321,2,2,KGID101112,Pranit,1972-06-03,2,8,0,2025-02-20
1113,20,774,3,2,KGID101113,Peter,1994-01-14,2,6,0,2012-09-28
1114,3,93,1,2,KGID101114,Siya,1978-03-18,2,1,0,2017-01-27
1115,18,699,2,2,KGID101115,Om,1976-11-07,2,6,0,2023-11-18
1116,3,116,3,1,KGID101116,Gaurang,1987-02-23,1,5,0,2010-05-28
1117,3,135,4,1,KGID101117,Pushti,1971-12-15,2,3,0,2024-06-02
1118,17,668,1,3,KGID101118,Leela,1981-04-08,2,7,0,2025-02-19
1119,26,962,2,2,KGID101119,Kashvi,1967-09-17,2,7,0,2025-07-21
1120,5,201,4,1,KGID101120,Rayaan,1999-11-09,1,6,0,2022-04-24
1121,18,696,1,2,KGID101121,Yuvraj,1968-02-29,2,7,0,2025-07-21
1122,4,155,4,3,KGID101122,Devika,1975-03-31,1,5,0,2024-10-24
1123,16,609,6,2,KGID101123,Damini,1971-12-09,1,2,0,2024-04-26
1124,5,195,2,2,KGID101124,Chanchal,1973-03-26,1,8,0,2024-11-05
1125,18,712,4,3,KGID101125,Zinal,1999-10-20,2,5,0,2009-03-25
1126,31,1106,1,2,KGID101126,Krish,1987-10-31,2,5,0,2013-08-19
1127,25,929,3,3,KGID101127,Jagrati,1979-03-17,1,1,0,2024-07-25
1128,29,1058,4,3,KGID101128,Netra,1993-01-21,2,4,0,2005-07-06
1129,26,958,1,3,KGID101129,Karan,1968-03-15,2,1,0,2025-07-21
1130,19,747,2,1,KGID101130,Yamini,1974-09-25,1,5,0,2020-08-30
1131,22,841,1,1,KGID101131,Baljiwan,1973-04-19,1,7,0,2023-01-07
1132,15,588,3,2,KGID101132,Chanakya,1980-04-23,1,7,0,2021-08-06
1133,6,308,1,1,KGID101133,Hritik,1987-09-30,2,8,0,2008-06-01
1134,24,894,2,1,KGID101134,Jack,1989-10-10,1,3,0,2005-12-12
1135,2,60,1,2,KGID101135,Zayyan,1981-09-21,1,1,0,2018-02-11
1136,27,996,4,1,KGID101136,Aditya,1983-09-07,1,6,0,2013-09-11
1137,3,131,5,2,KGID101137,Zinal,1977-10-16,2,2,0,2022-11-05
1138,6,288,1,3,KGID101138,Laksh,1976-09-24,1,5,0,2022-10-17
1139,5,185,1,1,KGID101139,Yasti,1981-10-17,2,6,0,2024-05-02
1140,21,799,4,3,KGID101140,Ishaan,1991-12-29,1,7,0,2006-02-21
1141,5,219,1,2,KGID101141,Ryan,1994-03-27,2,7,0,2012-12-29
1142,3,115,2,2,KGID101142,Saksham,1994-01-02,1,6,0,2021-05-04
1143,26,973,3,2,KGID101143,Naveen,1979-09-22,1,6,0,2019-08-26
1144,20,754,4,1,KGID101144,Sarthak,1968-11-22,1,1,0,2025-07-21
1145,12,491,1,2,KGID101145,Wahab,1990-12-14,2,6,0,2014-08-24
1146,5,250,2,1,KGID101146,Indrajit,1967-08-25,2,7,0,2025-07-21
1147,21,805,5,2,KGID101147,Manthan,1995-12-14,2,2,0,2016-12-12
1148,11,483,1,1,KGID101148,Falan,1999-11-02,2,6,0,2018-12-09
1149,22,833,4,2,KGID101149,Aahana,1992-02-26,1,8,0,2004-11-18
1150,22,846,5,2,KGID101150,Chaman,1989-06-18,2,2,0,2014-09-08
1151,13,535,2,2,KGID101151,Owen,1976-07-14,2,6,0,2018-11-27
1152,2,57,4,3,KGID101152,Jagvi,1997-04-10,1,8,0,2021-06-01
1153,5,279,1,1,KGID101153,Jack,1994-10-23,2,6,0,2008-05-15
1154,5,227,1,3,KGID101154,Chakradev,1970-10-13,1,7,0,2025-04-23
1155,17,655,2,3,KGID101155,Onkar,1967-11-19,1,5,0,2025-07-21
1156,17,671,4,1,KGID101156,Amrita,1978-09-23,1,7,0,2024-08-08
1157,21,806,4,3,KGID101157,Hema,1997-06-03,1,1,0,2000-02-27
1158,11,469,5,2,KGID101158,Tanmayi,1973-10-09,1,5,0,2023-02-26
1159,8,346,1,3,KGID101159,Vanya,1976-10-17,2,5,0,2021-04-02
1160,20,754,1,3,KGID101160,Ojas,1994-10-01,1,1,0,2016-10-09
1161,23,892,4,2,KGID101161,Daniel,1971-05-26,2,2,0,2024-12-11
1162,10,417,1,2,KGID101162,Hemang,2000-12-05,2,8,0,2020-09-22
1163,23,884,4,3,KGID101163,Raksha,1981-09-12,1,5,0,2020-08-22
1164,9,388,2,2,KGID101164,Jagrati,1973-09-19,1,1,0,2023-01-26
1165,13,537,1,2,KGID101165,Kalpit,1988-05-04,1,6,0,2022-12-10
1166,25,939,1,2,KGID101166,Nisha,1983-12-24,1,6,1,2018-05-21
1167,22,815,3,3,KGID101167,Dipta,1982-07-15,2,7,0,2013-05-17
1168,13,525,1,3,KGID101168,Udarsh,1967-12-22,1,1,0,2025-07-21
1169,11,481,2,2,KGID101169,Hamsini,2000-10-20,1,1,0,2015-04-26
1170,21,781,1,2,KGID101170,Girish,1985-03-15,2,3,0,2020-07-25
1171,2,85,2,2,KGID101171,Vasatika,1982-04-09,1,8,0,2021-12-31
1172,26,959,1,2,KGID101172,Lekha,1979-04-23,2,3,0,2022-04-25
1173,17,642,1,1,KGID101173,Chatura,1972-08-10,2,5,0,2025-01-11
1174,23,881,1,2,KGID101174,Yashasvi,1967-12-13,2,6,0,2025-07-21
1175,7,338,1,2,KGID101175,Noah,1996-05-31,1,8,0,2021-07-21
1176,6,305,1,1,KGID101176,Wridesh,1970-02-05,1,8,0,2025-01-16
1177,26,957,2,2,KGID101177,Yashica,1978-10-21,1,8,0,2019-01-21
1178,27,994,2,1,KGID101178,Neha,1975-02-15,1,2,0,2023-05-31
1179,10,418,4,1,KGID101179,Sachi,1995-05-03,1,5,0,2001-08-08
1180,11,435,2,1,KGID101180,Wishi,1994-10-18,1,7,0,2011-10-03
1181,12,505,4,3,KGID101181,Widisha,1982-10-03,1,6,0,2014-02-04
1182,5,250,2,3,KGID101182,Netra,1992-11-22,1,6,0,2002-12-18
1183,4,167,2,3,KGID101183,Aadi,1981-07-28,2,8,0,2020-03-27
1184,14,552,2,1,KGID101184,Daksha,1995-08-20,2,1,0,2020-02-20
1185,25,928,1,3,KGID101185,Tanmayi,1997-10-26,1,4,0,2013-04-19
1186,15,580,1,1,KGID101186,Chatura,1999-11-13,1,7,0,2006-06-15
1187,13,523,1,2,KGID101187,Garima,1995-04-27,1,1,0,2021-07-03
1188,7,334,2,2,KGID101188,Urvashi,1986-08-07,2,3,0,2019-02-02
1189,27,1006,4,3,KGID101189,Sneha,1991-12-03,2,3,0,2011-07-19
1190,5,197,4,3,KGID101190,Tristan,1971-06-07,1,8,0,2025-01-26
1191,21,795,2,3,KGID101191,Bishakha,1967-08-18,2,2,0,2025-07-21
1192,20,755,3,2,KGID101192,Hitesh,1986-03-05,2,2,0,2014-11-28
1193,18,700,6,3,KGID101193,Logan,1969-02-09,1,3,0,2025-07-21
1194,30,1080,3,3,KGID101194,Nimrat,1995-07-01,1,5,0,2018-11-09
1195,4,163,5,2,KGID101195,Raghav,1971-03-11,2,3,1,2024-10-09
1196,16,616,4,3,KGID101196,Tanveer,1971-08-29,2,5,0,2025-04-04
1197,4,157,5,3,KGID101197,Hamsini,1983-02-04,1,7,0,2022-06-29
1198,26,952,3,3,KGID101198,Jatin,1971-03-21,2,6,0,2024-05-19
1199,4,168,4,1,KGID101199,Yamini,1993-10-22,1,8,0,2012-05-13
1200,8,374,4,1,KGID101200,Chanakya,1972-02-18,1,7,0,2024-01-19
1201,16,610,1,3,KGID101201,Vasudha,1986-05-13,2,8,0,2015-11-29
1202,13,543,1,1,KGID101202,Peter,1998-12-25,1,3,0,2019-03-16
1203,13,532,4,1,KGID101203,Kabir,1991-01-28,2,1,0,2007-05-17
1204,5,239,1,3,KGID101204,Ekanta,1971-01-28,2,8,0,2024-11-12
1205,27,997,1,3,KGID101205,Yuvraj,1984-09-10,2,7,0,2016-04-28
1206,5,180,1,1,KGID101206,Chaitaly,1976-11-08,1,2,0,2025-04-18
1207,9,386,4,1,KGID101207,Nitara,1982-12-13,2,3,0,2014-04-15
1208,23,893,4,3,KGID101208,Yauvani,1988-01-15,1,2,0,2023-05-24
1209,25,950,1,2,KGID101209,Dipta,1977-09-19,1,2,0,2023-03-01
1210,6,313,3,2,KGID101210,Teerth,1991-10-04,2,8,0,2024-02-18
1211,24,921,2,1,KGID101211,Bina,1974-05-20,2,7,0,2023-09-03
1212,1,17,1,3,KGID101212,Kevin,1990-11-25,2,7,0,2023-11-24
1213,15,596,1,2,KGID101213,Pranav,2000-12-02,2,8,0,2014-09-15
1214,3,125,2,2,KGID101214,Ekantika,1984-09-07,2,2,0,2020-12-19
1215,22,855,4,1,KGID101215,Varsha,1991-09-15,2,6,0,2020-04-15
1216,24,894,1,2,KGID101216,Omisha,1987-05-15,1,8,0,2024-07-09
1217,11,476,2,3,KGID101217,Bhavika,1990-06-24,2,8,0,2023-04-28
1218,15,601,3,2,KGID101218,Agastya,1997-05-22,2,6,0,2009-05-19
1219,7,332,3,2,KGID101219,Maanav,1985-04-29,1,8,0,2009-12-15
1220,10,409,1,2,KGID101220,Amara,1969-05-11,1,7,0,2025-07-21
1221,28,1012,1,1,KGID101221,Bhavini,1993-01-22,1,1,0,2005-06-01
1222,13,535,2,1,KGID101222,David,1990-10-16,1,1,0,2007-08-18
1223,18,692,2,3,KGID101223,Bachittar,1991-01-13,1,2,0,2010-01-17
1224,27,997,1,2,KGID101224,Udarsh,1979-10-01,2,1,0,2020-01-29
1225,14,548,4,3,KGID101225,Wazir,1992-10-18,1,1,0,2015-06-18
1226,24,897,4,1,KGID101226,Bhavna,1984-12-04,1,2,0,2022-07-04
1227,2,86,2,1,KGID101227,Lakshmi,1991-02-11,1,4,0,2004-08-02
1228,7,322,3,3,KGID101228,Dhriti,1980-09-24,2,8,0,2025-01-28
1229,5,204,1,2,KGID101229,Zayan,2000-05-23,2,3,0,1996-03-22
1230,10,414,2,2,KGID101230,Saanvi,1974-06-17,1,4,0,2024-11-23
1231,26,971,1,3,KGID101231,Jhalak,1995-10-10,1,2,0,2023-04-02
1232,22,850,2,3,KGID101232,Ronith,1993-03-24,1,3,0,2014-09-03
1233,30,1085,2,1,KGID101233,Chaitaly,1993-12-10,1,7,0,2024-09-11
1234,22,839,4,3,KGID101234,Falan,1982-10-24,2,1,0,2025-05-03
1235,1,21,3,3,KGID101235,Yoshita,1973-11-29,1,2,0,2022-03-31
1236,22,823,6,1,KGID101236,Arya,1971-08-12,2,1,0,2023-08-20
1237,2,76,3,3,KGID101237,Aadhya,1986-06-24,1,1,1,2010-10-06
1238,29,1065,6,2,KGID101238,Mohammed,1967-09-30,2,5,0,2025-07-21
1239,17,643,5,1,KGID101239,Charan,1968-11-29,2,3,0,2025-07-21
1240,24,914,3,3,KGID101240,Charvi,1993-11-10,2,6,0,2016-07-24
1241,22,829,4,2,KGID101241,Ishita,1984-03-26,1,1,0,2019-02-22
1242,21,799,3,3,KGID101242,Thomas,1970-01-12,1,5,0,2025-04-05
1243,29,1048,2,3,KGID101243,Yashasvi,2000-02-03,2,3,0,2010-09-10
1244,31,1106,2,1,KGID101244,Netra,1972-12-21,2,7,1,2024-03-07
1245,5,227,3,2,KGID101245,Tanay,1970-09-05,2,6,0,2024-10-09
1246,5,256,2,3,KGID101246,Chaaya,1990-02-08,1,8,0,2011-07-04
1247,11,484,4,3,KGID101247,Vaishnavi,1974-12-24,1,6,0,2024-04-25
1248,5,287,3,3,KGID101248,Aditya,2001-06-10,1,2,0,2019-11-29
1249,9,395,4,2,KGID101249,Wridesh,1971-06-15,2,2,0,2024-03-30
1250,23,872,4,1,KGID101250,Yagnesh,1998-04-22,1,1,0,2014-05-08
1251,5,267,2,2,KGID101251,Ekani,2000-02-27,1,6,0,2015-09-17
1252,22,825,2,3,KGID101252,Ishaan,1980-07-09,2,5,0,2023-04-24
1253,23,868,6,3,KGID101253,Barkha,1980-09-03,2,7,0,2020-06-30
1254,6,296,2,2,KGID101254,Kavya,1968-05-23,2,3,0,2025-07-21
1255,29,1052,4,1,KGID101255,Vidhi,1985-01-15,1,8,0,2017-09-10
1256,7,322,5,2,KGID101256,Reyansh,1969-01-16,1,7,0,2025-07-21
1257,20,757,2,1,KGID101257,Gopal,1978-06-11,1,2,0,2017-04-17
1258,20,767,1,2,KGID101258,Abhimanyu,1973-03-30,1,3,0,2025-05-18
1259,22,864,1,2,KGID101259,Tanay,1988-11-13,2,4,0,2010-07-23
1260,27,1002,1,3,KGID101260,Hemang,1996-12-17,2,2,0,2010-01-03
1261,22,856,2,2,KGID101261,Radhika,1974-07-18,2,6,0,2024-09-11
1262,26,974,4,3,KGID101262,Mitesh,1989-07-15,1,3,0,2024-05-06
1263,25,944,4,3,KGID101263,Baljiwan,1968-05-11,2,3,0,2025-07-21
1264,17,667,1,3,KGID101264,Zayan,1970-07-12,2,7,0,2024-08-09
1265,22,810,1,1,KGID101265,Vedant,1986-07-12,2,5,0,2018-04-29
1266,7,340,3,3,KGID101266,Shravya,1998-07-12,2,2,0,2008-05-16
1267,5,175,1,3,KGID101267,Anay,1988-12-24,1,4,0,2014-10-12
1268,28,1030,4,1,KGID101268,Abeer,1980-10-18,1,1,0,2015-11-09
1269,10,422,1,3,KGID101269,Chakradev,1989-05-12,2,2,0,2017-12-02
1270,17,657,2,1,KGID101270,Yadavi,1991-05-21,2,1,0,2005-02-24
1271,8,370,2,3,KGID101271,Charvi,1971-03-01,2,7,0,2025-02-15
1272,5,235,6,3,KGID101272,Raksha,1988-03-05,1,5,0,2011-11-26
1273,13,524,4,1,KGID101273,Azaan,1980-07-09,2,7,0,2023-08-06
1274,3,121,3,2,KGID101274,Laban,1983-09-02,1,1,0,2019-01-08
1275,16,611,2,2,KGID101275,Chakrika,1992-12-10,1,7,0,2020-11-16
1276,13,529,2,1,KGID101276,Kashvi,2000-03-13,1,4,0,1999-01-08
1277,11,485,2,3,KGID101277,Lohit,2000-02-08,2,2,0,1994-11-25
1278,17,652,2,2,KGID101278,Meera,1971-09-29,1,8,0,2023-07-25
1279,11,479,5,1,KGID101279,Dalaja,1985-10-25,2,2,0,2024-09-14
1280,5,258,1,2,KGID101280,Hemangini,1974-09-11,2,2,0,2024-04-04
1281,28,1025,1,1,KGID101281,Yauvani,1974-10-02,2,3,0,2025-01-29
1282,31,1101,5,3,KGID101282,Zayyan,1972-05-25,2,1,0,2023-02-08
1283,26,952,5,3,KGID101283,Chatura,1974-02-28,2,3,0,2021-06-17
1284,27,988,1,2,KGID101284,Triya,1996-07-02,2,6,0,2023-09-23
1285,11,436,2,3,KGID101285,Ekalinga,1989-06-22,2,1,0,2007-01-06
1286,30,1094,2,2,KGID101286,Vidhi,1976-01-29,1,7,0,2019-12-08
1287,5,287,3,2,KGID101287,Wahab,1999-11-28,2,4,0,2006-04-08
1288,17,652,4,2,KGID101288,Rishi,1970-12-15,2,8,0,2025-03-04
1289,17,659,1,2,KGID101289,Damini,1978-05-11,2,1,0,2020-08-10
1290,5,274,3,1,KGID101290,Janya,1991-02-18,2,1,0,2006-11-27
1291,8,356,2,3,KGID101291,Om,1995-01-06,2,7,0,2024-06-23
1292,4,159,2,3,KGID101292,Timothy,1967-09-20,2,2,0,2025-07-21
1293,20,771,4,2,KGID101293,Aradhana,1991-10-08,2,3,0,2017-08-26
1294,1,18,1,2,KGID101294,Garima,1996-02-13,1,8,0,2002-03-07
1295,2,41,4,3,KGID101295,Jagrati,1997-05-27,2,4,0,2010-07-07
1296,16,621,4,1,KGID101296,Ikbal,1993-11-23,1,8,0,2013-03-29
1297,2,76,1,3,KGID101297,Avni,1973-07-12,1,1,0,2023-12-24
1298,22,812,1,2,KGID101298,Ronith,1996-10-01,2,3,0,2002-05-02
1299,8,360,1,1,KGID101299,Faraj,1976-07-03,1,3,0,2024-10-03
1300,11,467,4,3,KGID101300,Yashica,1992-04-14,2,4,0,2023-01-26
1301,2,48,6,3,KGID101301,Nidhi,1989-01-11,2,8,0,2021-10-21
1302,23,875,3,3,KGID101302,Balhaar,1993-09-15,1,6,0,2006-08-29
1303,22,834,1,3,KGID101303,Urmi,1986-04-23,2,8,0,2017-10-16
1304,3,90,4,1,KGID101304,Manya,1989-10-14,1,5,0,2008-07-10
1305,30,1091,2,1,KGID101305,Bina,1975-02-23,2,4,0,2024-03-08
1306,2,52,6,1,KGID101306,Gautam,1972-02-08,2,2,0,2024-01-21
1307,10,404,1,2,KGID101307,William,1981-01-16,1,2,0,2019-07-30
1308,23,885,4,3,KGID101308,Noah,1996-05-21,2,5,0,2020-04-30
1309,26,970,1,2,KGID101309,Nathaniel,1993-04-19,1,6,0,2004-12-03
1310,11,485,5,3,KGID101310,Madhav,1973-08-23,2,2,0,2025-05-07
1311,5,256,1,1,KGID101311,Jagrati,1992-07-29,1,7,0,2013-09-03
1312,3,134,4,1,KGID101312,Vincent,1968-12-04,2,1,0,2025-07-21
1313,23,885,1,3,KGID101313,Brijesh,1969-09-09,1,1,0,2025-07-21
1314,21,782,2,3,KGID101314,Jalsa,1990-04-15,2,4,0,2015-06-06
1315,1,22,2,2,KGID101315,Chakradhar,1980-09-30,2,2,0,2024-08-25
1316,2,54,2,2,KGID101316,Harshil,1968-11-28,1,2,0,2025-07-21
1317,3,139,2,1,KGID101317,Anusha,1991-06-25,1,5,0,2015-01-09
1318,27,986,3,2,KGID101318,Owen,1995-12-10,1,4,0,2006-05-26
1319,3,91,1,2,KGID101319,Faras,1980-05-11,2,6,0,2018-09-19
1320,31,1109,4,1,KGID101320,Udant,1985-02-13,2,5,0,2015-07-29
1321,15,597,2,1,KGID101321,Hemani,1985-02-09,1,1,0,2015-03-14
1322,3,112,2,1,KGID101322,Abeer,1984-02-09,1,4,0,2017-10-13
1323,18,700,1,2,KGID101323,Noah,1984-08-13,2,6,0,2012-08-21
1324,17,688,3,2,KGID101324,Avni,1975-05-17,2,3,0,2022-08-22
1325,3,87,2,1,KGID101325,Janaki,1974-09-29,1,4,0,2021-06-27
1326,11,437,1,3,KGID101326,Victor,1988-01-09,2,7,0,2022-01-27
1327,9,378,4,1,KGID101327,Ishaan,1981-08-26,2,1,0,2017-07-07
1328,2,62,2,1,KGID101328,Shivansh,1983-12-04,2,8,0,2018-04-04
1329,19,738,1,1,KGID101329,Nirja,1987-08-23,1,4,0,2019-03-16
1330,11,449,4,3,KGID101330,Naveen,1968-04-25,1,6,0,2025-07-21
1331,12,504,1,1,KGID101331,Manan,1972-02-19,1,5,0,2024-02-03
1332,2,43,4,1,KGID101332,Pranit,1969-06-15,2,2,0,2025-07-21
1333,10,431,1,1,KGID101333,Anirudh,1985-02-13,2,6,0,2016-01-15
1334,30,1080,6,3,KGID101334,Bhanumati,1997-06-04,2,2,0,2017-12-08
1335,5,268,4,1,KGID101335,Urishilla,1999-10-05,2,6,0,2002-01-19
1336,23,880,6,1,KGID101336,Nirja,1997-01-16,1,4,0,2002-05-01
1337,15,603,4,2,KGID101337,Qabil,1987-12-25,1,1,0,2021-11-08
1338,14,574,4,3,KGID101338,Oliver,1988-09-28,2,4,0,2016-04-04
1339,26,964,4,3,KGID101339,Sudiksha,1992-03-05,1,3,0,2010-06-08
1340,29,1043,2,3,KGID101340,Kritika,1987-11-02,2,3,0,2008-10-16
1341,20,766,2,2,KGID101341,Samaksh,1980-08-29,2,8,0,2015-10-01
1342,22,822,3,3,KGID101342,Oni,1985-04-29,1,4,0,2024-02-07
1343,10,416,2,1,KGID101343,Peter,1995-08-28,2,4,0,2015-04-18
1344,20,773,2,2,KGID101344,Balvan,1983-09-25,2,2,0,2020-02-28
1345,5,173,1,3,KGID101345,Jacob,1997-05-25,2,4,0,2012-06-07
1346,26,953,2,2,KGID101346,Aarav,1970-09-21,2,8,0,2025-03-18
1347,22,838,2,2,KGID101347,Raagini,1998-01-19,2,5,0,2019-01-09
1348,8,368,2,2,KGID101348,Caleb,1985-04-21,1,6,0,2015-06-24
1349,15,604,4,3,KGID101349,Vasatika,1991-04-11,1,5,0,2012-12-27
1350,5,202,1,2,KGID101350,Guneet,1994-05-26,1,4,0,2010-01-31
1351,17,675,1,3,KGID101351,Viraj,1982-01-08,2,4,0,2015-11-11
1352,5,283,6,3,KGID101352,Nilima,1998-07-01,2,1,0,1998-12-25
1353,15,578,4,2,KGID101353,Abhimanyu,1976-04-26,2,1,0,2018-08-04
1354,29,1050,6,1,KGID101354,Abhimanyu,1987-03-17,2,4,0,2009-09-03
1355,10,430,2,3,KGID101355,Diya,1980-04-21,2,8,0,2016-10-24
1356,5,176,1,1,KGID101356,Pooja,1981-06-15,2,7,0,2014-10-31
1357,24,922,4,1,KGID101357,Pallavi,1989-09-15,2,3,0,2010-08-16
1358,5,263,1,3,KGID101358,Mekhala,1986-10-02,1,8,0,2018-12-15
1359,19,727,1,2,KGID101359,Vasudha,1993-03-22,2,7,0,2011-06-21
1360,31,1102,1,3,KGID101360,Veda,1973-08-18,1,1,0,2023-10-15
1361,6,315,6,2,KGID101361,Hemangini,1976-03-07,2,7,0,2020-09-12
1362,21,801,1,2,KGID101362,Lakshit,1993-11-16,1,8,0,2011-02-09
1363,25,925,3,2,KGID101363,Victor,1996-08-16,1,3,0,2016-05-09
1364,8,364,1,3,KGID101364,Neel,1982-09-27,2,1,0,2021-08-23
1365,3,143,5,2,KGID101365,Hamsini,1970-12-18,2,4,0,2025-01-22
1366,30,1074,1,1,KGID101366,Charles,1994-10-13,2,1,0,2015-11-26
1367,22,842,2,1,KGID101367,Abdul,1973-01-07,1,7,0,2025-05-30
1368,3,141,2,1,KGID101368,Urishilla,1994-11-26,1,4,0,2021-02-18
1369,26,973,1,3,KGID101369,Devansh,1999-01-13,2,4,0,2008-08-12
1370,25,940,1,1,KGID101370,Baljiwan,1976-07-01,1,8,0,2021-02-23
1371,22,818,3,1,KGID101371,Nandini,1992-03-09,2,8,0,2023-12-16
1372,2,81,3,2,KGID101372,Dakshesh,1988-06-05,2,6,0,2016-06-14
1373,16,610,2,1,KGID101373,Warda,1999-09-16,2,4,0,2020-02-28
1374,23,885,2,3,KGID101374,Zarna,1982-06-24,1,2,0,2015-03-05
1375,3,90,1,1,KGID101375,Yashvi,1977-04-11,2,5,0,2017-10-27
1376,3,137,3,3,KGID101376,Omkaar,1985-02-02,1,8,0,2013-04-04
1377,5,249,6,1,KGID101377,Aadi,1990-06-21,1,6,0,2012-02-09
1378,7,338,1,3,KGID101378,Anya,2000-09-22,1,8,0,1997-03-31
1379,25,946,2,3,KGID101379,Megha,1994-01-23,2,4,0,2009-05-19
1380,1,22,1,3,KGID101380,Alexander,1981-05-04,1,6,0,2015-12-15
1381,25,951,2,1,KGID101381,Gautam,1992-08-10,1,4,0,2004-02-18
1382,24,897,1,2,KGID101382,Ijaya,1986-03-29,1,3,0,2020-11-23
1383,5,206,1,1,KGID101383,Upkaar,1979-05-15,2,3,0,2023-09-16
1384,1,23,3,1,KGID101384,Netra,1988-03-03,2,6,0,2010-04-01
1385,2,71,4,3,KGID101385,Niharika,1987-02-06,1,8,0,2012-04-02
1386,30,1071,3,3,KGID101386,Yahvi,1984-10-06,1,7,0,2018-12-07
1387,24,910,1,1,KGID101387,Yochana,1977-07-23,1,7,0,2025-02-16
1388,12,512,2,1,KGID101388,Zashil,2000-01-31,1,2,0,2021-09-17
1389,2,58,6,2,KGID101389,Veda,1991-02-27,1,2,0,2024-10-21
1390,5,198,4,3,KGID101390,Tara,1993-09-25,1,3,0,2019-09-25
1391,29,1050,1,2,KGID101391,Ayaan,1990-09-23,2,4,0,2023-05-19
1392,31,1110,2,2,KGID101392,Lavanya,1983-12-10,1,4,0,2015-03-01
1393,19,731,1,1,KGID101393,Victor,1989-02-05,2,6,0,2025-06-08
1394,11,436,2,1,KGID101394,Ira,1994-10-05,2,6,0,2010-11-11
1395,11,448,2,3,KGID101395,Adya,1985-02-11,2,2,0,2009-09-15
1396,8,352,1,1,KGID101396,Hema,1975-12-30,2,7,0,2020-02-10
1397,5,273,1,3,KGID101397,Vamakshi,1970-02-20,2,8,0,2025-06-25
1398,2,37,3,3,KGID101398,Amruta,1978-03-23,2,7,0,2018-07-09
1399,11,477,2,3,KGID101399,Ranveer,1973-10-08,1,4,0,2024-07-15
1400,5,255,1,3,KGID101400,Wyatt,1984-07-09,2,4,0,2013-07-19
1401,3,123,1,2,KGID101401,Samaksh,1997-03-24,2,4,0,2003-05-06
1402,10,419,3,1,KGID101402,Ishani,1995-12-11,2,6,0,2021-04-18
1403,17,651,3,1,KGID101403,Farhan,1972-11-09,2,5,0,2022-11-15
1404,11,470,4,2,KGID101404,Abeer,1990-07-13,2,4,0,2018-06-26
1405,3,111,5,3,KGID101405,Brijesh,1993-07-16,1,4,0,2014-07-20
1406,21,782,2,1,KGID101406,Divya,1996-05-21,2,1,0,2008-07-29
1407,27,1007,1,1,KGID101407,Anvi,1984-04-17,1,3,0,2025-05-01
1408,5,258,1,3,KGID101408,Yasti,1984-03-29,1,4,0,2025-04-26
1409,23,873,3,2,KGID101409,Kabir,1977-01-30,1,4,0,2019-04-30
1410,8,362,3,2,KGID101410,Vanya,1969-05-24,2,8,0,2025-07-21
1411,10,413,1,2,KGID101411,Idika,1999-07-03,1,6,0,1996-07-12
1412,7,344,2,2,KGID101412,Owen,1980-12-09,2,3,0,2022-02-07
1413,27,988,1,2,KGID101413,Zarna,1983-02-05,2,2,0,2013-03-28
1414,16,615,2,1,KGID101414,Advik,1983-03-13,1,5,0,2021-03-14
1415,16,627,2,2,KGID101415,Harrison,1990-06-22,2,2,0,2012-07-09
1416,26,962,1,1,KGID101416,Aashi,1978-08-14,1,1,0,2022-01-25
1417,20,767,2,2,KGID101417,Amruta,1973-12-01,2,6,0,2022-08-09
1418,16,631,3,3,KGID101418,Jasmit,1983-07-31,1,7,0,2020-02-19
1419,5,255,2,3,KGID101419,Oni,1973-10-22,1,4,0,2023-04-01
1420,13,523,4,3,KGID101420,Nandini,1991-05-19,2,8,0,2011-09-29
1421,20,755,3,3,KGID101421,Karan,1977-01-22,2,7,0,2018-12-28
1422,12,497,2,2,KGID101422,Harish,2000-11-06,1,3,0,2015-10-27
1423,25,933,5,1,KGID101423,Rachana,1992-01-23,2,4,0,2021-01-17
1424,7,331,1,1,KGID101424,Mason,1996-09-01,2,7,0,2003-11-06
1425,4,165,2,1,KGID101425,Oviya,1983-08-21,2,3,0,2011-09-09
1426,12,518,3,3,KGID101426,Zansi,1984-07-16,2,5,0,2025-06-26
1427,5,183,1,3,KGID101427,Vidhi,1985-09-16,2,3,0,2014-08-09
1428,10,430,5,2,KGID101428,Champak,1977-10-03,2,1,1,2022-01-18
1429,27,1008,1,1,KGID101429,Darpan,1981-02-05,2,7,0,2021-11-02
1430,23,883,1,2,KGID101430,Gopal,1974-11-17,1,3,0,2021-10-28
1431,8,373,2,1,KGID101431,Jalsa,1982-11-06,2,4,0,2016-11-25
1432,3,121,3,1,KGID101432,Aarini,1979-10-21,2,7,0,2021-02-15
1433,5,224,4,1,KGID101433,Indali,1979-04-03,1,5,0,2019-09-02
1434,5,256,1,2,KGID101434,Rushil,1997-01-16,1,4,0,2024-07-08
1435,5,207,1,2,KGID101435,Owen,1987-03-02,1,1,0,2019-04-02
1436,30,1070,4,2,KGID101436,Ekta,2000-11-07,2,8,0,2003-05-18
1437,17,691,3,2,KGID101437,Sanya,1990-06-11,2,6,1,2014-10-16
1438,12,491,5,3,KGID101438,Bhavini,1997-10-20,2,7,0,2008-03-22
1439,19,730,4,1,KGID101439,Oliver,1983-04-28,1,8,0,2024-12-11
1440,22,823,3,1,KGID101440,Oviya,1989-05-02,1,2,0,2024-02-15
1441,14,573,5,1,KGID101441,Ekbal,1989-01-06,2,8,0,2016-12-25
1442,26,974,2,3,KGID101442,Dipta,1970-03-30,1,1,1,2024-11-23
1443,17,660,1,2,KGID101443,Amara,1978-04-30,1,6,0,2019-03-05
1444,11,479,3,2,KGID101444,Sai,1988-02-20,1,6,0,2014-01-25
1445,26,976,6,3,KGID101445,Shravya,1994-02-08,1,7,0,2024-01-08
1446,9,400,3,3,KGID101446,Arin,1981-08-18,1,3,0,2015-10-04
1447,5,179,1,3,KGID101447,Zayan,1971-10-21,2,3,0,2024-01-09
1448,5,237,2,3,KGID101448,Fariq,1999-07-13,1,4,0,2016-07-28
1449,5,184,1,3,KGID101449,Girish,1974-09-18,1,3,0,2022-07-16
1450,17,669,5,2,KGID101450,Chatura,1969-09-21,1,5,0,2025-07-21
1451,5,253,3,3,KGID101451,Fiyaz,1968-06-13,2,2,0,2025-07-21
1452,17,682,4,3,KGID101452,Frado,1971-02-01,1,6,0,2024-10-15
1453,21,782,3,3,KGID101453,Dayamai,1989-10-26,2,4,0,2023-04-06
1454,5,237,1,1,KGID101454,Saanvi,1975-05-09,1,6,0,2023-12-24
1455,9,386,3,1,KGID101455,Onkar,1988-11-08,2,3,0,2009-01-17
1456,21,779,2,1,KGID101456,Eshana,1968-07-10,2,1,0,2025-07-21
1457,9,389,4,2,KGID101457,Anita,1996-12-09,2,6,0,2011-03-02
1458,5,259,2,3,KGID101458,Peter,1986-03-16,1,2,0,2010-11-06
1459,31,1103,4,2,KGID101459,Radhika,1987-08-23,1,5,0,2015-10-09
1460,28,1024,3,1,KGID101460,Dayita,1985-05-08,2,3,0,2019-10-14
1461,2,71,2,2,KGID101461,Utkarsh,1998-06-16,1,5,1,2010-07-09
1462,26,980,3,1,KGID101462,Jasmit,1994-11-30,2,5,0,2011-08-07
1463,20,772,1,2,KGID101463,Advaith,1981-07-27,1,4,0,2015-06-03
1464,11,461,3,1,KGID101464,Laban,1967-07-23,1,8,0,2025-07-21
1465,16,613,6,3,KGID101465,Abhiram,1979-03-31,1,1,0,2020-03-30
1466,18,692,2,2,KGID101466,Vansha,1990-12-09,2,7,0,2014-11-19
1467,30,1082,3,2,KGID101467,Brinda,1977-09-27,1,7,0,2023-09-05
1468,17,663,4,3,KGID101468,Kashvi,1987-11-08,1,5,0,2021-11-22
1469,7,336,2,2,KGID101469,Rajeshri,1973-12-18,2,5,0,2025-01-29
1470,10,430,1,3,KGID101470,Madhavi,1980-12-22,1,1,0,2016-05-07
1471,5,209,3,1,KGID101471,Fariq,1995-09-21,2,7,0,2005-04-15
1472,7,345,5,1,KGID101472,Anita,1981-11-28,2,8,0,2016-06-04
1473,3,108,1,3,KGID101473,Amruta,1977-03-26,2,7,0,2023-06-30
1474,22,828,1,1,KGID101474,Qabil,1981-08-04,1,7,0,2023-10-17
1475,8,354,3,2,KGID101475,Tamanna,1972-03-13,1,8,0,2022-11-19
1476,21,783,1,3,KGID101476,Vyanjana,1988-07-22,2,6,0,2011-09-22
1477,5,239,1,2,KGID101477,Chandran,1973-12-09,1,1,0,2021-08-18
1478,27,983,1,3,KGID101478,Harsh,2000-07-10,1,3,0,1995-03-29
1479,23,889,1,1,KGID101479,Raksha,1977-02-22,1,6,0,2018-07-21
1480,31,1101,1,3,KGID101480,Matthew,1992-04-10,1,7,0,2007-11-28
1481,31,1099,4,3,KGID101481,Osha,1968-01-20,2,2,0,2025-07-21
1482,31,1104,3,3,KGID101482,Kamya,1978-02-23,1,4,0,2023-09-30
1483,5,241,1,3,KGID101483,Ganga,1983-04-27,1,1,0,2022-08-19
1484,17,644,1,1,KGID101484,Madhav,1970-04-13,1,3,0,2025-04-20
1485,13,526,4,1,KGID101485,Ekbal,1969-06-16,1,2,0,2025-07-21
1486,19,745,5,1,KGID101486,Zashil,1986-01-08,2,1,0,2011-08-22
1487,3,95,5,3,KGID101487,Jairaj,1995-05-05,2,8,0,2021-02-01
1488,27,1005,3,3,KGID101488,Lekha,2000-09-09,2,4,0,2016-09-15
1489,3,92,1,1,KGID101489,Bahadurjit,1993-10-10,1,5,0,2012-03-08
1490,11,441,5,3,KGID101490,Girindra,1974-04-29,1,6,0,2024-03-24
1491,23,865,1,2,KGID101491,Urvashi,1985-04-10,2,7,0,2025-04-07
1492,7,335,2,1,KGID101492,Ekantika,1980-10-13,2,7,0,2025-02-15
1493,6,294,2,1,KGID101493,Jason,1972-12-11,2,4,0,2024-09-26
1494,29,1048,3,2,KGID101494,Rushil,1976-03-01,1,6,1,2023-01-09
1495,23,889,2,3,KGID101495,Tejas,1979-10-23,1,2,0,2016-01-28
1496,30,1089,1,3,KGID101496,Radha,2000-08-24,2,2,0,2001-11-13
1497,5,183,2,2,KGID101497,Anya,1978-08-03,2,3,0,2018-01-22
1498,11,463,1,1,KGID101498,Xavier,1987-06-08,2,4,0,2014-09-05
1499,5,216,4,1,KGID101499,Vaishnavi,1967-11-09,1,5,0,2025-07-21
1500,27,1003,1,2,KGID101500,Gaurav,1990-12-17,2,5,0,2007-10-22
1501,3,99,1,2,KGID101501,Hamsini,1976-01-04,1,6,0,2022-01-19
1502,30,1089,2,2,KGID101502,Darpan,1999-03-16,2,3,0,2025-06-17
1503,29,1052,3,3,KGID101503,Hredhaan,1969-08-02,1,3,0,2025-07-21
1504,14,548,1,3,KGID101504,Idika,1971-10-31,2,4,0,2024-01-07
1505,22,857,3,1,KGID101505,Reyansh,1994-12-10,2,6,0,2011-07-09
1506,28,1029,1,2,KGID101506,Krish,1968-04-12,1,5,0,2025-07-21
1507,5,179,5,2,KGID101507,Raksha,1976-01-29,2,2,0,2018-10-30
1508,4,158,3,1,KGID101508,Vrishti,1986-07-24,1,1,0,2017-10-11
1509,15,586,2,2,KGID101509,Ijaya,1974-01-02,1,7,0,2021-06-26
1510,5,280,2,3,KGID101510,Naveen,1978-07-23,1,7,0,2020-10-07
1511,9,390,5,3,KGID101511,Chakrika,1969-11-23,1,7,0,2025-07-21
1512,18,707,1,3,KGID101512,Sudiksha,1995-06-01,1,8,0,2013-08-20
1513,30,1073,5,1,KGID101513,Ladli,1967-07-30,1,6,0,2025-07-21
1514,29,1053,2,1,KGID101514,Januja,1992-07-01,2,8,0,2022-11-10
1515,20,765,5,2,KGID101515,Dev,1993-12-09,1,2,0,2007-04-14
1516,27,990,1,1,KGID101516,Lila,1989-12-08,1,7,0,2016-05-01
1517,16,625,5,3,KGID101517,Mitesh,1974-01-03,1,8,0,2023-12-20
1518,27,1000,1,1,KGID101518,Ekanta,1988-05-25,2,6,0,2012-09-06
1519,5,220,1,3,KGID101519,Ekalinga,1971-04-23,1,7,0,2024-08-06
1520,5,208,2,1,KGID101520,Pranav,1969-01-15,1,3,0,2025-07-21
1521,27,999,1,3,KGID101521,Vedika,1997-04-02,2,4,0,2003-03-19
1522,20,767,1,2,KGID101522,Lipika,1974-01-25,1,5,0,2020-09-17
1523,24,899,3,2,KGID101523,Aahana,1989-12-03,1,3,0,2016-01-26
1524,23,889,1,3,KGID101524,Ekavir,1969-03-22,1,2,0,2025-07-21
1525,2,83,1,2,KGID101525,Vyanjana,1967-12-31,2,1,0,2025-07-21
1526,10,408,5,3,KGID101526,Upadhriti,1999-02-13,2,2,0,2020-07-07
1527,28,1015,4,3,KGID101527,Ojasvi,1994-10-15,1,6,0,2002-01-26
1528,22,819,2,3,KGID101528,Dalbir,1995-07-03,2,3,0,2020-03-15
1529,5,221,4,1,KGID101529,Banjeet,1995-07-23,1,6,0,2006-06-19
1530,11,485,1,2,KGID101530,Faras,1992-07-09,2,1,0,2021-09-29
1531,15,593,1,1,KGID101531,Gunbir,1999-09-03,2,4,0,2024-05-15
1532,29,1048,1,2,KGID101532,Lekha,1970-12-30,1,5,1,2024-10-13
1533,12,507,3,2,KGID101533,Yuvraj,1973-12-29,1,8,0,2023-08-28
1534,5,212,3,3,KGID101534,Ojasvi,1986-12-08,1,4,1,2024-08-29
1535,6,305,1,1,KGID101535,Ishita,1992-12-02,2,1,0,2020-03-05
1536,9,394,5,2,KGID101536,Prisha,1990-06-27,1,4,0,2019-04-22
1537,3,105,2,3,KGID101537,Pranit,1997-07-27,2,4,0,2002-03-23
1538,23,873,2,3,KGID101538,Nakul,1986-04-03,2,1,0,2017-02-17
1539,14,552,2,2,KGID101539,Indira,1985-09-15,2,4,0,2019-02-24
1540,3,98,1,1,KGID101540,Ekta,1998-03-28,1,6,0,2012-07-03
1541,26,967,1,3,KGID101541,Qushi,1996-04-12,1,7,0,2009-09-08
1542,27,1007,2,2,KGID101542,Wridesh,1995-08-24,1,2,0,2007-12-18
1543,5,267,1,3,KGID101543,Aachal,1986-09-13,2,6,0,2012-03-10
1544,14,566,1,2,KGID101544,Mekhala,1979-10-17,1,2,0,2020-01-29
1545,5,247,1,3,KGID101545,Bhavani,1967-07-24,1,4,0,2025-07-21
1546,5,203,1,3,KGID101546,Chasmum,1987-10-23,2,5,0,2016-11-13
1547,10,414,2,1,KGID101547,Tanish,1967-10-11,1,3,0,2025-07-21
1548,12,518,4,3,KGID101548,Anya,1996-08-25,2,6,0,1999-02-20
1549,5,241,5,1,KGID101549,Mohammed,1998-10-21,2,7,0,2011-05-19
1550,28,1032,4,1,KGID101550,Nachiket,1970-10-04,2,3,0,2025-01-05
1551,3,125,4,3,KGID101551,Zaid,1972-04-04,1,7,0,2023-08-27
1552,30,1091,4,1,KGID101552,George,1975-06-23,1,8,0,2024-06-02
1553,21,787,2,2,KGID101553,Teerth,1986-12-13,2,5,0,2018-03-24
1554,1,8,1,1,KGID101554,Vasudha,1992-07-08,1,8,0,2019-03-13
1555,30,1076,1,1,KGID101555,Girish,1973-06-07,2,5,0,2024-11-08
1556,8,351,1,3,KGID101556,Lakshmi,1987-10-17,1,5,0,2012-12-16
1557,6,304,5,2,KGID101557,Gaurika,1970-03-22,1,5,0,2024-08-10
1558,3,106,3,1,KGID101558,Omaja,1979-05-20,1,2,0,2023-09-22
1559,18,712,3,2,KGID101559,Utkarsh,1999-03-08,2,2,0,1999-03-03
1560,31,1125,1,1,KGID101560,Advay,1992-12-22,2,5,0,2022-02-02
1561,3,118,3,1,KGID101561,Chatura,1989-02-08,2,4,0,2018-03-13
1562,14,573,1,1,KGID101562,Mason,1977-12-01,1,7,0,2017-11-18
1563,13,528,4,3,KGID101563,Michael,1978-08-31,1,8,0,2022-10-31
1564,14,551,1,3,KGID101564,Maya,1969-04-09,2,3,0,2025-07-21
1565,23,889,2,2,KGID101565,Yamini,2000-07-27,1,8,0,2017-11-21
1566,9,379,4,1,KGID101566,Meera,1970-08-13,1,8,0,2024-12-25
1567,8,370,3,1,KGID101567,Vamakshi,1972-08-02,2,3,0,2023-07-25
1568,22,808,3,1,KGID101568,Mohini,1986-12-25,1,3,0,2009-05-23
1569,12,503,2,3,KGID101569,Radha,1976-06-24,2,2,0,2021-05-05
1570,5,282,3,1,KGID101570,Krishna,1993-11-12,1,7,0,2004-09-06
1571,5,226,4,3,KGID101571,Megha,1983-11-27,1,3,0,2014-04-29
1572,4,172,1,3,KGID101572,Yatin,1989-09-24,1,1,0,2009-06-22
1573,5,218,2,2,KGID101573,Qushi,1975-10-17,1,4,0,2021-02-24
1574,24,910,4,2,KGID101574,Gaurav,1978-07-20,2,8,0,2024-11-13
1575,3,115,2,2,KGID101575,Jasmit,1971-05-19,1,1,0,2024-05-18
1576,5,211,2,1,KGID101576,Arjun,1979-05-25,2,3,0,2018-10-05
1577,11,460,1,2,KGID101577,Inaya,1993-09-21,2,3,0,2005-08-13
1578,15,588,1,3,KGID101578,Riya,1988-07-03,2,2,0,2025-05-13
1579,5,226,1,2,KGID101579,Vivaan,1988-09-28,2,2,0,2014-12-03
1580,5,243,2,1,KGID101580,Frederick,1974-05-05,1,3,0,2022-06-03
1581,30,1087,1,1,KGID101581,Manbir,1971-05-17,2,3,0,2023-08-30
1582,16,618,3,2,KGID101582,Akshay,1997-02-03,2,2,0,2020-07-07
1583,28,1023,3,2,KGID101583,Dalaja,1979-03-24,1,1,0,2023-08-06
1584,6,305,4,1,KGID101584,Shaurya,1982-11-09,2,3,0,2012-11-06
1585,26,980,4,1,KGID101585,Aarna,1992-09-18,2,5,0,2007-06-05
1586,17,662,6,1,KGID101586,Lohit,1986-03-19,2,6,0,2019-02-22
1587,23,869,2,2,KGID101587,Krisha,1991-03-10,2,3,0,2018-04-03
1588,12,504,2,3,KGID101588,Caleb,1987-05-18,2,8,0,2019-07-01
1589,11,472,2,3,KGID101589,Sai,1976-03-28,2,4,0,2018-12-22
1590,11,482,2,1,KGID101590,Chatresh,1994-05-21,1,6,0,2016-01-01
1591,5,274,5,1,KGID101591,Ekalinga,1983-05-13,2,6,0,2024-10-13
1592,5,286,1,1,KGID101592,Jagvi,1980-10-07,2,4,0,2017-07-15
1593,11,460,1,1,KGID101593,Libni,1996-12-09,1,3,0,1999-01-26
1594,2,54,3,2,KGID101594,Hardik,1975-05-31,2,1,0,2021-11-02
1595,4,152,2,3,KGID101595,Gaurang,1998-04-15,1,1,0,2010-08-10
1596,6,290,1,1,KGID101596,Tanvi,1973-11-22,1,7,0,2023-07-22
1597,8,374,2,1,KGID101597,Balveer,1986-08-14,2,8,0,2020-08-30
1598,17,691,2,3,KGID101598,Gauri,1975-12-19,1,5,0,2022-09-23
1599,3,123,4,1,KGID101599,Andrew,1984-03-18,1,3,0,2021-09-19
1600,23,868,3,2,KGID101600,Chasmum,1979-05-06,2,5,0,2019-01-27
1601,23,868,5,2,KGID101601,Yachana,1975-08-02,1,7,1,2025-06-03
1602,5,257,3,2,KGID101602,Aarini,1976-12-07,1,4,0,2018-12-27
1603,4,159,4,2,KGID101603,Ayushman,1997-06-06,2,6,0,2022-06-26
1604,22,830,4,1,KGID101604,Umang,1999-08-28,1,6,0,2024-01-10
1605,9,399,1,1,KGID101605,Laksh,1972-09-17,1,6,0,2025-03-30
1606,17,688,1,2,KGID101606,Utkarsh,1970-07-16,1,2,0,2024-12-07
1607,1,23,4,2,KGID101607,Pooja,1981-09-28,1,4,0,2020-06-05
1608,2,67,1,1,KGID101608,Forum,2000-07-21,1,8,0,2022-10-03
1609,17,645,1,2,KGID101609,Lakshit,1982-10-29,1,6,0,2014-04-07
1610,22,816,2,2,KGID101610,Samaksh,1987-04-23,2,6,1,2019-11-12
1611,5,200,1,3,KGID101611,Krishna,1996-11-18,1,3,0,2006-11-24
1612,21,783,2,1,KGID101612,Maanav,1982-03-05,2,3,0,2024-05-14
1613,25,949,1,3,KGID101613,Nakul,1989-11-12,1,4,0,2016-11-06
1614,6,289,4,1,KGID101614,Jagat,1978-05-07,2,8,0,2021-07-26
1615,18,695,1,3,KGID101615,Madhav,1973-10-24,2,1,0,2024-11-28
1616,21,794,1,3,KGID101616,Odika,1992-04-10,1,3,0,2020-02-27
1617,28,1019,1,1,KGID101617,Anusha,2000-03-27,1,5,0,2003-12-16
1618,5,179,2,2,KGID101618,Karan,1972-09-20,2,3,0,2023-02-12
1619,7,331,1,3,KGID101619,Amara,1973-11-01,2,6,0,2024-08-07
1620,8,367,3,2,KGID101620,Vincent,1988-02-23,2,8,1,2018-03-10
1621,24,906,3,1,KGID101621,Fariq,1975-05-28,1,8,0,2019-09-17
1622,15,588,2,3,KGID101622,Yadavi,1990-12-14,1,8,0,2014-07-24
1623,17,643,2,3,KGID101623,Kashvi,1996-04-28,2,8,0,2011-03-18
1624,3,88,3,3,KGID101624,Urvi,1973-10-22,1,4,0,2023-02-07
1625,1,17,1,1,KGID101625,Bachittar,1972-03-24,2,7,0,2023-02-18
1626,22,818,4,1,KGID101626,Anamika,1981-06-12,2,8,0,2025-03-06
1627,18,715,2,3,KGID101627,Samaksh,1999-11-11,2,2,0,2002-03-25
1628,5,222,5,2,KGID101628,Reva,1993-04-26,2,4,0,2003-02-21
1629,3,133,1,3,KGID101629,Ekta,1997-01-13,2,4,0,2011-04-10
1630,26,976,1,2,KGID101630,Prisha,1997-01-09,1,3,0,2022-05-28
1631,6,299,3,2,KGID101631,Lajita,1981-04-27,1,7,0,2014-01-20
1632,19,741,4,2,KGID101632,Balvan,1992-01-16,1,1,0,2011-08-14
1633,2,47,5,3,KGID101633,Brijesh,1985-04-03,2,5,0,2016-10-11
1634,8,361,1,1,KGID101634,Meghana,1997-05-26,2,7,0,2004-06-07
1635,25,925,4,3,KGID101635,Lila,2001-01-02,1,5,0,1994-10-23
1636,3,111,1,2,KGID101636,Chandran,1985-02-06,2,5,0,2019-08-23
1637,18,716,5,2,KGID101637,Daksha,1974-01-03,2,3,0,2022-10-01
1638,24,895,2,3,KGID101638,Ojas,1993-11-10,2,1,0,2008-06-01
1639,10,407,1,3,KGID101639,Chatura,1981-12-01,1,6,0,2020-11-28
1640,17,649,1,2,KGID101640,Ubika,1991-01-05,1,8,0,2023-06-08
1641,5,233,4,3,KGID101641,Xiti,1995-10-09,2,5,0,2011-04-19
1642,1,8,6,1,KGID101642,Krishna,1971-05-27,2,2,0,2025-02-09
1643,9,385,2,3,KGID101643,Aryan,1980-12-01,1,7,0,2018-02-10
1644,10,430,5,3,KGID101644,Saksham,1973-08-20,1,6,0,2023-11-30
1645,2,34,1,2,KGID101645,Ekiya,1997-07-24,1,8,0,2000-01-30
1646,25,934,2,2,KGID101646,Nihal,1991-01-27,2,7,0,2023-07-06
1647,17,688,1,1,KGID101647,Ishaan,1991-12-24,2,7,0,2006-04-09
1648,7,334,2,2,KGID101648,Frederick,1991-07-26,2,7,0,2017-07-02
1649,5,204,6,1,KGID101649,Yasti,1985-05-13,1,1,0,2015-09-12
1650,22,843,1,3,KGID101650,Lajita,1988-05-13,1,8,0,2009-08-04
1651,2,67,3,2,KGID101651,Gautami,1969-01-17,1,4,0,2025-07-21
1652,21,781,1,2,KGID101652,Mason,1986-10-12,1,6,0,2019-10-07
1653,25,951,2,3,KGID101653,Charan,1973-01-24,2,1,0,2022-02-17
1654,11,459,2,2,KGID101654,Sanaya,1981-10-26,2,5,0,2017-04-07
1655,22,850,3,1,KGID101655,Karan,1977-05-16,2,1,0,2018-12-30
1656,6,315,4,3,KGID101656,Zehaan,2000-03-17,2,6,0,1994-08-30
1657,23,881,1,2,KGID101657,Wishi,1967-12-20,1,7,0,2025-07-21
1658,23,879,1,3,KGID101658,Wakeeta,1986-01-12,2,3,0,2008-08-25
1659,17,652,2,2,KGID101659,Vamakshi,1975-08-23,1,2,0,2023-02-01
1660,5,259,2,3,KGID101660,Abeer,1982-12-24,2,5,0,2018-04-19
1661,7,326,5,1,KGID101661,Sarthak,1975-11-16,1,2,0,2022-11-02
1662,1,24,3,3,KGID101662,Ikshita,1969-03-20,1,1,0,2025-07-21
1663,31,1114,5,1,KGID101663,Chanchal,1968-10-20,2,1,0,2025-07-21
1664,5,268,6,3,KGID101664,Ikbal,1978-10-24,2,3,0,2017-05-05
1665,11,455,1,3,KGID101665,Bhavani,1981-09-24,1,7,0,2015-09-10
1666,3,106,1,1,KGID101666,Peter,1988-05-01,1,2,0,2019-09-10
1667,5,252,1,2,KGID101667,Jagvi,2000-05-29,2,3,0,2017-10-12
1668,28,1013,4,1,KGID101668,Chandani,1999-03-24,2,2,0,1998-05-07
1669,2,45,2,2,KGID101669,Ekansh,1978-07-13,1,4,0,2024-08-18
1670,20,769,4,3,KGID101670,Dhruv,1993-05-05,2,3,0,2021-10-16
1671,1,21,5,3,KGID101671,Anvi,1977-07-05,1,2,1,2018-08-18
1672,18,711,2,3,KGID101672,Shaurya,1978-09-30,1,3,0,2020-04-11
1673,13,522,5,1,KGID101673,Ikbal,1991-03-19,1,1,0,2017-01-06
1674,6,313,1,2,KGID101674,Gagan,1986-12-24,1,4,0,2025-03-14
1675,5,284,1,3,KGID101675,Bhavna,1983-12-31,1,5,0,2021-03-12
1676,10,409,5,2,KGID101676,Aashi,1982-01-27,2,8,0,2023-07-29
1677,28,1016,2,2,KGID101677,Irya,1985-06-01,1,5,0,2025-06-21
1678,14,576,5,1,KGID101678,Watika,1999-01-28,2,3,0,2013-12-24
1679,27,1000,2,2,KGID101679,Waida,1985-03-23,2,5,0,2019-08-30
1680,5,221,3,2,KGID101680,Viraj,1995-01-10,1,6,0,2022-07-12
1681,3,132,2,1,KGID101681,Aarav,1991-08-24,2,7,0,2025-02-04
1682,30,1087,2,1,KGID101682,Jacob,1971-07-29,1,3,0,2024-06-25
1683,23,880,4,2,KGID101683,Oeshi,1992-08-17,1,2,0,2007-04-28
1684,20,762,2,2,KGID101684,Simon,1981-08-18,1,1,0,2017-07-23
1685,1,23,3,1,KGID101685,Baghyawati,1967-12-09,2,6,0,2025-07-21
1686,3,136,2,3,KGID101686,Charita,1976-03-15,1,4,0,2019-01-11
1687,14,570,3,3,KGID101687,Abeer,1984-10-12,1,7,0,2015-05-31
1688,23,892,1,2,KGID101688,Meghana,1971-06-04,1,4,0,2024-03-21
1689,28,1012,2,2,KGID101689,Ayush,1992-03-08,2,2,0,2016-09-20
1690,8,351,3,3,KGID101690,Hamsini,1995-11-05,2,4,0,2004-08-06
1691,15,584,1,3,KGID101691,Urvi,1998-11-29,1,8,0,2010-06-12
1692,22,825,1,3,KGID101692,Vasatika,1994-08-30,1,6,0,2016-09-10
1693,3,143,2,2,KGID101693,Gautami,1972-11-01,2,5,0,2023-12-08
1694,18,709,2,3,KGID101694,Daksh,1983-04-12,2,8,0,2022-12-13
1695,21,806,1,2,KGID101695,Diya,1995-12-13,2,2,0,2007-05-03
1696,5,211,1,1,KGID101696,Garima,1986-06-06,1,3,0,2008-11-14
1697,17,662,4,3,KGID101697,Irya,1994-09-27,2,4,0,2022-10-02
1698,9,392,3,2,KGID101698,Azaan,1969-10-21,1,1,0,2025-07-21
1699,3,89,1,2,KGID101699,Noah,1979-01-31,1,5,0,2019-04-22
1700,20,778,1,1,KGID101700,Jackson,1986-12-20,1,8,0,2015-03-05
1701,17,654,4,3,KGID101701,Divya,1996-12-13,2,8,0,2018-11-04
1702,30,1069,2,3,KGID101702,Gabriel,1991-09-09,2,8,1,2009-07-11
1703,17,660,4,2,KGID101703,Siya,1984-06-14,1,2,0,2014-02-12
1704,16,607,3,2,KGID101704,Chasmum,1995-10-04,1,4,0,2007-06-03
1705,4,154,6,1,KGID101705,Baljiwan,1973-07-03,1,1,0,2023-01-18
1706,26,959,4,1,KGID101706,Sachi,1993-12-31,2,2,0,2023-06-22
1707,30,1081,2,2,KGID101707,Xiti,1984-10-03,2,8,0,2022-07-16
1708,28,1034,1,1,KGID101708,Veda,1972-10-16,1,6,0,2023-07-29
1709,25,927,4,3,KGID101709,Falak,1992-06-16,1,7,0,2014-08-06
1710,14,570,2,3,KGID101710,Zaitra,1972-06-04,2,2,0,2025-03-02
1711,5,220,3,1,KGID101711,Balhaar,1990-07-25,1,8,0,2007-05-04
1712,2,59,2,3,KGID101712,Jack,1983-03-04,2,6,0,2021-07-18
1713,5,173,2,1,KGID101713,Gagan,1967-09-11,1,7,0,2025-07-21
1714,29,1041,1,2,KGID101714,Harshil,1978-11-20,2,6,0,2024-07-21
1715,21,784,3,2,KGID101715,Devika,1985-04-03,1,5,0,2020-02-05
1716,8,362,2,3,KGID101716,Shaurya,1968-04-26,2,7,0,2025-07-21
1717,3,103,3,1,KGID101717,Aradhana,1978-06-19,1,2,0,2018-04-14
1718,2,74,2,1,KGID101718,Jacob,1985-08-26,1,2,0,2021-12-01
1719,22,829,2,1,KGID101719,Ishwar,1976-10-28,1,5,0,2019-08-28
1720,8,351,4,2,KGID101720,Yoshita,1968-01-27,2,5,0,2025-07-21
1721,5,194,1,3,KGID101721,Eiravati,1971-01-13,2,5,0,2024-08-21
1722,11,489,1,3,KGID101722,Bhanumati,1976-10-08,1,3,0,2025-02-26
1723,25,933,1,1,KGID101723,Deepa,1987-01-27,2,7,0,2010-08-20
1724,8,364,6,1,KGID101724,Sachi,1988-05-28,1,1,0,2012-12-27
1725,26,971,2,2,KGID101725,Chandresh,1969-04-11,1,8,0,2025-07-21
1726,2,36,2,2,KGID101726,Pooja,1971-02-26,1,3,0,2023-08-30
1727,5,193,1,3,KGID101727,Sanaya,1980-11-17,2,8,0,2022-04-21
1728,18,719,6,2,KGID101728,Rudra,1988-07-05,2,5,0,2012-06-28
1729,1,28,4,2,KGID101729,Farhan,1991-10-17,2,8,0,2018-04-24
1730,29,1064,3,1,KGID101730,Udyati,2000-08-29,1,7,0,2017-12-24
1731,6,291,2,1,KGID101731,Upadhriti,1986-11-10,1,7,0,2010-02-17
1732,5,183,1,2,KGID101732,Udyati,1970-11-10,1,5,0,2024-11-11
1733,31,1116,4,2,KGID101733,Maanas,1983-07-21,1,5,0,2024-10-25
1734,18,715,4,2,KGID101734,Januja,1996-10-30,2,5,0,2015-03-18
1735,2,85,2,3,KGID101735,Ganga,1980-11-19,2,2,0,2022-04-01
1736,25,932,2,2,KGID101736,Sudiksha,1994-05-16,2,2,0,2022-08-12
1737,28,1022,5,1,KGID101737,Isaiah,1984-02-17,2,3,0,2011-07-15
1738,15,594,3,3,KGID101738,Onkar,1979-07-03,1,5,0,2020-03-01
1739,3,133,4,1,KGID101739,Joshua,1977-02-24,2,1,0,2020-05-04
1740,5,253,1,2,KGID101740,Hredhaan,1984-10-28,1,7,0,2016-08-21
1741,1,2,1,1,KGID101741,Chasmum,1978-08-19,2,5,0,2022-05-25
1742,28,1029,3,3,KGID101742,Odika,1985-09-01,1,2,0,2015-12-19
1743,6,293,6,1,KGID101743,Nathan,1975-08-31,2,2,0,2021-01-05
1744,2,66,2,2,KGID101744,Harini,2000-08-31,1,7,0,2006-06-14
1745,5,201,4,2,KGID101745,Raagini,1974-08-20,2,3,0,2024-01-09
1746,17,661,4,1,KGID101746,Hema,1994-03-22,1,5,0,2011-06-09
1747,10,409,1,1,KGID101747,Faras,1986-01-25,2,8,0,2012-07-26
1748,20,770,4,2,KGID101748,Vidhi,1992-09-10,1,3,0,2018-12-05
1749,17,642,2,3,KGID101749,Eshana,1971-06-10,2,8,0,2024-09-29
1750,26,956,2,2,KGID101750,Patrick,1986-06-05,2,1,0,2022-07-11
1751,2,55,5,2,KGID101751,Ikbal,1978-01-10,1,3,0,2020-03-15
1752,16,620,4,3,KGID101752,Ladli,1990-11-11,2,3,0,2017-01-28
1753,15,601,1,2,KGID101753,Darsh,1978-09-08,1,7,0,2022-05-11
1754,25,948,4,3,KGID101754,Aadi,1970-08-19,2,1,0,2025-05-15
1755,14,554,4,3,KGID101755,Sneha,1993-04-18,1,6,0,2017-05-31
1756,15,596,2,3,KGID101756,Sanya,1985-08-13,2,1,0,2015-10-17
1757,29,1047,3,1,KGID101757,Edhitha,1974-03-16,1,3,0,2023-12-17
1758,28,1015,1,3,KGID101758,Daksha,1977-09-29,1,5,0,2023-11-28
1759,1,14,4,3,KGID101759,Hemangini,1998-10-13,1,2,0,2023-09-19
1760,6,314,3,1,KGID101760,Yashvi,2001-03-23,1,4,0,2012-03-14
1761,26,971,1,3,KGID101761,Chaitaly,1981-04-18,2,7,0,2015-01-31
1762,5,250,1,2,KGID101762,Chatresh,1969-09-04,1,4,0,2025-07-21
1763,31,1120,1,3,KGID101763,Jagrati,1967-08-01,2,2,0,2025-07-21
1764,2,45,1,3,KGID101764,Azaan,1971-04-14,1,3,0,2024-02-13
1765,31,1120,1,2,KGID101765,Meera,1975-07-21,2,5,0,2023-10-07
1766,28,1010,2,2,KGID101766,Nidra,1988-10-23,2,7,0,2020-01-28
1767,5,220,2,2,KGID101767,Oscar,1980-07-11,1,1,0,2020-07-19
1768,5,247,2,1,KGID101768,Leena,1983-09-13,2,1,0,2014-03-10
1769,24,911,1,2,KGID101769,Omisha,1996-03-24,1,8,0,2008-04-12
1770,25,939,1,1,KGID101770,Jeremiah,1972-10-18,2,4,0,2025-07-18
1771,30,1076,2,1,KGID101771,Amol,1972-02-13,1,3,0,2022-10-08
1772,18,695,2,1,KGID101772,Rajeshri,1972-06-13,2,5,0,2025-03-16
1773,3,140,5,3,KGID101773,Laksh,2000-09-14,2,7,0,1998-10-06
1774,8,370,2,3,KGID101774,Tamanna,1989-05-23,2,3,0,2013-11-13
1775,18,713,2,2,KGID101775,Pavani,1997-12-08,1,1,0,2017-01-09
1776,7,326,1,3,KGID101776,Panini,1988-09-29,1,8,0,2015-03-10
1777,26,976,1,1,KGID101777,Isha,1986-04-28,1,2,0,2016-03-15
1778,8,357,3,2,KGID101778,Abhimanyu,1975-03-25,2,2,0,2022-02-06
1779,12,513,1,3,KGID101779,Warjas,1987-03-16,1,8,0,2022-10-17
1780,2,61,5,2,KGID101780,Jeevika,1991-10-07,1,8,0,2009-06-23
1781,10,410,1,2,KGID101781,Vasudha,1968-09-09,2,5,0,2025-07-21
1782,7,332,2,3,KGID101782,Vasatika,1991-07-09,1,2,0,2006-01-16
1783,5,198,1,1,KGID101783,Ati,2000-04-02,1,6,0,1997-01-13
1784,31,1120,4,2,KGID101784,Gaurang,1983-05-13,1,8,0,2012-08-25
1785,10,425,2,2,KGID101785,Faras,1975-11-22,2,6,0,2023-05-03
1786,5,283,4,2,KGID101786,Devika,1990-10-24,2,7,0,2015-11-16
1787,4,161,1,3,KGID101787,Advay,1988-05-25,2,2,0,2023-09-20
1788,11,473,1,3,KGID101788,Upasna,1983-06-30,2,1,0,2018-09-24
1789,15,594,5,2,KGID101789,Ira,1987-01-26,2,6,0,2013-07-09
1790,7,324,5,1,KGID101790,Bimala,2000-03-19,1,5,0,2019-04-19
1791,3,117,2,1,KGID101791,Daksha,1973-04-01,2,5,0,2024-05-01
1792,2,67,1,2,KGID101792,Darsh,1992-04-09,1,6,0,2015-07-09
1793,3,122,1,3,KGID101793,Charan,1988-12-13,2,1,0,2017-07-15
1794,4,150,4,3,KGID101794,Avi,1989-11-13,1,6,1,2011-05-22
1795,22,853,2,3,KGID101795,Yashasvi,1977-04-21,1,8,0,2018-03-19
1796,14,555,3,1,KGID101796,Zayyan,1970-03-02,1,8,0,2025-05-03
1797,18,718,2,2,KGID101797,Aarini,1972-01-22,1,1,0,2023-05-25
1798,2,54,4,1,KGID101798,Owen,1968-01-14,2,1,0,2025-07-21
1799,3,107,2,2,KGID101799,Sanya,1998-07-01,1,7,0,2017-12-25
1800,5,283,1,1,KGID101800,Warinder,1980-02-16,2,6,0,2016-06-25
1801,24,895,5,1,KGID101801,Bachittar,1984-01-16,1,2,0,2022-07-17
1802,11,466,2,3,KGID101802,Maanav,1979-03-18,1,1,0,2016-05-25
1803,12,512,4,1,KGID101803,Warhi,1987-10-21,1,3,0,2022-05-06
1804,15,579,1,2,KGID101804,Leela,1993-02-23,1,5,0,2011-06-19
1805,22,815,2,1,KGID101805,Oliver,1975-08-24,1,2,0,2022-03-12
1806,31,1114,1,3,KGID101806,Hemani,1974-09-21,2,4,0,2024-03-22
1807,16,620,5,3,KGID101807,Jack,1969-05-26,2,4,0,2025-07-21
1808,14,548,1,3,KGID101808,Vamakshi,1969-05-04,1,1,0,2025-07-21
1809,22,842,3,3,KGID101809,Vivaan,1977-10-19,2,5,0,2023-07-10
1810,5,281,4,3,KGID101810,Urvi,1980-06-19,1,5,0,2022-04-25
1811,10,432,1,3,KGID101811,Radhika,1976-06-25,1,1,1,2022-04-07
1812,24,902,3,2,KGID101812,Saumya,1967-12-16,1,1,0,2025-07-21
1813,2,70,1,3,KGID101813,Benjamin,1980-07-17,2,5,0,2018-01-10
1814,5,174,1,3,KGID101814,Irya,1970-11-12,2,8,0,2025-01-30
1815,21,784,2,1,KGID101815,Anjali,2000-01-24,1,4,0,2007-12-09
1816,23,883,2,3,KGID101816,Guneet,1978-12-10,2,1,0,2018-12-15
1817,18,713,5,3,KGID101817,Triya,1976-03-27,2,5,0,2022-08-23
1818,11,444,4,2,KGID101818,Robert,1993-11-03,2,7,0,2019-07-13
1819,3,117,4,3,KGID101819,Pranit,1985-03-26,2,5,0,2020-05-24
1820,30,1096,2,3,KGID101820,Abhiram,1978-03-16,2,3,0,2016-08-24
1821,26,958,3,1,KGID101821,Guneet,1995-10-31,1,1,0,1999-11-12
1822,14,562,1,1,KGID101822,Indali,1985-05-31,2,6,0,2020-07-09
1823,2,80,3,2,KGID101823,Reyansh,1975-01-05,2,5,0,2021-04-02
1824,1,26,1,3,KGID101824,Dakshesh,1968-09-16,2,5,0,2025-07-21
1825,24,909,2,2,KGID101825,Teerth,1999-06-19,1,8,0,2015-04-02
1826,19,735,2,3,KGID101826,Jagdish,1999-11-15,1,7,0,2014-09-11
1827,4,163,1,3,KGID101827,Keya,1970-06-28,2,2,0,2025-02-26
1828,13,529,4,2,KGID101828,Qasim,1989-11-14,2,8,0,2023-07-20
1829,8,358,1,3,KGID101829,Zehaan,1998-01-07,1,4,0,2016-09-22
1830,2,79,1,3,KGID101830,Faqid,1977-07-27,2,6,0,2022-11-01
1831,11,467,1,3,KGID101831,Aradhana,1989-04-10,2,5,0,2024-01-03
1832,19,724,2,1,KGID101832,Ekiya,1993-09-17,1,6,0,2018-03-02
1833,29,1039,2,3,KGID101833,Aradhana,1976-04-20,1,4,0,2024-01-07
1834,20,761,4,3,KGID101834,Gaurangi,1993-12-22,2,2,0,2010-09-28
1835,15,580,1,2,KGID101835,Alka,2001-06-01,2,6,1,2001-10-26
1836,20,768,2,2,KGID101836,Sai,1973-08-08,1,3,0,2021-10-30
1837,15,596,5,3,KGID101837,Vyanjana,1988-04-21,1,2,0,2009-12-11
1838,17,642,2,3,KGID101838,Raagini,1971-03-29,2,4,0,2024-08-19
1839,2,67,3,1,KGID101839,Riya,1974-12-24,2,2,0,2023-10-08
1840,11,460,2,3,KGID101840,Elijah,1991-11-17,2,2,0,2005-10-28
1841,30,1081,4,3,KGID101841,Sanaya,1969-12-12,2,8,0,2025-07-21
1842,9,400,4,2,KGID101842,Aadi,1968-03-11,1,6,0,2025-07-21
1843,19,742,1,2,KGID101843,Amaira,1999-04-10,1,4,0,2015-06-29
1844,22,840,2,2,KGID101844,Mahika,1972-09-15,1,6,0,2023-07-18
1845,11,472,2,2,KGID101845,Vritti,1987-02-03,1,3,0,2016-10-30
1846,12,502,4,2,KGID101846,Ekaraj,1983-10-24,1,5,0,2017-03-17
1847,18,700,1,1,KGID101847,Vasatika,1985-12-01,2,7,0,2009-08-09
1848,6,304,2,3,KGID101848,Jagrati,1971-09-04,1,3,0,2024-08-15
1849,2,32,1,2,KGID101849,Christopher,1978-11-21,2,8,0,2019-04-12
1850,5,259,4,2,KGID101850,Gautam,1989-01-19,1,3,1,2024-09-23
1851,5,272,2,3,KGID101851,Harini,1979-12-23,2,7,0,2024-02-01
1852,22,824,3,1,KGID101852,Bimala,1970-04-16,2,2,0,2025-01-04
1853,17,690,2,3,KGID101853,Balveer,1989-07-30,1,1,0,2009-01-31
1854,19,727,5,2,KGID101854,Chandani,2000-06-13,2,7,0,2015-01-13
1855,26,978,3,3,KGID101855,Jagrati,1991-03-20,1,2,0,2023-04-11
1856,1,16,2,2,KGID101856,Raksha,1984-02-04,2,7,0,2023-10-31
1857,8,362,2,3,KGID101857,Reyansh,1992-07-21,2,2,0,2005-10-09
1858,28,1011,1,3,KGID101858,William,1968-06-01,2,5,0,2025-07-21
1859,17,653,4,1,KGID101859,Darika,1984-03-09,1,4,0,2011-07-02
1860,14,570,2,3,KGID101860,Shivani,1984-07-17,2,2,0,2025-01-10
1861,7,340,1,2,KGID101861,Harinakshi,2000-06-01,2,8,0,1995-01-23
1862,8,347,1,2,KGID101862,Brijesh,1969-06-17,1,4,0,2025-07-21
1863,6,289,1,3,KGID101863,Tara,1981-05-05,1,1,0,2016-02-03
1864,2,82,5,3,KGID101864,Manthan,1999-07-08,1,1,0,2021-08-28
1865,2,53,2,2,KGID101865,Ekbal,1992-10-01,2,8,0,2007-11-30
1866,25,930,1,1,KGID101866,Anirudh,1968-10-21,1,8,0,2025-07-21
1867,28,1011,1,1,KGID101867,Chakradev,1983-07-30,2,2,0,2024-05-27
1868,4,162,3,1,KGID101868,Akshay,1975-10-21,1,6,0,2023-06-12
1869,17,687,1,3,KGID101869,Damyanti,1973-05-30,1,6,0,2021-10-01
1870,2,79,2,3,KGID101870,Onkar,1995-06-17,2,4,0,2002-01-30
1871,2,73,5,3,KGID101871,Hitesh,1995-12-16,1,4,0,2001-03-20
1872,20,771,4,1,KGID101872,Thomas,1971-06-08,1,5,0,2024-09-28
1873,27,993,4,3,KGID101873,Geetika,1969-09-12,2,5,0,2025-07-21
1874,5,182,5,3,KGID101874,Neelima,1995-02-23,1,1,0,2025-02-01
1875,27,1005,2,1,KGID101875,Laksh,1978-07-30,1,1,0,2025-05-02
1876,13,539,3,3,KGID101876,Tanay,1978-06-27,1,6,0,2025-03-26
1877,8,369,4,1,KGID101877,Gautami,1993-07-15,2,8,0,2015-10-15
1878,21,804,2,3,KGID101878,Ojasvi,1969-09-14,2,5,0,2025-07-21
1879,5,231,5,2,KGID101879,Nitesh,1973-04-08,2,8,0,2023-01-12
1880,23,871,1,2,KGID101880,Banjeet,1982-06-20,2,2,0,2024-08-02
1881,22,816,3,2,KGID101881,Krisha,1972-02-02,2,7,0,2024-12-04
1882,2,60,1,3,KGID101882,Vidhi,1993-12-29,1,7,0,2001-12-05
1883,17,662,1,2,KGID101883,Gaurav,1970-04-19,2,7,0,2024-07-23
1884,23,871,2,1,KGID101884,Bhanumati,1991-08-02,2,8,0,2016-08-12
1885,18,696,3,1,KGID101885,Vamakshi,1981-09-15,2,8,0,2023-03-29
1886,7,342,2,3,KGID101886,Anika,1991-02-04,1,6,0,2008-02-02
1887,31,1106,1,3,KGID101887,Owen,1985-05-04,1,7,0,2016-02-22
1888,17,683,5,3,KGID101888,Pranit,1988-04-24,1,1,0,2007-04-09
1889,19,742,2,1,KGID101889,Gaurang,1991-12-09,2,4,0,2017-01-06
1890,7,331,5,2,KGID101890,Ijaya,1988-11-17,2,4,0,2021-06-03
1891,12,510,5,1,KGID101891,Rehaan,1981-10-16,1,2,0,2020-03-30
1892,27,994,1,2,KGID101892,Girish,1971-07-20,2,1,0,2024-08-12
1893,12,507,1,3,KGID101893,Yashica,1988-08-06,1,7,0,2022-12-11
1894,5,269,4,2,KGID101894,Sathvik,1975-01-04,1,2,0,2024-03-04
1895,22,851,1,3,KGID101895,Manthan,1976-12-13,1,2,0,2019-11-29
1896,21,802,1,3,KGID101896,Urvi,1990-11-08,2,6,0,2024-11-21
1897,2,48,1,2,KGID101897,Caleb,1984-06-20,1,2,0,2012-12-13
1898,26,966,2,2,KGID101898,Shaurya,1969-05-22,1,4,0,2025-07-21
1899,14,571,2,3,KGID101899,Sudiksha,1982-05-02,1,7,0,2016-11-24
1900,28,1018,3,2,KGID101900,Patrick,1969-01-09,1,8,0,2025-07-21
1901,2,51,2,1,KGID101901,Yutika,1972-12-04,2,6,0,2022-08-22
1902,5,224,3,2,KGID101902,Sai,1971-07-02,1,2,0,2025-05-05
1903,8,347,1,2,KGID101903,Rushil,1987-09-15,1,2,0,2013-06-02
1904,26,970,2,3,KGID101904,Victor,1992-12-15,1,1,0,2023-03-20
1905,12,517,2,3,KGID101905,Guneet,1994-01-15,2,3,0,2008-09-14
1906,22,833,4,2,KGID101906,Ryan,1975-08-13,1,8,0,2022-01-10
1907,17,642,5,1,KGID101907,Urishilla,1980-04-27,2,8,0,2016-12-24
1908,29,1054,2,3,KGID101908,Rajata,1987-06-13,1,2,0,2008-07-13
1909,4,159,2,1,KGID101909,Suhani,1972-06-25,1,2,0,2025-05-03
1910,24,897,4,1,KGID101910,Tanvi,1973-08-10,1,7,0,2023-01-17
1911,30,1075,2,3,KGID101911,Anamika,1992-01-11,2,7,0,2017-02-01
1912,5,241,2,2,KGID101912,Darpan,1974-06-06,2,6,0,2021-03-10
1913,20,762,2,1,KGID101913,Udyati,1977-02-03,1,5,0,2018-06-10
1914,10,419,4,3,KGID101914,Hemal,1983-02-23,2,5,0,2013-12-13
1915,10,432,5,3,KGID101915,Naksh,1975-01-11,1,3,0,2021-04-28
1916,26,971,1,2,KGID101916,Onkar,1994-05-26,1,3,0,2016-07-02
1917,1,12,1,1,KGID101917,Victor,1987-03-18,1,2,0,2017-07-02
1918,17,678,1,3,KGID101918,Vrinda,1970-06-29,2,3,0,2025-05-29
1919,11,463,1,1,KGID101919,Urvashi,1996-11-13,1,5,0,2004-05-25
1920,23,873,2,2,KGID101920,Priya,1996-01-05,2,7,0,2006-02-02
1921,31,1109,3,1,KGID101921,Falak,1992-08-01,1,3,0,2008-03-23
1922,11,444,1,2,KGID101922,Manthan,1982-04-26,1,3,0,2015-06-11
1923,21,785,1,3,KGID101923,Omisha,1998-08-15,2,8,0,2022-08-08
1924,1,6,4,1,KGID101924,Upma,2000-11-17,1,3,0,1995-10-18
1925,26,974,4,2,KGID101925,Pavani,1992-06-29,1,1,0,2014-02-24
1926,24,901,2,2,KGID101926,Guneet,1985-08-12,2,5,0,2017-03-21
1927,5,241,1,2,KGID101927,Advik,1982-12-08,2,7,0,2015-09-05
1928,19,728,1,3,KGID101928,Tejas,1991-02-14,2,2,0,2012-07-01
1929,11,439,5,3,KGID101929,Gautam,1972-01-25,2,3,0,2023-06-10
1930,24,905,2,2,KGID101930,Neel,1968-02-04,1,7,0,2025-07-21
1931,8,365,1,2,KGID101931,Arjun,1991-06-20,2,6,0,2022-06-05
1932,11,438,3,1,KGID101932,Lakshit,2000-10-02,2,6,0,2008-12-05
1933,1,22,1,2,KGID101933,Kamala,1997-04-11,1,1,0,2008-11-26
1934,17,673,1,2,KGID101934,Aarav,1988-11-12,2,1,0,2019-12-05
1935,2,69,3,3,KGID101935,Gaurangi,1996-10-22,2,7,0,2000-06-18
1936,13,519,1,1,KGID101936,Anamika,1985-08-09,1,8,1,2014-04-19
1937,25,931,2,2,KGID101937,Sarthak,1991-04-16,1,1,0,2017-01-10
1938,6,314,3,1,KGID101938,Gautami,1994-05-03,1,2,0,2002-07-30
1939,5,245,1,3,KGID101939,Januja,1992-07-27,1,6,0,2003-10-25
1940,31,1115,1,1,KGID101940,Jasmit,1997-09-29,1,6,0,2000-08-29
1941,17,649,4,1,KGID101941,Jeevika,1983-05-18,2,1,0,2012-02-15
1942,22,826,2,3,KGID101942,Ekalinga,1973-07-06,1,2,0,2023-10-15
1943,28,1028,1,2,KGID101943,Lakshit,1986-08-15,1,3,0,2021-09-14
1944,14,565,3,3,KGID101944,Ishaan,2000-12-01,2,3,0,2001-12-13
1945,1,7,1,3,KGID101945,Shaurya,1989-08-15,2,2,0,2020-04-19
1946,5,177,2,2,KGID101946,Ekani,1993-02-28,1,2,0,2019-10-25
1947,8,374,3,1,KGID101947,Pallavi,1979-07-19,2,1,0,2018-03-24
1948,1,22,1,2,KGID101948,Hemani,1976-12-22,2,2,0,2018-12-30
1949,12,506,1,3,KGID101949,Jason,1982-12-08,1,3,0,2019-01-26
1950,20,777,3,1,KGID101950,Brinda,1983-07-16,2,3,0,2018-12-31
1951,22,848,1,1,KGID101951,Dominic,1982-12-03,2,4,0,2017-05-03
1952,15,605,1,2,KGID101952,Gagan,1973-12-16,2,2,0,2025-02-01
1953,19,745,1,3,KGID101953,Bhavya,1970-04-12,2,3,0,2025-06-13
1954,21,790,1,3,KGID101954,Nitesh,2000-02-19,1,7,0,1996-12-09
1955,15,592,1,3,KGID101955,Watika,1976-12-07,2,2,0,2023-06-07
1956,10,432,1,2,KGID101956,Arin,1972-09-02,2,1,0,2023-03-02
1957,29,1059,3,1,KGID101957,Kevin,1977-07-09,2,3,0,2025-04-23
1958,17,662,2,2,KGID101958,Ansh,1983-09-01,1,6,0,2017-06-08
1959,19,735,4,1,KGID101959,Vincent,1977-06-19,1,7,0,2018-01-20
1960,17,690,3,1,KGID101960,Gautami,1995-12-11,1,6,0,2013-01-23
1961,26,957,2,1,KGID101961,Eta,1981-07-20,2,8,0,2017-08-31
1962,23,891,3,2,KGID101962,Sai,1984-01-31,1,5,0,2020-07-16
1963,18,692,2,2,KGID101963,Damini,1983-02-15,2,1,1,2019-06-30
1964,11,480,4,3,KGID101964,Veda,1973-05-23,1,7,0,2022-08-04
1965,14,552,5,2,KGID101965,Champak,1980-03-13,1,3,0,2017-09-21
1966,16,616,4,3,KGID101966,Ojas,1972-08-06,1,3,0,2023-05-29
1967,17,683,4,1,KGID101967,Bhavika,1988-08-02,1,5,0,2009-08-10
1968,6,290,4,2,KGID101968,Mitesh,1973-10-01,2,3,0,2022-04-03
1969,6,303,1,1,KGID101969,Edhitha,1973-01-13,2,5,0,2022-01-07
1970,11,484,4,2,KGID101970,Kala,1987-02-02,1,4,0,2015-06-28
1971,20,767,1,1,KGID101971,Bakhshi,1973-10-29,2,2,0,2023-10-20
1972,22,808,3,2,KGID101972,Manbir,1990-03-08,2,8,0,2025-02-02
1973,5,197,2,2,KGID101973,Nicholas,1980-03-26,1,7,0,2020-06-28
1974,15,580,4,3,KGID101974,Aryan,1985-09-12,2,7,0,2011-06-30
1975,18,711,2,3,KGID101975,Maanav,1981-04-23,1,4,0,2019-07-18
1976,8,365,4,2,KGID101976,Nachiket,1999-10-12,2,6,0,2023-05-22
1977,1,4,3,2,KGID101977,Yashica,1967-09-13,1,4,0,2025-07-21
1978,9,385,1,2,KGID101978,Urvi,1978-10-26,2,2,0,2022-11-25
1979,8,369,2,2,KGID101979,Manan,1998-01-07,2,7,0,2024-09-02
1980,27,985,1,2,KGID101980,Riya,1994-09-27,1,3,0,2018-10-07
1981,29,1060,4,2,KGID101981,Varenya,1979-01-26,1,6,0,2016-09-04
1982,5,208,3,2,KGID101982,Jackson,1998-02-28,1,3,0,2000-08-05
1983,29,1039,2,2,KGID101983,Thomas,1978-01-11,1,8,0,2020-03-02
1984,22,823,2,1,KGID101984,Christopher,1982-09-19,2,7,0,2013-10-03
1985,5,238,3,2,KGID101985,Tristan,1988-03-25,2,8,0,2010-04-06
1986,30,1096,6,1,KGID101986,Rohan,1994-02-12,1,7,0,2019-09-24
1987,21,786,4,1,KGID101987,Sanaya,1968-04-27,1,1,0,2025-07-21
1988,13,529,1,3,KGID101988,Yauvani,1990-07-29,2,7,0,2024-08-29
1989,15,577,1,2,KGID101989,Yasti,1980-12-18,2,6,0,2019-12-13
1990,20,757,1,2,KGID101990,Jalsa,1999-08-19,2,1,0,2022-10-21
1991,8,367,1,2,KGID101991,Prisha,1981-01-26,1,8,0,2022-02-22
1992,2,73,2,2,KGID101992,Bhavani,1980-02-14,1,7,0,2018-08-27
1993,5,173,2,1,KGID101993,Sanaya,1979-04-13,1,8,0,2018-08-20
1994,14,563,1,2,KGID101994,Sachi,1997-04-12,1,8,0,2000-01-03
1995,17,669,2,1,KGID101995,Saanvi,1992-10-07,1,7,0,2012-02-11
1996,4,162,1,3,KGID101996,Panini,1977-05-14,2,7,0,2023-12-31
1997,9,377,5,2,KGID101997,Gabriel,1992-04-29,1,7,0,2012-01-30
1998,9,393,2,2,KGID101998,Gautami,1972-06-08,1,1,0,2023-06-19
1999,26,969,1,2,KGID101999,Keya,1969-10-20,2,3,0,2025-07-21
2000,3,94,3,1,KGID102000,Anjali,1970-07-24,2,5,0,2024-12-17
2001,10,425,1,2,KGID102001,Laksh,1981-08-24,1,5,0,2020-03-22
2002,17,652,1,1,KGID102002,Bimala,1974-04-30,1,6,0,2024-09-17
2003,15,590,3,3,KGID102003,Chasmum,1986-05-21,2,7,0,2009-04-09
2004,17,674,2,2,KGID102004,Ubika,1995-12-06,1,6,0,2007-06-15
2005,18,710,4,1,KGID102005,Mitesh,1975-03-10,2,8,0,2024-04-19
2006,8,349,3,2,KGID102006,Urmi,1976-06-26,2,1,0,2025-03-30
2007,4,161,3,3,KGID102007,Bhavna,1971-10-11,2,2,0,2024-11-19
2008,30,1085,2,2,KGID102008,Yash,1981-09-26,2,8,0,2019-06-15
2009,2,61,1,3,KGID102009,Waida,1968-07-09,1,6,0,2025-07-21
2010,22,851,6,1,KGID102010,Janaki,2001-05-12,2,8,1,1995-09-09
2011,20,769,5,1,KGID102011,Aarna,1987-04-24,2,2,0,2017-09-25
2012,11,448,1,1,KGID102012,Jagdish,1988-11-27,2,3,0,2015-08-07
2013,22,822,2,2,KGID102013,Anay,1980-03-29,1,7,0,2022-08-13
2014,14,572,1,2,KGID102014,Dalbir,1996-04-17,1,6,0,2002-12-13
2015,30,1091,2,2,KGID102015,Krishna,1972-07-09,2,8,0,2023-12-08
2016,24,921,1,1,KGID102016,Jalsa,1979-09-15,2,5,0,2016-01-31
2017,17,685,4,3,KGID102017,Ishani,1981-10-25,1,2,0,2024-06-30
2018,22,857,6,2,KGID102018,Faraj,1969-03-17,1,1,0,2025-07-21
2019,5,284,3,3,KGID102019,Qadim,1985-01-09,1,7,0,2021-10-25
2020,17,666,3,1,KGID102020,Oliver,1993-07-21,2,2,0,2015-12-04
2021,2,47,3,3,KGID102021,Charvi,1986-01-15,2,4,0,2023-05-20
2022,7,331,2,3,KGID102022,Janani,1976-10-13,1,3,0,2023-06-10
2023,10,410,1,2,KGID102023,Maanas,1970-10-24,1,1,0,2025-02-17
2024,25,945,2,3,KGID102024,Kashish,1967-12-29,2,4,0,2025-07-21
2025,25,945,2,1,KGID102025,Nicholas,1994-01-13,2,3,0,2010-11-07
2026,4,144,1,1,KGID102026,Timothy,1971-01-13,2,8,0,2023-11-11
2027,4,145,4,2,KGID102027,Ishaan,1995-10-30,1,1,0,2020-03-23
2028,3,123,1,2,KGID102028,Jackson,1981-09-29,1,6,0,2024-07-17
2029,29,1048,3,2,KGID102029,Varsha,1995-05-25,2,2,0,2023-07-24
2030,13,538,4,3,KGID102030,Liam,1979-05-24,1,3,0,2022-06-18
2031,18,696,1,1,KGID102031,Hema,1995-05-02,2,4,0,2022-09-07
2032,17,676,3,1,KGID102032,Jagat,1973-05-29,2,8,0,2022-10-09
2033,13,533,1,3,KGID102033,Lucky,1975-02-11,2,6,0,2024-09-10
2034,13,529,2,3,KGID102034,Shaurya,1990-12-12,1,3,0,2011-01-03
2035,15,591,1,2,KGID102035,Isaac,1971-12-25,2,5,0,2023-09-17
2036,7,325,2,2,KGID102036,Raagini,1970-03-13,2,8,0,2025-04-29
2037,7,317,3,3,KGID102037,Yochana,1968-12-31,1,3,0,2025-07-21
2038,21,787,1,1,KGID102038,Zehaan,1987-09-21,1,4,0,2015-12-30
2039,6,304,2,2,KGID102039,Advaith,1969-01-09,2,7,0,2025-07-21
2040,8,349,6,3,KGID102040,Samesh,1993-03-17,1,6,0,2020-04-30
2041,20,775,4,2,KGID102041,Indali,1987-07-14,1,8,0,2011-02-25
2042,20,778,1,1,KGID102042,Arunima,1968-07-19,2,4,0,2025-07-21
2043,11,460,1,3,KGID102043,Naveen,1999-10-25,1,4,0,2005-12-27
2044,25,941,2,3,KGID102044,Wyatt,1996-08-17,1,4,0,2019-08-20
2045,19,745,3,2,KGID102045,Akshay,1984-09-20,1,6,0,2011-07-31
2046,14,556,2,3,KGID102046,Baghyawati,1985-07-14,1,1,0,2021-01-02
2047,30,1071,1,2,KGID102047,Aayush,1973-05-24,1,4,0,2024-07-26
2048,25,935,1,3,KGID102048,Tanish,2000-08-27,2,5,0,1997-08-12
2049,9,390,3,1,KGID102049,Vaishnavi,1998-11-07,1,5,0,2021-03-28
2050,11,467,1,3,KGID102050,Ria,1980-01-06,2,8,0,2021-01-13
2051,3,105,1,3,KGID102051,Isha,1990-06-15,1,4,0,2006-10-22
2052,24,906,1,1,KGID102052,Yoshita,2000-12-01,1,4,0,2007-09-13
2053,16,615,2,3,KGID102053,Dipta,1975-04-16,2,2,0,2020-03-25
2054,24,907,4,1,KGID102054,Laban,1971-10-04,2,1,0,2023-10-10
2055,22,834,3,2,KGID102055,Bhavya,1984-05-30,1,6,0,2015-12-21
2056,29,1054,1,3,KGID102056,Falak,1986-07-01,2,5,0,2009-03-30
2057,12,510,1,3,KGID102057,Tanmayi,1984-05-04,2,8,0,2016-04-28
2058,8,374,2,2,KGID102058,Sachi,1987-12-20,2,8,0,2013-03-03
2059,3,135,4,3,KGID102059,Priya,1975-03-27,2,2,0,2021-12-30
2060,24,908,1,3,KGID102060,Vamakshi,1973-12-21,1,4,0,2021-10-30
2061,11,475,1,3,KGID102061,Agastya,1999-06-26,2,6,0,2006-07-30
2062,26,967,1,2,KGID102062,Henry,2001-07-06,1,3,0,2009-04-14
2063,9,394,4,1,KGID102063,Frederick,1981-01-11,1,3,0,2019-10-28
2064,29,1058,6,3,KGID102064,Harsh,1971-08-10,2,5,0,2024-05-05
2065,13,539,2,2,KGID102065,Om,1992-10-05,2,3,0,2023-01-29
2066,19,725,4,2,KGID102066,Hamsini,1969-10-02,2,5,0,2025-07-21
2067,21,806,4,1,KGID102067,Netra,1974-05-13,2,1,0,2024-10-09
2068,19,725,3,1,KGID102068,Xalak,1971-09-23,2,5,0,2025-03-24
2069,10,415,1,3,KGID102069,Anjali,1977-01-08,2,5,0,2023-04-05
2070,2,49,1,2,KGID102070,Mugdha,1993-04-08,2,4,0,2020-10-10
2071,28,1031,2,2,KGID102071,Nidhi,1979-08-30,1,2,0,2022-03-21
2072,17,667,3,3,KGID102072,Manan,2001-02-17,2,1,0,2009-12-01
2073,21,799,3,3,KGID102073,Zashil,1993-08-31,2,4,0,2004-02-23
2074,20,769,1,1,KGID102074,Krish,1984-03-11,2,5,0,2014-01-06
2075,24,898,5,1,KGID102075,Ekansh,1968-07-25,2,3,0,2025-07-21
2076,4,152,1,3,KGID102076,Praneel,1984-06-28,2,3,0,2010-12-15
2077,16,613,2,3,KGID102077,Michael,1980-07-24,1,8,0,2022-01-09
2078,31,1120,4,2,KGID102078,Faraj,1977-11-05,2,1,0,2022-07-16
2079,3,140,4,3,KGID102079,Waida,1990-01-11,2,6,0,2015-06-22
2080,24,914,3,1,KGID102080,Widisha,1994-07-04,1,6,0,2005-08-07
2081,25,944,2,1,KGID102081,Hemal,1984-03-22,2,5,0,2014-06-24
2082,2,48,1,3,KGID102082,Andrew,1995-01-28,2,7,0,2013-08-09
2083,27,997,4,3,KGID102083,Qushi,1999-12-11,1,6,0,1996-07-02
2084,24,896,6,3,KGID102084,Shivani,1997-06-24,2,8,0,2000-11-21
2085,17,684,3,3,KGID102085,Tripti,1978-04-01,1,2,1,2019-12-10
2086,5,231,2,3,KGID102086,Chavvi,1968-10-10,1,8,0,2025-07-21
2087,9,391,4,3,KGID102087,Raagini,1997-08-20,2,5,0,2002-02-24
2088,6,312,3,1,KGID102088,Vinaya,1972-02-16,1,6,0,2024-09-12
2089,23,886,4,2,KGID102089,Vritti,1993-07-13,2,1,0,2015-03-17
2090,21,799,1,1,KGID102090,Upma,1989-12-30,2,7,0,2019-04-05
2091,11,457,2,2,KGID102091,Yashawini,1983-09-26,2,4,0,2023-07-07
2092,19,727,4,3,KGID102092,Krishna,1969-06-13,1,4,0,2025-07-21
2093,10,423,1,1,KGID102093,Bhavani,1988-07-12,1,1,0,2013-04-03
2094,31,1107,1,1,KGID102094,Chakradev,1978-06-14,2,6,0,2016-10-21
2095,10,428,1,1,KGID102095,Avi,1971-11-30,2,5,0,2024-04-14
2096,11,445,4,1,KGID102096,Lajita,1993-07-27,1,8,0,2016-07-22
2097,20,769,1,3,KGID102097,Ishanvi,1970-11-11,1,7,0,2024-11-23
2098,24,899,2,1,KGID102098,Yash,1981-07-23,2,2,0,2014-03-25
2099,8,359,2,3,KGID102099,Frado,1975-12-22,1,3,0,2023-06-10
2100,5,247,5,3,KGID102100,Dalaja,1998-07-05,2,6,0,1998-06-14
2101,10,431,6,3,KGID102101,Eshana,1971-06-12,2,8,0,2023-11-22
2102,5,230,5,1,KGID102102,Pahal,1968-10-28,1,7,0,2025-07-21
2103,22,820,5,1,KGID102103,Amara,1986-11-13,2,6,0,2023-11-16
2104,3,134,2,3,KGID102104,Anthony,1968-03-31,2,4,1,2025-07-21
2105,5,173,3,2,KGID102105,Madhavi,2001-01-26,2,1,0,2005-08-22
2106,14,563,3,2,KGID102106,Vrinda,1978-07-08,1,3,0,2017-06-07
2107,8,364,2,1,KGID102107,Gayathri,1970-12-15,1,3,0,2025-03-24
2108,2,80,1,1,KGID102108,Harinakshi,1984-06-10,2,6,0,2022-09-22
2109,7,323,2,1,KGID102109,Rajata,1973-03-21,1,3,0,2022-10-01
2110,5,225,4,1,KGID102110,Faqid,1974-05-31,2,4,0,2023-09-24
2111,20,765,5,2,KGID102111,Bhavna,1996-02-16,2,1,0,2013-01-07
2112,17,680,1,2,KGID102112,Neelima,1976-07-26,1,3,0,2020-08-19
2113,3,96,2,3,KGID102113,George,1994-11-29,1,3,0,2016-03-01
2114,18,715,4,1,KGID102114,Gayathri,1991-12-16,2,2,0,2016-04-09
2115,26,975,2,2,KGID102115,Vaishnavi,1976-11-05,2,3,0,2022-07-08
2116,1,2,1,2,KGID102116,Faraj,1982-01-28,2,3,0,2017-01-25
2117,31,1106,2,3,KGID102117,Charita,1989-09-15,1,8,0,2011-08-03
2118,9,402,1,3,KGID102118,Ryan,1982-04-10,1,3,0,2019-07-28
2119,4,169,3,3,KGID102119,Yutika,1981-08-22,2,5,0,2016-07-26
2120,5,216,1,2,KGID102120,Pranit,1982-12-18,1,5,0,2022-06-23
2121,25,947,3,3,KGID102121,Zaitra,1997-07-03,2,3,0,2015-02-18
2122,20,768,3,3,KGID102122,Tanay,1996-11-19,1,7,0,2014-02-16
2123,10,406,6,1,KGID102123,Unni,1990-01-08,1,1,0,2021-11-08
2124,11,488,1,2,KGID102124,Radha,1976-08-30,1,8,0,2023-01-07
2125,18,705,1,3,KGID102125,Darpan,1999-05-02,2,8,1,2017-05-08
2126,25,929,3,3,KGID102126,Manbir,1985-04-24,2,2,0,2015-05-19
2127,29,1054,5,2,KGID102127,Charita,1975-09-23,1,5,0,2024-01-12
2128,27,999,4,2,KGID102128,Devansh,1996-04-03,1,6,0,2009-08-18
2129,13,539,1,2,KGID102129,Amara,1989-02-08,2,1,0,2022-06-21
2130,5,259,1,2,KGID102130,Aahana,1995-07-24,1,2,0,2016-05-07
2131,16,606,1,2,KGID102131,William,1990-11-28,2,8,0,2009-07-06
2132,4,170,5,3,KGID102132,Yatan,1971-06-01,1,7,0,2023-12-09
2133,29,1047,1,3,KGID102133,Vedika,1994-08-27,1,1,0,2008-04-25
2134,19,725,2,1,KGID102134,Balhaar,1986-08-03,1,6,0,2015-12-19
2135,30,1088,1,1,KGID102135,Ayush,1974-06-03,1,3,0,2021-11-30
2136,11,464,4,3,KGID102136,Patrick,1976-05-04,1,7,0,2024-03-05
2137,14,571,1,2,KGID102137,Vedika,1989-06-17,2,7,0,2006-05-25
2138,22,863,4,2,KGID102138,Fiyaz,1994-02-24,2,3,0,2001-12-08
2139,16,615,1,2,KGID102139,Devansh,1978-03-24,2,4,0,2019-03-27
2140,3,137,1,2,KGID102140,Januja,1998-03-05,1,3,0,2008-05-10
2141,7,329,4,1,KGID102141,Mekhala,1990-05-23,2,3,0,2023-02-25
2142,21,801,2,1,KGID102142,Logan,1999-08-16,2,2,0,2017-04-12
2143,14,566,1,2,KGID102143,Xiti,1975-07-31,1,3,0,2022-12-24
2144,6,292,3,2,KGID102144,Zayan,1999-04-11,1,2,0,2011-03-19
2145,30,1074,1,3,KGID102145,Jason,1984-06-07,2,4,0,2011-11-28
2146,16,612,4,3,KGID102146,Madhavi,1993-11-04,2,3,0,2009-01-28
2147,18,700,4,1,KGID102147,Pallavi,1994-12-14,2,5,0,2019-02-25
2148,26,956,2,1,KGID102148,Tanish,1974-12-19,2,5,0,2021-02-01
2149,5,212,1,3,KGID102149,Aachal,2000-07-13,2,4,0,2008-03-05
2150,28,1013,4,2,KGID102150,Kavya,1996-11-22,2,1,0,2000-01-24
2151,14,574,4,3,KGID102151,Pallavi,1991-05-05,2,5,0,2006-01-14
2152,17,674,2,2,KGID102152,Arunima,1983-09-13,2,2,0,2015-01-01
2153,27,995,1,2,KGID102153,Janani,1997-06-15,1,7,0,2023-10-15
2154,5,213,6,3,KGID102154,Darika,1983-09-17,2,7,0,2016-09-13
2155,21,784,1,1,KGID102155,Bakhshi,1968-04-08,1,2,0,2025-07-21
2156,11,489,2,3,KGID102156,Chatura,1996-03-01,2,7,0,2016-06-07
2157,2,82,1,2,KGID102157,Wriddhish,1991-01-14,2,1,0,2020-11-27
2158,23,885,3,1,KGID102158,Janani,1976-02-26,1,3,0,2021-03-31
2159,17,674,1,2,KGID102159,Warjas,1998-04-06,1,8,0,2016-06-04
2160,13,520,2,3,KGID102160,Maya,1996-09-18,2,6,1,2009-01-15
2161,12,510,1,1,KGID102161,Charvi,1999-02-02,2,8,0,2023-02-02
2162,13,539,4,1,KGID102162,Warinder,1970-08-15,1,6,0,2025-05-17
2163,18,714,4,1,KGID102163,Naveen,1977-08-31,2,2,0,2024-06-05
2164,31,1103,3,1,KGID102164,Niharika,1998-09-11,2,5,0,2014-11-11
2165,5,186,3,2,KGID102165,Faris,1994-05-23,2,3,0,2007-05-28
2166,10,415,1,3,KGID102166,Urishilla,1995-07-18,2,6,0,2024-01-02
2167,24,897,4,1,KGID102167,Gaurangi,1992-08-11,1,6,0,2023-11-11
2168,9,389,2,3,KGID102168,Harish,1991-12-12,2,3,0,2022-11-03
2169,4,156,1,1,KGID102169,Yashawini,1995-08-02,2,5,0,2017-09-17
2170,18,697,2,2,KGID102170,Eta,1969-10-23,1,7,0,2025-07-21
2171,15,602,3,1,KGID102171,Charles,1982-12-19,2,4,0,2012-11-27
2172,2,84,1,1,KGID102172,Sachi,1989-05-12,2,1,0,2009-03-24
2173,11,449,1,1,KGID102173,Nandini,1994-06-13,2,4,0,2003-12-15
2174,16,608,1,1,KGID102174,Fitan,1974-05-10,2,8,0,2022-01-29
2175,9,394,2,3,KGID102175,Kalpit,1971-04-28,2,7,0,2024-01-20
2176,19,746,4,2,KGID102176,Ekaja,1996-05-08,2,6,0,2017-01-25
2177,11,481,1,2,KGID102177,Kiaan,1982-11-27,1,3,0,2023-11-28
2178,12,506,4,3,KGID102178,Falak,1976-06-01,1,2,1,2023-05-14
2179,29,1040,3,3,KGID102179,Oeshi,1994-09-27,2,2,0,2005-07-08
2180,11,467,3,3,KGID102180,Krishna,1980-01-20,1,8,0,2018-11-18
2181,3,109,2,2,KGID102181,Udarsh,1999-09-04,2,7,0,2022-01-30
2182,8,351,1,2,KGID102182,Veer,1968-04-04,1,6,0,2025-07-21
2183,6,303,1,2,KGID102183,Rushil,1998-05-22,1,5,0,2024-10-19
2184,2,57,3,2,KGID102184,Chandran,1976-06-15,2,3,1,2024-07-07
2185,11,441,3,2,KGID102185,Abha,1981-03-10,2,6,0,2018-09-12
2186,29,1041,5,1,KGID102186,Onkar,1972-08-17,2,1,1,2025-06-05
2187,3,109,3,2,KGID102187,Radhika,1999-10-05,1,2,0,1999-01-27
2188,30,1085,2,1,KGID102188,Warda,1993-11-06,1,4,1,2023-10-31
2189,8,368,4,1,KGID102189,Rayaan,1971-08-01,2,2,0,2024-12-23
2190,5,193,5,3,KGID102190,Amaira,1999-09-21,2,7,0,2019-12-15
2191,26,972,1,2,KGID102191,Kalpit,1977-05-06,1,2,0,2021-07-03
2192,8,364,3,2,KGID102192,Tanveer,1982-03-21,2,2,0,2015-03-28
2193,22,823,1,2,KGID102193,Ranbir,2001-05-23,1,6,0,2002-08-11
2194,5,193,2,1,KGID102194,Madhav,1981-10-11,1,1,0,2018-06-15
2195,5,196,1,3,KGID102195,Warinder,1968-07-13,1,1,0,2025-07-21
2196,16,628,1,3,KGID102196,Kala,1988-07-21,2,2,0,2023-10-16
2197,9,387,3,2,KGID102197,Frederick,1987-05-17,1,4,1,2019-03-15
2198,5,199,4,1,KGID102198,Ekiya,1967-11-27,2,3,0,2025-07-21
2199,8,364,2,2,KGID102199,Simon,2000-09-07,1,1,0,2006-11-17
2200,5,247,4,2,KGID102200,Aahana,1991-10-22,2,2,0,2019-02-20
2201,8,370,2,1,KGID102201,Charles,1970-01-14,1,8,0,2025-02-09
2202,7,318,6,2,KGID102202,Irya,1978-11-14,2,7,0,2018-08-31
2203,5,239,3,1,KGID102203,Chakradev,2001-06-11,2,4,0,2023-08-11
2204,12,491,5,2,KGID102204,Lakshmi,1967-09-26,1,7,0,2025-07-21
2205,3,121,5,2,KGID102205,Kamala,1977-11-02,1,2,0,2020-09-16
2206,17,657,5,3,KGID102206,Benjamin,1972-01-19,2,4,0,2025-03-24
2207,5,278,2,1,KGID102207,Yahvi,1987-04-17,2,7,0,2012-03-28
2208,20,773,1,1,KGID102208,Upadhriti,1984-04-23,2,2,0,2015-08-23
2209,27,992,3,2,KGID102209,Rachita,1972-01-15,2,5,0,2023-07-04
2210,3,113,2,1,KGID102210,Chaitanya,1972-05-16,1,2,0,2022-11-26
2211,31,1112,1,2,KGID102211,Avni,2000-10-28,1,1,0,2010-01-11
2212,16,621,2,2,KGID102212,Barkha,1992-12-24,1,7,0,2023-11-09
2213,30,1074,4,3,KGID102213,Aishani,1998-04-01,2,1,0,2004-03-08
2214,5,203,2,1,KGID102214,Nitesh,1985-02-17,1,6,0,2016-07-10
2215,10,417,2,3,KGID102215,Matthew,1978-04-13,1,1,0,2025-07-03
2216,10,422,5,1,KGID102216,Ria,1986-06-12,2,1,0,2024-03-28
2217,17,678,6,2,KGID102217,Victor,1969-05-12,1,6,0,2025-07-21
2218,22,824,1,1,KGID102218,Nihal,1973-10-12,1,5,0,2023-06-08
2219,23,866,3,3,KGID102219,Warda,1991-07-23,2,4,0,2013-02-25
2220,14,559,2,1,KGID102220,Vedhika,1968-12-09,2,7,0,2025-07-21
2221,9,389,4,2,KGID102221,Manbir,1983-02-12,2,1,0,2013-02-16
2222,22,810,1,2,KGID102222,Bhanumati,1971-10-04,1,4,0,2023-09-28
2223,5,235,1,2,KGID102223,Yashoda,1973-09-11,1,3,0,2022-03-23
2224,7,343,5,2,KGID102224,Simon,1995-07-10,2,5,0,2014-03-13
2225,15,584,4,2,KGID102225,Pranit,1987-05-25,1,2,0,2025-01-15
2226,10,414,5,3,KGID102226,Wishi,1981-09-17,2,4,0,2014-06-22
2227,2,74,2,1,KGID102227,Atharv,1990-07-27,1,4,0,2023-03-10
2228,21,795,1,3,KGID102228,Jairaj,1977-03-21,1,4,0,2025-05-27
2229,20,760,2,1,KGID102229,Hitesh,1980-12-15,2,1,0,2021-01-17
2230,28,1032,4,1,KGID102230,Finn,1996-01-05,1,6,0,2002-09-15
2231,2,30,5,2,KGID102231,Varsha,1983-03-15,2,3,0,2021-06-17
2232,10,411,5,1,KGID102232,Abdul,1982-12-28,2,7,0,2024-12-20
2233,15,598,2,1,KGID102233,Sneha,1978-10-03,1,4,0,2016-12-12
2234,24,899,1,2,KGID102234,Kai,1978-08-08,1,4,0,2023-02-19
2235,15,590,2,1,KGID102235,Barkha,1974-09-27,2,1,0,2020-10-17
2236,3,134,2,3,KGID102236,Ekavir,1978-07-17,1,3,0,2017-01-19
2237,17,659,2,1,KGID102237,George,1986-02-27,1,4,0,2018-10-16
2238,1,8,2,2,KGID102238,Mohini,1981-02-11,1,4,0,2015-09-09
2239,2,73,2,1,KGID102239,Nicholas,1970-08-02,1,8,0,2025-05-28
2240,21,791,1,3,KGID102240,Mitesh,1980-10-05,2,8,0,2018-12-24
2241,11,487,3,3,KGID102241,Rachana,1971-08-27,2,6,1,2024-07-14
2242,25,932,2,1,KGID102242,Karan,1992-07-29,2,6,0,2023-10-02
2243,15,588,3,1,KGID102243,Jhalak,1979-10-05,2,5,0,2016-07-06
2244,20,754,3,2,KGID102244,Lipika,1984-12-25,2,3,0,2017-11-24
2245,22,841,3,3,KGID102245,Pallavi,1983-10-02,1,7,0,2019-06-08
2246,19,723,1,2,KGID102246,Jyoti,1970-08-15,2,7,0,2024-12-22
2247,25,927,2,2,KGID102247,Pooja,1988-06-04,2,6,0,2014-10-20
2248,22,817,1,3,KGID102248,Ubika,1970-09-18,1,4,0,2025-01-24
2249,9,392,2,3,KGID102249,Mohammed,1990-07-21,2,8,0,2018-02-25
2250,22,837,2,2,KGID102250,Fiyaz,1999-03-13,1,7,0,2011-05-16
2251,5,223,2,2,KGID102251,Vanya,1977-06-09,2,7,0,2021-01-18
2252,11,445,1,1,KGID102252,Charita,1977-10-07,2,7,0,2025-06-04
2253,24,908,1,1,KGID102253,Chakrika,1996-03-02,2,3,0,2012-09-04
2254,7,320,3,3,KGID102254,Chakradev,1986-11-19,1,3,0,2017-12-02
2255,26,960,1,3,KGID102255,Nitara,1985-01-04,1,8,0,2017-09-21
2256,30,1087,3,1,KGID102256,Zehaan,1970-10-07,1,2,0,2025-03-19
2257,1,18,5,1,KGID102257,Yahvi,1979-08-22,2,2,0,2021-05-29
2258,19,731,1,1,KGID102258,Turvi,1968-02-09,1,5,0,2025-07-21
2259,19,744,3,2,KGID102259,Maya,1973-08-28,2,8,0,2022-04-13
2260,8,359,1,1,KGID102260,Chameli,1969-02-03,1,3,0,2025-07-21
2261,5,243,2,3,KGID102261,Shivani,1978-03-24,2,3,0,2023-01-26
2262,26,962,3,2,KGID102262,Rachit,1988-10-06,1,2,0,2011-08-04
2263,6,301,5,1,KGID102263,Aashi,1974-09-24,1,3,0,2020-12-10
2264,26,969,2,1,KGID102264,Andrew,1997-03-10,1,6,0,2000-07-13
2265,8,373,2,1,KGID102265,Onveer,1967-10-02,2,6,0,2025-07-21
2266,5,175,4,1,KGID102266,Nidhi,1989-11-07,1,3,0,2014-10-03
2267,21,807,5,1,KGID102267,Vidhi,1997-02-03,1,6,0,2024-08-05
2268,4,171,2,2,KGID102268,Jalsa,1977-11-06,1,7,1,2024-01-21
2269,19,748,4,1,KGID102269,Megha,1991-01-14,2,1,0,2024-09-27
2270,7,342,1,1,KGID102270,Krishna,1994-11-29,2,5,0,2002-09-29
2271,23,887,1,2,KGID102271,Amol,1968-01-10,2,2,0,2025-07-21
2272,2,65,1,3,KGID102272,Avi,1991-03-22,1,1,0,2007-09-11
2273,10,409,5,2,KGID102273,Wyatt,1974-09-01,2,1,0,2023-10-18
2274,14,554,3,2,KGID102274,Rayaan,1982-05-16,2,7,0,2020-09-09
2275,18,701,1,2,KGID102275,Manbir,1970-06-25,2,4,0,2025-04-27
2276,13,547,1,2,KGID102276,Ojas,1983-09-02,1,6,0,2011-11-10
2277,5,233,1,1,KGID102277,Sai,1998-03-28,1,4,0,2017-12-23
2278,20,765,1,3,KGID102278,Shivani,2000-04-29,1,2,0,2009-03-03
2279,1,20,3,3,KGID102279,Manya,1987-06-14,2,2,0,2011-03-06
2280,25,944,3,2,KGID102280,Rachana,1969-04-14,1,2,0,2025-07-21
2281,5,285,1,3,KGID102281,Bina,2000-11-09,1,3,0,2020-11-10
2282,5,188,1,3,KGID102282,Yochana,1968-10-23,1,4,0,2025-07-21
2283,4,163,2,3,KGID102283,Vinaya,1987-08-26,1,8,0,2018-07-23
2284,28,1015,3,1,KGID102284,Anirudh,1975-06-10,2,5,0,2019-12-02
2285,3,126,2,3,KGID102285,Devansh,1981-11-25,1,2,0,2017-05-05
2286,10,405,1,3,KGID102286,Urvashi,1976-08-29,1,2,0,2023-02-03
2287,4,156,1,2,KGID102287,Idika,1971-07-13,1,3,0,2024-10-18
2288,16,608,3,3,KGID102288,Neel,1982-10-18,2,4,0,2018-03-23
2289,18,707,3,3,KGID102289,Hemangini,1977-05-06,1,5,0,2019-02-02
2290,7,331,1,1,KGID102290,Harinakshi,1982-06-13,2,6,0,2019-02-25
2291,3,124,3,2,KGID102291,Upadhriti,1998-11-23,1,8,0,2021-04-20
2292,5,181,1,2,KGID102292,Madhavi,1972-01-05,1,5,0,2023-06-08
2293,17,654,2,3,KGID102293,Jagvi,2000-03-09,2,6,0,2020-05-18
2294,27,1002,1,3,KGID102294,Neel,1994-08-14,1,4,0,2020-07-18
2295,3,88,3,2,KGID102295,Gabriel,1988-09-11,2,8,0,2011-12-02
2296,22,826,2,2,KGID102296,Ryan,1990-03-27,2,3,0,2007-04-07
2297,21,790,2,1,KGID102297,Ojasvi,1972-11-13,1,6,0,2024-01-11
2298,6,306,2,1,KGID102298,Wahab,1999-08-14,2,3,0,2010-05-13
2299,9,377,1,1,KGID102299,Andrew,1974-09-03,2,8,0,2020-10-14
2300,17,691,1,2,KGID102300,Nathan,1979-10-02,2,3,0,2018-02-28
2301,14,569,1,2,KGID102301,Yahvi,1973-06-29,2,7,0,2024-12-27
2302,7,328,2,3,KGID102302,Qushi,1968-08-22,1,6,0,2025-07-21
2303,3,138,5,3,KGID102303,Udarsh,1971-06-06,2,5,0,2024-01-03
2304,29,1063,5,1,KGID102304,Isha,1984-02-03,2,8,0,2025-06-16
2305,16,631,3,2,KGID102305,Amara,1993-09-17,2,7,0,2020-01-13
2306,5,266,2,2,KGID102306,Yutika,1998-01-11,2,3,0,2021-04-20
2307,26,970,1,2,KGID102307,Chandresh,1988-02-06,2,7,0,2008-07-13
2308,17,669,3,2,KGID102308,Tanvi,1999-01-22,2,5,0,2008-09-08
2309,17,679,3,1,KGID102309,Hitesh,2000-04-14,2,4,0,2017-12-24
2310,11,486,4,1,KGID102310,Harsh,1994-02-17,2,8,0,2015-10-17
2311,17,642,2,1,KGID102311,Henry,1995-07-23,2,3,0,2000-08-23
2312,4,167,2,2,KGID102312,Samesh,1973-03-26,2,2,0,2022-01-09
2313,9,396,4,2,KGID102313,Brinda,1998-07-12,1,6,0,2001-02-08
2314,3,121,2,1,KGID102314,Wishi,1991-08-19,1,6,0,2020-04-25
2315,27,989,2,2,KGID102315,Januja,1992-06-17,2,8,1,2004-11-02
2316,31,1099,1,3,KGID102316,Saksham,1978-12-06,1,2,0,2017-10-16
2317,3,125,3,1,KGID102317,Abeer,1982-06-26,2,4,0,2017-12-15
2318,23,867,3,1,KGID102318,Harita,1975-11-23,2,5,0,2024-05-28
2319,16,607,1,3,KGID102319,Amaira,1977-04-21,2,2,0,2018-12-03
2320,6,303,2,2,KGID102320,Jalsa,1980-03-20,1,8,0,2022-11-09
2321,5,221,5,2,KGID102321,Oviya,1988-12-15,2,4,0,2011-03-21
2322,25,929,1,3,KGID102322,Pushti,1994-04-27,1,6,0,2004-01-02
2323,5,254,1,2,KGID102323,Tara,1981-08-11,2,6,0,2018-06-19
2324,20,769,2,3,KGID102324,Janaki,1999-12-01,2,6,0,2011-01-14
2325,17,669,3,1,KGID102325,Advaith,1999-08-23,2,6,0,2008-10-30
2326,2,81,4,1,KGID102326,Ekaraj,1991-12-15,1,8,0,2014-12-07
2327,3,140,1,1,KGID102327,Nitesh,1970-06-08,1,4,0,2024-11-12
2328,19,738,6,2,KGID102328,Balhaar,1982-04-24,1,7,0,2017-08-31
2329,3,143,2,3,KGID102329,Dalbir,1989-12-31,1,7,0,2018-05-19
2330,22,811,3,3,KGID102330,Zinal,2000-10-18,1,4,0,2024-12-07
2331,5,237,4,2,KGID102331,Daksha,2000-08-16,1,4,0,2007-07-21
2332,2,50,1,3,KGID102332,Hemangini,1992-02-01,1,8,0,2009-10-08
2333,11,449,4,1,KGID102333,Manan,1967-10-28,1,6,0,2025-07-21
2334,22,811,1,2,KGID102334,Samesh,1991-05-13,2,1,0,2013-05-15
2335,22,850,2,1,KGID102335,Riya,1997-09-24,1,1,0,2015-01-13
2336,27,1007,1,3,KGID102336,Nidhi,1991-04-08,1,6,0,2023-01-30
2337,7,337,2,1,KGID102337,Frado,1993-12-01,1,5,0,2022-09-11
2338,20,767,2,1,KGID102338,Jonathan,1968-10-23,1,5,0,2025-07-21
2339,17,670,4,2,KGID102339,Tanay,1985-04-01,1,5,0,2018-03-16
2340,24,913,3,3,KGID102340,Harini,1970-09-16,2,4,0,2025-02-07
2341,2,86,2,1,KGID102341,Ayaan,1993-04-17,1,4,0,2005-05-24
2342,16,612,4,3,KGID102342,Aarna,1997-10-28,1,5,0,2012-09-02
2343,3,112,3,1,KGID102343,Pahal,1975-10-05,2,4,0,2024-03-13
2344,17,635,1,1,KGID102344,Darpan,2001-02-09,2,4,0,1997-02-01
2345,21,796,3,2,KGID102345,Yashica,1996-03-02,2,3,0,2005-07-26
2346,27,984,2,2,KGID102346,Jeet,1979-08-10,1,2,0,2016-01-12
2347,1,1,4,3,KGID102347,Abdul,1982-10-23,1,1,0,2019-12-29
2348,1,1,1,2,KGID102348,Vivaan,1982-12-17,1,2,0,2025-05-01
2349,11,441,3,2,KGID102349,Logan,1979-06-19,2,2,0,2018-05-26
2350,2,46,1,1,KGID102350,Yug,1991-11-04,1,5,0,2014-12-26
2351,25,936,5,1,KGID102351,Reyansh,1971-02-17,1,1,0,2024-08-02
2352,26,976,1,1,KGID102352,Guneet,1995-07-13,1,4,0,2008-12-11
2353,14,560,1,3,KGID102353,Nisha,1972-07-15,2,2,0,2023-10-31
2354,6,314,1,2,KGID102354,Kalpit,1970-05-04,2,1,0,2024-08-12
2355,23,886,4,2,KGID102355,Kala,1983-09-30,1,1,0,2017-10-19
2356,3,91,3,2,KGID102356,Zilmil,1990-07-26,2,8,0,2013-01-04
2357,14,548,1,2,KGID102357,Wishi,1994-01-13,1,4,0,2022-05-09
2358,1,4,6,1,KGID102358,Vrishti,1989-03-12,2,8,0,2025-06-25
2359,3,97,1,1,KGID102359,Nicholas,1992-06-07,2,8,0,2012-02-22
2360,31,1116,1,3,KGID102360,Tanvi,1972-06-17,2,3,0,2022-12-08
2361,18,711,2,3,KGID102361,Jacob,1971-12-14,2,6,0,2024-12-17
2362,18,712,4,1,KGID102362,Bachittar,1991-03-02,2,7,0,2013-07-28
2363,23,885,1,2,KGID102363,Kala,1992-12-07,1,6,0,2024-04-07
2364,26,956,2,3,KGID102364,Nilima,1998-11-22,1,1,0,1999-12-30
2365,6,298,2,3,KGID102365,Bimala,1971-04-22,1,3,1,2024-04-16
2366,10,422,4,2,KGID102366,Kamya,1968-12-03,1,7,0,2025-07-21
2367,28,1027,2,3,KGID102367,Chaitaly,1977-12-02,1,1,0,2020-07-19
2368,7,338,3,3,KGID102368,Lucky,1984-01-28,2,8,0,2022-06-03
2369,20,765,2,2,KGID102369,Dalaja,1994-03-15,2,4,0,2011-02-05
2370,22,836,3,1,KGID102370,Vrinda,1997-10-13,1,8,0,2003-08-04
2371,9,386,3,3,KGID102371,Ekansh,1967-08-16,1,8,0,2025-07-21
2372,4,148,3,2,KGID102372,Dayita,1997-02-23,1,7,0,2009-03-31
2373,10,429,2,1,KGID102373,Krishna,1986-10-16,1,1,0,2023-11-09
2374,16,606,1,1,KGID102374,Kevin,1983-09-17,1,2,0,2021-08-19
2375,5,244,2,2,KGID102375,Triveni,1993-06-17,2,1,0,2013-09-01
2376,16,615,1,2,KGID102376,Manthan,1993-06-14,1,5,0,2017-07-26
2377,26,980,3,3,KGID102377,Nimrat,1997-01-04,1,8,1,2006-08-29
2378,28,1024,1,1,KGID102378,Harinakshi,1980-09-20,2,8,0,2024-06-15
2379,21,786,4,1,KGID102379,Saanvi,1985-12-12,2,6,0,2024-11-18
2380,27,1005,6,2,KGID102380,Noah,1992-07-29,1,8,0,2017-05-29
2381,5,178,2,3,KGID102381,Dayamai,1991-08-07,1,2,0,2016-02-19
2382,5,193,2,3,KGID102382,Frederick,1986-08-18,2,4,0,2010-08-28
2383,26,962,1,2,KGID102383,Chatresh,1974-02-04,2,4,0,2023-08-24
2384,5,195,1,1,KGID102384,Vamakshi,2000-02-07,1,8,0,2010-09-23
2385,8,372,2,3,KGID102385,Pranit,1984-08-23,2,1,0,2010-11-01
2386,5,241,3,2,KGID102386,Samesh,2000-04-10,1,8,0,2003-01-29
2387,7,334,1,3,KGID102387,Sachi,1975-11-23,2,7,0,2023-10-15
2388,7,318,5,1,KGID102388,Ekani,1970-06-07,1,8,0,2025-01-31
2389,1,12,2,3,KGID102389,Arin,1981-03-19,1,7,0,2014-02-03
2390,9,375,1,3,KGID102390,Arjun,1979-02-10,2,4,0,2017-05-11
2391,5,238,1,1,KGID102391,Aarini,1996-10-12,1,1,0,2007-02-14
2392,20,751,4,2,KGID102392,Om,1970-08-25,1,6,0,2025-07-13
2393,5,218,2,1,KGID102393,Gaurav,1977-04-03,2,7,0,2019-01-05
2394,23,865,1,1,KGID102394,Omkaar,1972-10-18,2,6,0,2025-05-29
2395,29,1039,5,1,KGID102395,Pratyush,1969-07-22,1,1,0,2025-07-21
2396,9,383,3,2,KGID102396,Madhavi,1968-06-23,2,5,0,2025-07-21
2397,9,380,2,1,KGID102397,Ekiya,1970-11-29,1,4,0,2024-09-10
2398,16,616,1,3,KGID102398,Jai,1976-04-28,2,1,0,2025-02-21
2399,29,1045,4,1,KGID102399,Warjas,1969-04-26,2,1,0,2025-07-21
2400,5,281,1,1,KGID102400,Lekha,1984-04-25,2,4,0,2021-11-02
2401,26,973,2,1,KGID102401,Eesha,1999-11-01,1,3,0,2003-08-19
2402,31,1109,4,1,KGID102402,Veda,1983-05-11,1,3,0,2017-04-02
2403,6,298,4,1,KGID102403,Anirudh,1968-07-14,2,2,0,2025-07-21
2404,12,506,3,2,KGID102404,Harrison,1976-09-14,2,4,0,2025-04-18
2405,22,833,1,2,KGID102405,Jeremiah,1975-12-05,1,6,0,2022-11-18
2406,2,57,1,3,KGID102406,Fiyaz,1977-11-28,2,7,0,2020-10-21
2407,11,461,3,1,KGID102407,Lucky,1996-04-29,2,7,0,2012-01-24
2408,7,323,1,3,KGID102408,Yatan,1980-03-31,2,8,0,2025-05-22
2409,23,887,2,2,KGID102409,Siya,1985-10-30,1,2,0,2016-05-01
2410,6,299,4,1,KGID102410,Bimala,1968-12-22,2,5,0,2025-07-21
2411,26,952,3,2,KGID102411,Darpan,1989-10-04,2,6,0,2008-11-24
2412,26,963,2,2,KGID102412,Zashil,1999-04-18,1,8,0,2010-01-07
2413,27,1003,6,3,KGID102413,Indali,1996-02-05,1,5,0,2008-10-25
2414,14,556,4,3,KGID102414,Yashvi,1996-03-13,1,6,0,2004-04-18
2415,17,664,5,3,KGID102415,Ekaraj,1977-02-12,1,6,1,2018-11-04
2416,9,393,4,3,KGID102416,Jason,1977-10-10,2,5,0,2020-09-18
2417,23,869,3,1,KGID102417,Ati,1995-10-16,1,5,0,2018-05-28
2418,19,741,3,3,KGID102418,Yamini,1997-06-01,2,4,0,2003-06-17
2419,29,1066,1,3,KGID102419,Hema,2000-02-09,2,4,0,2004-06-02
2420,17,691,1,3,KGID102420,Sneha,1989-02-24,2,6,0,2025-02-22
2421,27,992,3,3,KGID102421,Ekanta,1976-11-01,2,6,0,2023-03-10
2422,4,148,1,2,KGID102422,Falguni,1979-03-03,2,1,0,2020-02-25
2423,13,522,5,2,KGID102423,Aarnav,1968-02-04,2,7,0,2025-07-21
2424,3,105,6,3,KGID102424,Aditya,1988-04-02,2,2,0,2006-08-20
2425,21,793,1,1,KGID102425,Vrinda,1990-06-05,1,2,0,2013-03-24
2426,3,112,1,1,KGID102426,Faras,1993-06-24,2,2,0,2014-06-20
2427,14,550,1,1,KGID102427,Sai,1985-11-13,2,4,0,2023-11-01
2428,3,123,1,2,KGID102428,Krisha,1990-05-30,2,5,0,2011-12-19
2429,11,473,1,3,KGID102429,Peter,1995-09-09,2,6,0,2008-11-10
2430,6,311,1,3,KGID102430,Abhiram,1996-02-01,2,4,0,2020-06-21
2431,21,785,1,3,KGID102431,Reyansh,1971-10-18,1,3,0,2024-04-17
2432,14,553,4,1,KGID102432,Anmol,1982-09-02,1,4,0,2015-06-07
2433,11,453,1,3,KGID102433,Ishita,1993-05-04,1,3,0,2017-11-20
2434,14,573,1,1,KGID102434,Chavvi,1974-01-24,2,7,0,2024-08-19
2435,21,792,2,1,KGID102435,Wakeeta,1995-01-15,1,2,0,2005-04-21
2436,24,910,2,3,KGID102436,Waida,2000-06-10,2,7,0,1995-09-11
2437,14,557,1,3,KGID102437,Shaurya,1998-04-23,2,7,0,2017-01-20
2438,30,1074,1,1,KGID102438,Meghana,1967-10-18,2,7,0,2025-07-21
2439,10,421,2,3,KGID102439,Xiti,1971-04-29,1,7,0,2024-02-09
2440,22,828,1,2,KGID102440,Parth,1984-05-08,2,7,0,2018-10-30
2441,15,596,4,2,KGID102441,Dhruv,1969-10-10,2,1,0,2025-07-21
2442,12,500,3,1,KGID102442,Vedant,1971-11-20,2,1,0,2025-06-02
2443,18,707,2,1,KGID102443,Anusha,1997-07-05,2,7,0,2017-12-17
2444,23,869,1,2,KGID102444,Zayyan,1974-01-28,2,4,0,2023-12-10
2445,13,533,2,1,KGID102445,Aarnav,1990-09-12,1,4,0,2023-02-05
2446,21,782,2,1,KGID102446,Charles,1999-06-11,1,3,0,2014-10-13
2447,3,103,1,3,KGID102447,Niharika,1996-08-02,2,8,0,2007-04-11
2448,6,291,4,2,KGID102448,Unnati,1976-11-14,1,4,0,2023-04-25
2449,7,342,2,1,KGID102449,Caleb,1984-05-27,1,1,0,2018-04-24
2450,8,361,1,2,KGID102450,Arunima,1997-08-08,2,3,0,2003-11-04
2451,9,401,3,1,KGID102451,Diya,1998-10-12,1,2,0,2011-12-29
2452,8,367,2,2,KGID102452,Finn,1967-09-24,2,3,0,2025-07-21
2453,9,383,1,1,KGID102453,Upkaar,1997-06-23,2,3,0,2020-03-02
2454,29,1052,4,3,KGID102454,Falan,2000-10-22,1,7,0,2007-09-10
2455,3,100,2,1,KGID102455,Forum,1998-09-25,1,6,0,2002-04-06
2456,14,572,2,2,KGID102456,Gunbir,1978-02-13,1,2,0,2022-03-09
2457,7,332,3,1,KGID102457,Arjun,1968-07-02,1,7,0,2025-07-21
2458,15,589,2,2,KGID102458,Gaurika,1987-09-13,2,7,0,2018-10-29
2459,26,956,5,3,KGID102459,Urvashi,1996-02-18,2,7,0,2005-03-24
2460,30,1073,5,1,KGID102460,Chatura,1975-08-29,2,3,0,2021-08-06
2461,10,424,1,2,KGID102461,Warjas,1995-06-28,2,2,0,2013-01-23
2462,22,845,2,2,KGID102462,Reva,1999-08-20,2,1,0,2018-10-28
2463,10,407,4,1,KGID102463,Jeet,1993-07-14,2,3,0,2016-07-24
2464,5,287,3,2,KGID102464,Bahadurjit,1970-06-18,2,4,0,2024-08-12
2465,11,466,5,2,KGID102465,Dhruv,1980-05-20,2,7,0,2024-05-05
2466,26,953,2,1,KGID102466,Riya,1994-03-01,2,3,0,2002-02-07
2467,3,106,1,1,KGID102467,Rachana,1969-06-01,1,5,0,2025-07-21
2468,18,718,2,2,KGID102468,Charles,1969-10-16,2,2,0,2025-07-21
2469,19,727,4,3,KGID102469,Gopal,1977-07-31,2,1,0,2020-08-08
2470,27,982,1,2,KGID102470,Advaith,1988-07-17,1,5,0,2014-05-13
2471,7,340,1,1,KGID102471,Priya,1982-12-20,1,5,0,2018-08-03
2472,29,1044,1,3,KGID102472,Harinakshi,1997-06-21,2,1,0,2014-11-22
2473,17,685,4,2,KGID102473,Atharv,1989-09-07,2,6,0,2019-01-25
2474,3,105,4,3,KGID102474,Reyansh,1982-12-29,1,8,0,2016-10-26
2475,23,888,4,1,KGID102475,Ekansh,1971-03-24,1,3,0,2023-07-30
2476,20,774,1,3,KGID102476,Jonathan,1987-09-18,2,5,0,2022-09-08
2477,9,403,1,2,KGID102477,Oviya,1989-03-23,2,7,0,2010-09-05
2478,3,91,1,1,KGID102478,Quincy,1983-12-03,1,7,0,2020-03-30
2479,22,856,4,1,KGID102479,Darpan,1975-10-27,2,5,1,2024-05-02
2480,10,432,1,1,KGID102480,Yochana,1971-11-23,1,1,0,2024-09-20
2481,27,989,4,1,KGID102481,Deepa,2000-03-09,2,3,0,2017-12-09
2482,28,1011,1,3,KGID102482,Madhav,1987-05-26,2,6,0,2017-04-17
2483,20,763,4,2,KGID102483,Hemal,1972-07-25,2,6,0,2023-06-24
2484,29,1066,3,3,KGID102484,Zarna,1977-06-13,1,4,0,2025-04-25
2485,23,889,2,2,KGID102485,Dakshesh,1987-06-29,2,8,1,2019-10-06
2486,22,829,1,3,KGID102486,Chatura,1975-08-17,2,5,0,2024-06-19
2487,6,304,2,1,KGID102487,Sai,1981-11-26,1,8,0,2015-11-24
2488,5,202,3,3,KGID102488,Ekapad,1989-05-02,2,7,0,2009-07-30
2489,22,859,2,2,KGID102489,Unni,1979-03-02,1,4,0,2022-03-26
2490,27,986,5,3,KGID102490,Gautami,1987-12-12,1,6,0,2013-07-06
2491,3,117,2,2,KGID102491,Nicholas,1988-07-02,1,7,0,2014-07-05
2492,2,63,1,2,KGID102492,Brijesh,1971-02-13,1,5,0,2025-04-21
2493,27,1008,5,2,KGID102493,Udant,1984-05-31,1,7,0,2024-05-08
2494,11,482,1,3,KGID102494,Tanay,1991-02-15,1,6,0,2013-10-25
2495,17,670,2,1,KGID102495,Garima,1975-09-06,1,2,0,2023-12-17
2496,1,18,1,2,KGID102496,Mugdha,1995-01-01,2,2,0,2009-04-29
2497,6,312,6,1,KGID102497,Janani,1973-10-26,2,3,0,2025-07-06
2498,15,597,6,2,KGID102498,Ishwar,1967-11-21,2,2,0,2025-07-21
2499,17,635,1,1,KGID102499,Jagvi,1972-05-24,1,1,0,2023-11-16
2500,9,394,4,2,KGID102500,Rudra,1969-01-17,2,2,0,2025-07-21
