VictimMasterID,CaseMasterID,VictimName,AgeYear,GenderID,VictimPolice
1,1,Owen Nori,55,F,0
2,2,Indrajit Nigam,45,T,0
3,2,Dalaja Shan,35,T,0
4,3,Yash Batra,16,F,0
5,3,Chaitaly Dixit,47,M,0
6,4,Shaurya Bumb,10,F,0
7,4,Dhruv Ganesh,80,T,0
8,5,Nandini Bansal,33,F,0
9,6,Naksh Prasad,59,M,0
10,7,Shravya Sibal,20,T,0
11,7,Nilima Pillai,73,F,0
12,8,Vivaan Lanka,54,F,0
13,8,Jagrati Butala,18,T,0
14,9,Chasmum Maharaj,71,T,0
15,9,Lakshit Lal,19,T,0
16,9,Chandani Manda,22,F,0
17,10,Harini Chada,72,T,0
18,11,Ayushman Prasad,10,F,0
19,11,Kabir Mody,58,M,0
20,12,Liam Dube,29,F,0
21,12,Mahika Raj,75,M,0
22,12,Mahika Bhatt,12,F,0
23,13,Peter Balay,10,M,0
24,13,Avi Grover,36,T,0
25,13,Ekaraj Raju,10,T,0
26,14,Jyoti Vasa,54,F,0
27,15,Vanya Biswas,33,F,0
28,15,Samuel De,30,T,0
29,16,Sanaya Bhatt,41,F,0
30,17,Tanmayi Palan,77,T,0
31,17,Mahika Gill,50,M,0
32,17,Zaid Gola,53,F,0
33,18,Bishakha Bhavsar,22,M,0
34,18,Wakeeta Sabharwal,32,M,0
35,18,Jyoti Bose,52,M,0
36,19,Sarthak Toor,17,M,0
37,19,Turvi Bala,69,T,0
38,20,Ishwar Deshpande,22,M,0
39,20,Ucchal Sundaram,20,T,0
40,20,Ekansh Butala,31,F,0
41,21,Om Brahmbhatt,59,M,0
42,21,Anjali Dube,61,F,0
43,22,Charles Agrawal,73,T,0
44,23,Gavin Babu,8,M,0
45,23,Ayaan Atwal,6,M,0
46,24,Chaitanya Sagar,19,T,0
47,24,Eta Naidu,42,F,0
48,24,Sarthak Rana,38,M,0
49,25,Oscar Aurora,48,M,0
50,25,Diya Arora,51,T,0
51,25,Simon Shanker,71,F,0
52,26,Harsh Yadav,50,M,0
53,26,Zayan Chandran,72,M,0
54,26,Lipika Deol,21,M,0
55,27,Saumya Raja,13,M,0
56,28,Saksham Doshi,28,F,0
57,28,Samarth Barad,29,T,0
58,28,Sachi Narasimhan,7,T,0
59,29,Veer Narula,12,T,0
60,29,Xavier Jha,48,M,0
61,29,Yuvraj Kapadia,42,T,0
62,30,Ekaraj Hans,30,M,0
63,30,Lohit Jayaraman,80,M,0
64,30,Gavin Ghose,30,F,0
65,31,Panini Goda,8,T,0
66,32,Fariq Parsa,49,M,0
67,32,Krishna Ganesh,12,M,0
68,33,Parth Kurian,73,F,0
69,33,Ubika Mohan,10,F,0
70,33,Bhanumati Prashad,7,F,0
71,34,Xiti Prasad,27,M,0
72,35,Nicholas Hari,52,T,0
73,36,Panini Koshy,78,F,0
74,36,Vanya Banerjee,42,T,0
75,36,Ayaan Divan,63,M,0
76,37,Pallavi Gandhi,65,M,0
77,37,Zayyan Mittal,55,T,0
78,37,Darika Sabharwal,20,F,0
79,38,Bhavya Sankar,39,M,0
80,38,Patrick Prasad,75,F,0
81,38,Krish Hora,78,F,0
82,39,Ridhi Chopra,66,M,0
83,40,Devansh Oommen,40,M,0
84,40,Wahab Sridhar,42,T,0
85,40,Harrison Andra,14,T,0
86,41,Pushti Nayar,7,T,0
87,41,Hemal Murty,16,T,0
88,42,Yuvraj Pillay,53,M,0
89,43,Eshana Sawhney,11,M,0
90,43,Vedhika Ratta,62,M,0
91,44,Charvi Sibal,36,M,0
92,44,Sanaya D’Alia,70,M,0
93,44,Wridesh Kohli,74,T,0
94,45,Jatin Deshpande,49,F,0
95,46,Udant Lad,60,T,0
96,47,Deepa Bhatia,62,T,0
97,47,Lipika Sampath,74,T,0
98,48,Madhav Banerjee,71,T,0
99,48,Dayamai Thakkar,30,F,0
100,49,Daniel Nath,74,M,0
101,49,Shivansh Kar,48,F,0
102,50,Mahika Bora,66,M,0
103,50,Barkha Hayer,48,F,0
104,50,Gunbir Deep,26,T,0
105,51,Shaurya Kamdar,41,F,0
106,51,Aditya Pathak,33,M,0
107,51,Manbir Puri,29,F,0
108,52,Charles Dalal,46,F,0
109,53,Chasmum Gera,27,F,0
110,53,Gaurav Sheth,54,T,0
111,54,Fitan Dara,69,F,0
112,54,Yashodhara Kar,62,T,0
113,54,Varsha Mahal,61,F,0
114,55,Meera Yadav,34,M,0
115,55,Devansh Venkataraman,35,M,0
116,55,Sarthak Dalal,19,F,0
117,56,Frado Dash,57,M,0
118,56,Januja Garg,5,M,0
119,56,Aadi Kothari,51,T,0
120,57,Yashvi Kadakia,31,T,0
121,58,Abha Raj,63,T,0
122,59,Reyansh Pradhan,75,M,0
123,59,Oni Dube,35,M,0
124,59,Radha Raghavan,46,T,0
125,60,Anjali Dhingra,28,T,0
126,61,Damini Suri,11,T,0
127,61,Ikshita Manda,29,M,0
128,61,Hardik Bava,9,M,0
129,62,Jonathan Dhar,63,M,0
130,63,Anya Sangha,19,M,0
131,64,Advaith Samra,30,T,0
132,65,Yash Wable,21,M,0
133,65,Saumya Ganguly,80,M,0
134,66,Isaiah Nigam,8,F,0
135,67,Tanay Agate,80,M,0
136,67,Teerth Mody,57,M,0
137,68,Hredhaan Ahluwalia,13,F,0
138,68,Quincy Ratti,61,T,0
139,68,Aditya Chaudhuri,49,F,0
140,69,Upma Rana,6,T,0
141,69,Chandani Patla,17,T,0
142,69,Qabil Yadav,51,F,0
143,70,Radha Ahluwalia,43,M,0
144,70,Rushil Choudhry,56,M,0
145,71,Azad Dyal,37,F,0
146,71,Varenya Lata,55,F,0
147,72,Imaran Chokshi,38,T,0
148,72,Jonathan Dugal,35,T,0
149,72,Xiti Arya,75,M,0
150,73,Michael Vaidya,57,F,0
151,74,Rushil Som,32,F,0
152,75,Kevin Rattan,7,T,0
153,75,Anusha Handa,73,T,0
154,76,Pooja Srinivas,16,M,0
155,76,Yashvi Sane,29,F,0
156,77,Omya Koshy,80,F,0
157,78,Ati Chaudhuri,58,T,0
158,78,Qasim Krishnan,41,T,0
159,78,Januja Natt,53,F,0
160,79,Wazir Majumdar,10,F,0
161,79,Leena Chahal,22,F,0
162,79,Kalpit Dara,55,F,0
163,80,Mitesh Bassi,57,M,0
164,80,Rehaan Sahota,48,M,0
165,80,Idika Pau,36,M,0
166,81,Ranveer Rao,73,T,0
167,81,Yochana Borde,74,T,0
168,81,Raksha Upadhyay,10,T,0
169,82,Nathaniel Kamdar,75,F,0
170,82,Yochana Shah,44,T,0
171,82,Chavvi Kannan,53,T,0
172,83,Charan Kothari,57,T,0
173,84,Chaitaly Nair,46,F,0
174,85,Riya Kannan,55,T,0
175,86,Pratyush Sharaf,69,F,0
176,86,Patrick Gulati,73,T,0
177,87,Harish Vyas,66,F,0
178,87,Advik Chaudhry,34,F,0
179,87,Leena Bail,49,T,0
180,88,Sachi Gade,62,F,0
181,89,Aarav Kapur,54,T,0
182,90,Vyanjana Gara,37,T,0
183,90,Udarsh Chaudry,51,F,0
184,91,Pratyush Sandal,12,F,0
185,91,Charvi Mangat,45,F,0
186,91,Hemang Madan,79,T,0
187,92,Sanya Sridhar,55,M,0
188,93,Ira Nagar,41,M,0
189,94,Waida Walia,7,F,0
190,94,Leena Chacko,56,M,0
191,94,Theodore Chahal,5,F,0
192,95,Chaitaly Sharma,6,F,0
193,95,Oviya Kibe,76,M,0
194,95,Udarsh Bhalla,60,F,0
195,96,Vansha Dugar,77,F,0
196,97,Geetika Sawhney,28,M,0
197,97,Bhavini Choudhry,17,T,0
198,97,Darpan Balay,75,M,0
199,98,Anita Chanda,78,M,0
200,99,Qarin Brahmbhatt,38,T,0
201,100,Ayaan Khatri,14,F,0
202,100,Nicholas Chhabra,80,F,0
203,101,Wridesh Luthra,19,F,0
204,101,Chaitanya Sule,16,T,0
205,102,Divya Raman,24,F,0
206,102,Kai Chatterjee,72,M,0
207,103,Vincent Kale,15,F,0
208,103,Naveen Thaker,55,M,0
209,104,Sathvik Borde,7,M,0
210,104,Widisha Chatterjee,47,F,0
211,104,Luke More,61,T,0
212,105,Aarna Solanki,28,F,0
213,105,Riya Dey,80,F,0
214,105,Vinaya Baral,61,T,0
215,106,Adya Basak,59,M,0
216,107,Girik Palla,12,M,0
217,107,Upadhriti Warrior,74,F,0
218,107,Ikbal Chada,61,F,0
219,108,Ishwar Mallick,53,F,0
220,109,Tanay Bhagat,24,M,0
221,110,Lucky Biswas,26,F,0
222,110,Nidhi Bumb,10,M,0
223,111,Chameli Gala,78,F,0
224,111,Ikshita Saini,5,T,0
225,111,Vaishnavi Wason,51,T,0
226,112,Maanav Naik,75,F,0
227,113,Aarush Seshadri,16,F,0
228,113,Shivani Chatterjee,40,F,0
229,114,Amol Mittal,52,T,0
230,115,Gautami Comar,25,T,0
231,115,Tara Sangha,16,F,0
232,115,Peter Gaba,14,F,0
233,116,Harish Sawhney,54,M,0
234,117,Kavya Kapur,60,M,0
235,118,Oeshi Bali,35,T,0
236,119,Charan Sanghvi,51,T,0
237,120,Ekantika Jani,21,M,0
238,120,Girik Bal,27,F,0
239,121,Chameli Hari,41,M,0
240,122,Lucky Mandal,20,M,0
241,123,Vidhi Bose,23,M,0
242,123,Oni Prashad,61,F,0
243,124,Jairaj Hans,29,M,0
244,124,Arin Vasa,59,M,0
245,125,Vasatika Iyengar,52,T,0
246,125,Ijaya Menon,50,T,0
247,125,Warhi Sarin,32,M,0
248,126,Samesh Sura,70,M,0
249,127,Nimrat Memon,24,M,0
250,128,Elijah Kale,12,F,0
251,128,Kamya Dhillon,55,T,0
252,128,Jason Andra,67,F,0
253,129,Dominic Rajan,45,T,0
254,130,Chandran Tak,75,F,0
255,130,Chakradhar Maharaj,50,M,0
256,131,Warjas Bail,9,T,0
257,131,Andrew Agrawal,71,F,0
258,132,Upma Chandran,19,T,0
259,133,Dhriti Tak,66,M,0
260,133,Maya Misra,11,M,0
261,134,Henry Naidu,45,T,0
262,134,Upkaar Garde,33,F,0
263,135,Falan Lalla,57,T,0
264,135,Ladli Madan,31,F,0
265,136,Avni Nagy,62,F,0
266,136,Upkaar Chanda,33,T,0
267,136,Chaman Butala,39,F,0
268,137,Vinaya Cheema,49,M,0
269,137,Sathvik Wable,41,T,0
270,137,Devika Setty,57,F,0
271,138,Arunima Sampath,47,T,0
272,139,Vamakshi Wali,22,M,0
273,140,Yadavi Sankar,11,M,0
274,140,Chatresh Sastry,16,T,0
275,140,Kala Chaudhari,67,F,0
276,141,Chandresh Kothari,47,F,0
277,142,Dominic Wali,36,T,0
278,142,Anya Kara,12,M,0
279,143,Aarush Chandra,61,T,0
280,144,Gaurika Bail,45,T,0
281,145,Aarav Suresh,11,M,0
282,146,Indali Kurian,54,T,0
283,146,Zehaan Patla,37,M,0
284,147,Manbir Roy,61,M,0
285,147,Lucky Parikh,44,T,0
286,148,Mahika Sahni,68,F,0
287,148,Dayamai Halder,45,M,0
288,149,Wishi Din,24,T,0
289,149,Mason Virk,57,M,0
290,150,Chatresh Suresh,52,T,0
291,151,Anika Dhar,54,T,0
292,151,Rachana Buch,56,F,0
293,151,Theodore Balay,56,T,0
294,152,Liam Iyengar,57,T,0
295,153,Lakshit Vyas,72,M,0
296,154,Unnati Salvi,31,M,0
297,154,Triya Bala,66,F,0
298,154,Oviya Chakrabarti,15,T,0
299,155,Chatura Chad,13,T,0
300,155,Anamika Chhabra,66,F,0
301,155,Gunbir Mannan,7,F,0
302,156,Vedhika Iyer,7,T,0
303,156,Ekalinga Acharya,24,T,0
304,156,Jai Venkatesh,55,F,0
305,157,Qarin Keer,57,F,0
306,157,Reva Dasgupta,80,F,0
307,157,Madhav Bains,13,F,0
308,158,Hredhaan Shetty,26,T,0
309,159,Tara Malhotra,62,F,0
310,160,Yochana Bhatnagar,62,T,0
311,160,Max Pandey,11,T,0
312,161,Netra Bir,49,T,0
313,161,Ayushman Dutt,60,F,0
314,162,Leena Salvi,73,M,0
315,163,Krishna Deol,46,T,0
316,163,Rohan Krishnan,46,M,0
317,163,Raksha Mangal,28,T,0
318,164,Nikita Bora,20,F,0
319,164,Qasim Wable,79,F,0
320,165,Harrison Dalal,6,F,0
321,166,Zarna Tella,31,F,0
322,167,Advika Iyer,57,T,0
323,167,Daniel Dewan,71,F,0
324,167,Forum Bhatia,41,M,0
325,168,Balendra Taneja,73,T,0
326,168,Inaya Sankar,14,M,0
327,168,Chavvi Kari,43,T,0
328,169,Jeremiah Sani,72,T,0
329,170,George Anne,79,M,0
330,170,Nitara Yadav,33,F,0
331,171,Reva Gole,65,F,0
332,171,Caleb Murthy,22,T,0
333,171,Yash Master,45,F,0
334,172,Samesh Talwar,72,F,0
335,172,Thomas Sawhney,31,F,0
336,172,Jeevika Master,56,M,0
337,173,Kashish Dhar,53,F,0
338,174,Leena Mital,9,M,0
339,175,Dalaja Balay,10,F,0
340,175,Atharv Nayar,68,F,0
341,175,Tarak Bala,38,T,0
342,176,Ubika Samra,59,T,0
343,177,Avni Mahal,37,M,0
344,178,Advik Dash,22,M,0
345,178,Ekani Lalla,39,F,0
346,179,Balhaar Parmer,76,F,0
347,179,Tejas Rege,24,T,0
348,179,Fariq Malhotra,54,F,0
349,180,Qarin Toor,47,M,0
350,180,Edhitha Barman,55,F,0
351,180,Darsh Lad,22,M,0
352,181,Warjas Jani,54,F,0
353,182,Gautami Reddy,51,M,0
354,183,Bina Doctor,50,F,0
355,183,Hitesh Kakar,17,M,0
356,183,Yasti Trivedi,21,F,0
357,184,Edhitha Luthra,58,M,0
358,184,Chaaya Kohli,32,F,0
359,184,Xavier Pathak,53,M,0
360,185,Janaki Buch,72,M,0
361,185,Yashasvi Bose,55,T,0
362,185,Veda Karpe,21,M,0
363,186,Nilima Sama,7,T,0
364,187,Ojas Bora,6,T,0
365,187,Yutika Wagle,48,F,0
366,188,Jagat Nayar,38,F,0
367,188,Hritik Bath,69,M,0
368,188,Isha Sen,78,F,0
369,189,Abhimanyu Pingle,7,M,0
370,189,Ladli Nagi,74,M,0
371,190,Zarna Vohra,42,M,0
372,191,Zilmil Mall,15,M,0
373,192,Udarsh Gara,46,M,0
374,192,Aashi Cherian,38,F,0
375,193,Pooja Saxena,28,F,0
376,193,Sudiksha Merchant,62,M,0
377,193,Jagdish Saxena,70,F,0
378,194,Sudiksha Varghese,23,M,0
379,194,Divya Barad,35,F,0
380,195,Upma Doshi,74,T,0
381,196,Zaitra Kala,38,M,0
382,196,Radha Bhavsar,49,M,0
383,197,Wahab Palla,69,F,0
384,198,Manya Parikh,17,T,0
385,198,Chakrika Char,64,T,0
386,198,Isaiah Mani,76,F,0
387,199,Ucchal Nagar,61,F,0
388,200,Amrita Tripathi,65,M,0
389,200,Nilima Bhat,21,M,0
390,200,Advika Nadkarni,80,T,0
391,201,Ojas Wason,79,M,0
392,201,Imaran Narayan,54,T,0
393,202,Veer Mannan,41,M,0
394,203,Balendra Bahri,65,T,0
395,203,Yachana Rao,51,T,0
396,204,Faraj Borah,52,T,0
397,204,Anmol Aurora,68,T,0
398,204,Girish Raman,17,F,0
399,205,Krisha Manne,66,T,0
400,205,Girik Kapadia,34,F,0
401,206,Anay Taneja,62,M,0
402,207,Gaurangi Dhawan,8,F,0
403,207,Girish Gara,71,T,0
404,207,Vrishti Krish,55,T,0
405,208,Geetika Dora,64,F,0
406,208,Ekanta Ray,48,F,0
407,208,Amrita Kadakia,37,M,0
408,209,Zinal Dara,41,F,0
409,210,Radhika Menon,29,F,0
410,210,Ekantika Prabhu,10,F,0
411,211,Urmi Shere,55,F,0
412,211,Ganga Deshmukh,38,M,0
413,211,Urvi Anne,25,F,0
414,212,Ganga Chandra,26,T,0
415,212,Upadhriti Dugar,43,F,0
416,213,Jhalak Rau,43,M,0
417,213,Samaksh Brahmbhatt,9,F,0
418,214,Shaurya Ganguly,31,T,0
419,214,Vincent Kalita,29,M,0
420,214,Manan Dhar,29,M,0
421,215,Xiti Dalal,68,F,0
422,216,Tanish Ganesan,59,F,0
423,217,Rayaan Raja,22,M,0
424,218,Abdul Mukherjee,37,T,0
425,218,Girindra Pillay,46,T,0
426,218,Yadavi Arya,74,M,0
427,219,Urishilla Sha,74,M,0
428,219,Oscar Solanki,46,T,0
429,219,Balvan Pingle,60,T,0
430,220,Edhitha Gara,62,M,0
431,220,Zaitra Atwal,75,F,0
432,221,Sachi Basu,29,M,0
433,221,Rushil Tiwari,13,F,0
434,222,Gautam Gopal,9,F,0
435,222,Quincy Nadkarni,56,F,0
436,223,Arya Dey,16,F,0
437,223,Odika Kara,43,M,0
438,224,Isha Patla,46,F,0
439,224,Shivani Garde,17,T,0
440,225,Advika Balay,77,M,0
441,225,Zansi Grewal,40,T,0
442,225,Logan Sibal,64,M,0
443,226,Vaishnavi Natt,67,T,0
444,226,Harish Grover,57,T,0
445,227,Tanmayi Saran,43,T,0
446,227,Urvashi Kohli,16,T,0
447,228,Nandini Balakrishnan,39,F,0
448,228,Yauvani Ganesan,80,T,0
449,229,Tara Randhawa,32,T,0
450,229,Triveni Acharya,47,T,0
451,230,Warinder Jani,14,T,0
452,230,Gautam Konda,56,T,0
453,230,Kavya Ahluwalia,61,M,0
454,231,Mugdha Narain,38,M,0
455,231,Panini Ramesh,56,T,0
456,231,Idika Suresh,42,M,0
457,232,Yachana Agarwal,5,F,0
458,233,Pranit Sandal,53,T,0
459,234,Udyati Butala,72,F,0
460,234,Harrison Ravel,8,T,0
461,235,Advay Sunder,22,M,0
462,235,Pahal Bhagat,35,T,0
463,235,Pavani Kuruvilla,20,F,0
464,236,Isaac Gola,23,F,0
465,236,Leela Buch,25,T,0
466,236,Abhimanyu Nazareth,52,M,0
467,237,Pavani Nazareth,40,T,0
468,237,Arjun Loke,7,M,0
469,238,Girindra Date,72,F,0
470,239,Eta Pradhan,68,F,0
471,239,Manan Chaudhuri,28,F,0
472,239,Yauvani Brar,60,M,0
473,240,Yoshita Zacharia,34,M,0
474,240,Chandran Prasad,41,T,0
475,241,Mohini Golla,47,T,0
476,242,Turvi Nadkarni,51,M,0
477,242,Timothy Kar,5,F,0
478,242,Ekta Kant,57,F,0
479,243,Advik Oza,67,F,0
480,243,Ekaja Pal,30,T,0
481,244,Bachittar Brar,41,T,0
482,244,Hemani Chacko,5,F,0
483,245,Wahab Prashad,49,T,0
484,245,Kritika Dasgupta,15,T,0
485,246,Nathan Rattan,36,T,0
486,247,Umang Raval,53,F,0
487,248,Nirja Gulati,16,M,0
488,249,Gavin Prabhakar,66,T,0
489,249,Lopa Vaidya,12,T,0
490,250,Chaaya Bhattacharyya,54,M,0
491,251,Turvi Boase,32,T,0
492,252,Abha Yogi,19,T,0
493,253,Yasti Sarraf,76,M,0
494,254,Jeevika Sachar,35,F,0
495,255,Forum Borah,16,F,0
496,255,Vyanjana Konda,68,M,0
497,255,Hema Merchant,45,F,0
498,256,Manbir Vig,63,M,0
499,256,Atharv Kant,78,T,0
500,256,Janani Manne,15,T,0
501,257,Manbir Arora,51,F,0
502,258,Parth Sule,23,M,0
503,258,Akshay Bhattacharyya,22,M,0
504,258,Umang More,28,M,0
505,259,Wishi Sharaf,48,M,0
506,259,Vedant Jain,54,M,0
507,260,Yash Kari,61,M,0
508,261,Darsh Johal,69,M,0
509,261,Yagnesh Sood,59,F,0
510,262,Charita Andra,14,F,0
511,262,Isaac Savant,69,F,0
512,262,Tanmayi Acharya,9,T,0
513,263,Harita Maharaj,7,M,0
514,263,Ria Choudhury,14,M,0
515,264,Rishi Chopra,14,T,0
516,264,Tanay Mohanty,30,T,0
517,264,Ekaja Wali,37,T,0
518,265,Zaitra Som,54,F,0
519,266,Irya Murty,21,F,0
520,266,Darika Sandal,12,F,0
521,266,Omisha Ahluwalia,14,F,0
522,267,Lavanya Nanda,27,M,0
523,268,Madhavi Sur,39,M,0
524,268,Ati Prashad,31,F,0
525,268,Harrison Bhalla,54,T,0
526,269,Matthew Mistry,16,F,0
527,270,Dipta Patel,45,T,0
528,270,Tanish Gour,71,F,0
529,270,Upadhriti Kari,70,F,0
530,271,Logan Dar,61,M,0
531,272,Yauvani Prakash,75,T,0
532,272,Rajeshri Balay,7,F,0
533,273,Yochana Chahal,62,T,0
534,273,Rayaan Bora,46,T,0
535,274,Chaaya Ahuja,38,T,0
536,274,Anirudh Anand,70,F,0
537,274,Ekantika Sane,57,M,0
538,275,Michael Gulati,67,M,0
539,276,Chavvi Gade,62,M,0
540,276,Anika Kaul,67,F,0
541,276,Isha Bala,35,T,0
542,277,Lajita Bawa,14,F,0
543,278,Girik Gill,62,T,0
544,278,Nicholas Kadakia,11,M,0
545,279,Vanya Kumer,79,F,0
546,279,Tanmayi Babu,51,F,0
547,280,Charita Karnik,37,T,0
548,280,Madhavi Sinha,36,T,0
549,280,Anvi Naik,60,F,0
550,281,Logan Singhal,48,M,0
551,282,Zilmil Doshi,21,T,0
552,282,Janya Choudhary,21,T,0
553,282,Ayushman Tank,56,F,0
554,283,Upma Banerjee,27,M,0
555,283,Nikita Batra,22,M,0
556,284,Isaiah Soni,8,T,0
557,284,Ojasvi Yadav,26,M,0
558,285,Gopal Sridhar,28,F,0
559,285,Rohan Dass,61,F,0
560,285,Yutika Dayal,38,M,0
561,286,Turvi Venkatesh,15,F,0
562,286,Karan Narang,66,F,0
563,287,Bahadurjit Khanna,73,F,0
564,288,Tanish Setty,11,F,0
565,288,Ria Dalal,75,T,0
566,289,Vinaya Shan,46,M,0
567,289,Hema Venkataraman,26,F,0
568,289,Dev Pau,17,M,0
569,290,Rajata Butala,8,M,0
570,291,Rushil Pandya,21,M,0
571,291,Champak Walia,43,M,0
572,292,Madhavi Vig,77,M,0
573,292,Vamakshi Sidhu,39,F,0
574,293,Mahika Dutta,30,T,0
575,293,Mahika Hari,54,F,0
576,294,Sachi Dhar,17,F,0
577,294,Falak Apte,73,M,0
578,295,Anita Baria,75,T,0
579,295,Aadhya Chowdhury,7,T,0
580,296,Warda Sankaran,22,T,0
581,296,Dakshesh Cheema,79,T,0
582,297,Timothy Saraf,78,M,0
583,297,Hemang Sura,19,F,0
584,298,Oviya Ramesh,37,T,0
585,299,Atharv Kalita,14,T,0
586,299,Arjun Narasimhan,10,M,0
587,299,Brinda Sachar,42,M,0
588,300,Aradhana Sehgal,46,F,0
589,301,Nandini Pall,14,T,0
590,301,Xalak Chakraborty,32,F,0
591,301,Indira Yohannan,65,T,0
592,302,Indali Nazareth,60,T,0
593,302,Janaki Dutta,28,F,0
594,303,Pranav Rao,54,T,0
595,303,Rushil Chander,41,T,0
596,304,Hemang Memon,40,M,0
597,304,Ekiya Kar,33,M,0
598,305,Yagnesh Bail,23,M,0
599,305,Reva Sachdeva,27,T,0
600,305,Nitara Grewal,24,F,0
601,306,Janya Keer,29,F,0
602,306,Ishanvi Bose,61,M,0
603,307,Ijaya Kapur,47,M,0
604,307,Amruta Bera,43,M,0
605,307,Raksha Tank,47,M,0
606,308,Vansha Divan,79,M,0
607,308,Irya Bhattacharyya,23,M,0
608,308,Zayyan Bala,33,T,0
609,309,Ishita Dar,53,M,0
610,310,Praneel Golla,7,T,0
611,310,Warda Dar,40,M,0
612,310,Gaurav Chandra,66,T,0
613,311,Qarin Lad,63,F,0
614,311,Sai Karan,79,M,0
615,312,Aayush Narain,25,M,0
616,312,Damini Bala,67,F,0
617,313,Kavya Goel,73,F,0
618,313,Peter Tripathi,5,M,0
619,314,Zarna Ganesh,52,F,0
620,314,Widisha Hans,44,M,0
621,314,Geetika Sha,62,T,0
622,315,Raghav Raval,62,F,0
623,316,Brinda Sandhu,47,M,0
624,317,Lopa Mohan,73,T,0
625,317,Bhavna Bhakta,24,M,0
626,317,Raghav Chakraborty,14,M,0
627,318,Charles Saraf,8,F,0
628,318,Yashoda Prabhakar,50,M,0
629,319,Bina Agrawal,44,F,0
630,320,Yatin Kuruvilla,21,T,0
631,321,Odika Purohit,42,F,0
632,322,Ekavir Contractor,24,M,0
633,323,Oliver Kunda,6,F,0
634,323,Bhavani Yadav,37,T,0
635,324,Upasna Srinivas,70,T,0
636,324,Isaac Karnik,9,F,0
637,324,Lipika Gour,37,T,0
638,325,Riya Barman,10,T,0
639,326,Zashil Gill,18,F,0
640,327,Ridhi Boase,35,M,0
641,327,Bhavna Dyal,79,T,0
642,328,Balvan Dhar,60,T,0
643,328,Vivaan Ahuja,76,T,0
644,329,Libni Mandal,26,F,0
645,329,Shivani Khanna,65,F,0
646,329,Zashil Pai,63,T,0
647,330,Bhavini Ghosh,42,F,0
648,330,Aarini Dyal,32,T,0
649,330,Ansh Sankaran,11,F,0
650,331,Lipika Sheth,30,T,0
651,331,Geetika Nanda,28,M,0
652,332,Robert Patla,13,F,0
653,333,Charita Sachar,77,M,0
654,333,Ryan Kalla,37,F,0
655,334,Anjali Dugal,68,T,0
656,334,Rudra Dora,21,F,0
657,334,Edhitha Sidhu,5,M,0
658,335,Frederick Bail,45,F,0
659,336,Dominic Patil,74,T,0
660,336,Sanya Soman,28,T,0
661,337,Nihal Sagar,13,F,0
662,337,Nimrat Dutt,78,F,0
663,337,Avni Krish,63,T,0
664,338,Ridhi Gopal,57,T,0
665,338,Anmol Swamy,50,T,0
666,339,Charita Ramesh,25,F,0
667,339,Indrajit Hegde,56,M,0
668,339,Brinda Chacko,80,M,0
669,340,Zinal Bajwa,64,M,0
670,340,Eiravati Ganesan,60,F,0
671,341,Chasmum Rai,19,F,0
672,342,Vrinda Manda,26,T,0
673,342,Fiyaz Sengupta,7,F,0
674,343,Warjas Chahal,16,T,0
675,343,Aditya Arya,40,F,0
676,343,Ekavir Dugal,55,T,0
677,344,Viraj Kade,75,F,0
678,344,Fariq Ram,25,F,0
679,344,Reyansh Soni,68,M,0
680,345,Jatin Borra,39,F,0
681,345,Rachit Nagy,64,M,0
682,345,Nicholas Rana,6,M,0
683,346,Wakeeta Padmanabhan,28,T,0
684,346,Qushi Buch,17,F,0
685,346,Advik Chakrabarti,31,F,0
686,347,Charita Suresh,75,F,0
687,348,Lekha Saini,74,M,0
688,349,Urmi Doctor,78,M,0
689,349,Geetika Hora,15,T,0
690,350,Hitesh Bhavsar,42,T,0
691,351,Agastya Morar,8,T,0
692,351,Hamsini Mukhopadhyay,41,T,0
693,351,Jairaj Dayal,38,M,0
694,352,Andrew Sekhon,64,T,0
695,352,Omisha Koshy,21,F,0
696,352,Eta Kaur,48,M,0
697,353,Leena Divan,15,F,0
698,353,Finn Wadhwa,30,M,0
699,354,Udant Aggarwal,63,T,0
700,354,Ishani Subramanian,49,F,0
701,355,Raghav Dara,44,M,0
702,355,Darsh Hayer,24,M,0
703,355,Yuvraj Puri,17,M,0
704,356,Farhan Pillay,53,T,0
705,356,Manbir Sekhon,6,F,0
706,356,Naksh Sawhney,70,T,0
707,357,Charles Narain,38,T,0
708,357,Jyoti Dhar,43,F,0
709,357,Keya Bal,38,F,0
710,358,Harsh Virk,51,F,0
711,358,Wahab Chanda,31,F,0
712,359,Waida Rattan,43,M,0
713,360,Nathan D’Alia,76,M,0
714,360,Utkarsh Khatri,5,M,0
715,360,Arjun Ben,40,T,0
716,361,Ekantika Ram,11,F,0
717,361,Anirudh Uppal,23,T,0
718,362,Balendra Joshi,66,F,0
719,362,Vyanjana Amble,79,T,0
720,362,Faris Pillai,62,T,0
721,363,Kavya Vaidya,36,M,0
722,363,Nathaniel Jaggi,57,M,0
723,364,Bhavika Seth,11,M,0
724,364,Sanaya Vala,31,T,0
725,364,Samarth Goyal,6,F,0
726,365,Tanish Mitter,12,M,0
727,365,Ubika Bhagat,65,T,0
728,366,Xalak Rama,39,M,0
729,366,Tanvi Raman,28,F,0
730,367,Aadi Balasubramanian,54,M,0
731,367,Advay Mahal,11,T,0
732,368,Pallavi Pradhan,31,M,0
733,369,Akshay Chowdhury,44,F,0
734,369,Wahab Shah,39,M,0
735,369,Anamika Bajaj,42,T,0
736,370,Parth Arya,44,T,0
737,370,Dev Mand,22,F,0
738,371,Vincent Batta,59,T,0
739,371,Januja Chakrabarti,27,M,0
740,371,Tanmayi Sodhi,77,F,0
741,372,Unni Palan,71,T,0
742,372,Manbir Talwar,34,M,0
743,373,Yashawini Dhillon,39,F,0
744,373,Nathaniel Dewan,6,M,0
745,373,Meghana Bumb,77,F,0
746,374,Maya Kanda,18,F,0
747,374,Nikita Cherian,7,F,0
748,374,Sudiksha Dugal,79,M,0
749,375,Damini Khurana,69,F,0
750,375,Chavvi Kadakia,7,T,0
751,375,Rayaan Bajwa,17,F,0
752,376,Hemal Rama,65,T,0
753,377,Indali Balasubramanian,11,T,0
754,377,Urvashi Rajagopal,54,M,0
755,377,Pahal Panchal,46,T,0
756,378,Ladli Nazareth,59,M,0
757,379,Ekapad Thakkar,57,M,0
758,380,Pooja Choudhary,58,T,0
759,380,Faraj Issac,65,F,0
760,381,Caleb Mittal,55,F,0
761,381,Udant Oak,69,M,0
762,382,Watika Peri,78,T,0
763,383,Bahadurjit Mallick,59,M,0
764,383,Pahal Bhavsar,44,T,0
765,384,Ronith Sehgal,26,T,0
766,384,Adya Sridhar,34,T,0
767,385,Mahika Apte,62,M,0
768,385,Darpan Uppal,32,T,0
769,386,Ekaja Kohli,44,F,0
770,386,Tanay Gulati,66,F,0
771,387,Ekavir Dhingra,75,T,0
772,387,Yashvi Dhillon,46,F,0
773,388,Janaki Kar,10,T,0
774,388,Niharika Bhasin,12,M,0
775,388,Brijesh Nagi,73,M,0
776,389,Widisha Borde,11,M,0
777,390,Chavvi Wason,57,T,0
778,391,Zayan Loyal,15,T,0
779,392,Raghav Dewan,68,T,0
780,392,Ranveer Pathak,21,F,0
781,392,Samarth Shere,29,T,0
782,393,Madhav Kumar,62,F,0
783,393,Zayyan Dash,48,M,0
784,394,Suhani Malhotra,31,F,0
785,395,Vamakshi Sarkar,47,M,0
786,396,Joshua Char,33,M,0
787,396,Samarth Baral,55,F,0
788,396,Advaith Choudhury,6,T,0
789,397,Thomas Garg,73,T,0
790,397,Samar Badal,43,T,0
791,398,Aarush Khare,25,F,0
792,398,Radhika Raju,61,F,0
793,398,Tanay Kata,20,T,0
794,399,Lajita Bajaj,69,M,0
795,399,Samesh Swamy,12,M,0
796,399,Hema Nagy,55,M,0
797,400,Maanas Brahmbhatt,69,M,0
798,400,Om Raval,40,M,0
799,400,Tejas Murthy,31,M,0
800,401,Lopa Pai,11,T,0
801,402,Jeevika Lad,25,F,0
802,403,Chanakya Karnik,17,F,0
803,403,Nathan Chanda,26,F,0
804,404,Quincy Karnik,38,T,0
805,404,Devika Ganesan,31,T,0
806,404,Vincent Chanda,44,M,0
807,405,Turvi Pillay,38,M,0
808,405,Michael Walla,14,T,0
809,406,Chanakya Singh,79,F,0
810,406,Kevin Khurana,67,T,0
811,406,Arya Shere,43,F,0
812,407,Vrishti Rana,76,F,0
813,408,Ethan Pillai,60,T,0
814,408,Jack Sachar,27,T,0
815,408,Keya Mistry,45,F,0
816,409,Radhika Din,67,M,0
817,410,Ubika De,13,T,0
818,410,Charan Korpal,39,T,0
819,411,Libni Sant,13,M,0
820,411,Chaitaly Pant,69,T,0
821,411,Banjeet Srinivas,54,F,0
822,412,Advay Chaudhuri,45,F,0
823,412,Anamika Bhasin,38,T,0
824,413,Charan Varughese,59,T,0
825,413,Raksha Sura,43,M,0
826,414,Leena Majumdar,66,F,0
827,414,Thomas Barman,18,T,0
828,415,Aadhya Kade,43,T,0
829,415,Dominic Gade,47,F,0
830,416,Upasna Kuruvilla,13,T,0
831,416,Eta Vyas,52,T,0
832,416,Zinal Mallick,78,M,0
833,417,Nidhi Behl,34,M,0
834,418,Mugdha Saini,70,T,0
835,418,Chandani Bumb,79,T,0
836,419,Darika Keer,76,F,0
837,419,Vyanjana Randhawa,19,T,0
838,420,Mason Zachariah,19,M,0
839,420,Waida Chanda,43,T,0
840,421,Dayita Narayanan,49,F,0
841,421,Balvan Butala,48,F,0
842,421,Aadi Handa,24,T,0
843,422,Udarsh Mander,52,F,0
844,422,Maya Nigam,10,T,0
845,422,Urvashi Sethi,31,T,0
846,423,Daniel Dalal,40,F,0
847,423,Hritik Sen,7,F,0
848,424,Vasatika Saran,11,M,0
849,424,Jason Mittal,53,F,0
850,425,Rachit Tank,55,M,0
851,425,Mitali Naik,28,M,0
852,425,Kiaan Narain,34,T,0
853,426,Manbir Basak,51,F,0
854,426,Wriddhish Varghese,27,T,0
855,426,Arunima Jain,19,F,0
856,427,Yashasvi Mahal,56,F,0
857,427,Ronith Saran,21,F,0
858,428,Vihaan Murty,11,M,0
859,428,Shivani Lanka,38,F,0
860,429,Faqid Mahal,39,T,0
861,430,Lopa Narasimhan,19,F,0
862,430,Sai Atwal,28,F,0
863,430,Fariq Narasimhan,76,F,0
864,431,Neel Sandhu,68,M,0
865,431,Nihal Pathak,53,F,0
866,431,Bhavya More,65,M,0
867,432,Xiti Warrior,41,M,0
868,433,Nicholas Dhingra,58,T,0
869,433,Naveen Vig,6,M,0
870,434,Hemang Vala,66,F,0
871,434,Simon Ganesh,15,F,0
872,434,Veda Bhavsar,36,T,0
873,435,Benjamin Bansal,23,F,0
874,435,Raghav Aggarwal,69,F,0
875,436,Gopal Verma,32,T,0
876,436,Laban Solanki,80,M,0
877,437,Laksh Kuruvilla,77,T,0
878,437,Michael Mand,52,M,0
879,437,Nisha Borde,63,M,0
880,438,Atharv Mane,11,F,0
881,438,Qasim Chander,24,M,0
882,438,Harish Patil,43,F,0
883,439,Harish Raval,50,F,0
884,439,Devika Salvi,20,F,0
885,440,Nathan Kota,62,F,0
886,440,Gaurika Ganguly,14,F,0
887,440,Hemang Badal,29,T,0
888,441,Raghav Tailor,76,T,0
889,442,Hemangini Deshpande,66,M,0
890,443,Jagdish Kothari,54,F,0
891,443,Banjeet Kashyap,38,T,0
892,444,Isaiah Agate,80,M,0
893,445,Sanya Dhawan,18,F,0
894,445,Jatin Pillay,41,T,0
895,446,Chandran Krishnan,32,M,0
896,446,Rachita Sheth,30,F,0
897,447,Bhanumati Mammen,71,T,0
898,448,Varsha Kannan,74,M,0
899,449,Amrita Prabhakar,73,T,0
900,449,Hardik Magar,55,M,0
901,450,Zayyan Konda,54,M,0
902,451,Oni Om,40,M,0
903,452,Neelima Parikh,54,F,0
904,453,Gayathri Parikh,38,F,0
905,453,Wridesh Walia,79,T,0
906,454,Harshil Sastry,46,M,0
907,455,Warjas Dani,30,M,0
908,455,Zashil Yadav,9,F,0
909,455,Chaitanya Soni,72,M,0
910,456,Harish Chakrabarti,34,T,0
911,457,Orinder Dugar,63,M,0
912,457,Chakradev Gola,18,F,0
913,457,Shaurya Hora,32,T,0
914,458,Mitesh Bhatnagar,9,F,0
915,458,Urvi Radhakrishnan,5,F,0
916,459,Ikbal Saran,35,F,0
917,460,Sai Mallick,58,M,0
918,461,Varenya Rana,64,T,0
919,461,Chatresh Vasa,36,T,0
920,462,Laban Gokhale,80,M,0
921,462,Prisha Swaminathan,57,F,0
922,463,Bachittar Apte,43,T,0
923,463,Arjun Balasubramanian,71,F,0
924,464,Dakshesh Bal,49,T,0
925,464,Ira Munshi,12,T,0
926,465,Yachana Basak,34,T,0
927,465,Ladli Singh,63,T,0
928,466,Krishna Pai,18,M,0
929,467,Ekanta Pingle,59,F,0
930,468,Triveni Pant,19,T,0
931,468,Qasim Dass,43,T,0
932,468,Darsh Loyal,73,F,0
933,469,Urvi Tara,8,T,0
934,469,Zaitra Hari,19,F,0
935,469,Raghav Wadhwa,55,M,0
936,470,Mugdha Merchant,47,T,0
937,470,Damyanti Reddy,8,M,0
938,471,Turvi Baria,47,F,0
939,471,Bishakha Ramakrishnan,25,T,0
940,471,Isha Prakash,36,T,0
941,472,Arin Chad,47,M,0
942,473,Anya Narula,47,T,0
943,473,Udyati Bhatia,42,T,0
944,474,Divya Das,18,F,0
945,475,Rushil Khosla,78,T,0
946,475,Rudra Tailor,66,T,0
947,475,Krish Ravel,21,F,0
948,476,Yashasvi Taneja,36,M,0
949,476,Lopa Chandran,77,M,0
950,476,Xiti Ray,5,F,0
951,477,Joshua Viswanathan,38,M,0
952,477,Yash Purohit,48,T,0
953,477,Urmi Tank,70,M,0
954,478,Ekavir Dasgupta,17,T,0
955,478,Ikbal Zacharia,64,F,0
956,479,Wriddhish Seth,47,M,0
957,479,Gautami Nazareth,41,T,0
958,480,Megha Sangha,55,M,0
959,480,Chakradhar Venkataraman,25,M,0
960,481,Jalsa Ramakrishnan,42,F,0
961,481,Gaurang Bala,58,T,0
962,482,Qushi Upadhyay,36,F,0
963,482,Rajata Chopra,77,F,0
964,482,Vedhika Samra,23,F,0
965,483,Wyatt Modi,79,M,0
966,484,Jeet Bera,10,M,0
967,484,Kamala Seth,76,M,0
968,485,Aadhya Gandhi,75,M,0
969,485,Osha Prashad,42,F,0
970,485,Tanmayi Chakraborty,58,T,0
971,486,Hritik Goyal,39,F,0
972,486,Chaitaly Dhaliwal,45,F,0
973,486,Netra Bhakta,64,F,0
974,487,Omisha Balasubramanian,5,F,0
975,488,Zinal Devi,56,M,0
976,489,Radha Om,12,F,0
977,489,Manan Ravi,41,M,0
978,489,Manan Saraf,41,M,0
979,490,Pooja Chaudhari,11,M,0
980,490,Ranveer Wadhwa,49,T,0
981,491,Ayushman Gala,49,M,0
982,492,Gaurika Bal,53,M,0
983,492,Dominic Prashad,72,F,0
984,492,Arya Buch,48,F,0
985,493,Rohan Savant,8,T,0
986,493,Maanas Bedi,78,T,0
987,494,Kalpit Devan,31,M,0
988,494,Anirudh Chanda,63,T,0
989,494,Urvi Rajagopalan,30,T,0
990,495,Gaurav Deo,44,F,0
991,495,Ishita Garg,5,F,0
992,496,Harsh Brar,74,T,0
993,496,Aadi Raghavan,64,F,0
994,496,Theodore Sami,47,F,0
995,497,Chaman Mohanty,24,F,0
996,498,Bhavani Bera,21,F,0
997,499,Rachit Borde,67,T,0
998,499,Neel Chanda,11,F,0
999,499,Qabil Chaudry,58,M,0
1000,500,Ishwar Varma,73,T,0
1001,501,Neha Dani,66,T,0
1002,501,Vanya Bhat,54,M,0
1003,501,Watika Keer,59,T,0
1004,502,Falak Dutta,27,M,0
1005,502,Maya Pau,21,F,0
1006,503,Amrita Keer,33,T,0
1007,503,Bhavya Babu,62,F,0
1008,503,Jonathan Barad,9,F,0
1009,504,Kalpit Misra,60,F,0
1010,504,Yauvani Bhatti,34,M,0
1011,504,Bhanumati Palan,28,T,0
1012,505,Sara Ramakrishnan,67,F,0
1013,506,Lajita Brahmbhatt,74,T,0
1014,507,Yashasvi Tank,79,T,0
1015,507,Kai Nagarajan,42,F,0
1016,508,Tanmayi Barad,13,T,0
1017,509,Maya Sharma,41,F,0
1018,509,Rohan Dey,6,T,0
1019,509,Chaitaly Grewal,27,T,0
1020,510,Nitesh Lad,43,F,0
1021,510,Falak Grover,6,M,0
1022,511,Netra Kant,8,M,0
1023,512,Mahika Pingle,25,M,0
1024,512,Atharv Suri,19,T,0
1025,513,Advika Kapur,32,T,0
1026,513,Rishi Mohan,75,T,0
1027,513,Yauvani Borde,16,T,0
1028,514,Warinder Luthra,71,F,0
1029,514,Gabriel Patla,55,F,0
1030,515,Hritik Narain,61,M,0
1031,515,Samaksh Chhabra,29,T,0
1032,515,Oscar Pau,53,M,0
1033,516,Edhitha Bath,68,M,0
1034,516,Amaira Doctor,40,T,0
1035,516,Bhanumati Chahal,11,T,0
1036,517,Yoshita Vyas,19,T,0
1037,518,Lakshit Tailor,55,M,0
1038,519,Gaurangi Bal,14,M,0
1039,519,Abeer Baral,71,T,0
1040,520,Eshana Nadig,42,T,0
1041,521,Bhavani Venkatesh,34,T,0
1042,521,Libni Swaminathan,52,T,0
1043,521,Xalak Kapadia,12,T,0
1044,522,Ekaraj Vora,78,F,0
1045,522,Oscar Cherian,20,F,0
1046,522,Ranveer Bhatnagar,28,T,0
1047,523,Adweta Suri,44,F,0
1048,523,Samar Sheth,79,T,0
1049,524,Ekani Lad,14,T,0
1050,524,Amaira Sule,35,M,0
1051,525,Chatresh Gopal,58,F,0
1052,526,Tanish Sabharwal,69,M,0
1053,526,Harrison Sane,12,T,0
1054,526,Faqid Mitter,63,F,0
1055,527,Vrinda Sheth,66,T,0
1056,527,Theodore Edwin,79,M,0
1057,528,Ekaraj Edwin,12,T,0
1058,528,Garima Koshy,70,T,0
1059,528,Widisha Chowdhury,58,T,0
1060,529,Baljiwan Basu,59,F,0
1061,530,Anay Mall,6,T,0
1062,531,Ekalinga Palan,57,T,0
1063,531,Shivansh Chander,31,M,0
1064,532,Yasti Hans,31,F,0
1065,533,Xalak Chander,33,F,0
1066,533,Maanav Rao,17,T,0
1067,534,Gaurav D’Alia,62,M,0
1068,534,Lavanya Rau,59,T,0
1069,534,Kai Golla,72,F,0
1070,535,Balhaar Memon,6,F,0
1071,535,Raagini Rai,60,F,0
1072,536,Logan Nazareth,37,T,0
1073,537,Aarav Kala,28,M,0
1074,538,Rayaan Samra,43,F,0
1075,538,Eta Zacharia,76,T,0
1076,539,Lohit Subramaniam,78,F,0
1077,539,Pahal Dasgupta,37,F,0
1078,540,Frederick Sankar,32,T,0
1079,540,Anthony Sachar,10,F,0
1080,540,Kalpit Date,25,T,0
1081,541,Anay Patil,71,T,0
1082,542,Kamala Savant,19,F,0
1083,543,Varsha Cherian,45,F,0
1084,543,Zayan Shenoy,5,M,0
1085,543,Aarnav Choudhry,26,T,0
1086,544,Gautam Suresh,17,T,0
1087,544,Pallavi Varty,80,M,0
1088,544,Agastya Varughese,78,F,0
1089,545,Yatin Bhagat,22,M,0
1090,546,Ishaan Hegde,19,M,0
1091,547,Gauri Issac,69,T,0
1092,547,Neha Dugar,18,M,0
1093,547,Aachal Sarkar,79,T,0
1094,548,Harish Mukhopadhyay,40,T,0
1095,548,Aryan Bir,50,M,0
1096,549,Dominic Nadig,73,F,0
1097,549,Brijesh Kumer,63,F,0
1098,549,Chameli Taneja,54,T,0
1099,550,Jai Sachdeva,62,F,0
1100,550,Brinda Chaudry,15,M,0
1101,550,Lavanya Chaudhary,54,F,0
1102,551,Owen Naidu,23,F,0
1103,552,Raagini Dewan,30,M,0
1104,552,Tanish Sibal,29,T,0
1105,553,Christopher Dutt,14,F,0
1106,553,Aashi Chandran,8,T,0
1107,553,Wahab Pingle,67,T,0
1108,554,Mohini Lad,49,F,0
1109,554,Lakshit Dyal,71,T,0
1110,555,Ekaja Solanki,36,F,0
1111,556,Noah Sampath,32,T,0
1112,556,Ubika Ramanathan,54,T,0
1113,556,Chandresh Loke,51,T,0
1114,557,Chaitanya Talwar,39,M,0
1115,557,Peter Sura,32,M,0
1116,558,Alka Sanghvi,37,M,0
1117,558,Amaira Sethi,63,F,0
1118,559,Nathaniel Parekh,63,M,0
1119,560,Yachana Kari,59,F,0
1120,561,Anthony Bhatnagar,76,M,0
1121,561,Charita Borah,19,T,0
1122,561,Isaiah Kothari,44,F,0
1123,562,Caleb Kumar,36,F,0
1124,563,Warhi Dhillon,74,F,0
1125,563,Jeet Chatterjee,27,F,0
1126,563,Eesha Balay,67,M,0
1127,564,Zaitra Date,54,F,0
1128,565,Meera Puri,39,F,0
1129,566,Indrajit Dash,65,M,0
1130,566,Pranit Bhardwaj,49,T,0
1131,566,Jalsa Koshy,53,F,0
1132,567,Dipta Kothari,35,F,0
1133,567,Jeremiah Chaudhry,61,F,0
1134,568,Praneel Batta,34,T,0
1135,568,Krisha Prashad,32,M,0
1136,569,Pallavi Patla,23,F,0
1137,570,Kala Kuruvilla,78,F,0
1138,571,Chatura Chopra,30,M,0
1139,571,Gaurika Palan,7,F,0
1140,571,Chatresh Andra,16,F,0
1141,572,Nandini Desai,28,M,0
1142,573,Abeer Yadav,59,F,0
1143,574,Rohan Buch,21,F,0
1144,574,Ishita Sawhney,28,T,0
1145,575,Pavani Borra,76,T,0
1146,575,Indrajit Gala,78,F,0
1147,575,Samar Wadhwa,80,M,0
1148,576,Libni Walia,30,M,0
1149,576,Triya Palla,7,T,0
1150,577,Zehaan Pathak,73,M,0
1151,578,Bhavika Sibal,67,T,0
1152,578,Madhav Hegde,62,M,0
1153,579,Raksha Rao,64,T,0
1154,579,Xavier Memon,58,T,0
1155,579,Vrishti Gara,72,T,0
1156,580,Irya Arora,8,T,0
1157,580,Ekalinga Ram,78,M,0
1158,580,Benjamin Kumer,37,F,0
1159,581,Meghana Sastry,32,T,0
1160,582,Janaki Bhatti,8,M,0
1161,582,Teerth Seshadri,62,F,0
1162,583,Vasana Deol,28,M,0
1163,583,Henry Mahal,59,T,0
1164,584,Amrita Deo,34,M,0
1165,584,Upkaar Sengupta,55,T,0
1166,584,Warinder Khanna,54,M,0
1167,585,Simon Ganesh,11,M,0
1168,585,Jairaj Basu,29,T,0
1169,586,Triya Saraf,36,T,0
1170,586,Ishwar Bath,39,M,0
1171,587,Chakrika Gulati,35,F,0
1172,587,Leela Chander,46,T,0
1173,588,Yashvi Batta,56,F,0
1174,588,Anya Sama,23,M,0
1175,589,Qabil Aggarwal,54,T,0
1176,590,Anmol Batra,69,F,0
1177,590,Rachita Ramakrishnan,76,T,0
1178,591,Chandani Chadha,27,M,0
1179,591,Umang Manda,12,F,0
1180,592,Jhalak Hayer,45,T,0
1181,593,Rachita Venkatesh,51,M,0
1182,594,Janani Setty,44,M,0
1183,595,Farhan Ahluwalia,49,F,0
1184,595,Liam Bora,10,M,0
1185,596,Lakshit Sura,59,T,0
1186,597,George Rau,52,F,0
1187,597,Rajata Lata,72,F,0
1188,597,Nicholas Dhaliwal,79,T,0
1189,598,Kashish Sunder,17,M,0
1190,598,Eiravati Saran,33,M,0
1191,599,Nimrat Maharaj,39,F,0
1192,599,Tripti Garg,12,M,0
1193,599,Laban Mallick,28,F,0
1194,600,Zinal Varughese,49,T,0
1195,600,Naveen Lala,51,T,0
1196,600,Wridesh Chana,15,F,0
1197,601,Daniel Chand,68,F,0
1198,601,Kamya Agarwal,52,M,0
1199,601,Ubika Chopra,78,F,0
1200,602,Qushi Murthy,64,M,0
1201,602,Aayush Sule,11,M,0
1202,602,Gabriel Thaman,22,F,0
1203,603,Odika Chakrabarti,26,M,0
1204,603,Urvi Jain,9,F,0
1205,603,Fitan Kala,20,M,0
1206,604,Tanay Parsa,35,F,0
1207,604,Aahana Viswanathan,47,T,0
1208,604,Geetika Doshi,75,F,0
1209,605,Zayan Mistry,14,M,0
1210,605,Chavvi Goel,76,F,0
1211,605,Vedant Raja,76,M,0
1212,606,Sanaya Sawhney,80,T,0
1213,606,Chandresh Ramaswamy,80,M,0
1214,607,Ekta Chhabra,43,M,0
1215,607,Wakeeta More,14,M,0
1216,608,Chakrika Saxena,73,F,0
1217,608,Chatura Goel,63,M,0
1218,609,Raksha Murthy,19,M,0
1219,609,Daniel Anne,24,T,0
1220,609,Omisha Bedi,80,M,0
1221,610,Caleb Tailor,37,F,0
1222,610,Saanvi Halder,26,M,0
1223,610,Ubika Bawa,36,T,0
1224,611,Jagat Aggarwal,29,F,0
1225,611,Ijaya Date,22,M,0
1226,612,Jagrati Pal,13,F,0
1227,612,Kashvi Oak,60,T,0
1228,612,Chakradev Pathak,45,T,0
1229,613,Anirudh Rao,41,M,0
1230,614,Chaitanya Khurana,69,T,0
1231,614,Xiti Loke,71,F,0
1232,614,Tejas Hari,56,F,0
1233,615,Abhiram Kamdar,32,M,0
1234,616,Hitesh Sharaf,10,F,0
1235,616,Qarin Bhat,65,F,0
1236,617,Ekaraj Aurora,35,M,0
1237,618,Odika Uppal,34,T,0
1238,618,Xavier Atwal,75,F,0
1239,619,Gaurika Shan,52,T,0
1240,619,Shravya Naik,35,M,0
1241,619,Gagan Garg,15,T,0
1242,620,Faras Kumer,35,T,0
1243,621,Gavin Padmanabhan,42,M,0
1244,621,Upkaar Ahuja,79,F,0
1245,622,Vrinda Agrawal,67,T,0
1246,622,Girindra Saraf,64,M,0
1247,622,Isaac Thakur,30,T,0
1248,623,Girindra Raj,16,F,0
1249,624,Yashoda Srinivasan,13,T,0
1250,625,Vansha Gaba,44,T,0
1251,625,Chatura Goel,68,F,0
1252,625,Chaitaly Yadav,32,T,0
1253,626,Arya Kakar,50,F,0
1254,626,Imaran Bhatti,64,M,0
1255,626,Jagvi Hayre,15,F,0
1256,627,Harshil Kohli,48,T,0
1257,627,Rishi Barman,69,F,0
1258,628,Zehaan Randhawa,55,T,0
1259,628,Aarnav Bhandari,22,M,0
1260,628,Vihaan Sarraf,51,F,0
1261,629,Ethan Singh,45,F,0
1262,629,Kritika Baria,41,M,0
1263,629,Tejas Dar,62,T,0
1264,630,Jeevika Ravi,59,F,0
1265,630,Omisha Ramaswamy,66,M,0
1266,630,Banjeet Rajagopal,71,F,0
1267,631,Balhaar Sastry,37,T,0
1268,631,Mahika Hegde,12,M,0
1269,631,Ranbir Kar,12,F,0
1270,632,Lekha Desai,17,T,0
1271,632,Jacob Chakrabarti,20,M,0
1272,633,Manbir Khatri,53,M,0
1273,634,Umang Korpal,23,F,0
1274,634,Samaksh Banerjee,15,T,0
1275,635,Xalak Narayanan,71,M,0
1276,635,Neelima Loyal,48,M,0
1277,635,Ryan Patel,68,F,0
1278,636,Yadavi Raja,36,M,0
1279,636,Raagini Joshi,44,F,0
1280,636,Jonathan Brar,41,M,0
1281,637,Gaurangi Mohan,79,M,0
1282,638,Sanya Gopal,20,T,0
1283,639,Rohan Kota,69,M,0
1284,639,Ojasvi Dada,27,F,0
1285,640,Hemang Badami,40,T,0
1286,641,Ati Goda,31,F,0
1287,641,Yashasvi Sharma,38,M,0
1288,641,Amara Tara,34,T,0
1289,642,Ekiya Ray,76,T,0
1290,643,Reva Yadav,25,T,0
1291,644,Ubika Hayer,19,F,0
1292,644,Pavani Bala,51,F,0
1293,645,Warda Gala,70,T,0
1294,645,Rushil Dara,74,F,0
1295,646,Tanay Keer,46,M,0
1296,646,Omkaar Dora,38,F,0
1297,646,Utkarsh Gupta,23,M,0
1298,647,Upasna Ranganathan,24,F,0
1299,647,Chandran Sharaf,42,M,0
1300,648,Harish Pandya,55,T,0
1301,648,Qadim Chakraborty,27,F,0
1302,649,Karan Dhillon,23,T,0
1303,650,Qarin Gokhale,70,F,0
1304,650,Nidhi Bhandari,60,T,0
1305,650,Qadim Nazareth,73,F,0
1306,651,Abeer Sunder,67,F,0
1307,651,Veer Mody,5,T,0
1308,651,Ekiya Dixit,46,F,0
1309,652,Libni Bhatnagar,45,T,0
1310,653,Elijah Ghosh,5,F,0
1311,653,Jyoti Chadha,45,F,0
1312,654,Keya Kakar,22,T,0
1313,654,Shravya Taneja,60,F,0
1314,654,Qasim Bhasin,47,F,0
1315,655,Watika Char,40,M,0
1316,655,Gaurav Doctor,12,F,0
1317,655,Ethan Jaggi,66,M,0
1318,656,Veda Kashyap,24,T,0
1319,656,Qasim Deo,55,M,0
1320,657,Jack Chand,37,M,0
1321,657,Falguni More,64,T,0
1322,657,Azaan Vala,73,M,0
1323,658,Kritika Magar,5,M,0
1324,659,Chameli Sem,35,T,0
1325,660,Ganga Bali,49,M,0
1326,661,Imaran Parmar,67,F,0
1327,662,Jhalak Palla,64,T,0
1328,663,Pooja Mistry,10,M,0
1329,664,Damyanti Kurian,42,F,0
1330,664,Dalaja Dara,31,M,0
1331,665,Falguni Tella,59,M,0
1332,666,Sanaya Dayal,42,T,0
1333,666,Oscar Contractor,57,T,0
1334,667,Kamala Nayar,34,T,0
1335,668,Daksha Raj,21,M,0
1336,668,Manbir Kapoor,67,F,0
1337,668,Ayaan Dhaliwal,57,M,0
1338,669,Urishilla Agate,52,M,0
1339,669,Farhan Kamdar,16,T,0
1340,669,Advika Patel,44,T,0
1341,670,Nikita Dugar,71,F,0
1342,671,Sarthak Chokshi,43,T,0
1343,672,Vidhi Sarma,26,F,0
1344,672,Devansh Shroff,37,T,0
1345,672,Raghav Barad,37,M,0
1346,673,Avni Sami,79,T,0
1347,673,Hamsini Golla,29,F,0
1348,674,Samarth Anne,32,T,0
1349,674,Anthony Kanda,13,F,0
1350,674,Zehaan Rege,5,T,0
1351,675,Lucky Sridhar,79,T,0
1352,675,Divya Krish,15,F,0
1353,675,Oscar Mall,53,F,0
1354,676,Ayush Kalita,73,M,0
1355,677,Amol Chand,38,T,0
1356,678,Dalbir Sarna,54,F,0
1357,679,Abha Sachdev,34,M,0
1358,679,Qadim Lalla,26,M,0
1359,680,Manbir Nori,5,T,0
1360,680,Pranit Dugal,38,T,0
1361,681,Raghav Seth,61,M,0
1362,681,Quincy Chaudhry,22,T,0
1363,682,Hiral Sagar,39,F,0
1364,682,Ethan Sha,14,T,0
1365,682,Vedhika Manne,16,F,0
1366,683,Pranav Nadkarni,43,T,0
1367,683,Wakeeta Chaudry,15,M,0
1368,684,Thomas Sha,9,T,0
1369,684,Nihal Bail,24,M,0
1370,685,Samaksh Mann,51,T,0
1371,686,Krishna Tripathi,35,T,0
1372,687,Qabil Ranganathan,19,F,0
1373,688,Urvi Nagar,39,F,0
1374,689,Lucky Desai,39,F,0
1375,689,Jyoti Dugar,27,F,0
1376,690,Mitesh Rege,64,T,0
1377,690,Chaman Gole,26,F,0
1378,691,Banjeet Bassi,57,M,0
1379,691,Udarsh Dugar,62,F,0
1380,691,Fiyaz Goel,18,M,0
1381,692,Kashish Yohannan,28,F,0
1382,693,Adweta Yogi,22,F,0
1383,693,Lopa More,55,M,0
1384,694,Mohini Mukhopadhyay,65,F,0
1385,695,Lohit Sarin,6,T,0
1386,695,Praneel Borde,58,M,0
1387,695,Qadim Badal,50,F,0
1388,696,Niharika Mall,80,F,0
1389,696,Naveen Varkey,9,F,0
1390,697,Gayathri Hari,37,T,0
1391,697,Ranbir Char,79,T,0
1392,698,Wahab Agarwal,36,F,0
1393,698,Neel Sahni,25,T,0
1394,699,Samuel Thaker,18,T,0
1395,699,Samar Kala,13,F,0
1396,700,Mitali Sha,33,F,0
1397,701,Ranveer Dubey,37,T,0
1398,702,Ikshita Grover,15,M,0
1399,702,Dev Wadhwa,51,T,0
1400,702,Eshana Bahri,13,F,0
1401,703,Falan Datta,41,M,0
1402,703,Sai Rout,60,T,0
1403,703,Triveni Thakur,46,F,0
1404,704,Mahika Puri,50,M,0
1405,704,Mohini Walla,54,T,0
1406,704,Onkar Pandya,47,T,0
1407,705,Hemal Nanda,37,F,0
1408,705,Anjali Saran,6,M,0
1409,706,Anthony Aggarwal,39,T,0
1410,707,Bhavya Shanker,71,T,0
1411,707,Samuel Rastogi,13,F,0
1412,708,Jagat Balay,80,F,0
1413,709,Timothy Acharya,59,M,0
1414,709,Benjamin Narayan,12,F,0
1415,709,Dalaja Zachariah,25,F,0
1416,710,Akshay Dixit,16,T,0
1417,710,Kamala Arya,69,F,0
1418,710,Aadi Kala,36,F,0
1419,711,Anay Parmar,9,M,0
1420,712,Yadavi Srinivasan,79,F,0
1421,712,Jagat Wali,69,T,0
1422,712,Neel Sachdeva,57,M,0
1423,713,Champak Kashyap,43,F,0
1424,713,Chakrika Mitter,27,T,0
1425,713,Karan Bassi,14,T,0
1426,714,Krishna Dhar,62,T,0
1427,714,Jackson Naik,47,F,0
1428,714,Rajata Sridhar,62,M,0
1429,715,Ayushman Kuruvilla,64,F,0
1430,715,Damyanti Srinivasan,68,F,0
1431,715,Chavvi Mani,39,T,0
1432,716,Vincent Warrior,77,F,0
1433,717,Aarush Krish,56,T,0
1434,717,Joshua Goyal,61,T,0
1435,717,Ekansh Sodhi,29,M,0
1436,718,Ekani Nair,32,T,0
1437,719,Harrison Ravi,5,F,0
1438,719,Yadavi Narang,17,T,0
1439,720,Charles Wadhwa,75,T,0
1440,720,Janani Morar,73,F,0
1441,721,Ishanvi Dhaliwal,16,F,0
1442,722,Vihaan Suresh,31,M,0
1443,723,Yochana Som,62,T,0
1444,723,Ekansh Pandit,80,M,0
1445,723,Varsha Soman,34,M,0
1446,724,Sai Mohan,29,M,0
1447,724,Eta Kala,72,M,0
1448,725,Raghav Master,33,M,0
1449,726,Nicholas Rao,28,M,0
1450,726,Dayita Kapur,6,M,0
1451,726,Meghana Deshpande,58,M,0
1452,727,Harini Gade,71,T,0
1453,727,Frederick Zachariah,23,F,0
1454,727,Bina Mani,22,T,0
1455,728,Zarna Choudhry,60,F,0
1456,728,Praneel Dhar,12,M,0
1457,729,Amaira Jhaveri,30,M,0
1458,729,Watika Dutta,39,T,0
1459,729,Henry Butala,23,F,0
1460,730,Ishaan Bumb,40,F,0
1461,730,Vyanjana Yohannan,76,F,0
1462,730,Anvi Nayar,28,F,0
1463,731,Kamala Mutti,13,T,0
1464,731,Pavani Sampath,26,F,0
1465,732,Robert Date,79,T,0
1466,732,Anmol Dara,60,T,0
1467,732,Wridesh Buch,22,M,0
1468,733,Yagnesh Sandhu,31,M,0
1469,733,Daniel Wali,55,M,0
1470,734,Simon Shenoy,37,T,0
1471,735,Farhan Kalla,59,M,0
1472,735,Yashodhara Rattan,9,F,0
1473,735,Shaurya Pandit,58,T,0
1474,736,Jeevika Manne,67,T,0
1475,736,Yatin Chadha,74,F,0
1476,737,Maya Basak,61,M,0
1477,737,Yashoda Khatri,37,T,0
1478,738,Peter Verma,80,T,0
1479,738,Krishna Kumer,50,M,0
1480,738,Ekapad Sachar,19,F,0
1481,739,Krishna Swaminathan,11,T,0
1482,739,Abhiram Lalla,34,F,0
1483,740,Nisha Basu,67,M,0
1484,740,Warhi Ratti,18,M,0
1485,741,Yashodhara Sha,67,M,0
1486,741,Ekaja Panchal,66,F,0
1487,741,Warjas Narasimhan,40,T,0
1488,742,Sathvik Thakur,36,F,0
1489,742,Yashica Tak,19,F,0
1490,742,Upma Savant,7,M,0
1491,743,Ikshita Hans,55,M,0
1492,744,Viraj Chada,66,F,0
1493,744,Ishani Seshadri,34,T,0
1494,744,Krish Amble,54,M,0
1495,745,Harish Kale,25,M,0
1496,745,Anika Prabhu,69,T,0
1497,745,Faqid Bhargava,69,F,0
1498,746,Kashvi Brar,26,F,0
1499,746,Chanchal Dhawan,78,T,0
1500,746,Bimala Atwal,79,M,0
1501,747,Chandresh Soman,10,M,0
1502,747,Manthan Rastogi,35,M,0
1503,748,Warjas Raman,24,F,0
1504,748,Krishna Boase,19,T,0
1505,748,Ronith Rout,66,T,0
1506,749,Yagnesh Deshpande,76,F,0
1507,750,Onveer Dyal,24,F,0
1508,751,Ati Reddy,44,F,0
1509,751,Warhi Choudhry,39,F,0
1510,751,Ekapad Som,21,F,0
1511,752,Mekhala Aurora,46,F,0
1512,752,Hema Golla,5,F,0
1513,753,Keya Bajaj,62,M,0
1514,753,Qadim Salvi,28,M,0
1515,754,Arjun Desai,29,F,0
1516,755,Bhavika Wason,7,T,0
1517,755,Aadhya Srinivas,13,T,0
1518,755,Yoshita Sama,68,F,0
1519,756,Arjun Vaidya,79,T,0
1520,757,Maya Datta,20,F,0
1521,757,Eshana Karpe,7,M,0
1522,757,Amruta Uppal,32,F,0
1523,758,Udarsh Wable,7,M,0
1524,758,Eiravati Mahal,14,M,0
1525,759,Aarav Joshi,24,M,0
1526,759,Aarnav Bhat,36,M,0
1527,759,Andrew Venkataraman,15,T,0
1528,760,Nidra Agate,77,F,0
1529,760,George Rajagopalan,29,M,0
1530,760,Wahab Dewan,21,M,0
1531,761,Gayathri Mital,9,T,0
1532,761,Pavani Srinivasan,33,F,0
1533,762,Sanaya Butala,34,F,0
1534,762,Frederick Nadkarni,20,T,0
1535,763,Abha Arora,54,T,0
1536,763,Janani Jani,78,F,0
1537,763,William Mall,39,F,0
1538,764,Rachana Sathe,17,M,0
1539,765,Liam Zacharia,33,T,0
1540,765,Yashica Doshi,21,M,0
1541,765,Tristan Varghese,38,M,0
1542,766,Laban Sibal,7,T,0
1543,767,Nathaniel Chandra,65,T,0
1544,767,Garima Chhabra,42,F,0
1545,768,Aishani Sandhu,59,M,0
1546,768,Arjun Bhagat,56,T,0
1547,768,Joshua Kibe,30,T,0
1548,769,Advay Tank,79,M,0
1549,769,Radhika Nair,77,T,0
1550,770,Gaurangi Khalsa,64,M,0
1551,770,Jasmit Tata,47,M,0
1552,770,Dayamai Swamy,28,T,0
1553,771,Nihal Nadkarni,14,T,0
1554,771,Jonathan Shanker,28,T,0
1555,772,Lila Panchal,36,T,0
1556,772,Michael De,11,M,0
1557,772,Faraj Sathe,24,F,0
1558,773,Sarthak Pathak,53,M,0
1559,774,Shaurya Mohanty,54,M,0
1560,775,Gabriel Nayar,25,F,0
1561,775,Zayyan Parekh,25,T,0
1562,776,Faris Wali,55,T,0
1563,777,Xiti Thakkar,76,T,0
1564,777,Dhruv Wable,25,M,0
1565,778,Harrison Bassi,52,T,0
1566,779,Ayushman Dani,66,F,0
1567,779,Charan Mukhopadhyay,56,T,0
1568,779,Aayush Khatri,44,F,0
1569,780,Nihal Bhatia,73,T,0
1570,780,Henry Sekhon,75,F,0
1571,781,Chakradev Cheema,45,M,0
1572,781,Nachiket Pant,46,M,0
1573,782,Janya Andra,19,T,0
1574,782,Faraj Jha,76,M,0
1575,782,Harini Kapoor,61,F,0
1576,783,Hitesh Sandhu,35,F,0
1577,783,Yauvani Choudhry,25,M,0
1578,784,Vedhika Nigam,41,F,0
1579,784,Banjeet Sem,19,F,0
1580,785,Alexander Gara,29,T,0
1581,785,Chaaya Hari,52,T,0
1582,786,Lopa Savant,77,F,0
1583,787,Aayush Srinivasan,47,T,0
1584,788,Laksh Mani,45,M,0
1585,788,Yahvi Bhatti,75,M,0
1586,788,Arjun Anne,51,M,0
1587,789,Bina Raval,41,T,0
1588,790,Jagat Majumdar,48,T,0
1589,790,Osha Lad,57,M,0
1590,791,Guneet Desai,48,F,0
1591,792,Leela Bahl,16,M,0
1592,792,Chakrika Master,41,M,0
1593,793,Triveni Jani,67,M,0
1594,793,Xiti Sheth,26,F,0
1595,794,Damyanti Kari,26,F,0
1596,794,Quincy Sathe,18,F,0
1597,795,Chandresh Edwin,18,T,0
1598,795,Gaurangi Lad,28,T,0
1599,796,Chakradev Sen,50,F,0
1600,796,Priya Krishna,79,F,0
1601,796,Advaith Sehgal,67,F,0
1602,797,Jeremiah Kamdar,60,F,0
1603,798,Gaurika Prabhakar,29,F,0
1604,798,Aashi Ahuja,36,T,0
1605,798,Atharv Vohra,55,F,0
1606,799,Dipta Handa,31,T,0
1607,800,Faraj Bala,9,T,0
1608,800,Aashi Din,28,T,0
1609,801,Parth Din,63,F,0
1610,801,Harshil Cherian,79,T,0
1611,801,Ucchal Prabhakar,24,T,0
1612,802,Amrita Raval,20,T,0
1613,802,Bachittar Prasad,31,M,0
1614,803,Warhi Brahmbhatt,14,M,0
1615,804,Hema Apte,21,M,0
1616,804,Bishakha Issac,48,M,0
1617,804,Qasim Sachdev,75,T,0
1618,805,Sachi Sant,32,F,0
1619,805,Abdul Zacharia,75,M,0
1620,805,Bachittar Rao,55,T,0
1621,806,Turvi Dugar,5,T,0
1622,806,Pranit Zachariah,27,T,0
1623,807,Sneha Rana,15,T,0
1624,808,Aarnav Sahota,23,M,0
1625,808,Januja Sachar,14,M,0
1626,809,Bachittar Mammen,34,M,0
1627,810,Mitesh Prasad,52,M,0
1628,810,Hemangini Bhargava,65,F,0
1629,811,Sathvik Hari,43,T,0
1630,812,Pooja Deo,66,M,0
1631,813,Maya Munshi,5,M,0
1632,813,Daksh Dalal,37,M,0
1633,814,Tripti More,65,T,0
1634,814,Arunima Dutta,53,F,0
1635,815,Harish Subramaniam,55,F,0
1636,815,Vincent Rattan,23,F,0
1637,815,Pallavi Mahal,72,M,0
1638,816,Jai Sen,41,F,0
1639,816,Avi Agrawal,37,F,0
1640,817,Irya Karpe,10,T,0
1641,817,Isha Anne,66,T,0
1642,817,Girindra Madan,59,T,0
1643,818,Unnati Date,35,M,0
1644,818,Zayan Deep,66,F,0
1645,819,Pranit Amble,78,M,0
1646,819,Vasudha Tailor,69,M,0
1647,820,Noah Oak,73,T,0
1648,820,Bimala Sant,11,F,0
1649,820,Dakshesh Venkatesh,69,M,0
1650,821,Vanya Deshmukh,20,F,0
1651,821,Orinder Badami,27,T,0
1652,822,Inaya Anand,48,M,0
1653,823,Gautam Gara,24,M,0
1654,823,Yatan Mahal,35,F,0
1655,823,Bhavna Gill,18,M,0
1656,824,Krish Rout,26,M,0
1657,825,Chandresh Chad,34,M,0
1658,826,Ansh Wadhwa,20,T,0
1659,826,Triya Sunder,8,T,0
1660,826,Ekani Ratta,76,M,0
1661,827,Tejas Vora,58,T,0
1662,827,Advaith Aurora,68,M,0
1663,828,Ishwar Arora,79,M,0
1664,828,Barkha Chander,11,M,0
1665,828,Chandani Devan,41,F,0
1666,829,Ucchal Singhal,62,M,0
1667,830,Zayan Master,62,T,0
1668,830,Chakradev Mall,73,M,0
1669,830,Ekaraj Solanki,62,F,0
1670,831,Bhavini Kanda,49,T,0
1671,832,Theodore Luthra,73,F,0
1672,832,Priya Nayak,49,M,0
1673,833,Omya Barman,77,F,0
1674,833,Unni Ghose,7,F,0
1675,834,Dhriti Subramaniam,53,M,0
1676,834,Owen Chand,57,T,0
1677,835,Dalaja Suresh,63,T,0
1678,835,Girindra Memon,46,T,0
1679,835,Tamanna Tiwari,16,T,0
1680,836,Unni Deep,62,T,0
1681,837,Zilmil Pradhan,20,T,0
1682,837,Darpan Dixit,29,F,0
1683,837,Vaishnavi Ganesan,25,F,0
1684,838,Priya Bandi,62,F,0
1685,838,Balhaar Kari,66,M,0
1686,839,Nidhi Sinha,57,M,0
1687,839,Krishna Goswami,35,F,0
1688,839,Osha Roy,39,M,0
1689,840,Falguni Kamdar,59,F,0
1690,841,Daksha Gara,68,F,0
1691,841,Mugdha Bajwa,72,F,0
1692,842,Pahal Brahmbhatt,12,F,0
1693,842,Saanvi Balan,70,M,0
1694,842,Mahika Jha,31,M,0
1695,843,Samar Kaul,18,T,0
1696,844,Nakul Balan,76,T,0
1697,845,Omya Sengupta,10,F,0
1698,845,Lajita Gola,50,M,0
1699,846,Anita Kata,60,F,0
1700,846,Yatan Bhagat,26,T,0
1701,846,Faqid Shukla,67,F,0
1702,847,Zayyan Dhar,6,F,0
1703,848,Vamakshi Bhagat,15,T,0
1704,849,Zarna Bhatti,29,M,0
1705,849,Nathaniel Ratti,62,F,0
1706,849,Noah Sachdeva,58,M,0
1707,850,Aarnav Sampath,11,M,0
1708,850,Lekha Choudhary,45,M,0
1709,851,Parth Sama,29,T,0
1710,851,Aishani Mand,40,F,0
1711,851,Tejas Nanda,67,T,0
1712,852,Anirudh Chana,12,F,0
1713,852,Udant Shanker,76,M,0
1714,853,Daniel Krish,7,T,0
1715,853,Saumya Acharya,73,M,0
1716,853,Chaaya Kibe,49,M,0
1717,854,Tristan Sandal,53,T,0
1718,854,Yachana Buch,73,M,0
1719,855,Aradhana Ratta,37,M,0
1720,855,Max Hora,69,F,0
1721,855,Vihaan Sangha,52,F,0
1722,856,Lila Gour,11,T,0
1723,856,Nirja Dave,78,M,0
1724,857,Krishna Dubey,50,F,0
1725,858,Warhi Seshadri,56,F,0
1726,858,Kashish Saraf,74,F,0
1727,858,Charvi Dara,29,F,0
1728,859,Yatin Chandran,73,M,0
1729,860,Chameli Bawa,36,F,0
1730,860,Mohini Din,52,T,0
1731,860,Dalaja Karan,5,F,0
1732,861,Kevin Bali,31,T,0
1733,861,Falak Rajagopal,70,M,0
1734,862,Azaan Sundaram,51,M,0
1735,862,Priya Chaudry,31,T,0
1736,862,Nandini Dass,20,T,0
1737,863,Harish Vora,33,T,0
1738,863,Gauri Srinivasan,64,T,0
1739,864,Eesha Kar,33,F,0
1740,864,Rishi Subramaniam,54,T,0
1741,864,Nidhi Chatterjee,41,M,0
1742,865,Manan Nath,24,M,0
1743,865,Rushil Varty,35,M,0
1744,866,Anvi Sen,66,T,0
1745,866,Aadi Madan,69,T,0
1746,867,Bahadurjit Parikh,27,T,0
1747,867,Vasudha Khare,13,F,0
1748,867,Idika Brar,74,T,0
1749,868,Abha Madan,74,F,0
1750,868,Jasmit Kothari,38,F,0
1751,868,Mitali Batta,72,F,0
1752,869,Advik Mukhopadhyay,12,F,0
1753,869,Devika Dalal,78,F,0
1754,870,Yoshita Prabhu,14,F,0
1755,870,Arya Bail,26,M,0
1756,870,Advik Doshi,66,T,0
1757,871,Kevin Iyengar,42,F,0
1758,871,Ranveer Sidhu,54,M,0
1759,872,Yashasvi Subramanian,58,F,0
1760,872,Om Barman,39,M,0
1761,872,George Zachariah,60,T,0
1762,873,Kritika Chaudhry,37,F,0
1763,873,Gautami Yogi,69,T,0
1764,873,Hamsini Batta,58,M,0
1765,874,Upma Amble,11,T,0
1766,875,Dakshesh Wali,45,M,0
1767,876,Anita Sama,23,F,0
1768,877,Eta Prashad,38,M,0
1769,877,Januja Kata,15,F,0
1770,877,Lakshit Rajagopalan,6,M,0
1771,878,Ganga Ben,36,T,0
1772,878,Warjas Barman,22,T,0
1773,878,Meghana Khare,68,F,0
1774,879,Caleb Dani,70,M,0
1775,879,Daniel Khalsa,42,M,0
1776,879,Luke Patla,77,M,0
1777,880,Qushi Bassi,38,T,0
1778,881,Bhavika Narayan,65,M,0
1779,881,Yoshita Chana,20,M,0
1780,881,Amol Dara,71,M,0
1781,882,Mitali Ravi,56,M,0
1782,882,Oliver Prabhakar,54,T,0
1783,882,Jatin Tak,32,M,0
1784,883,Chaman Sen,39,M,0
1785,883,Oviya Ravi,80,T,0
1786,884,Rushil Agrawal,31,M,0
1787,885,Praneel Kumer,58,M,0
1788,885,Falan Kadakia,17,T,0
1789,885,Eta Mohanty,5,F,0
1790,886,Chatura Nagar,67,M,0
1791,886,Jatin Buch,8,F,0
1792,886,Radhika Mital,46,F,0
1793,887,Aishani Sharma,62,M,0
1794,887,Abhimanyu Prasad,57,T,0
1795,888,Atharv Parsa,39,M,0
1796,889,Balveer Grewal,36,M,0
1797,890,Nathaniel Kapur,30,M,0
1798,890,Lohit Batra,78,T,0
1799,890,William Gopal,53,M,0
1800,891,Chameli Talwar,11,T,0
1801,891,Manthan Andra,64,F,0
1802,891,Garima Nagi,58,M,0
1803,892,Ekaraj Jaggi,28,T,0
1804,892,Jeet Balan,34,M,0
1805,892,Maya Mane,9,T,0
1806,893,Mitali Ratti,35,F,0
1807,893,Vanya Bala,15,F,0
1808,893,Aarush Johal,46,M,0
1809,894,Baljiwan Solanki,38,M,0
1810,894,Chatresh Deo,49,T,0
1811,894,Anamika Badami,74,M,0
1812,895,Balveer Konda,59,T,0
1813,895,Rayaan Trivedi,54,M,0
1814,896,Amara Murty,66,M,0
1815,896,Sathvik Chawla,41,M,0
1816,896,Vedhika Mall,9,M,0
1817,897,Akshay Manda,51,M,0
1818,898,Karan Kapadia,30,T,0
1819,898,Lakshmi Chaudhuri,40,F,0
1820,899,Amol Agrawal,20,F,0
1821,900,Mitali Shenoy,71,M,0
1822,900,Devansh Varghese,42,M,0
1823,901,Nandini Mohan,63,F,0
1824,901,Anika Raman,7,M,0
1825,902,Reyansh Khurana,61,T,0
1826,903,Omya Naidu,6,T,0
1827,904,Jagrati Tak,53,M,0
1828,905,Kevin Manne,72,M,0
1829,906,Ekta Chhabra,60,T,0
1830,907,Eesha Singhal,65,F,0
1831,907,Devansh Sethi,64,M,0
1832,907,Yatan Rege,16,T,0
1833,908,Gaurangi Bava,26,M,0
1834,908,Azaan Mall,58,M,0
1835,908,Simon Luthra,8,F,0
1836,909,Anjali Nayar,26,M,0
1837,909,Amruta Choudhary,29,T,0
1838,909,Janani Ramachandran,7,M,0
1839,910,Chandani Upadhyay,41,F,0
1840,910,Ekanta Tara,11,T,0
1841,910,Zayan Bahl,78,T,0
1842,911,Anamika Din,20,F,0
1843,911,Viraj Chana,36,M,0
1844,912,Tripti Sinha,54,M,0
1845,913,Saksham Aggarwal,42,F,0
1846,913,Ekaja Venkatesh,41,T,0
1847,913,Yoshita Malhotra,25,M,0
1848,914,Azaan Patel,50,M,0
1849,914,Ati Gandhi,40,F,0
1850,914,Osha Srivastava,17,F,0
1851,915,Tanay Chadha,42,M,0
1852,915,George Wagle,37,F,0
1853,916,Oeshi Bajaj,59,F,0
1854,916,Michael Keer,22,F,0
1855,917,Onveer Kari,12,F,0
1856,917,Daksh Banik,6,M,0
1857,918,Ekavir Saxena,75,F,0
1858,918,Watika Murthy,75,M,0
1859,919,Turvi Varkey,40,T,0
1860,919,Ira Bhattacharyya,57,F,0
1861,920,Nachiket Badal,47,M,0
1862,920,Mohini Buch,6,M,0
1863,921,Mohammed Zacharia,18,T,0
1864,922,Manan Dhawan,31,T,0
1865,922,Vihaan Kapur,44,M,0
1866,923,Diya Basu,10,F,0
1867,923,Vritti Narang,57,F,0
1868,923,Yasti Sachdev,46,T,0
1869,924,Riya Keer,25,T,0
1870,925,Girik Vohra,73,F,0
1871,925,Tristan Varty,34,T,0
1872,926,Charan Chaudry,71,T,0
1873,927,Ishaan Nair,60,M,0
1874,928,Lucky Kata,28,T,0
1875,928,Amara Parikh,66,M,0
1876,928,Yauvani Manne,76,T,0
1877,929,Tejas Tara,65,T,0
1878,930,Gaurang Narula,76,M,0
1879,931,Ekapad Palan,54,F,0
1880,932,Charita Manne,47,F,0
1881,932,Urishilla Kumar,28,M,0
1882,932,Patrick Das,62,T,0
1883,933,Yochana Chandra,52,F,0
1884,933,Ekbal Mangat,15,T,0
1885,933,Vedant Mital,39,F,0
1886,934,Kabir Dass,5,M,0
1887,934,Bhavya Khurana,49,F,0
1888,935,Ojasvi Sachdev,53,F,0
1889,935,Faras Agarwal,45,M,0
1890,935,Dhriti Ramesh,6,T,0
1891,936,Vinaya Parmar,68,T,0
1892,937,Daksha Majumdar,56,M,0
1893,937,Jai Mahal,26,F,0
1894,938,Logan Puri,74,M,0
1895,938,Imaran Rajagopal,44,T,0
1896,938,Vrishti Dave,80,F,0
1897,939,Atharv Kalita,32,M,0
1898,939,Aarnav Gola,25,M,0
1899,940,Pranit Walla,56,F,0
1900,941,Manthan Parmar,80,F,0
1901,941,Ishwar Lad,56,T,0
1902,942,Ridhi Tandon,64,F,0
1903,942,Pavani Chandran,28,F,0
1904,943,Harish Wason,5,M,0
1905,943,Yagnesh Chada,62,T,0
1906,944,Nitara Garde,43,T,0
1907,944,Alexander Sunder,55,M,0
1908,944,Tanmayi Chatterjee,16,F,0
1909,945,Ekbal Pradhan,8,F,0
1910,945,Praneel Hayre,33,F,0
1911,946,Eta Devi,59,T,0
1912,946,Bhavya Chandran,58,T,0
1913,946,Bimala Dube,10,M,0
1914,947,Faqid Kunda,78,T,0
1915,947,Lucky Bahl,30,M,0
1916,948,Arunima Barad,28,T,0
1917,948,Ekaja Kata,57,F,0
1918,948,Qarin Goda,22,M,0
1919,949,Shaurya Kapoor,31,F,0
1920,949,Reyansh Kari,32,F,0
1921,950,Jonathan Kalita,38,M,0
1922,950,Quincy Tella,49,T,0
1923,950,Chanchal Misra,45,F,0
1924,951,Urvashi Kibe,7,M,0
1925,951,Jalsa Goel,79,M,0
1926,952,Gaurangi Bhatti,53,M,0
1927,952,Vinaya Ramakrishnan,69,F,0
1928,952,Kala Koshy,68,F,0
1929,953,Meera Saraf,14,T,0
1930,953,Viraj Nigam,76,F,0
1931,953,Nikita Datta,51,T,0
1932,954,Naksh Shankar,11,F,0
1933,954,Ronith Kapur,41,M,0
1934,954,Anika Kala,79,M,0
1935,955,Irya Kapur,60,M,0
1936,956,Ojas Agrawal,39,M,0
1937,956,Anusha Yadav,9,T,0
1938,957,Qarin Naik,37,F,0
1939,957,Maanas Gala,73,T,0
1940,957,Chaman Padmanabhan,10,T,0
1941,958,Advay Kale,64,T,0
1942,958,Adweta Tiwari,45,T,0
1943,958,Imaran Golla,80,T,0
1944,959,Indrajit Bali,60,F,0
1945,960,Nandini Koshy,6,T,0
1946,960,Bahadurjit Bumb,70,T,0
1947,960,Upkaar Kata,59,T,0
1948,961,Anusha Walla,63,F,0
1949,961,Baghyawati Bath,59,M,0
1950,961,Gaurang Bhatia,52,M,0
1951,962,Gavin Chawla,44,F,0
1952,962,Advaith Mandal,75,T,0
1953,962,Aryan Batta,47,M,0
1954,963,Aarna Thaker,33,M,0
1955,963,Chasmum Lal,33,M,0
1956,963,Darpan Kadakia,44,F,0
1957,964,Gabriel Tandon,29,M,0
1958,965,Chavvi Shetty,23,M,0
1959,965,Neel Verma,73,F,0
1960,966,Rajata Soni,31,M,0
1961,966,Vritti Rai,18,M,0
1962,967,Omkaar Krish,64,M,0
1963,968,Garima Behl,27,F,0
1964,969,Liam Patla,79,T,0
1965,970,Pooja Ramakrishnan,65,M,0
1966,970,Yashawini Kant,22,F,0
1967,971,Gabriel Shah,58,F,0
1968,971,Madhavi Raval,46,M,0
1969,972,Abdul Radhakrishnan,25,T,0
1970,972,Pranit Lad,24,M,0
1971,972,Yauvani Saxena,29,M,0
1972,973,Yachana Choudhry,47,T,0
1973,974,Bhanumati Arya,71,T,0
1974,974,Urishilla Narain,17,F,0
1975,974,Reyansh Parmar,15,T,0
1976,975,Sneha D’Alia,15,M,0
1977,975,Kashish Chaudry,76,T,0
1978,975,Yatin Palan,20,F,0
1979,976,Bimala Dalal,7,M,0
1980,976,Vrishti Baria,77,F,0
1981,977,Faras Natarajan,39,T,0
1982,978,Balhaar Gill,63,F,0
1983,978,Yashvi Kapoor,36,M,0
1984,979,Gunbir Kapadia,66,F,0
1985,979,Zashil Khatri,63,M,0
1986,979,Akshay Nagar,32,F,0
1987,980,Oni Sani,48,F,0
1988,981,Tripti Khosla,18,M,0
1989,981,Sneha Mahajan,71,M,0
1990,981,Sachi Bassi,80,F,0
1991,982,Udant Sahota,53,F,0
1992,982,Chandani Bhardwaj,63,F,0
1993,982,Ishita Kannan,29,F,0
1994,983,Mitali Merchant,55,T,0
1995,984,Baghyawati Gour,13,M,0
1996,985,Yatin Rao,27,M,0
1997,985,Falak Warrior,27,F,0
1998,985,Divya Shanker,71,M,0
1999,986,Jyoti Sethi,9,M,0
2000,986,William Kala,72,T,0
2001,986,Maanas Nigam,14,M,0
2002,987,Gautam Savant,34,F,0
2003,987,Hardik Sunder,17,F,0
2004,987,Naksh Dewan,21,T,0
2005,988,Patrick Ravi,10,F,0
2006,989,Isha Bali,56,M,0
2007,989,Jairaj Kashyap,70,F,0
2008,990,Matthew Bath,54,M,0
2009,990,Girish Bava,78,T,0
2010,990,Wriddhish Kohli,41,M,0
2011,991,Hardik Puri,18,M,0
2012,991,Qarin Oak,59,T,0
2013,991,Avni Tailor,65,M,0
2014,992,Bhavika Padmanabhan,41,F,0
2015,992,Laban Kaur,43,M,0
2016,992,Lekha Sidhu,23,F,0
2017,993,Agastya Dani,17,T,0
2018,993,Ira Hayre,34,F,0
2019,993,Faris Seth,34,M,0
2020,994,Nathaniel Chadha,21,F,0
2021,995,Ishaan Raman,24,M,0
2022,995,Riya Bajwa,40,F,0
2023,995,Vanya Sane,26,T,0
2024,996,Nachiket Bora,44,F,0
2025,997,Fiyaz Mangal,48,T,0
2026,998,Manthan Kohli,28,T,0
2027,999,Varenya Wason,22,T,0
2028,999,Harshil Swaminathan,22,F,0
2029,999,Watika Sachar,5,T,0
2030,1000,Lipika Pandit,77,F,0
2031,1000,Priya Ramaswamy,11,T,0
2032,1000,Qarin Sankar,45,T,0
2033,1001,Libni Singh,57,T,0
2034,1001,Abha Wadhwa,36,T,0
2035,1002,Bhavna Pillai,57,T,0
2036,1002,Anthony Mohanty,34,M,0
2037,1002,Lakshit Murty,64,T,0
2038,1003,Imaran Dhar,40,F,0
2039,1004,Vihaan Nagarajan,40,T,0
2040,1004,Ridhi Kale,31,M,0
2041,1004,Amruta Devi,8,F,0
2042,1005,Abeer Mangat,48,M,0
2043,1006,Maanas Kibe,5,F,0
2044,1007,Sai Arora,39,M,0
2045,1007,Ronith Ray,8,T,0
2046,1007,Logan Venkatesh,69,M,0
2047,1008,Yahvi Loyal,56,F,0
2048,1009,Wishi Chada,68,T,0
2049,1009,Lakshmi Anand,71,M,0
2050,1010,Tanveer Prasad,80,F,0
2051,1011,Imaran Soman,32,F,0
2052,1011,Darpan Zachariah,7,T,0
2053,1012,Yashodhara Oak,21,F,0
2054,1013,Ekaja Pandey,16,F,0
2055,1014,Baljiwan Dubey,59,F,0
2056,1015,Zansi Sami,19,M,0
2057,1016,Dominic Soni,33,T,0
2058,1016,Ekani Bala,41,T,0
2059,1017,Yug Upadhyay,78,M,0
2060,1017,Barkha Dutta,29,T,0
2061,1018,Samaksh Ahuja,72,T,0
2062,1019,Tristan Kumer,16,M,0
2063,1020,Abhimanyu Wason,7,T,0
2064,1020,Jeremiah Anand,20,F,0
2065,1021,Vasana Thaman,45,M,0
2066,1021,Rushil Agarwal,27,T,0
2067,1022,Rishi Merchant,59,F,0
2068,1022,Vrinda Kalita,62,F,0
2069,1022,Ikshita Sule,47,M,0
2070,1023,Krisha Patla,33,M,0
2071,1023,Inaya Rastogi,45,F,0
2072,1024,Lakshit Raghavan,12,M,0
2073,1025,Agastya Shanker,62,F,0
2074,1026,Ishaan Natt,70,T,0
2075,1026,Ishwar Butala,36,T,0
2076,1026,Baljiwan Char,62,F,0
2077,1027,Advika Sidhu,12,F,0
2078,1027,Tamanna Jani,35,T,0
2079,1028,Zayyan Rajagopalan,76,T,0
2080,1028,Yashasvi Sachdev,10,T,0
2081,1028,Bhanumati Khatri,62,F,0
2082,1029,Zarna Dhar,32,M,0
2083,1030,Kabir Mannan,37,F,0
2084,1031,Sathvik Dhar,66,M,0
2085,1031,Ishwar Rattan,13,F,0
2086,1032,Baljiwan Ben,36,T,0
2087,1033,Gautami Mallick,51,F,0
2088,1034,Panini Chakrabarti,69,M,0
2089,1034,Omisha Ramesh,8,T,0
2090,1034,Aryan Vala,56,M,0
2091,1035,Tanvi Aggarwal,78,T,0
2092,1036,Widisha Jain,60,T,0
2093,1037,Logan Sami,50,F,0
2094,1038,Varenya Rao,52,T,0
2095,1039,Orinder Dutt,19,F,0
2096,1040,Frederick Rana,56,T,0
2097,1040,Omkaar Grover,31,M,0
2098,1040,Ubika Manne,41,M,0
2099,1041,Warhi Rai,29,T,0
2100,1041,Aryan Guha,38,M,0
2101,1041,Aryan Nadig,80,M,0
2102,1042,Forum Subramanian,44,T,0
2103,1042,Ekaraj Dewan,50,M,0
2104,1042,Meghana Panchal,12,F,0
2105,1043,Adweta Madan,79,F,0
2106,1044,Mason Oak,37,T,0
2107,1045,Onveer Bajaj,63,T,0
2108,1045,Hemangini Dixit,53,F,0
2109,1046,Rohan Bahri,52,M,0
2110,1046,Advika Gera,39,M,0
2111,1047,Upasna Mani,48,F,0
2112,1047,Eta Talwar,16,T,0
2113,1048,Daksha Kulkarni,9,F,0
2114,1049,Amrita Toor,22,T,0
2115,1049,Chaman Karnik,22,F,0
2116,1050,Urishilla Agrawal,8,M,0
2117,1050,Yagnesh Dutt,61,M,0
2118,1050,Tejas Krishnamurthy,18,T,0
2119,1051,Amruta Rattan,57,M,0
2120,1052,Anamika Pai,56,F,0
2121,1053,Balvan Deo,44,F,0
2122,1053,Charita Oza,11,M,0
2123,1053,Qasim Chandra,24,T,0
2124,1054,Lucky Khare,42,F,0
2125,1054,Ayush Maharaj,21,F,0
2126,1054,Nandini Parmar,35,T,0
2127,1055,Januja Tandon,52,F,0
2128,1055,Reyansh Palla,31,M,0
2129,1056,Faris Kata,48,T,0
2130,1056,Girindra Brar,25,F,0
2131,1057,Azad Sahni,5,F,0
2132,1058,Gabriel Nadkarni,12,F,0
2133,1059,Oscar Samra,26,M,0
2134,1060,Wahab Nayar,10,F,0
2135,1060,Rajata Tak,63,M,0
2136,1060,Deepa Nayak,26,M,0
2137,1061,Gautam Manne,26,M,0
2138,1061,Dakshesh Dhillon,31,F,0
2139,1062,Riya Radhakrishnan,53,M,0
2140,1062,Qasim Bhatt,54,T,0
2141,1063,Frederick Verma,46,F,0
2142,1064,Veda Dani,14,M,0
2143,1064,Ekani Babu,14,F,0
2144,1064,Manan Contractor,70,F,0
2145,1065,Neel Upadhyay,67,F,0
2146,1066,Faqid Nagy,71,M,0
2147,1066,Tejas Sharma,74,M,0
2148,1067,Aachal Mahal,69,T,0
2149,1067,Charan Anne,40,T,0
2150,1067,Abeer Deep,46,F,0
2151,1068,Yahvi Ratta,69,M,0
2152,1068,Mekhala Batta,80,T,0
2153,1068,Champak Magar,8,T,0
2154,1069,Ekapad Yadav,45,F,0
2155,1070,Ekbal Bava,59,F,0
2156,1070,Harish Kohli,5,T,0
2157,1070,Avni Prashad,48,F,0
2158,1071,Azad Hegde,53,F,0
2159,1072,Vedika Sangha,64,F,0
2160,1072,Qarin Batra,39,T,0
2161,1073,Wyatt Luthra,69,T,0
2162,1074,Faris Choudhary,62,T,0
2163,1074,Alka Modi,15,T,0
2164,1075,Priya Tara,17,T,0
2165,1075,Warinder Sarna,70,M,0
2166,1075,Jackson Thaker,59,T,0
2167,1076,Ridhi Kanda,39,M,0
2168,1076,Kashish Patla,33,F,0
2169,1077,Bhavini Batra,59,F,0
2170,1078,Patrick Talwar,36,M,0
2171,1078,Samarth Kamdar,62,F,0
2172,1079,Yasti Karan,12,T,0
2173,1079,Mekhala Wali,50,F,0
2174,1079,Sarthak Sagar,30,F,0
2175,1080,Lila Uppal,64,F,0
2176,1080,Anthony Kalita,57,M,0
2177,1080,Vihaan Aggarwal,70,F,0
2178,1081,Forum Kapoor,12,T,0
2179,1082,Zilmil Hans,7,F,0
2180,1082,Gagan Yadav,25,T,0
2181,1083,Vritti Dash,24,M,0
2182,1083,Arya Rout,11,T,0
2183,1083,Omisha Parekh,23,F,0
2184,1084,Dhriti Ray,69,M,0
2185,1084,Girindra Reddy,8,F,0
2186,1085,Gaurang Kakar,10,M,0
2187,1085,Manya Wali,51,T,0
2188,1085,Champak Comar,77,M,0
2189,1086,Oviya Dara,71,M,0
2190,1086,Faraj Singhal,15,T,0
2191,1087,Vamakshi Gade,39,T,0
2192,1087,Chakrika Prabhu,13,M,0
2193,1088,Tejas Dube,46,M,0
2194,1088,Ekanta Oommen,10,T,0
2195,1089,Aachal Tak,43,T,0
2196,1090,Eesha Kaur,18,T,0
2197,1091,Krishna Mall,59,T,0
2198,1091,Patrick Chokshi,32,M,0
2199,1091,Veda Guha,7,M,0
2200,1092,Rehaan Sanghvi,26,T,0
2201,1092,Ayush Sridhar,46,T,0
2202,1092,Jai Srinivas,9,T,0
2203,1093,Yatan Goyal,76,F,0
2204,1094,Nachiket Balasubramanian,54,M,0
2205,1095,Jacob Varma,53,M,0
2206,1095,Dhruv Nayar,68,F,0
2207,1095,Anusha Anand,36,F,0
2208,1096,Reyansh Sibal,13,F,0
2209,1096,Ekaja Mukhopadhyay,80,F,0
2210,1096,Charita Nair,33,F,0
2211,1097,Pratyush Gill,46,T,0
2212,1097,Owen Khurana,54,T,0
2213,1097,Lavanya Raj,18,T,0
2214,1098,Jonathan Mand,47,M,0
2215,1099,Anamika Rout,74,F,0
2216,1100,Lakshmi Sarin,6,M,0
2217,1101,Leela Deol,70,T,0
2218,1101,Hemal Bail,39,T,0
2219,1101,Amruta Jayaraman,15,M,0
2220,1102,Upma Ravel,10,T,0
2221,1102,Chaitanya Kuruvilla,13,M,0
2222,1102,Jeet Virk,27,M,0
2223,1103,Simon Maharaj,28,T,0
2224,1104,Rachita Behl,16,F,0
2225,1104,Advika Sarraf,33,M,0
2226,1104,Faris Bal,36,F,0
2227,1105,Jagrati Sahota,10,T,0
2228,1106,Vyanjana Master,15,T,0
2229,1106,Pratyush Jayaraman,41,T,0
2230,1106,Sarthak Pillai,79,T,0
2231,1107,Deepa Bath,44,T,0
2232,1107,Aishani Gokhale,13,F,0
2233,1108,Ekiya Swaminathan,67,F,0
2234,1108,Orinder Puri,21,T,0
2235,1109,Anirudh Chad,11,F,0
2236,1110,Yahvi Pillay,71,F,0
2237,1110,Vrishti Sharaf,69,T,0
2238,1110,Krisha Soman,79,T,0
2239,1111,Rishi Sami,41,T,0
2240,1112,Kamala Sarraf,44,F,0
2241,1113,Laban Rama,16,T,0
2242,1114,Lakshit Pandya,73,F,0
2243,1114,Sanaya Sharaf,65,F,0
2244,1115,Alka Doctor,47,M,0
2245,1116,Sai Panchal,78,M,0
2246,1117,Bahadurjit Rege,57,T,0
2247,1118,Kalpit Sabharwal,67,M,0
2248,1118,Azad Arya,13,M,0
2249,1118,Abha Shukla,59,M,0
2250,1119,Oviya Brahmbhatt,72,F,0
2251,1119,Yachana Rastogi,75,M,0
2252,1119,Faris Chadha,72,T,0
2253,1120,Damini Singhal,79,T,0
2254,1121,Avni Shenoy,70,M,0
2255,1122,Anya Gala,54,M,0
2256,1122,Vincent Aggarwal,45,M,0
2257,1122,Quincy Taneja,76,F,0
2258,1123,Isha Bhavsar,14,M,0
2259,1123,Gaurang Wali,9,M,0
2260,1124,Chandani Mittal,64,M,0
2261,1125,Anay Ganesan,24,M,0
2262,1126,Varenya Mittal,10,M,0
2263,1127,Amara Sahota,9,M,0
2264,1127,Farhan Palla,40,T,0
2265,1128,Faqid Garde,64,T,0
2266,1128,Ganga Patel,46,F,0
2267,1128,Krisha Sharma,69,F,0
2268,1129,Aashi Datta,79,F,0
2269,1130,Chakrika Chana,64,F,0
2270,1130,Chakrika Ratti,20,M,0
2271,1131,Chaman Anne,8,T,0
2272,1132,Jalsa Mitter,25,M,0
2273,1132,Ekaja Shan,72,T,0
2274,1132,Rachana Khanna,58,F,0
2275,1133,Arin Saini,36,T,0
2276,1133,Lavanya Rai,39,M,0
2277,1134,Jatin Ravel,8,T,0
2278,1135,Azaan Wadhwa,36,M,0
2279,1135,Anika Taneja,12,F,0
2280,1136,Nakul Dhingra,22,T,0
2281,1136,Chakradhar Sheth,74,T,0
2282,1136,Harinakshi Tak,45,F,0
2283,1137,Gaurang Merchant,42,M,0
2284,1137,Quincy Basu,40,M,0
2285,1138,Lajita Bassi,21,T,0
2286,1138,Ayush Ghose,60,T,0
2287,1139,Harita Barman,44,F,0
2288,1140,Yutika Swamy,49,F,0
2289,1141,Kabir Devi,55,T,0
2290,1142,Forum Dara,21,M,0
2291,1142,Ekantika Korpal,71,M,0
2292,1143,Nilima Som,42,F,0
2293,1143,Daksh Narula,62,T,0
2294,1143,Jonathan Ramesh,67,F,0
2295,1144,Aarav Choudhry,59,M,0
2296,1144,Mitesh Korpal,54,T,0
2297,1145,Warhi Thakkar,79,F,0
2298,1145,Mohini Mallick,11,M,0
2299,1146,Gaurika Din,21,M,0
2300,1146,Vihaan Parikh,57,F,0
2301,1146,Finn Sridhar,5,M,0
2302,1147,Tanvi Malhotra,70,M,0
2303,1148,Niharika Parekh,32,T,0
2304,1148,Ekbal Parmar,19,F,0
2305,1149,Samuel Panchal,42,F,0
2306,1149,Darsh Choudhary,45,F,0
2307,1149,Rehaan Barad,37,T,0
2308,1150,Tanveer Mody,74,T,0
2309,1151,Charita Ahluwalia,10,F,0
2310,1152,Hemani Konda,22,M,0
2311,1153,Chanakya Natarajan,79,F,0
2312,1153,Megha Mistry,15,M,0
2313,1153,Hredhaan Dua,42,T,0
2314,1154,Onkar Chada,71,F,0
2315,1154,Ekani Kalla,74,T,0
2316,1155,Teerth Prabhakar,77,F,0
2317,1156,Sanaya Bains,30,F,0
2318,1157,Chandani Char,62,M,0
2319,1157,Noah Nori,32,F,0
2320,1157,Harish Sanghvi,37,M,0
2321,1158,Radha Palla,9,M,0
2322,1159,Gayathri Roy,26,F,0
2323,1159,Lohit Agate,16,F,0
2324,1160,Charan Batta,26,T,0
2325,1161,Jasmit Sidhu,39,T,0
2326,1161,Nandini Kumar,29,T,0
2327,1161,Udant Oommen,27,M,0
2328,1162,Dipta Doshi,21,M,0
2329,1163,Vinaya Pathak,59,M,0
2330,1163,Nilima Rau,30,T,0
2331,1164,Chasmum Sawhney,30,T,0
2332,1164,Charita Badami,30,T,0
2333,1164,Harsh Krishnamurthy,62,F,0
2334,1165,Ekaja Oak,51,M,0
2335,1166,Balhaar Das,24,T,0
2336,1166,Atharv Halder,24,F,0
2337,1167,Rachana Gokhale,22,F,0
2338,1167,Dipta Chaudhari,20,M,0
2339,1168,Rudra Sangha,23,F,0
2340,1168,Wriddhish Pillai,71,F,0
2341,1169,Kiaan Walla,39,T,0
2342,1169,Anamika Chada,45,T,0
2343,1169,Vihaan Pai,7,F,0
2344,1170,Upadhriti Mukherjee,23,M,0
2345,1170,Waida Mukherjee,25,M,0
2346,1171,Vedant Patla,6,M,0
2347,1171,Janya Dube,60,T,0
2348,1171,Aryan Varghese,14,M,0
2349,1172,Ekansh Dhaliwal,28,M,0
2350,1173,Ojas Borra,60,T,0
2351,1173,Ojas Naidu,52,T,0
2352,1173,Krishna Butala,13,M,0
2353,1174,Ati Mangat,23,M,0
2354,1174,Imaran Verma,69,F,0
2355,1175,Yasti Badami,59,F,0
2356,1175,Maanas Bhardwaj,44,F,0
2357,1175,Harish Kalita,13,T,0
2358,1176,Lavanya Desai,52,F,0
2359,1176,Ayaan Borde,60,M,0
2360,1177,Lopa Apte,77,T,0
2361,1177,Aarav Trivedi,54,M,0
2362,1177,Megha Manne,80,M,0
2363,1178,Ikbal Khalsa,62,M,0
2364,1178,Krishna Dhawan,75,M,0
2365,1179,Manan Barman,55,F,0
2366,1179,Zaitra Rana,73,M,0
2367,1179,Chandani Chauhan,47,T,0
2368,1180,Falguni Rattan,11,F,0
2369,1180,Pushti Sibal,63,T,0
2370,1180,Ikbal Chacko,40,T,0
2371,1181,Bachittar Sur,55,F,0
2372,1181,Veer Misra,73,T,0
2373,1182,Ucchal Apte,70,F,0
2374,1182,Aradhana Gill,18,T,0
2375,1183,Yashvi Shah,19,F,0
2376,1184,Wriddhish Narain,48,F,0
2377,1184,Varsha Mukhopadhyay,67,T,0
2378,1185,Nicholas Bumb,59,M,0
2379,1186,Waida Bumb,67,T,0
2380,1186,Avi Handa,13,M,0
2381,1186,Hemani Roy,5,F,0
2382,1187,Aayush Narayan,27,T,0
2383,1187,Manya Kulkarni,55,F,0
2384,1188,Jack Setty,48,M,0
2385,1188,Tanvi Shetty,35,M,0
2386,1189,Ekta Sha,68,M,0
2387,1190,Aadi Mittal,23,F,0
2388,1190,Caleb Mitter,12,T,0
2389,1191,Odika Dalal,29,T,0
2390,1192,Triya Doctor,67,F,0
2391,1192,Max Ganesan,59,F,0
2392,1193,Ladli Gopal,21,F,0
2393,1193,Ekansh Kamdar,24,F,0
2394,1193,Nimrat Soni,41,M,0
2395,1194,Banjeet Jha,50,F,0
2396,1195,Ishita Dasgupta,34,T,0
2397,1195,Oni Gera,22,F,0
2398,1196,Charles Dhar,50,F,0
2399,1196,Victor Krishnan,58,T,0
2400,1197,Utkarsh Agate,28,M,0
2401,1198,Xavier Subramaniam,63,F,0
2402,1198,Bachittar Raja,54,M,0
2403,1198,Zehaan Wali,27,M,0
2404,1199,Jackson Venkatesh,60,T,0
2405,1199,Aahana Ganesan,60,T,0
2406,1200,Ayushman Srinivasan,47,T,0
2407,1200,Sanya Ranganathan,58,M,0
2408,1201,Nandini Sachdeva,18,F,0
2409,1201,Karan Zacharia,5,F,0
2410,1201,Veda Dutta,12,T,0
2411,1202,Charita Contractor,55,M,0
2412,1202,Abhiram Keer,42,M,0
2413,1202,Qadim Toor,37,M,0
2414,1203,Praneel Vyas,54,M,0
2415,1203,Devika Nigam,38,M,0
2416,1204,Vrinda Patel,22,T,0
2417,1205,Karan Shukla,61,F,0
2418,1205,Andrew Chaudhari,13,M,0
2419,1206,Christopher Srivastava,14,F,0
2420,1207,Aashi Nayak,61,F,0
2421,1207,Mitesh Karnik,45,T,0
2422,1208,Abhimanyu Chandran,56,M,0
2423,1209,Ethan De,58,T,0
2424,1209,Jagdish Dubey,66,T,0
2425,1210,Ekantika Dash,44,T,0
2426,1211,Unni Khanna,48,F,0
2427,1212,Ekaraj Gokhale,17,T,0
2428,1212,Upma Sengupta,22,T,0
2429,1212,Radha Shenoy,24,M,0
2430,1213,Imaran Nazareth,75,T,0
2431,1213,Damyanti Kapoor,42,M,0
2432,1213,Naksh Batta,21,T,0
2433,1214,Irya Subramanian,15,T,0
2434,1214,Vanya Sagar,75,M,0
2435,1215,Jasmit Lal,71,F,0
2436,1216,Wyatt Chopra,36,F,0
2437,1217,Jeremiah Kapoor,17,F,0
2438,1217,Forum Wable,71,T,0
2439,1217,Saumya Mohan,48,T,0
2440,1218,Vasana Sood,39,M,0
2441,1219,Nihal Mitra,74,M,0
2442,1220,Christopher Sankaran,16,T,0
2443,1220,Sudiksha Ray,43,T,0
2444,1220,Devika Mitra,34,M,0
2445,1221,Nandini Tailor,61,F,0
2446,1222,Idika Ghosh,12,F,0
2447,1222,Tristan Natt,52,F,0
2448,1223,Harini Kothari,13,T,0
2449,1224,Praneel Dua,63,M,0
2450,1224,Vamakshi Kulkarni,25,F,0
2451,1225,Chanakya Dass,80,M,0
2452,1225,Kevin Narain,57,M,0
2453,1225,Ayush Sura,51,T,0
2454,1226,Maya Mody,20,T,0
2455,1227,Ekani Kaul,43,M,0
2456,1228,Upma Choudhary,22,F,0
2457,1228,Widisha Murthy,80,F,0
2458,1229,Yutika Deep,39,T,0
2459,1229,Nimrat Korpal,74,T,0
2460,1230,Dhriti Barman,17,M,0
2461,1231,Osha Sehgal,27,F,0
2462,1231,Faras Mohan,65,T,0
2463,1232,Vedika Varghese,65,T,0
2464,1233,Xavier Virk,55,M,0
2465,1233,Nikita Trivedi,13,M,0
2466,1234,Balendra Raj,24,M,0
2467,1234,Mugdha Yadav,7,M,0
2468,1235,Nachiket Sura,34,T,0
2469,1236,Ayush Walla,51,M,0
2470,1236,Chandran Ratta,79,M,0
2471,1237,Vasana Lall,61,F,0
2472,1237,Radhika Raghavan,30,T,0
2473,1238,Sarthak Mitter,56,M,0
2474,1239,Priya Narula,49,T,0
2475,1239,Wriddhish Singh,35,T,0
2476,1239,Vasatika Khurana,58,F,0
2477,1240,Naveen Sagar,20,M,0
2478,1240,Kamya Mandal,32,T,0
2479,1241,Lakshit Prasad,21,T,0
2480,1242,Azad Tripathi,18,T,0
2481,1242,Sathvik Tandon,29,F,0
2482,1243,Gunbir Ramanathan,47,T,0
2483,1243,Agastya Jain,73,T,0
2484,1244,Arunima Cherian,47,M,0
2485,1244,Nitara Murthy,34,F,0
2486,1244,Odika Ram,6,M,0
2487,1245,Noah Datta,60,F,0
2488,1245,Baljiwan Dayal,35,M,0
2489,1245,Bhavini Barad,50,T,0
2490,1246,Yashica Arora,7,T,0
2491,1246,Ekaraj Sachar,57,F,0
2492,1247,Vinaya Vyas,43,M,0
2493,1248,Nachiket Aurora,28,M,0
2494,1248,Nathaniel Lad,5,M,0
2495,1249,Faraj Mital,35,F,0
2496,1249,Benjamin Kara,57,M,0
2497,1249,Imaran Walia,29,T,0
2498,1250,Aishani Sha,16,F,0
2499,1251,Adweta Brar,21,T,0
2500,1252,Sai Agate,62,T,0
2501,1253,Chaman Thakur,56,F,0
2502,1253,Simon Biswas,64,T,0
2503,1254,Suhani Loyal,49,T,0
2504,1254,Tristan Kala,72,M,0
2505,1254,Alka Kuruvilla,7,T,0
2506,1255,Udarsh Ganesh,33,M,0
2507,1256,Gaurangi Merchant,7,F,0
2508,1256,Girindra Gandhi,19,T,0
2509,1257,Zilmil Magar,55,T,0
2510,1257,Zansi Boase,60,M,0
2511,1257,Advik Koshy,37,F,0
2512,1258,Dayita Hora,71,F,0
2513,1258,Balhaar Sawhney,34,F,0
2514,1258,Indrajit Borah,76,T,0
2515,1259,Bhavini Memon,5,M,0
2516,1260,Neel Karnik,36,T,0
2517,1261,Pranit Rajagopalan,61,F,0
2518,1261,Ijaya Kala,67,M,0
2519,1261,Isaac Sridhar,80,M,0
2520,1262,Krisha Narayan,63,F,0
2521,1262,Mitesh Srinivas,8,T,0
2522,1262,Sudiksha Chanda,69,T,0
2523,1263,Veer Nagarajan,64,F,0
2524,1263,Jeremiah Dani,16,T,0
2525,1264,Chasmum Rattan,70,T,0
2526,1264,Sara Aurora,6,M,0
2527,1264,Chaman Narang,25,T,0
2528,1265,Ekanta Date,74,F,0
2529,1265,Forum Bajwa,74,T,0
2530,1265,Lopa Bera,55,F,0
2531,1266,Panini Borah,69,T,0
2532,1267,Keya Behl,18,T,0
2533,1268,Oni Boase,8,T,0
2534,1269,Bhavna Dara,66,F,0
2535,1269,Leena Bhatnagar,69,T,0
2536,1269,Ayush Dugal,17,M,0
2537,1270,Radha Mahal,15,M,0
2538,1270,Yagnesh Din,9,F,0
2539,1271,Neelima Sha,45,T,0
2540,1272,Qasim Sachdeva,51,M,0
2541,1272,Aarna Mitra,58,F,0
2542,1273,Falan More,60,M,0
2543,1273,Timothy Batra,74,F,0
2544,1274,Ijaya Bhalla,41,F,0
2545,1274,Ojas Subramaniam,75,M,0
2546,1275,Amaira Ramakrishnan,48,F,0
2547,1276,Megha Bajaj,63,T,0
2548,1276,Madhav Gupta,43,T,0
2549,1277,Hemangini Suri,45,F,0
2550,1277,Utkarsh Shah,68,M,0
2551,1278,Aachal Seth,21,F,0
2552,1278,Frederick Borah,19,F,0
2553,1278,Varenya Kalita,27,T,0
2554,1279,Hemang Chauhan,30,T,0
2555,1280,Yashoda Dhingra,34,M,0
2556,1281,Fiyaz Garg,46,M,0
2557,1281,Victor Sane,50,M,0
2558,1281,Bina Palla,28,M,0
2559,1282,Vrishti Sani,40,T,0
2560,1282,Meghana Narain,31,F,0
2561,1282,Naksh Narang,34,T,0
2562,1283,Chavvi Yogi,11,M,0
2563,1283,Kabir Dave,51,M,0
2564,1283,Oscar Johal,33,F,0
2565,1284,Balvan Dube,48,F,0
2566,1285,Ishwar Saran,74,M,0
2567,1285,Ayushman Choudhury,19,M,0
2568,1285,Meghana Kant,5,F,0
2569,1286,Aachal Prakash,79,T,0
2570,1286,Zayyan Bhatt,10,T,0
2571,1287,Bina Narula,54,F,0
2572,1287,Harish Narayan,7,T,0
2573,1288,Chakrika Char,53,F,0
2574,1288,Jagrati Ahuja,32,T,0
2575,1288,Andrew Reddy,68,F,0
2576,1289,Ekta Thakur,32,M,0
2577,1290,Hredhaan Chahal,61,F,0
2578,1290,Forum Dutt,45,F,0
2579,1290,Ekaja Toor,16,M,0
2580,1291,Wazir Bahri,36,T,0
2581,1291,Jagrati Walla,63,T,0
2582,1292,Falguni Merchant,34,F,0
2583,1292,Pratyush Bath,33,F,0
2584,1292,Ira Ray,10,T,0
2585,1293,Zashil Nair,30,T,0
2586,1294,Oliver Golla,48,F,0
2587,1295,Kalpit Tripathi,31,T,0
2588,1295,Abhimanyu Tandon,11,M,0
2589,1295,Madhavi Cherian,21,M,0
2590,1296,Meera Bava,78,T,0
2591,1296,Siddharth Verma,14,T,0
2592,1297,Xavier Behl,27,M,0
2593,1297,Aayush Singhal,5,M,0
2594,1297,Watika Mane,21,M,0
2595,1298,Krishna Rajan,12,F,0
2596,1298,Bhavani Kata,65,F,0
2597,1298,Siya Pant,37,M,0
2598,1299,Zaitra Narayan,58,T,0
2599,1299,Turvi Sanghvi,56,T,0
2600,1300,Tejas Mohan,64,F,0
2601,1300,Vrinda Kade,56,F,0
2602,1301,Lipika Dugar,25,M,0
2603,1302,Rachit Kapur,33,M,0
2604,1303,Wazir Murthy,63,T,0
2605,1304,Raghav Dey,61,M,0
2606,1305,Jhalak Padmanabhan,39,F,0
2607,1305,Benjamin Dixit,57,F,0
2608,1306,Robert Sahota,71,T,0
2609,1307,Akshay Sahota,26,F,0
2610,1307,Ayushman Sarma,57,F,0
2611,1307,Harshil Dube,42,M,0
2612,1308,Bhanumati Saini,38,F,0
2613,1308,Yuvraj Agrawal,59,T,0
2614,1308,Kamala Pingle,33,F,0
2615,1309,Gaurangi Sangha,25,M,0
2616,1310,Zinal Gokhale,8,F,0
2617,1311,Arin Rattan,61,T,0
2618,1312,Balvan Bhalla,70,T,0
2619,1313,Elijah Dugar,53,F,0
2620,1313,Manan Chowdhury,63,F,0
2621,1314,Oscar Sahni,52,M,0
2622,1314,Christopher Dass,44,M,0
2623,1314,Yasti Kaul,68,M,0
2624,1315,Matthew Dutt,38,T,0
2625,1315,Fariq Ganesh,76,M,0
2626,1316,Agastya Saha,41,M,0
2627,1316,Pooja Lanka,47,F,0
2628,1317,Zashil Singh,70,F,0
2629,1318,Tara Bera,21,T,0
2630,1318,Gabriel Dhar,53,T,0
2631,1319,Aarini Dar,6,F,0
2632,1319,Avi Agarwal,66,T,0
2633,1319,Rohan Tailor,75,M,0
2634,1320,Dalaja Sodhi,72,T,0
2635,1320,Devansh Dhawan,15,F,0
2636,1320,Rayaan Dasgupta,74,T,0
2637,1321,Anmol Vig,50,F,0
2638,1321,Aarnav Dani,37,F,0
2639,1321,Aarav Varkey,21,M,0
2640,1322,Panini Pradhan,63,F,0
2641,1323,Gavin Banerjee,12,F,0
2642,1323,Charan Singh,60,T,0
2643,1323,Hitesh Taneja,42,T,0
2644,1324,Orinder Singhal,19,F,0
2645,1325,Matthew Rajagopal,78,M,0
2646,1325,Noah Bhalla,33,T,0
2647,1326,Ridhi Manne,36,F,0
2648,1327,Sara Raghavan,35,T,0
2649,1327,Krisha Agrawal,78,T,0
2650,1327,Hemal Taneja,55,M,0
2651,1328,Mahika Varty,39,F,0
2652,1328,Anvi Mahajan,80,M,0
2653,1329,Onveer Mander,65,M,0
2654,1330,Ikbal Chatterjee,12,T,0
2655,1330,Gautam Bhandari,53,T,0
2656,1331,Xavier Parikh,66,T,0
2657,1332,Hiral Tandon,27,F,0
2658,1332,Abhiram Natt,41,F,0
2659,1332,Chaman Gade,63,M,0
2660,1333,Hemang Subramaniam,69,M,0
2661,1334,Gayathri Wason,28,T,0
2662,1334,Anika Padmanabhan,37,M,0
2663,1334,Pratyush Sampath,17,M,0
2664,1335,Chaitaly Biswas,49,M,0
2665,1335,Arunima Agrawal,32,F,0
2666,1336,Indrajit Dua,79,M,0
2667,1336,Bhavini Menon,37,M,0
2668,1336,Xavier Sami,17,M,0
2669,1337,Zarna Balan,6,F,0
2670,1337,Vincent Chaudry,78,F,0
2671,1337,Bakhshi Deep,74,M,0
2672,1338,Neel Mane,19,F,0
2673,1338,Tanmayi Pandey,54,F,0
2674,1338,Raghav Bhatnagar,73,M,0
2675,1339,Megha Saha,34,F,0
2676,1339,Eiravati Misra,13,M,0
2677,1339,Yashvi Narula,67,F,0
2678,1340,Onveer Virk,73,T,0
2679,1340,Rachita Barman,67,F,0
2680,1340,Anjali Ramakrishnan,47,T,0
2681,1341,Oliver Zachariah,66,T,0
2682,1341,Gavin Ganesh,64,M,0
2683,1342,Urishilla Dhawan,77,T,0
2684,1342,Kritika Balakrishnan,15,T,0
2685,1342,Mason Ahuja,12,F,0
2686,1343,Tristan Lata,33,M,0
2687,1343,Jyoti Srinivasan,16,F,0
2688,1343,Hema Sandal,79,M,0
2689,1344,Harinakshi Wali,26,T,0
2690,1345,Michael Narula,46,T,0
2691,1345,Geetika Mannan,25,F,0
2692,1346,Hemang Sagar,76,F,0
2693,1346,Ekapad Parsa,38,T,0
2694,1347,Hemal Rai,33,F,0
2695,1347,Chameli Mallick,49,M,0
2696,1347,Raagini Tata,43,M,0
2697,1348,Adweta Munshi,80,T,0
2698,1348,Nathaniel Sama,80,F,0
2699,1349,Champak Kar,62,M,0
2700,1350,Udarsh Kota,28,M,0
2701,1351,Jackson Pau,35,F,0
2702,1352,Shivani Swaminathan,44,M,0
2703,1352,Yasti Sharma,76,M,0
2704,1353,Harini Oza,74,F,0
2705,1354,Ishwar Mital,69,F,0
2706,1354,Bhavini Borde,72,F,0
2707,1355,Gopal Bhavsar,28,M,0
2708,1356,Ekaja Dixit,33,M,0
2709,1356,Samarth Baria,27,F,0
2710,1356,Urvashi Rajan,11,F,0
2711,1357,Wyatt Gera,23,F,0
2712,1357,Om Mane,60,F,0
2713,1357,Aditya Ghose,43,T,0
2714,1358,Avi Mandal,49,F,0
2715,1358,Zayyan Chakrabarti,51,M,0
2716,1358,Warjas Dube,10,F,0
2717,1359,Urvashi Biswas,13,M,0
2718,1359,Tanish Sankaran,56,T,0
2719,1360,Samar Thakkar,30,F,0
2720,1361,Nicholas Vora,31,F,0
2721,1361,Ekaraj Raghavan,7,T,0
2722,1361,Chasmum Patel,45,F,0
2723,1362,Girindra Sathe,57,T,0
2724,1363,Ekapad Sule,61,T,0
2725,1364,Yuvraj Magar,30,T,0
2726,1364,Jhalak Sani,67,M,0
2727,1365,Hemani Bhardwaj,48,M,0
2728,1366,Sathvik Dalal,44,M,0
2729,1366,Atharv Hayre,24,M,0
2730,1366,Yahvi Bose,40,M,0
2731,1367,Samesh Bhasin,43,T,0
2732,1367,Mohini Shenoy,14,T,0
2733,1367,Agastya Pai,78,F,0
2734,1368,Eesha Virk,38,T,0
2735,1368,Avi Tandon,19,F,0
2736,1369,Azaan Ravi,33,F,0
2737,1369,Vritti Memon,17,M,0
2738,1370,Ekta Dhaliwal,26,F,0
2739,1371,Tanish Mukhopadhyay,15,T,0
2740,1372,Nisha Kumer,34,T,0
2741,1372,Januja Venkataraman,78,T,0
2742,1373,Vedant Cherian,19,M,0
2743,1373,Gaurangi Pai,35,F,0
2744,1373,Riya Srivastava,62,T,0
2745,1374,Fariq Pingle,75,F,0
2746,1375,Keya Borra,35,F,0
2747,1376,Ladli Toor,11,T,0
2748,1377,Ayush Andra,34,T,0
2749,1378,Sarthak Ramakrishnan,73,T,0
2750,1378,Jhalak Bhakta,7,F,0
2751,1379,Nisha Lad,43,T,0
2752,1380,Dalaja Golla,34,M,0
2753,1381,Xiti Amble,76,M,0
2754,1382,Eiravati Gour,35,M,0
2755,1383,Udyati Chauhan,20,M,0
2756,1383,Bhanumati Nazareth,70,T,0
2757,1384,Oscar Korpal,16,M,0
2758,1384,Indali Doctor,42,T,0
2759,1384,Tanay Subramanian,35,T,0
2760,1385,Fitan Om,7,F,0
2761,1386,Jai D’Alia,20,F,0
2762,1386,Jagdish Borra,24,T,0
2763,1387,Yamini Khosla,61,T,0
2764,1387,Tanvi Patil,74,F,0
2765,1387,Orinder Mittal,47,M,0
2766,1388,Harini Kibe,69,F,0
2767,1389,Noah Ravi,48,T,0
2768,1390,Qushi Patel,30,M,0
2769,1390,Tanveer Patel,32,M,0
2770,1391,Ranbir Sodhi,32,M,0
2771,1392,Wishi Banerjee,77,F,0
2772,1392,Anjali Thaman,30,M,0
2773,1393,Nimrat Goda,45,T,0
2774,1394,Kiaan Sane,25,F,0
2775,1394,Megha Patel,44,M,0
2776,1394,Gaurav Uppal,19,T,0
2777,1395,Kevin Dixit,51,T,0
2778,1396,Wyatt Anne,5,M,0
2779,1396,Triya Kuruvilla,16,M,0
2780,1396,Lakshmi Karan,19,T,0
2781,1397,Hema Iyengar,73,T,0
2782,1397,Aryan Bhatia,17,F,0
2783,1397,Shaurya Ratta,15,M,0
2784,1398,Udyati Dey,38,M,0
2785,1398,Widisha Goda,22,F,0
2786,1398,Geetika Johal,42,M,0
2787,1399,Zayan Bandi,33,F,0
2788,1399,Sanaya Apte,39,T,0
2789,1400,Avni Peri,36,F,0
2790,1401,Ucchal Kanda,22,T,0
2791,1401,Harrison Viswanathan,51,T,0
2792,1402,Libni Merchant,34,F,0
2793,1403,Ubika Dugar,66,F,0
2794,1403,Bimala Balan,42,T,0
2795,1404,Tanay Barad,25,M,0
2796,1404,Tanmayi Sidhu,46,F,0
2797,1405,Osha Pai,40,M,0
2798,1405,Faris Balan,43,F,0
2799,1405,Garima Apte,67,F,0
2800,1406,Omisha Sinha,69,F,0
2801,1406,Chameli Wali,31,T,0
2802,1407,Om Dua,80,M,0
2803,1407,Eshana Pandey,79,M,0
2804,1408,Janaki Saran,76,F,0
2805,1408,Rushil Borde,19,T,0
2806,1408,Dalbir Varghese,30,T,0
2807,1409,Lajita Puri,26,T,0
2808,1410,Onkar Jayaraman,11,F,0
2809,1410,Yashasvi Seth,32,T,0
2810,1411,Chasmum Venkataraman,24,M,0
2811,1411,Meghana Bajaj,22,F,0
2812,1412,Veda Sankar,25,M,0
2813,1413,Jasmit Chokshi,38,T,0
2814,1413,Bhavika Palla,8,T,0
2815,1414,Kalpit Thaker,29,T,0
2816,1415,Saanvi Mitter,65,M,0
2817,1416,Aishani Pant,29,T,0
2818,1416,Neha Trivedi,74,T,0
2819,1417,Alka Kapadia,43,M,0
2820,1417,Vincent Parmar,6,F,0
2821,1417,Nidra Narayan,22,M,0
2822,1418,Devansh Ahluwalia,45,M,0
2823,1419,Neha Lad,39,M,0
2824,1420,Indali Rege,46,T,0
2825,1420,Chaitanya Basak,10,M,0
2826,1421,Aadi Bal,51,T,0
2827,1421,Hamsini Subramaniam,55,T,0
2828,1422,Chaitaly Pandya,61,M,0
2829,1422,Girindra Chanda,32,F,0
2830,1422,Christopher Rajan,14,M,0
2831,1423,Girish Kapadia,70,T,0
2832,1423,Raksha Bumb,10,F,0
2833,1423,Waida Bose,78,M,0
2834,1424,Fiyaz Dube,68,M,0
2835,1424,Sarthak Dey,11,T,0
2836,1425,Alka Barman,52,M,0
2837,1426,Saumya Kumer,16,M,0
2838,1426,Lipika Ratta,68,M,0
2839,1426,Ekansh Golla,36,F,0
2840,1427,Chanakya Bhatnagar,48,F,0
2841,1427,Jairaj Deep,9,M,0
2842,1428,Daniel Sanghvi,13,F,0
2843,1429,Nihal Chakraborty,24,M,0
2844,1430,Xalak Chaudry,15,F,0
2845,1430,Balvan Keer,79,M,0
2846,1431,Yachana Banerjee,53,M,0
2847,1431,Karan Shan,59,M,0
2848,1432,Jagrati Sha,44,T,0
2849,1432,Raagini Gola,14,M,0
2850,1432,Rayaan Walla,73,T,0
2851,1433,Chaaya Prashad,29,M,0
2852,1433,Akshay Desai,46,T,0
2853,1434,Anamika Ratta,58,T,0
2854,1435,Kevin Jhaveri,51,M,0
2855,1435,Manbir Naidu,42,M,0
2856,1435,Anusha Gola,48,M,0
2857,1436,Ekani Virk,24,F,0
2858,1437,Raghav Dani,35,T,0
2859,1437,Kamya Sachdev,33,M,0
2860,1438,Aradhana Borde,58,M,0
2861,1438,Azaan Yohannan,14,F,0
2862,1439,Manthan Char,52,T,0
2863,1439,Prisha Wali,55,F,0
2864,1440,Deepa Gaba,34,M,0
2865,1440,Hemangini Sheth,66,F,0
2866,1440,Teerth Natarajan,32,T,0
2867,1441,Omisha Kala,78,T,0
2868,1441,Yadavi Virk,61,T,0
2869,1441,Rohan Tak,49,M,0
2870,1442,Samaksh Narain,27,M,0
2871,1443,Abhimanyu Lala,53,F,0
2872,1444,Urmi Munshi,19,F,0
2873,1444,Ekbal Kale,39,M,0
2874,1444,Jagvi Gupta,12,M,0
2875,1445,Vasana Merchant,54,M,0
2876,1445,Aarini Lall,20,M,0
2877,1446,Samarth Kala,8,M,0
2878,1447,Xavier Malhotra,64,T,0
2879,1448,Watika Patla,63,M,0
2880,1448,Odika Biswas,53,T,0
2881,1448,Vamakshi Vala,65,T,0
2882,1449,Aadhya Kalla,16,T,0
2883,1450,Veer Nagy,28,F,0
2884,1451,Meghana Sheth,33,M,0
2885,1451,Tripti Sinha,14,M,0
2886,1452,Neel Dubey,77,F,0
2887,1452,Pratyush Yohannan,79,M,0
2888,1453,Rudra Apte,65,M,0
2889,1453,Jagvi Sankar,68,M,0
2890,1454,Qabil Jain,11,F,0
2891,1455,Guneet Dube,63,F,0
2892,1456,Gaurang Som,26,T,0
2893,1456,Damyanti Kar,33,M,0
2894,1457,Yatin Tata,68,F,0
2895,1457,Hemang Joshi,68,F,0
2896,1458,Zinal Tailor,14,F,0
2897,1458,Vinaya Pau,41,T,0
2898,1458,Jalsa Sandal,19,T,0
2899,1459,Hiral Kannan,64,M,0
2900,1459,Chameli Gola,32,M,0
2901,1460,Hitesh Natt,50,M,0
2902,1460,Aadi Morar,58,T,0
2903,1461,Triveni Badami,60,T,0
2904,1461,Gaurav Oommen,56,F,0
2905,1462,Meera Dani,26,T,0
2906,1462,Pratyush Hari,30,T,0
2907,1463,Januja Pathak,50,M,0
2908,1464,Gopal Shukla,78,M,0
2909,1464,Samesh Goswami,36,M,0
2910,1464,Aayush Samra,46,M,0
2911,1465,Urvi Iyer,70,T,0
2912,1465,Xiti Radhakrishnan,48,T,0
2913,1466,Vrishti Randhawa,10,M,0
2914,1467,Alka Savant,35,T,0
2915,1467,Ikshita Pandya,65,M,0
2916,1467,Anvi Savant,63,T,0
2917,1468,Mitali Murty,43,M,0
2918,1469,Tarak Issac,8,T,0
2919,1469,Neha Gulati,16,F,0
2920,1470,Aradhana Balakrishnan,63,T,0
2921,1470,Timothy Shanker,70,F,0
2922,1471,Ayushman Murthy,45,F,0
2923,1472,Unni Mand,47,T,0
2924,1472,Amaira Ramesh,67,T,0
2925,1473,Urvi Lalla,69,M,0
2926,1473,Gautami Din,75,F,0
2927,1474,Chandani Vasa,71,M,0
2928,1474,Triya Soni,41,F,0
2929,1474,Samaksh Vasa,8,F,0
2930,1475,Shivansh Om,24,T,0
2931,1475,Hemangini Goswami,14,T,0
2932,1475,Azad Grewal,10,T,0
2933,1476,Darpan Srivastava,70,T,0
2934,1476,Jagdish Dutta,69,F,0
2935,1477,Zehaan Patla,80,F,0
2936,1478,Vrishti Bhatti,19,F,0
2937,1479,Suhani Wable,69,M,0
2938,1480,Vedant Kumar,51,M,0
2939,1481,Siya Toor,74,F,0
2940,1481,Madhavi Kunda,42,F,0
2941,1482,Advika Loke,60,M,0
2942,1483,Janaki Dutt,24,F,0
2943,1483,Baljiwan De,12,F,0
2944,1483,Lakshmi Hayre,62,T,0
2945,1484,Ayushman Sarraf,73,M,0
2946,1484,Ira Maharaj,25,M,0
2947,1484,Pranit Sheth,59,T,0
2948,1485,Balvan Rajagopalan,29,M,0
2949,1485,Christopher Mitra,70,M,0
2950,1486,Samarth Vora,77,M,0
2951,1486,Anika Narayan,58,F,0
2952,1487,Anvi Deep,17,T,0
2953,1487,Guneet Thaman,6,F,0
2954,1488,Pallavi Narasimhan,68,M,0
2955,1488,Adweta Thaker,71,F,0
2956,1488,Lila Chauhan,71,T,0
2957,1489,Yashvi Deshpande,71,F,0
2958,1489,Bhavya Ray,64,T,0
2959,1489,Benjamin Khanna,43,M,0
2960,1490,Shivansh Pillay,37,T,0
2961,1490,Yashoda Vaidya,56,F,0
2962,1490,David Tripathi,62,F,0
2963,1491,Jonathan Kalla,33,T,0
2964,1492,Triya Lanka,61,M,0
2965,1493,Vrinda Dalal,56,T,0
2966,1494,Adya Bail,5,M,0
2967,1495,Rudra Bhatnagar,56,F,0
2968,1496,Wridesh Mann,50,T,0
2969,1496,Ishani Nayar,74,T,0
2970,1497,Gavin Balan,24,F,0
2971,1498,Tanmayi Kata,28,T,0
2972,1498,Mahika Rajagopal,7,M,0
2973,1499,Aryan Chakrabarti,20,T,0
2974,1499,Jyoti Prabhu,67,M,0
2975,1499,Farhan Chander,40,F,0
2976,1500,Ranveer Khanna,16,M,0
2977,1501,Chameli Mander,61,M,0
2978,1501,Zinal Chaudhary,58,T,0
2979,1501,Sneha Sankaran,42,M,0
2980,1502,Yauvani Chanda,79,T,0
2981,1502,Chaitaly Grewal,66,T,0
2982,1503,Ojas Talwar,22,T,0
2983,1504,Lipika Vyas,50,M,0
2984,1504,Gaurang Mohan,63,T,0
2985,1505,Ganga Sarkar,43,M,0
2986,1506,Amrita Rama,46,M,0
2987,1506,Omya Venkataraman,53,M,0
2988,1507,Laban Lata,58,F,0
2989,1508,Sarthak Karpe,46,T,0
2990,1508,Anamika Bera,79,T,0
2991,1509,Shivani Rastogi,14,F,0
2992,1510,Tanish Sachdeva,49,F,0
2993,1510,Noah Sibal,52,T,0
2994,1510,Jhalak Roy,23,F,0
2995,1511,Yashvi Sankar,56,F,0
2996,1511,Zashil Shah,29,M,0
2997,1512,Anthony Oak,70,M,0
2998,1512,Kavya Chaudhuri,49,F,0
2999,1512,Udarsh Nadig,52,T,0
3000,1513,Kabir Johal,55,T,0
3001,1514,Januja Dora,44,T,0
3002,1514,Finn Wadhwa,19,T,0
3003,1515,Anirudh Gole,62,F,0
3004,1515,Pushti Chandran,25,T,0
3005,1515,Bimala Kale,17,M,0
3006,1516,Faraj Apte,16,M,0
3007,1516,Logan Chopra,74,T,0
3008,1516,Tamanna Mani,77,F,0
3009,1517,Mohammed Bassi,20,T,0
3010,1517,Yatan Butala,25,F,0
3011,1518,Pavani Sabharwal,60,T,0
3012,1518,Mitali Bassi,28,T,0
3013,1518,Timothy Jaggi,38,F,0
3014,1519,Sudiksha Nanda,41,M,0
3015,1519,Hamsini Doctor,25,M,0
3016,1520,Abhimanyu Parekh,66,F,0
3017,1520,Vinaya Barman,29,M,0
3018,1521,Pranit Khosla,73,T,0
3019,1522,Raghav Dhillon,59,F,0
3020,1523,Luke Banerjee,49,M,0
3021,1523,Ekapad Bhattacharyya,19,M,0
3022,1523,Dalaja Thaman,60,T,0
3023,1524,Wazir Ahuja,12,T,0
3024,1524,Vasatika Pillay,58,F,0
3025,1524,Rishi Shroff,8,F,0
3026,1525,Viraj Seshadri,50,M,0
3027,1525,Bachittar Din,24,F,0
3028,1526,Qarin Om,74,F,0
3029,1526,Udarsh Kala,57,M,0
3030,1526,George Sen,57,T,0
3031,1527,William Balasubramanian,63,T,0
3032,1527,Dakshesh Palan,38,F,0
3033,1528,Siddharth Prashad,70,M,0
3034,1529,Inaya Minhas,5,T,0
3035,1530,Pranit Arora,59,T,0
3036,1530,Ekani Sandal,29,M,0
3037,1531,Jacob Bala,45,T,0
3038,1531,Rajata Aggarwal,33,M,0
3039,1531,Arya Aggarwal,47,T,0
3040,1532,Udyati Swaminathan,73,T,0
3041,1532,Chandran Chad,64,M,0
3042,1533,Ayaan Swaminathan,60,M,0
3043,1533,Samaksh Nadkarni,54,T,0
3044,1534,Indira Basu,21,M,0
3045,1534,Warhi Parikh,66,T,0
3046,1535,Adweta Upadhyay,61,T,0
3047,1536,Damyanti Kalita,69,T,0
3048,1536,Kashish Raju,6,F,0
3049,1536,Jeet Goel,23,F,0
3050,1537,Manthan Raj,72,F,0
3051,1538,Tarak Baral,37,T,0
3052,1538,Maya Wali,45,F,0
3053,1539,Varsha Thaman,5,F,0
3054,1539,Ishaan Grewal,59,F,0
3055,1540,Vihaan Gandhi,43,F,0
3056,1541,Gautami Anand,44,M,0
3057,1542,Samar Borah,80,F,0
3058,1542,Charvi Kakar,52,M,0
3059,1542,Eiravati Jhaveri,9,F,0
3060,1543,Tripti Dugar,38,M,0
3061,1544,Quincy Kunda,11,T,0
3062,1544,Ryan Chaudhry,28,T,0
3063,1544,Krishna Sharma,20,M,0
3064,1545,Charita Dhingra,77,F,0
3065,1545,Urvi Lad,69,T,0
3066,1545,Ikshita Mallick,20,T,0
3067,1546,Ishaan Kala,76,F,0
3068,1546,Yatan Pingle,77,M,0
3069,1547,Baljiwan Gulati,38,T,0
3070,1548,Bhavini Edwin,73,F,0
3071,1548,Rachit Mittal,48,F,0
3072,1549,Maanas Krish,10,F,0
3073,1549,Aayush Suri,19,M,0
3074,1550,Chandresh Sahni,41,F,0
3075,1550,Zaid Vora,61,T,0
3076,1551,Aadi Garde,46,F,0
3077,1552,Frederick Wadhwa,71,F,0
3078,1552,Anamika Dara,24,F,0
3079,1553,Ekalinga Narasimhan,43,M,0
3080,1553,Ekaja Dada,15,T,0
3081,1553,Hardik Prakash,74,M,0
3082,1554,Anamika Thakur,31,T,0
3083,1554,Bina Choudhary,38,F,0
3084,1555,Om Sachar,74,M,0
3085,1555,Mitesh Ahluwalia,61,M,0
3086,1555,Nicholas Balasubramanian,21,M,0
3087,1556,Neha Patla,29,M,0
3088,1556,Ethan Din,36,F,0
3089,1557,Harsh Saha,78,F,0
3090,1557,Anjali Dasgupta,58,T,0
3091,1557,Rayaan Doctor,54,T,0
3092,1558,Zashil Arora,40,M,0
3093,1559,Advaith Dewan,78,F,0
3094,1559,Yatin Kulkarni,38,F,0
3095,1560,Wakeeta Sandhu,58,F,0
3096,1560,Upma Mittal,67,M,0
3097,1560,Xalak Sur,72,T,0
3098,1561,Elijah Bahl,7,M,0
3099,1561,Maanav Mander,54,T,0
3100,1561,Laksh Padmanabhan,44,M,0
3101,1562,Omkaar Vaidya,20,T,0
3102,1562,Lakshmi Handa,29,F,0
3103,1563,Jhalak Keer,20,F,0
3104,1563,Faris Sandhu,28,F,0
3105,1563,Faris Halder,34,F,0
3106,1564,Upasna Aggarwal,27,T,0
3107,1564,Varenya Prasad,74,M,0
3108,1564,Chameli Mandal,42,T,0
3109,1565,Wazir Apte,42,M,0
3110,1566,Onveer Gaba,21,M,0
3111,1566,Gaurangi Nayar,45,F,0
3112,1567,Hardik Bal,63,T,0
3113,1568,Advaith Nayak,60,T,0
3114,1568,Zayan Bhattacharyya,21,M,0
3115,1569,Rushil Gera,29,T,0
3116,1570,Ekavir Edwin,79,F,0
3117,1571,Yahvi Rau,78,F,0
3118,1571,Wridesh Bhagat,79,F,0
3119,1571,Gaurika Lad,39,M,0
3120,1572,George Barad,75,M,0
3121,1572,Kai Bir,69,T,0
3122,1572,Daksha Borra,13,M,0
3123,1573,Rehaan Gour,49,F,0
3124,1574,Samarth Mohanty,55,F,0
3125,1574,Kai Chawla,64,F,0
3126,1575,Ryan Dara,41,F,0
3127,1575,Gayathri Peri,62,T,0
3128,1576,Frederick Suresh,74,T,0
3129,1576,Faraj Virk,12,T,0
3130,1576,Sudiksha Swaminathan,55,M,0
3131,1577,Udant Shan,12,F,0
3132,1578,Jalsa Dada,8,M,0
3133,1578,Eiravati Om,25,F,0
3134,1579,Azaan Tara,79,T,0
3135,1580,William Raman,77,F,0
3136,1580,Bachittar Pathak,28,F,0
3137,1581,Osha Shan,72,F,0
3138,1581,Logan Bhagat,29,T,0
3139,1582,Balendra Sengupta,41,F,0
3140,1582,Tamanna Sidhu,39,F,0
3141,1583,Aditya Malhotra,50,M,0
3142,1584,Jeevika Swamy,31,M,0
3143,1584,Ati Chandran,59,M,0
3144,1585,Rachita Date,62,M,0
3145,1585,Charita Tank,70,F,0
3146,1585,Aarna Sachdeva,9,M,0
3147,1586,Ubika Batta,19,F,0
3148,1586,Chaaya Kapur,59,M,0
3149,1587,Tanay Bhandari,10,M,0
3150,1587,Vedant Varghese,48,M,0
3151,1588,Barkha Wable,53,F,0
3152,1589,Ishanvi Raghavan,71,M,0
3153,1589,Gunbir Uppal,52,T,0
3154,1589,Ojas Sheth,62,M,0
3155,1590,Lakshmi Singh,20,T,0
3156,1591,Ishaan Bala,6,T,0
3157,1591,Ayaan Raghavan,51,M,0
3158,1591,Vrinda Chaudry,57,M,0
3159,1592,Raksha Konda,62,F,0
3160,1592,Ryan Lanka,46,T,0
3161,1592,Diya Samra,27,M,0
3162,1593,Anvi Narayan,56,F,0
3163,1593,Shaurya Sarna,29,M,0
3164,1594,Victor Pall,57,T,0
3165,1595,Diya Bath,28,M,0
3166,1595,Yashoda Chakrabarti,39,M,0
3167,1596,Madhavi Lalla,64,T,0
3168,1596,Bahadurjit Mohan,55,M,0
3169,1596,Barkha Bera,16,T,0
3170,1597,Chameli Saraf,44,M,0
3171,1597,Tanvi Patla,70,F,0
3172,1597,Sarthak Taneja,75,F,0
3173,1598,Aachal Bajwa,30,F,0
3174,1599,Darpan Kapadia,60,M,0
3175,1599,Zayyan Sidhu,26,M,0
3176,1599,Ria Dhar,45,M,0
3177,1600,Yatin Trivedi,11,F,0
3178,1600,Amara Dubey,11,M,0
3179,1601,Aishani Sachdeva,13,T,0
3180,1601,Gayathri Mohan,65,T,0
3181,1601,Irya Shan,15,T,0
3182,1602,Tanay Joshi,71,F,0
3183,1602,Kai Soni,80,M,0
3184,1603,Banjeet Mall,19,T,0
3185,1604,Abeer Deshpande,34,M,0
3186,1604,Neel Barad,23,T,0
3187,1605,Alka Kalla,24,M,0
3188,1605,Tanmayi Hari,21,T,0
3189,1606,Advik Devi,43,T,0
3190,1606,Aarav Suri,20,F,0
3191,1606,Noah Bir,18,M,0
3192,1607,Pratyush Agrawal,53,T,0
3193,1608,Henry De,14,M,0
3194,1609,Daniel Sodhi,25,F,0
3195,1609,Orinder Bala,6,F,0
3196,1609,Frederick Dugar,14,M,0
3197,1610,Zaitra Shetty,13,F,0
3198,1610,Ishwar Sharma,43,M,0
3199,1610,Sanaya Balan,36,T,0
3200,1611,Gayathri Arora,61,F,0
3201,1611,Ati Dara,49,F,0
3202,1611,Arjun Batta,75,F,0
3203,1612,Ekta Oak,15,T,0
3204,1612,Abdul Nigam,8,M,0
3205,1612,Chavvi Nayak,69,T,0
3206,1613,Sanaya Gokhale,64,T,0
3207,1613,Harinakshi Chawla,30,F,0
3208,1614,Nandini Dhingra,22,F,0
3209,1615,Krishna Sen,20,M,0
3210,1615,Bahadurjit Sathe,13,F,0
3211,1615,Yasti Parsa,7,T,0
3212,1616,Yamini Sem,18,T,0
3213,1616,Shivani Yogi,16,M,0
3214,1617,Manan Kuruvilla,29,T,0
3215,1617,Reva Atwal,44,F,0
3216,1617,Ria Agate,48,M,0
3217,1618,Yashodhara Sekhon,7,F,0
3218,1618,Meera Gokhale,62,F,0
3219,1619,Mohammed Krish,38,T,0
3220,1620,Abhimanyu Zacharia,63,M,0
3221,1620,Gauri Swaminathan,29,F,0
3222,1620,Nikita Batra,73,T,0
3223,1621,Ayaan Tara,47,M,0
3224,1622,Charan Mall,18,F,0
3225,1622,Vinaya More,62,M,0
3226,1623,Quincy Buch,42,T,0
3227,1623,Vanya Suri,39,F,0
3228,1624,Pushti Dara,11,F,0
3229,1625,Oscar Sahota,34,F,0
3230,1626,Siddharth Devi,66,T,0
3231,1626,Bimala Mahajan,25,F,0
3232,1626,Indali Saini,39,M,0
3233,1627,Chaman Mutti,59,T,0
3234,1627,Vihaan Chad,30,M,0
3235,1627,Neelima Mukherjee,12,M,0
3236,1628,Jeremiah Anand,38,F,0
3237,1629,David Mani,41,M,0
3238,1630,Chandani Majumdar,36,M,0
3239,1630,Ojas Ahluwalia,15,M,0
3240,1630,Faraj Pathak,79,F,0
3241,1631,Lajita Srinivas,31,F,0
3242,1631,Dalaja Sachdeva,65,F,0
3243,1631,Samaksh Barad,40,F,0
3244,1632,Ansh Rattan,76,M,0
3245,1632,Zayan Thaker,79,F,0
3246,1632,Hemal Virk,32,M,0
3247,1633,Nisha Shankar,66,F,0
3248,1633,Hiral Sha,30,M,0
3249,1633,Edhitha Bora,77,T,0
3250,1634,Rachana Kota,59,T,0
3251,1635,Chakradhar Das,7,M,0
3252,1635,Rachana Dayal,65,F,0
3253,1635,Panini Mohan,26,F,0
3254,1636,Laksh Sankar,26,T,0
3255,1636,Jackson Sundaram,20,M,0
3256,1636,Rayaan Saraf,35,T,0
3257,1637,Dalbir Munshi,65,M,0
3258,1637,Aditya Guha,80,F,0
3259,1638,Anika Sahni,33,M,0
3260,1638,Matthew Banik,69,T,0
3261,1639,Simon Pandit,67,F,0
3262,1639,Nachiket Mani,75,M,0
3263,1639,Karan Rajagopal,8,T,0
3264,1640,Dhriti Vyas,73,M,0
3265,1640,Dominic Mahal,30,F,0
3266,1641,Yatin Gour,51,T,0
3267,1642,Chasmum Jain,14,M,0
3268,1643,Isha Oza,70,F,0
3269,1644,Hredhaan Mani,21,M,0
3270,1644,Gunbir Gole,15,M,0
3271,1644,Niharika Sangha,6,F,0
3272,1645,Guneet Johal,65,T,0
3273,1645,Tristan Krish,24,F,0
3274,1645,Rajeshri Dugar,79,M,0
3275,1646,Ranbir Kale,76,T,0
3276,1647,Xavier Patil,73,M,0
3277,1647,Turvi Chahal,13,M,0
3278,1647,Pratyush Chad,17,M,0
3279,1648,Gaurang Bath,11,T,0
3280,1649,Omya Chander,70,M,0
3281,1649,Manan Dugar,15,F,0
3282,1650,Yashica Sehgal,9,M,0
3283,1650,Vasatika Cherian,32,T,0
3284,1651,Caleb Bassi,7,M,0
3285,1652,Odika Dara,17,F,0
3286,1653,Bhavani Bhattacharyya,75,M,0
3287,1654,Libni Parmer,38,M,0
3288,1654,Nilima Narang,10,F,0
3289,1654,Advik Barman,58,T,0
3290,1655,Nathaniel Gour,16,F,0
3291,1656,Kalpit Karpe,53,F,0
3292,1656,Mekhala Sachdev,60,M,0
3293,1656,Anjali Boase,9,T,0
3294,1657,Amol Iyer,31,T,0
3295,1658,Bachittar Chahal,35,F,0
3296,1658,Meera Deol,58,T,0
3297,1659,Upadhriti Yohannan,13,T,0
3298,1659,Chaitaly Tara,54,M,0
3299,1660,Dayamai Kapadia,53,M,0
3300,1660,Aayush More,58,T,0
3301,1660,Zarna Rege,32,M,0
3302,1661,Qarin Purohit,57,F,0
3303,1661,Madhav Kade,43,T,0
3304,1662,Nitara Zachariah,44,F,0
3305,1663,Wridesh Kulkarni,44,T,0
3306,1663,Qushi Saha,76,F,0
3307,1663,Henry Batra,8,M,0
3308,1664,Aachal Bahl,40,F,0
3309,1664,Jagvi Chacko,53,M,0
3310,1664,Ekiya Sahni,48,T,0
3311,1665,Wahab Chaudhuri,26,F,0
3312,1665,Ayaan Dara,31,M,0
3313,1666,Yug Agate,15,F,0
3314,1667,Michael Khosla,14,M,0
3315,1667,Januja Doshi,77,M,0
3316,1668,Jason Sandhu,7,M,0
3317,1668,Rachit Banerjee,58,T,0
3318,1668,Qadim Pall,9,F,0
3319,1669,Henry Buch,24,F,0
3320,1670,Bhavani Tailor,42,T,0
3321,1671,Bachittar Kumar,10,M,0
3322,1671,Chakradhar Khanna,38,M,0
3323,1671,Saksham Mandal,34,T,0
3324,1672,Rachit Seshadri,29,F,0
3325,1673,Thomas Choudhury,46,T,0
3326,1674,Nandini Sehgal,33,M,0
3327,1674,Isaiah Sant,59,T,0
3328,1674,Nisha Deshmukh,28,F,0
3329,1675,Aahana Gara,61,M,0
3330,1675,Saanvi Kaur,39,T,0
3331,1676,Hamsini Joshi,51,F,0
3332,1677,Ekaja Agate,77,F,0
3333,1678,Sanya Bhatia,27,F,0
3334,1678,Watika Thaman,13,M,0
3335,1678,Rajata Seth,58,T,0
3336,1679,Harinakshi Uppal,12,F,0
3337,1679,Ekanta Narang,70,T,0
3338,1679,Frado Tank,37,F,0
3339,1680,Jalsa Chokshi,19,T,0
3340,1680,Nakul Bhatnagar,52,F,0
3341,1680,Aadhya Bala,14,M,0
3342,1681,Anjali Soman,25,F,0
3343,1681,Gaurang Sharma,62,T,0
3344,1681,Maya Magar,18,M,0
3345,1682,Faris Koshy,15,M,0
3346,1683,Xalak Ratti,17,F,0
3347,1683,Reva Saha,13,F,0
3348,1684,Girindra Sengupta,37,T,0
3349,1685,Aayush Krishnamurthy,39,F,0
3350,1686,Urvi Keer,80,T,0
3351,1687,Tanveer Nori,32,M,0
3352,1687,Amol Gade,16,F,0
3353,1688,Amaira Deshmukh,45,F,0
3354,1688,Yuvraj Kaul,37,M,0
3355,1688,Maya Palan,34,M,0
3356,1689,Nachiket Solanki,59,T,0
3357,1690,Yatan Madan,47,T,0
3358,1690,Jackson Lala,38,T,0
3359,1691,Qabil Kalla,63,F,0
3360,1692,Faras Cheema,53,M,0
3361,1692,Harinakshi Lanka,43,M,0
3362,1693,Jeevika Borde,27,T,0
3363,1694,Samarth Naidu,79,F,0
3364,1694,Warhi Prasad,34,F,0
3365,1695,Faqid Wadhwa,20,T,0
3366,1695,Arunima Srinivasan,21,M,0
3367,1695,Wahab Bava,16,F,0
3368,1696,Atharv Thakur,70,M,0
3369,1696,Logan Krishnamurthy,8,T,0
3370,1696,Charita Khare,37,T,0
3371,1697,Ishaan Bala,67,M,0
3372,1697,Odika Kibe,12,F,0
3373,1698,Inaya Andra,58,T,0
3374,1698,Hritik Gala,70,F,0
3375,1698,Aarnav Dewan,9,M,0
3376,1699,Darpan Raman,53,M,0
3377,1699,Aishani Merchant,32,M,0
3378,1700,Anamika Deshpande,60,F,0
3379,1700,Manya Atwal,26,M,0
3380,1700,Udant Suresh,41,T,0
3381,1701,Upma Sarkar,67,F,0
3382,1701,Vrishti Thakur,67,F,0
3383,1701,Victor Balakrishnan,12,F,0
3384,1702,Amol Singh,49,F,0
3385,1703,Edhitha Agrawal,29,F,0
3386,1703,Victor Bhalla,67,M,0
3387,1704,Nimrat Rajagopal,8,M,0
3388,1705,Xiti Mannan,21,T,0
3389,1705,Lopa Gandhi,29,T,0
3390,1706,Kalpit Mall,18,F,0
3391,1707,Baljiwan Sekhon,38,M,0
3392,1707,Janani Naidu,12,M,0
3393,1708,Tanvi Behl,65,F,0
3394,1708,Vyanjana Nair,42,M,0
3395,1708,Nakul Srinivasan,25,T,0
3396,1709,Baljiwan Sarma,18,M,0
3397,1709,Daniel Lala,13,M,0
3398,1709,Hema Butala,11,T,0
3399,1710,Saksham Subramaniam,46,M,0
3400,1710,Yug Nath,69,M,0
3401,1711,Oliver Bains,24,M,0
3402,1711,Daniel Vaidya,35,M,0
3403,1712,Wishi Vora,66,M,0
3404,1712,Ranbir Sen,58,T,0
3405,1713,Vasana Chada,44,T,0
3406,1714,Qushi Bhagat,61,M,0
3407,1714,Amol Issac,78,T,0
3408,1715,Ubika Sha,65,F,0
3409,1715,Omaja Oommen,61,T,0
3410,1715,Krishna Mukhopadhyay,42,F,0
3411,1716,Indrajit Chokshi,28,F,0
3412,1716,Logan Raj,46,M,0
3413,1716,Divya Prabhu,46,M,0
3414,1717,Fitan Jha,10,M,0
3415,1718,Zashil Badal,70,T,0
3416,1718,Lakshit Sami,6,T,0
3417,1718,Lekha Sarraf,54,T,0
3418,1719,Aadhya Deshpande,37,T,0
3419,1719,Sudiksha Krish,20,F,0
3420,1719,Owen Manda,59,F,0
3421,1720,Sudiksha Shere,44,T,0
3422,1720,Naveen Prasad,67,M,0
3423,1720,Aishani Wali,79,T,0
3424,1721,Zayan Nagy,57,F,0
3425,1721,Wazir Ahuja,23,T,0
3426,1721,Aarna Bora,40,T,0
3427,1722,Jeet Mitra,25,F,0
3428,1723,Veda Bali,7,F,0
3429,1723,Wyatt Madan,59,M,0
3430,1724,Chanchal Arora,8,T,0
3431,1725,Yadavi Jaggi,43,M,0
3432,1726,Imaran Nair,13,M,0
3433,1726,Ojasvi Saha,28,M,0
3434,1727,Nikita Atwal,43,T,0
3435,1727,Kamala Murthy,35,F,0
3436,1727,Odika Dada,51,F,0
3437,1728,Kashvi Rana,11,T,0
3438,1729,Daksha Vora,34,T,0
3439,1729,Yashica Rege,12,M,0
3440,1730,Warda Behl,55,T,0
3441,1730,Samarth Ramachandran,71,T,0
3442,1731,Vinaya Ramakrishnan,72,T,0
3443,1731,Hritik Chana,11,T,0
3444,1731,Yagnesh Shukla,78,F,0
3445,1732,Ijaya Sahni,24,F,0
3446,1732,Samuel Pandit,21,F,0
3447,1732,Suhani Prakash,40,F,0
3448,1733,Abhiram Banik,25,M,0
3449,1734,Darika Viswanathan,50,T,0
3450,1735,Faris D’Alia,29,F,0
3451,1735,Agastya Kibe,47,F,0
3452,1736,Ryan Bhatt,29,F,0
3453,1736,Girindra Gade,18,T,0
3454,1736,Unnati Sundaram,47,M,0
3455,1737,Eta Varma,49,F,0
3456,1738,Hritik Iyer,78,M,0
3457,1738,Zashil Oza,70,M,0
3458,1738,Sara Narayan,37,F,0
3459,1739,Kala Rau,11,T,0
3460,1739,David Shan,27,F,0
3461,1739,Jeremiah Rao,13,M,0
3462,1740,Jai Malhotra,31,T,0
3463,1740,Riya Taneja,54,T,0
3464,1741,Indira Sastry,14,M,0
3465,1741,Hiral Devan,80,T,0
3466,1742,Karan Mody,22,F,0
3467,1743,Wazir Wason,46,M,0
3468,1743,Hemal Oak,29,F,0
3469,1744,Bhavani Chahal,10,F,0
3470,1744,Tripti Balasubramanian,52,M,0
3471,1745,Waida Warrior,14,M,0
3472,1746,Thomas Savant,65,T,0
3473,1747,Aarnav Palan,5,M,0
3474,1747,Eshana Swaminathan,27,M,0
3475,1747,Rishi Reddy,7,M,0
3476,1748,Saksham Kohli,13,T,0
3477,1749,Irya Varughese,69,M,0
3478,1749,Jeet Bhardwaj,49,M,0
3479,1750,Anita Tandon,40,F,0
3480,1750,Bachittar Narang,36,M,0
3481,1750,Damini Atwal,78,F,0
3482,1751,Christopher Banerjee,12,F,0
3483,1752,Vincent More,19,F,0
3484,1753,Ekansh Viswanathan,21,T,0
3485,1753,Luke Chopra,62,F,0
3486,1754,Gabriel Barman,38,T,0
3487,1754,Ira Mital,7,M,0
3488,1754,Chaaya Ganesan,60,T,0
3489,1755,Qushi Bansal,39,F,0
3490,1755,Noah Viswanathan,42,T,0
3491,1756,Tejas Walla,36,M,0
3492,1756,Bhavini Mannan,73,T,0
3493,1756,Ansh Wable,51,T,0
3494,1757,Yashvi Ganesan,43,T,0
3495,1757,Urmi Das,31,M,0
3496,1758,Harita Sarma,7,F,0
3497,1758,Nidra Sethi,50,F,0
3498,1758,Ekbal Deshpande,9,M,0
3499,1759,Omisha Arya,36,F,0
3500,1759,Raksha Suresh,75,F,0
3501,1760,Ekiya Om,27,T,0
3502,1760,Devansh Gulati,23,F,0
3503,1761,Dayamai Mutti,18,F,0
3504,1762,Chameli Vasa,44,F,0
3505,1762,Ekantika Dewan,58,M,0
3506,1762,Chanakya Chowdhury,19,F,0
3507,1763,Priya Mangat,36,T,0
3508,1764,Ekansh Kapoor,66,T,0
3509,1764,Radha Naik,73,T,0
3510,1765,Yuvraj Mistry,75,F,0
3511,1765,Krisha Jain,10,M,0
3512,1766,Siya Bera,76,T,0
3513,1767,Maanav Shetty,39,M,0
3514,1768,Upasna Bakshi,71,F,0
3515,1768,Hemangini Mallick,57,F,0
3516,1768,Sachi Goyal,49,M,0
3517,1769,Gautam Gill,73,M,0
3518,1769,Liam Uppal,46,T,0
3519,1770,Devansh Zacharia,17,M,0
3520,1770,Eesha Yohannan,73,T,0
3521,1771,Neelima Kar,20,M,0
3522,1772,Eta Mitter,40,M,0
3523,1773,Manbir Peri,28,M,0
3524,1774,Janaki Sarna,78,F,0
3525,1774,Bimala Rana,24,F,0
3526,1774,Tanay Ramaswamy,7,F,0
3527,1775,Warinder Johal,27,T,0
3528,1776,Gautam Sant,55,M,0
3529,1776,Aachal Kapadia,23,M,0
3530,1777,Elijah Mannan,68,T,0
3531,1778,Fariq Bansal,39,T,0
3532,1779,Ladli Desai,28,F,0
3533,1779,Arunima Bora,64,F,0
3534,1780,Qushi Palla,76,T,0
3535,1780,Peter Mahal,75,T,0
3536,1780,Siddharth Vohra,80,F,0
3537,1781,Atharv Pal,35,F,0
3538,1781,Pavani Saraf,53,F,0
3539,1782,Jairaj Tata,56,T,0
3540,1782,Aachal Shah,70,F,0
3541,1783,Ishanvi Golla,54,M,0
3542,1784,Gaurika Bath,50,M,0
3543,1784,Dakshesh Sood,58,F,0
3544,1784,Laban Mallick,12,T,0
3545,1785,Yashasvi Manda,43,T,0
3546,1785,Champak Kata,75,F,0
3547,1786,Ishani Vohra,76,T,0
3548,1786,Rayaan Kar,22,T,0
3549,1787,Anmol Natarajan,22,F,0
3550,1787,Anita Vaidya,50,F,0
3551,1788,Bhavya Kurian,55,M,0
3552,1788,Vincent Chhabra,38,M,0
3553,1788,Urishilla Dash,63,F,0
3554,1789,Sathvik Srinivas,14,F,0
3555,1789,Arunima Radhakrishnan,37,T,0
3556,1790,Upma Lall,49,T,0
3557,1791,Yatin Patla,69,M,0
3558,1791,Neelima Badami,6,F,0
3559,1792,Charan Kalla,12,T,0
3560,1792,Prisha Hegde,47,T,0
3561,1793,Advika Bhavsar,22,T,0
3562,1794,Yutika Karpe,34,F,0
3563,1794,Advay Kadakia,70,T,0
3564,1794,Wridesh Peri,41,F,0
3565,1795,Vrinda Modi,71,T,0
3566,1795,Falguni Magar,26,T,0
3567,1795,Saksham Sengupta,26,M,0
3568,1796,Azad Iyer,21,M,0
3569,1797,Dipta Sanghvi,69,M,0
3570,1797,Tanish Balay,27,M,0
3571,1797,Neel Chawla,28,T,0
3572,1798,Vincent Roy,65,M,0
3573,1798,Darika Boase,6,T,0
3574,1798,Azad Lalla,71,M,0
3575,1799,Nitesh Kuruvilla,24,T,0
3576,1800,Utkarsh Bhatia,51,M,0
3577,1800,Tanish Shah,49,T,0
3578,1800,Samar Dasgupta,53,M,0
3579,1801,Anita Bansal,9,M,0
3580,1801,Kala Roy,63,F,0
3581,1801,Manthan Khare,12,F,0
3582,1802,Samuel Loke,60,F,0
3583,1802,Vedika Dixit,63,M,0
3584,1802,Ishwar Srinivasan,64,M,0
3585,1803,Isha Bhakta,78,T,0
3586,1803,Warhi Sharaf,16,M,0
3587,1803,Ekiya Hayer,80,T,0
3588,1804,Inaya Purohit,60,F,0
3589,1805,Indira Divan,29,M,0
3590,1805,Aadi Sarma,53,M,0
3591,1805,Nachiket Sem,18,F,0
3592,1806,Vidhi Ray,71,M,0
3593,1806,Mitali Deshmukh,67,F,0
3594,1806,Raksha Banerjee,52,T,0
3595,1807,Jonathan Nayak,11,M,0
3596,1807,Chatura Mandal,61,F,0
3597,1808,Ansh Raman,75,F,0
3598,1809,Urishilla Kara,17,M,0
3599,1809,Krishna Dubey,49,M,0
3600,1810,Vivaan Gola,9,M,0
3601,1810,Naksh Comar,59,M,0
3602,1810,Arunima Kant,34,F,0
3603,1811,Zilmil Balay,39,F,0
3604,1812,Ishanvi Natarajan,46,M,0
3605,1813,Januja Dugar,66,T,0
3606,1813,Balendra Rastogi,38,F,0
3607,1814,Aryan Banerjee,10,M,0
3608,1814,Rachit Natt,30,T,0
3609,1814,Dev Pau,56,M,0
3610,1815,Ekalinga Gera,6,M,0
3611,1816,Amruta Saha,78,T,0
3612,1817,Yashvi Chandran,16,M,0
3613,1818,Yatin Sem,27,F,0
3614,1819,Forum Trivedi,63,T,0
3615,1820,Isaiah Bava,30,T,0
3616,1821,Anthony Devan,29,M,0
3617,1822,Maanas Tiwari,48,T,0
3618,1823,Aadi Konda,53,M,0
3619,1823,Farhan Lad,62,M,0
3620,1824,Arin Mangal,70,F,0
3621,1824,Dakshesh Mitter,77,T,0
3622,1825,Indira Baral,20,F,0
3623,1825,Maanas Naidu,25,T,0
3624,1825,Kalpit Datta,45,M,0
3625,1826,Aachal Chandra,80,T,0
3626,1826,Odika Chaudhary,61,M,0
3627,1827,Jagat Thaman,71,M,0
3628,1827,Ekantika Thaman,34,F,0
3629,1828,Anika Mallick,48,T,0
3630,1828,Urvi Varma,18,T,0
3631,1829,Pranav Prabhakar,29,F,0
3632,1830,Oeshi Yohannan,42,M,0
3633,1830,Fitan Ghosh,34,F,0
3634,1831,Hemangini Nori,9,F,0
3635,1832,Avi Salvi,67,M,0
3636,1832,Chaman Patil,65,T,0
3637,1832,Kiaan Raju,58,T,0
3638,1833,Elijah Balasubramanian,26,T,0
3639,1833,Quincy Khare,13,T,0
3640,1834,Chakrika Agarwal,31,M,0
3641,1834,Yashodhara Krishna,65,T,0
3642,1834,Upadhriti Ghose,19,F,0
3643,1835,Tristan Guha,54,T,0
3644,1836,Jagvi Tailor,63,M,0
3645,1837,Nitesh Chhabra,64,M,0
3646,1837,Rachit Chander,60,T,0
3647,1837,Baghyawati Vora,12,F,0
3648,1838,Yashasvi Mishra,6,T,0
3649,1838,Amol Mangal,58,T,0
3650,1839,Vaishnavi Bhalla,21,T,0
3651,1839,Yash Goel,45,M,0
3652,1839,Wyatt De,13,T,0
3653,1840,Tanveer Sachdeva,77,T,0
3654,1840,Umang Nanda,53,F,0
3655,1840,Falak Deshmukh,61,F,0
3656,1841,Triveni Kala,29,F,0
3657,1841,Vinaya Sami,74,F,0
3658,1842,Chaitanya Dasgupta,51,M,0
3659,1842,Ayushman Chatterjee,38,T,0
3660,1842,Pranav Thaman,57,T,0
3661,1843,Harini Chokshi,44,M,0
3662,1843,Brijesh Rao,44,T,0
3663,1844,Anjali Dugar,30,M,0
3664,1845,Tanmayi Dash,52,T,0
3665,1846,Samesh Keer,11,M,0
3666,1847,Gaurika Wali,8,M,0
3667,1848,Nitara Chada,21,T,0
3668,1849,Anjali Som,45,M,0
3669,1849,Gautam Sharaf,43,F,0
3670,1849,Onkar Mann,9,M,0
3671,1850,Sanaya Raghavan,50,F,0
3672,1850,Samuel Nagarajan,53,F,0
3673,1850,Urvi Chander,21,F,0
3674,1851,Qadim Radhakrishnan,32,F,0
3675,1852,Patrick Sastry,40,F,0
3676,1852,Meera Misra,80,F,0
3677,1853,Nandini Kalla,11,F,0
3678,1854,Lopa Lad,13,M,0
3679,1854,Sanaya Uppal,11,T,0
3680,1855,Manya Sastry,46,F,0
3681,1855,Upasna Bhat,68,T,0
3682,1856,Brinda Goswami,60,F,0
3683,1856,Aditya Bawa,64,F,0
3684,1857,Adweta Salvi,69,M,0
3685,1857,Naksh Bhatt,68,T,0
3686,1857,Radha Wason,42,M,0
3687,1858,Orinder Prasad,66,M,0
3688,1859,Kai Naidu,59,F,0
3689,1859,Atharv Sarkar,73,M,0
3690,1859,Abdul Dora,56,M,0
3691,1860,Widisha Chawla,71,M,0
3692,1860,Rishi Panchal,25,M,0
3693,1860,Charita Sundaram,79,M,0
3694,1861,Aradhana Parsa,76,F,0
3695,1861,Bahadurjit Sha,55,F,0
3696,1861,Zinal Korpal,20,M,0
3697,1862,Varsha Mutti,51,F,0
3698,1863,Vidhi Swamy,27,T,0
3699,1864,Prisha Puri,15,T,0
3700,1864,Leena Merchant,28,M,0
3701,1864,Ganga Kibe,24,F,0
3702,1865,Falan Pai,34,F,0
3703,1865,Pratyush Kamdar,23,T,0
3704,1866,Urvashi De,11,T,0
3705,1866,Avi Sridhar,11,M,0
3706,1866,Nihal Borra,20,F,0
3707,1867,Amol Walia,10,F,0
3708,1868,Samarth Sastry,56,F,0
3709,1868,Shravya Mistry,11,F,0
3710,1868,Janaki Sethi,39,T,0
3711,1869,Varenya Krishna,18,F,0
3712,1870,Sai Pingle,35,F,0
3713,1870,Elijah Bumb,27,F,0
3714,1871,Ekiya Arora,49,T,0
3715,1872,Udarsh Malhotra,29,M,0
3716,1873,Gayathri Khalsa,5,F,0
3717,1873,Kamya Hayer,28,F,0
3718,1873,Urmi Murthy,22,F,0
3719,1874,Vamakshi Gupta,22,F,0
3720,1874,Pavani Kota,63,T,0
3721,1874,Upasna Shah,14,F,0
3722,1875,Xalak Tara,16,M,0
3723,1875,Gautami Apte,71,M,0
3724,1875,Brinda Mall,72,M,0
3725,1876,Nidhi Parekh,11,T,0
3726,1876,Saumya Varughese,47,M,0
3727,1877,Pavani Tata,80,M,0
3728,1878,Gautam Sharma,49,F,0
3729,1878,Yashawini Tella,39,F,0
3730,1878,Abhimanyu Talwar,24,F,0
3731,1879,Kamala Bandi,43,T,0
3732,1880,Ojasvi Sen,38,F,0
3733,1881,Veda Verma,11,T,0
3734,1881,Udarsh Sengupta,53,M,0
3735,1881,Isaac Mani,70,M,0
3736,1882,Wyatt Agate,28,M,0
3737,1882,Rehaan Banik,70,M,0
3738,1883,Pavani Varty,46,T,0
3739,1883,Pallavi Savant,44,M,0
3740,1884,Chakradhar Rastogi,34,F,0
3741,1884,Vasana Prabhu,10,F,0
3742,1884,Ishani Sen,15,M,0
3743,1885,Vasana De,76,M,0
3744,1885,Advik Memon,41,F,0
3745,1886,Matthew Kakar,49,T,0
3746,1886,Vedhika Thakur,79,F,0
3747,1886,Jagvi Sodhi,63,T,0
3748,1887,Amol Mangat,11,M,0
3749,1888,Gabriel Oza,19,M,0
3750,1888,Lavanya Sarkar,40,M,0
3751,1889,Vanya Bajaj,78,M,0
3752,1890,Umang Ramesh,33,M,0
3753,1890,Teerth Raval,33,M,0
3754,1891,Warinder Palla,65,T,0
3755,1891,Chaman Gour,22,T,0
3756,1891,Anita Ray,37,M,0
3757,1892,Omisha Tandon,31,T,0
3758,1893,Mitali Ray,78,F,0
3759,1893,Udant Badami,75,M,0
3760,1894,Nilima Rajan,44,T,0
3761,1894,Kala Sarna,26,T,0
3762,1895,Xiti Sethi,24,M,0
3763,1895,Orinder Edwin,56,T,0
3764,1895,Wishi More,57,T,0
3765,1896,Thomas Chakraborty,13,F,0
3766,1896,Warhi Chandra,63,F,0
3767,1896,Balhaar Mall,72,M,0
3768,1897,Omisha Natarajan,71,T,0
3769,1897,Alka Lala,54,T,0
3770,1898,Xiti Dhar,16,F,0
3771,1899,Krishna Bail,30,M,0
3772,1899,Rehaan Sawhney,22,T,0
3773,1900,Baghyawati Dara,66,F,0
3774,1900,Rajeshri Lal,35,F,0
3775,1900,Aarush Garde,15,T,0
3776,1901,Eshana Pandit,36,T,0
3777,1901,Lekha Chadha,57,M,0
3778,1902,Jason Parsa,58,T,0
3779,1902,Elijah Andra,42,M,0
3780,1902,Anjali Deo,5,T,0
3781,1903,Orinder Arya,68,T,0
3782,1904,Henry Kothari,11,T,0
3783,1904,Niharika Singhal,80,F,0
3784,1904,Siya Kota,11,F,0
3785,1905,Gautami Toor,30,T,0
3786,1905,Brinda Rajan,24,M,0
3787,1905,Tanvi Menon,26,T,0
3788,1906,Naksh Rau,28,F,0
3789,1906,Yamini Lad,56,T,0
3790,1906,Ganga Karpe,56,T,0
3791,1907,Shivani Aurora,53,F,0
3792,1908,Ranbir Iyengar,28,F,0
3793,1909,Ati Zachariah,74,F,0
3794,1909,Nakul Krish,56,T,0
3795,1909,Krishna Yogi,43,F,0
3796,1910,Gabriel Nadkarni,7,T,0
3797,1910,Anthony Purohit,68,F,0
3798,1910,Advik Tella,78,M,0
3799,1911,Nirja Ghosh,69,M,0
3800,1911,Deepa Talwar,54,F,0
3801,1912,Ojasvi Dass,34,T,0
3802,1912,Darpan Wagle,18,T,0
3803,1913,Qarin Sami,71,T,0
3804,1913,Omya Prasad,7,M,0
3805,1913,Tanish Sahota,46,F,0
3806,1914,Andrew Hayer,46,F,0
3807,1914,Mohammed Bal,44,F,0
3808,1914,Harita Raman,57,T,0
3809,1915,Dev Kashyap,26,T,0
3810,1915,Triya Kari,74,M,0
3811,1915,Ganga Ghosh,58,F,0
3812,1916,Vrishti Pillai,80,F,0
3813,1916,Wahab Chada,22,M,0
3814,1917,Vaishnavi Ghose,61,F,0
3815,1918,Gayathri Kohli,63,T,0
3816,1918,Jalsa Barad,21,F,0
3817,1918,Xalak Shetty,50,M,0
3818,1919,Xiti Agate,53,T,0
3819,1920,Gautam Iyengar,35,F,0
3820,1920,Eta Grewal,67,F,0
3821,1920,Radhika Ganesan,71,F,0
3822,1921,Charles Dugal,41,M,0
3823,1921,Henry Amble,51,T,0
3824,1922,Gaurika Choudhary,40,T,0
3825,1922,Ayush Borah,24,T,0
3826,1923,Nakul Sahni,58,M,0
3827,1924,Janaki Gopal,76,M,0
3828,1925,Pallavi Bains,9,F,0
3829,1925,Chaitaly Ganesh,13,M,0
3830,1925,Jeevika Sehgal,31,T,0
3831,1926,Geetika Handa,63,M,0
3832,1927,Jack Rattan,79,T,0
3833,1927,Hardik Sood,6,T,0
3834,1927,Edhitha Comar,16,M,0
3835,1928,Brinda Tella,65,M,0
3836,1928,Janya Mody,73,F,0
3837,1928,Ria Kalla,27,T,0
3838,1929,Abdul Handa,26,M,0
3839,1930,Hemang Jhaveri,22,T,0
3840,1930,Ishaan Chawla,62,T,0
3841,1931,Yash Nadkarni,65,F,0
3842,1932,Devansh Bhatt,36,F,0
3843,1932,Bina Dayal,15,M,0
3844,1933,Urvashi Nadig,67,T,0
3845,1933,Meghana Sarin,60,M,0
3846,1934,Christopher Kapur,29,F,0
3847,1934,Guneet Nigam,43,T,0
3848,1935,Rachita Madan,18,F,0
3849,1936,Gopal Kala,49,F,0
3850,1937,Advik Taneja,21,M,0
3851,1937,Veda Wason,16,F,0
3852,1937,Ekani Sethi,51,T,0
3853,1938,Ekantika Mall,71,M,0
3854,1938,Vrinda Mohan,68,T,0
3855,1939,Bakhshi Chandra,17,F,0
3856,1939,Yadavi Parsa,49,F,0
3857,1939,Janani Khurana,64,M,0
3858,1940,Mitali Sem,64,M,0
3859,1940,Andrew Parmer,36,M,0
3860,1941,Mekhala Jha,6,M,0
3861,1942,Meera Thakkar,44,F,0
3862,1942,Gaurav Das,52,F,0
3863,1942,Jacob Sharma,25,M,0
3864,1943,Qasim Narayan,15,M,0
3865,1944,Zilmil Padmanabhan,49,M,0
3866,1944,Jatin Samra,75,F,0
3867,1945,Owen Taneja,8,M,0
3868,1945,Ranbir Dhawan,62,F,0
3869,1946,Bakhshi Sarna,56,M,0
3870,1946,Vasana Lal,22,T,0
3871,1946,Kala Trivedi,43,T,0
3872,1947,Aarnav Patla,31,T,0
3873,1947,Vyanjana Talwar,72,M,0
3874,1948,Pahal Bora,36,M,0
3875,1949,Ethan Khatri,61,M,0
3876,1949,Chandresh Chhabra,61,M,0
3877,1949,Vaishnavi Narasimhan,27,T,0
3878,1950,Pratyush Kari,18,T,0
3879,1950,Bahadurjit Sule,64,T,0
3880,1951,Umang Choudhury,47,F,0
3881,1951,Quincy Dey,13,F,0
3882,1952,Rudra Sawhney,41,M,0
3883,1952,Raksha Kashyap,51,M,0
3884,1953,Vinaya Aurora,12,M,0
3885,1953,Ekani Kaul,59,M,0
3886,1953,Ekanta Tripathi,29,M,0
3887,1954,Harini Varma,16,F,0
3888,1955,Chaitaly Chaudhry,26,M,0
3889,1955,Wahab Kalita,49,M,0
3890,1956,Darsh Ratti,57,T,0
3891,1957,Ranveer Kumer,65,M,0
3892,1957,Victor Sura,20,F,0
3893,1957,Faras Shukla,63,F,0
3894,1958,Chakradev Sood,19,F,0
3895,1958,Gopal Raman,47,T,0
3896,1958,Anamika Sen,8,M,0
3897,1959,Krish Bajwa,36,F,0
3898,1959,Theodore Rajagopalan,22,F,0
3899,1960,Vivaan Murthy,6,T,0
3900,1961,Eta Sekhon,67,M,0
3901,1961,Sanya Lall,62,F,0
3902,1961,Qasim Bandi,45,F,0
3903,1962,Jackson Ramesh,75,M,0
3904,1962,Diya Kibe,10,F,0
3905,1962,Arjun Bora,20,T,0
3906,1963,Ekbal Kumar,38,F,0
3907,1964,Jagrati Krishnamurthy,40,T,0
3908,1965,Lucky Manda,19,F,0
3909,1966,Upma Narula,32,F,0
3910,1966,Gaurav Tripathi,70,T,0
3911,1967,Wridesh Chopra,27,F,0
3912,1967,Anthony Sarna,25,F,0
3913,1967,Widisha Kunda,13,F,0
3914,1968,Tara Ratti,25,M,0
3915,1969,Yashasvi Gole,14,M,0
3916,1970,Joshua Magar,51,T,0
3917,1970,Waida Dugar,13,M,0
3918,1970,Ekta Chanda,51,F,0
3919,1971,Bimala Thakur,30,M,0
3920,1971,Andrew Sood,49,M,0
3921,1971,Vanya Ranganathan,9,M,0
3922,1972,Jason Sampath,35,T,0
3923,1972,Sanya Mohan,50,F,0
3924,1972,Radhika Shankar,20,T,0
3925,1973,Shivansh Chowdhury,70,F,0
3926,1974,Ojasvi Sundaram,29,T,0
3927,1974,Chavvi Mall,17,M,0
3928,1975,Krishna Patla,27,F,0
3929,1975,Frederick Parsa,77,F,0
3930,1976,Kamala Ramachandran,44,T,0
3931,1977,Gayathri Solanki,30,F,0
3932,1977,Nimrat Kade,44,F,0
3933,1978,Vaishnavi Ramachandran,38,T,0
3934,1979,Neha Bajaj,69,T,0
3935,1979,Nimrat Sampath,30,T,0
3936,1980,Mitali Chauhan,46,M,0
3937,1980,Isha Kapur,76,T,0
3938,1980,Warhi Sibal,27,F,0
3939,1981,Hemal Goda,57,T,0
3940,1982,Vamakshi Wagle,29,M,0
3941,1982,Varsha Upadhyay,74,T,0
3942,1982,Sathvik Bera,36,T,0
3943,1983,Andrew Dhaliwal,6,T,0
3944,1984,Aarush Chana,57,F,0
3945,1985,Adya Baral,61,F,0
3946,1985,Ekansh Chhabra,53,F,0
3947,1985,Turvi Chandra,32,F,0
3948,1986,Ayaan Gulati,32,F,0
3949,1986,Daniel Pillai,58,F,0
3950,1986,Rachana Sant,23,M,0
3951,1987,Wyatt Mohan,35,T,0
3952,1987,Chatresh Kohli,73,T,0
3953,1988,Forum Pandey,72,T,0
3954,1988,Nakul Samra,42,T,0
3955,1989,Saanvi Gandhi,20,T,0
3956,1989,Varsha Kurian,38,T,0
3957,1989,Leela Chacko,48,T,0
3958,1990,Yoshita Bedi,16,M,0
3959,1990,Andrew Mangal,47,F,0
3960,1991,Raksha Wadhwa,57,F,0
3961,1992,Shaurya Bhatnagar,26,M,0
3962,1993,Meghana Savant,11,M,0
3963,1993,Gavin Kanda,24,M,0
3964,1993,Dakshesh Batra,26,T,0
3965,1994,Hemang Saxena,45,M,0
3966,1994,Sudiksha Kala,76,M,0
3967,1995,Onveer Sachdev,39,T,0
3968,1995,Faraj Dugar,9,T,0
3969,1995,Advika Aurora,49,F,0
3970,1996,Anika Krish,52,M,0
3971,1997,Charles Butala,70,T,0
3972,1997,Xavier Boase,6,T,0
3973,1997,Falak Ray,62,F,0
3974,1998,Vedhika Sarkar,66,T,0
3975,1999,Mason Nadig,5,M,0
3976,2000,Aarna Cherian,71,M,0
3977,2001,Brijesh Garde,10,F,0
3978,2001,Vyanjana Raj,36,M,0
3979,2001,Chakradhar Lala,25,F,0
3980,2002,Maanav Ravel,74,T,0
3981,2002,Anirudh Wagle,70,M,0
3982,2002,Hiral Bassi,51,M,0
3983,2003,Luke Kumar,23,F,0
3984,2003,Nirja Tiwari,34,T,0
3985,2004,Alka Kannan,10,T,0
3986,2005,Tripti Chacko,25,F,0
3987,2005,Baljiwan Balakrishnan,26,F,0
3988,2005,Rachana Atwal,46,T,0
3989,2006,Urvashi Krishna,35,M,0
3990,2006,Yashica Mander,28,T,0
3991,2007,Peter Kaul,51,F,0
3992,2007,Jacob Lad,19,M,0
3993,2007,Advaith Dora,11,T,0
3994,2008,Tristan Hayre,58,F,0
3995,2009,Hema Ravel,33,M,0
3996,2009,Darsh Wali,53,M,0
3997,2010,Netra Ganguly,56,M,0
3998,2010,Mitali Khosla,70,F,0
3999,2010,David Kara,68,F,0
4000,2011,Nidra Palan,19,F,0
4001,2012,Manbir Gokhale,20,F,0
4002,2012,Anya Parsa,18,M,0
4003,2012,Anmol Ram,36,T,0
4004,2013,Daksh Behl,8,T,0
4005,2014,Wridesh Kashyap,6,F,0
4006,2015,Oeshi Agarwal,73,F,0
4007,2015,Balvan Rajagopalan,23,F,0
4008,2015,Yash Singhal,16,M,0
4009,2016,Nathaniel Shah,27,M,0
4010,2017,Yashoda Acharya,21,M,0
4011,2017,Pranit Sundaram,40,M,0
4012,2018,Qarin Arya,80,T,0
4013,2018,Logan Yadav,80,F,0
4014,2018,Elijah Nagarajan,12,F,0
4015,2019,Raksha Uppal,79,M,0
4016,2020,Jagrati Chanda,25,M,0
4017,2021,Simon Kalita,12,M,0
4018,2021,Urvashi Ray,29,T,0
4019,2021,Lavanya Lanka,73,F,0
4020,2022,Nisha Bath,8,F,0
4021,2022,Faris Dixit,42,F,0
4022,2022,Jatin Jani,34,M,0
4023,2023,Chameli Johal,20,M,0
4024,2024,Kashish Salvi,55,M,0
4025,2024,Jhalak Balay,66,F,0
4026,2024,Ikbal Memon,16,M,0
4027,2025,Nachiket Kade,58,F,0
4028,2025,Tristan Vasa,57,T,0
4029,2025,Hemang Raju,9,M,0
4030,2026,Dayita Korpal,36,F,0
4031,2026,Ladli Sanghvi,67,F,0
4032,2027,Yahvi Balakrishnan,15,T,0
4033,2027,Samesh Sunder,22,T,0
4034,2028,Janaki Chaudhary,17,M,0
4035,2028,Lakshit Chawla,60,T,0
4036,2029,Lila Apte,19,M,0
4037,2029,Kritika Rastogi,52,F,0
4038,2029,Nathaniel Sur,46,F,0
4039,2030,Ekantika Thakur,41,M,0
4040,2030,Pahal Borde,30,M,0
4041,2031,Aishani Agrawal,66,T,0
4042,2031,Aarna Kurian,44,F,0
4043,2031,Chaitanya Magar,36,F,0
4044,2032,Tarak Boase,9,M,0
4045,2033,Abhiram Kakar,18,M,0
4046,2034,Omya Vora,44,M,0
4047,2034,Arin Mani,54,M,0
4048,2034,Gauri Nagarajan,25,F,0
4049,2035,Hamsini Rama,48,F,0
4050,2035,Anamika Srivastava,27,F,0
4051,2035,Zayyan Koshy,55,T,0
4052,2036,Anusha Rattan,15,F,0
4053,2036,Agastya Contractor,41,M,0
4054,2037,Jackson Sunder,74,F,0
4055,2037,Prisha Oza,67,M,0
4056,2038,Owen Gokhale,18,F,0
4057,2039,Caleb Sant,18,T,0
4058,2039,Hardik Murthy,41,T,0
4059,2039,Hemang Kari,39,M,0
4060,2040,Zayyan Sampath,67,T,0
4061,2040,Rachit Sachar,16,F,0
4062,2040,Gabriel Bhasin,44,M,0
4063,2041,Fariq Mody,8,T,0
4064,2041,Nirja Dhingra,64,M,0
4065,2041,Vincent Pau,53,T,0
4066,2042,Abeer Batta,58,T,0
4067,2042,Qushi Ramanathan,56,F,0
4068,2043,Zilmil Luthra,37,F,0
4069,2043,Kalpit Swaminathan,53,T,0
4070,2043,Naksh Agrawal,38,F,0
4071,2044,Nakul Chopra,73,T,0
4072,2045,Dominic Dalal,50,M,0
4073,2045,Girik Kala,5,F,0
4074,2046,Tara Salvi,80,M,0
4075,2047,Fariq Bumb,58,F,0
4076,2048,Hemal Parmer,80,F,0
4077,2048,Edhitha Grover,13,F,0
4078,2048,Abha Boase,75,F,0
4079,2049,Anmol Koshy,57,T,0
4080,2049,Warda Shankar,79,F,0
4081,2050,Kai Lala,66,M,0
4082,2050,Anusha Srivastava,13,T,0
4083,2050,Yashvi Kakar,33,M,0
4084,2051,Aashi Deep,64,T,0
4085,2051,Kabir Thakkar,14,M,0
4086,2051,Pallavi Parekh,19,T,0
4087,2052,Indali Radhakrishnan,18,T,0
4088,2052,Jackson Din,47,F,0
4089,2053,Avi Varkey,36,T,0
4090,2053,Oeshi Kalita,34,M,0
4091,2053,Wriddhish Narasimhan,73,F,0
4092,2054,Qabil Ramaswamy,23,F,0
4093,2054,Max Chandra,64,T,0
4094,2055,Ucchal Shah,51,F,0
4095,2056,Qasim Sawhney,17,T,0
4096,2057,Warhi Vohra,33,M,0
4097,2057,Aadhya Swaminathan,74,M,0
4098,2057,Vasana Varghese,42,F,0
4099,2058,Lopa Chopra,15,M,0
4100,2058,Janaki Malhotra,62,M,0
4101,2059,Harrison Saini,67,F,0
4102,2060,Sanya Tak,9,F,0
4103,2060,Jalsa Narula,22,T,0
4104,2061,Pallavi Chandran,47,M,0
4105,2062,Darika Parikh,16,M,0
4106,2062,Daksh Ahluwalia,70,M,0
4107,2062,Jai Dass,70,T,0
4108,2063,Warhi Rajagopal,29,F,0
4109,2063,Onkar Sibal,53,M,0
4110,2063,Widisha Mangat,11,F,0
4111,2064,Ijaya Gade,71,M,0
4112,2064,Samuel Yohannan,47,M,0
4113,2065,Leena Goda,50,M,0
4114,2065,Samaksh Mall,43,F,0
4115,2066,Ekani Choudhary,41,T,0
4116,2066,Ikshita Chakrabarti,25,T,0
4117,2066,Azaan Handa,68,F,0
4118,2067,Tripti Puri,54,T,0
4119,2067,George Natarajan,47,F,0
4120,2068,Oni Rana,10,F,0
4121,2068,Tanvi Hans,65,F,0
4122,2069,Yagnesh Bhagat,64,F,0
4123,2069,Pooja Grewal,75,M,0
4124,2070,Gaurika Kannan,42,F,0
4125,2070,Thomas Arora,46,M,0
4126,2070,Samar Minhas,26,T,0
4127,2071,David Purohit,66,T,0
4128,2071,Indira Bhalla,28,T,0
4129,2071,Isaac Bedi,69,F,0
4130,2072,Saanvi Sankar,73,T,0
4131,2072,Hemang Mane,29,F,0
4132,2072,Saanvi Bali,71,M,0
4133,2073,Zansi Mukhopadhyay,61,M,0
4134,2074,Ijaya Rau,5,M,0
4135,2075,Vivaan Arora,25,F,0
4136,2075,Ria Bhattacharyya,15,F,0
4137,2076,Sneha Doshi,70,T,0
4138,2077,Darika Dani,79,T,0
4139,2077,Shivani Buch,14,M,0
4140,2077,Eshana Bhalla,56,T,0
4141,2078,Upasna Yohannan,55,F,0
4142,2079,Atharv Majumdar,25,F,0
4143,2080,Darpan Palan,60,M,0
4144,2080,Falguni Chaudhari,36,F,0
4145,2080,Aadhya Dugal,64,F,0
4146,2081,Chandresh Sami,16,F,0
4147,2081,Bishakha Morar,67,T,0
4148,2081,Pushti Sandhu,75,M,0
4149,2082,Nihal Agate,5,M,0
4150,2082,Upasna Bedi,7,F,0
4151,2083,Vihaan Bhargava,15,F,0
4152,2084,Daksha Sidhu,33,M,0
4153,2084,Aishani Chaudhry,59,F,0
4154,2085,Baljiwan Butala,38,M,0
4155,2085,Laban Raval,45,M,0
4156,2086,Urvashi Bhakta,31,M,0
4157,2087,Rushil Mall,50,T,0
4158,2088,Dhriti Nori,75,T,0
4159,2088,Nidra Malhotra,17,M,0
4160,2088,Kamala Chauhan,33,M,0
4161,2089,Janaki Atwal,5,T,0
4162,2089,Warda Kibe,79,M,0
4163,2089,Turvi Nagarajan,11,M,0
4164,2090,Samarth Palla,11,F,0
4165,2091,Chaitanya Mody,17,M,0
4166,2091,Brinda Barman,75,M,0
4167,2091,Nathaniel Venkataraman,54,F,0
4168,2092,Nakul Patel,70,M,0
4169,2093,Kiaan Deshpande,62,T,0
4170,2093,Maanas Jain,9,M,0
4171,2094,Charita Chandran,57,F,0
4172,2094,Sachi Sood,55,F,0
4173,2094,Ladli Upadhyay,22,F,0
4174,2095,Gaurangi Kothari,20,T,0
4175,2095,Faqid Goda,58,T,0
4176,2096,Bhavya Natarajan,64,M,0
4177,2096,Nathan Narang,45,M,0
4178,2096,Mohammed Gara,12,M,0
4179,2097,Chaitanya Sankaran,18,F,0
4180,2098,Damini Goyal,26,F,0
4181,2099,Bakhshi Rajagopal,45,M,0
4182,2099,Ethan Dey,52,M,0
4183,2099,Eiravati Ganguly,54,M,0
4184,2100,Hardik Mandal,59,F,0
4185,2100,Samarth Ratta,32,T,0
4186,2101,Warda Tandon,15,T,0
4187,2101,Simon Kapur,62,T,0
4188,2101,Faqid Thaman,6,F,0
4189,2102,Dominic Vora,32,F,0
4190,2103,Jason Dutta,48,M,0
4191,2103,Ishanvi Sastry,48,F,0
4192,2103,Lila Amble,21,M,0
4193,2104,Wakeeta Murty,37,M,0
4194,2104,Fariq Walia,6,M,0
4195,2104,Ojas Bajwa,5,T,0
4196,2105,Gunbir Basak,68,M,0
4197,2105,Ekaraj Sharaf,68,F,0
4198,2105,Ekiya Bhatt,17,F,0
4199,2106,Aradhana Rama,42,M,0
4200,2106,Fitan Keer,53,F,0
4201,2106,Balendra Shroff,68,M,0
4202,2107,Avi Choudhury,59,T,0
4203,2107,Rachit Sama,5,F,0
4204,2108,Hamsini Chaudhry,62,T,0
4205,2108,Timothy Dass,9,T,0
4206,2108,Meghana Savant,72,F,0
4207,2109,William Khalsa,10,T,0
4208,2110,Advay Bala,22,T,0
4209,2110,Harsh Ramanathan,39,F,0
4210,2111,Qushi Venkataraman,74,M,0
4211,2112,Umang Kumer,28,F,0
4212,2113,Omkaar Agate,7,F,0
4213,2114,Triya Solanki,58,T,0
4214,2114,Ansh Mand,48,F,0
4215,2114,Girindra Raman,30,T,0
4216,2115,Nitesh Anne,5,M,0
4217,2116,Leela Nori,44,M,0
4218,2116,Bhavani Sura,63,T,0
4219,2117,Isha Aurora,31,M,0
4220,2117,Chandran Dhillon,27,T,0
4221,2117,Pooja Palla,34,T,0
4222,2118,Baljiwan Bakshi,11,F,0
4223,2118,Advika Naik,51,M,0
4224,2118,Jackson Lalla,51,F,0
4225,2119,Isaiah Swamy,59,M,0
4226,2120,Girik Sengupta,79,T,0
4227,2120,Quincy Grover,75,F,0
4228,2121,Yug Sen,51,M,0
4229,2121,Indali Loyal,19,F,0
4230,2121,Ishaan Sehgal,57,M,0
4231,2122,Pallavi Pandya,49,F,0
4232,2122,Ikbal Deshpande,46,T,0
4233,2122,Lavanya Mane,40,F,0
4234,2123,Damini Kota,27,M,0
4235,2124,Ekantika Nath,68,F,0
4236,2125,Ikshita Grewal,69,F,0
4237,2125,Brijesh Nigam,38,M,0
4238,2125,Alexander Sant,52,M,0
4239,2126,Anirudh Cheema,40,T,0
4240,2126,Vaishnavi Shetty,72,F,0
4241,2127,Arunima Bakshi,35,F,0
4242,2128,Urishilla Johal,27,T,0
4243,2128,Yatan Dada,79,M,0
4244,2128,Kashish Sachdev,17,M,0
4245,2129,Nilima Karan,12,T,0
4246,2129,Vamakshi Kamdar,50,T,0
4247,2129,Aishani Kari,28,F,0
4248,2130,Darika Halder,38,M,0
4249,2130,Saumya Ranganathan,12,T,0
4250,2130,Mason Tripathi,39,M,0
4251,2131,Harshil Sinha,27,M,0
4252,2131,Nathaniel Loyal,78,M,0
4253,2131,Wazir Sangha,29,M,0
4254,2132,Vasatika Dar,58,T,0
4255,2133,Triya Raj,43,T,0
4256,2134,Jai Mand,78,M,0
4257,2134,Ikshita Sahni,42,T,0
4258,2134,Siya Hari,10,M,0
4259,2135,Akshay Virk,61,F,0
4260,2135,Udant Hayer,62,T,0
4261,2136,Kai Manda,67,M,0
4262,2137,Samesh Lala,35,M,0
4263,2137,Bahadurjit Shankar,25,F,0
4264,2137,Radha Jaggi,32,T,0
4265,2138,Siya Deol,72,M,0
4266,2138,Saksham Venkatesh,10,F,0
4267,2139,Vansha Hora,18,F,0
4268,2139,Gopal Jani,26,F,0
4269,2139,Vaishnavi Deep,41,F,0
4270,2140,Dev Reddy,33,M,0
4271,2140,William Konda,49,T,0
4272,2140,Elijah Solanki,64,T,0
4273,2141,Odika Krishna,10,T,0
4274,2141,Aarush Nigam,17,M,0
4275,2142,Udant Bhardwaj,14,M,0
4276,2142,Qarin Sem,71,M,0
4277,2142,Anusha Sandal,71,F,0
4278,2143,Frederick Oak,24,M,0
4279,2143,Nathaniel Kashyap,16,M,0
4280,2143,Lopa Tara,6,M,0
4281,2144,Baljiwan Jaggi,28,F,0
4282,2144,Kabir Mane,65,F,0
4283,2144,Damyanti Thakur,44,M,0
4284,2145,Siya Sharaf,67,F,0
4285,2146,Theodore Sagar,42,F,0
4286,2146,Yagnesh Koshy,31,M,0
4287,2146,Kamya Saha,12,M,0
4288,2147,Odika Borah,20,M,0
4289,2147,Ria Manne,5,M,0
4290,2148,Madhavi Taneja,58,T,0
4291,2148,Nachiket Dara,80,T,0
4292,2149,Aarush Kaur,12,T,0
4293,2150,Aditya Vala,67,F,0
4294,2150,Eiravati Nagar,33,F,0
4295,2150,Alexander Viswanathan,45,T,0
4296,2151,Samuel Buch,32,M,0
4297,2151,Joshua Modi,54,M,0
4298,2152,Charvi Verma,67,F,0
4299,2152,Simon Dixit,45,T,0
4300,2152,Advay Tandon,52,T,0
4301,2153,Jack Behl,79,M,0
4302,2153,Abeer Balakrishnan,66,F,0
4303,2154,Krisha Sheth,56,F,0
4304,2155,Rayaan Loyal,64,M,0
4305,2156,Krishna Bedi,48,F,0
4306,2156,Yoshita Shukla,37,M,0
4307,2157,Damini Vyas,52,T,0
4308,2158,Anthony Manne,47,F,0
4309,2159,Azaan Baria,25,M,0
4310,2159,Qasim Oommen,48,M,0
4311,2160,Shaurya Saini,56,F,0
4312,2161,Vedika Shah,62,T,0
4313,2162,Falguni Seth,65,F,0
4314,2163,Arya Dara,6,T,0
4315,2163,Lipika Ram,69,T,0
4316,2163,Anamika Verma,50,T,0
4317,2164,Jason Zacharia,6,T,0
4318,2165,Abha Shukla,34,T,0
4319,2165,Quincy Shanker,63,M,0
4320,2165,Sneha Devi,66,T,0
4321,2166,Devansh Bhat,74,M,0
4322,2166,Zayyan Sharma,51,T,0
4323,2166,Vaishnavi Malhotra,80,F,0
4324,2167,Vedant Murthy,45,M,0
4325,2168,Ayushman Cherian,46,F,0
4326,2168,Tanveer Ghose,75,T,0
4327,2168,Meera Seth,63,T,0
4328,2169,Ria Wable,10,M,0
4329,2169,Ekaraj Raval,36,T,0
4330,2170,Rudra Dhar,60,M,0
4331,2170,Kai Mitter,47,T,0
4332,2171,Yuvraj Kunda,29,M,0
4333,2172,Aditya Bajwa,67,M,0
4334,2172,Anirudh Pant,39,M,0
4335,2172,Lekha Nagy,45,M,0
4336,2173,Diya Deol,37,M,0
4337,2174,Saumya Hora,16,F,0
4338,2174,Upkaar Khare,79,F,0
4339,2175,Chatresh Sachdeva,21,T,0
4340,2176,Priya Pingle,15,T,0
4341,2176,Baghyawati Sanghvi,58,T,0
4342,2176,Joshua Bhatia,50,F,0
4343,2177,Simon Nori,24,M,0
4344,2177,Pranit Oza,62,T,0
4345,2177,Jeremiah Walia,45,M,0
4346,2178,Ubika Mahajan,72,F,0
4347,2178,Yahvi Nadig,7,F,0
4348,2179,Indali Brahmbhatt,43,M,0
4349,2179,Daniel Ratti,25,M,0
4350,2179,Raagini Chopra,5,F,0
4351,2180,Kritika More,36,M,0
4352,2180,Zashil Madan,50,M,0
4353,2180,Amol Nagi,53,F,0
4354,2181,Wriddhish Magar,37,M,0
4355,2182,Janya Pillai,34,T,0
4356,2182,Lavanya Divan,34,F,0
4357,2183,Veer Kibe,65,F,0
4358,2183,Sarthak Bora,59,M,0
4359,2184,Alexander Oak,57,T,0
4360,2184,Pranit Upadhyay,30,M,0
4361,2185,Nakul Nagarajan,11,M,0
4362,2185,Unni Aggarwal,15,M,0
4363,2186,Zinal Seth,35,F,0
4364,2186,Chatresh Balay,79,T,0
4365,2187,Bhavna Joshi,27,F,0
4366,2187,Mohini Lad,70,F,0
4367,2187,Varsha Talwar,78,M,0
4368,2188,Harrison Sule,20,M,0
4369,2188,Aadi Dara,61,T,0
4370,2189,Ekbal Rana,57,M,0
4371,2189,Jeremiah Sant,48,T,0
4372,2190,Krishna Bakshi,57,M,0
4373,2190,Hitesh Hans,76,M,0
4374,2190,Abdul Borra,39,F,0
4375,2191,Shivansh Barad,41,F,0
4376,2191,Arjun Minhas,15,T,0
4377,2191,Wahab Char,25,T,0
4378,2192,Chanakya Ramaswamy,35,T,0
4379,2193,Elijah Kumer,64,M,0
4380,2194,Yahvi Kurian,20,T,0
4381,2195,Ansh Kar,32,M,0
4382,2195,Mohini Shenoy,15,M,0
4383,2195,Ati Suresh,25,T,0
4384,2196,Rishi Lalla,30,T,0
4385,2197,Maya Sidhu,60,T,0
4386,2197,Geetika Lala,23,T,0
4387,2197,Idika Jain,21,F,0
4388,2198,Charles Hans,37,T,0
4389,2199,Umang Kothari,15,T,0
4390,2200,Mitali Nagar,5,F,0
4391,2201,Hredhaan Ravel,36,M,0
4392,2201,Aadi Wali,71,T,0
4393,2201,Sudiksha Sagar,22,T,0
4394,2202,Advik Seth,58,F,0
4395,2202,Megha Walla,25,T,0
4396,2203,Deepa Sane,59,T,0
4397,2203,Rehaan Shukla,64,F,0
4398,2203,Quincy Oza,39,M,0
4399,2204,Bahadurjit Kapur,52,M,0
4400,2204,Zaid Srinivasan,54,F,0
4401,2204,Harish Lanka,18,M,0
4402,2205,Lajita Kapadia,21,F,0
4403,2206,Gayathri Sahota,27,M,0
4404,2206,Gavin Pathak,42,F,0
4405,2206,Victor Karpe,58,M,0
4406,2207,Nilima Rao,52,F,0
4407,2207,Reyansh Bala,59,F,0
4408,2207,Indali Chacko,19,M,0
4409,2208,Wishi Savant,36,M,0
4410,2208,Bhavani Sur,71,T,0
4411,2208,Chaitaly Lad,53,F,0
4412,2209,Logan Raman,53,T,0
4413,2209,Chasmum Virk,53,F,0
4414,2210,Banjeet Muni,52,F,0
4415,2210,Alka Vora,58,M,0
4416,2210,Krishna Dey,32,F,0
4417,2211,Hemang Sathe,56,M,0
4418,2211,Advika Sibal,43,T,0
4419,2211,Harita Gopal,16,F,0
4420,2212,Kamya Dhawan,72,T,0
4421,2212,Falak Lad,27,F,0
4422,2212,Ayush Narain,65,T,0
4423,2213,Devika Warrior,9,F,0
4424,2213,Zarna Misra,52,T,0
4425,2214,Chakradhar Tandon,46,M,0
4426,2214,Ronith Palla,12,M,0
4427,2215,Dayamai Chokshi,78,F,0
4428,2216,Turvi Kapadia,22,M,0
4429,2216,Omkaar Toor,41,M,0
4430,2217,Ethan Deshmukh,19,T,0
4431,2217,Vrishti Cheema,13,F,0
4432,2217,Lekha Thaker,69,M,0
4433,2218,Nathaniel Ganesan,65,F,0
4434,2219,Ucchal Salvi,78,T,0
4435,2219,Ekanta Date,25,M,0
4436,2219,Eiravati Sethi,63,F,0
4437,2220,Atharv Dara,67,F,0
4438,2220,Abhimanyu Kota,7,F,0
4439,2221,Rayaan Anne,31,T,0
4440,2221,Ekavir Bhat,15,M,0
4441,2221,Panini Garde,8,T,0
4442,2222,Ijaya Bir,20,T,0
4443,2222,Sanaya Agate,31,F,0
4444,2223,Sai Zachariah,26,F,0
4445,2223,Amruta Naik,37,T,0
4446,2224,Adweta Ratta,78,M,0
4447,2224,Zaitra Chatterjee,58,F,0
4448,2225,Nimrat Chadha,59,M,0
4449,2225,Dakshesh Mishra,49,T,0
4450,2226,Ucchal Trivedi,29,T,0
4451,2226,Anvi Narasimhan,72,T,0
4452,2226,Faris Bobal,55,F,0
4453,2227,Veda Madan,74,M,0
4454,2227,Brijesh Basu,60,M,0
4455,2228,Daksh Bajaj,69,F,0
4456,2228,Tanmayi Bail,77,M,0
4457,2228,Widisha Mangal,67,F,0
4458,2229,Panini Arya,45,F,0
4459,2229,Hemang Nori,10,F,0
4460,2229,Joshua Kakar,80,M,0
4461,2230,Hemani D’Alia,55,F,0
4462,2230,Maya Sen,46,M,0
4463,2231,Vedhika Dutta,17,F,0
4464,2232,Ayushman Chandra,42,T,0
4465,2232,Balhaar Sahni,48,M,0
4466,2232,Amara Sharma,16,M,0
4467,2233,Tanish Sant,22,M,0
4468,2233,Yachana Srinivasan,14,M,0
4469,2233,Hemangini Sengupta,38,T,0
4470,2234,Amara Tella,71,F,0
4471,2234,Oliver Rattan,32,F,0
4472,2235,Alka Oak,73,M,0
4473,2235,William Mangal,20,M,0
4474,2235,Yashodhara Palla,47,F,0
4475,2236,Vasatika Baria,15,M,0
4476,2236,Gaurika Cherian,10,T,0
4477,2237,Ati Gade,8,M,0
4478,2237,Harshil Halder,22,F,0
4479,2237,Max Mani,35,T,0
4480,2238,Hritik Purohit,69,M,0
4481,2239,Aarnav Venkatesh,44,T,0
4482,2239,Mohammed Sarna,32,F,0
4483,2240,Madhavi Varughese,68,F,0
4484,2240,Yashasvi Sahni,64,T,0
4485,2241,Oeshi Nadkarni,20,F,0
4486,2242,Dhruv Desai,73,T,0
4487,2243,Gayathri Pillai,36,T,0
4488,2243,Pallavi Nagi,13,M,0
4489,2244,Bakhshi Tandon,38,T,0
4490,2244,Shravya Kadakia,60,M,0
4491,2245,Kala Varty,72,F,0
4492,2245,Pratyush Mani,21,F,0
4493,2245,Eiravati Tata,32,F,0
4494,2246,Gaurangi Chauhan,60,M,0
4495,2247,Bahadurjit Dayal,51,M,0
4496,2247,Chaitanya Rai,61,M,0
4497,2248,Sathvik Korpal,80,M,0
4498,2248,Mitali Mall,58,F,0
4499,2249,Indali Chandran,29,F,0
4500,2249,Kalpit Hora,68,M,0
4501,2250,Bhavna Singhal,20,T,0
4502,2250,Om Kunda,73,T,0
4503,2251,Aayush Lata,68,F,0
4504,2251,Krishna Solanki,26,T,0
4505,2251,Noah Hegde,61,T,0
4506,2252,Wriddhish Upadhyay,37,T,0
4507,2253,Brijesh Bassi,39,T,0
4508,2253,Jagvi Suresh,25,M,0
4509,2254,Lipika Acharya,76,T,0
4510,2254,Advaith Modi,31,T,0
4511,2254,Tamanna Prabhakar,71,T,0
4512,2255,Manya Palan,80,M,0
4513,2255,Zaitra Barad,7,T,0
4514,2256,Qabil Basak,45,M,0
4515,2256,Wriddhish Badami,33,T,0
4516,2256,Mohini Khare,57,M,0
4517,2257,Farhan Chand,12,T,0
4518,2257,Manan Bawa,30,T,0
4519,2258,Forum Misra,13,T,0
4520,2259,Avi Char,54,M,0
4521,2260,Gopal Kaul,75,M,0
4522,2261,Nirja Gour,35,F,0
4523,2261,Zilmil Maharaj,5,M,0
4524,2261,Vinaya Prashad,6,F,0
4525,2262,Manya Korpal,17,M,0
4526,2262,Krisha Bhakta,44,F,0
4527,2262,Vedhika Guha,77,M,0
4528,2263,Rachit Dhingra,59,T,0
4529,2263,Ekani Singhal,66,T,0
4530,2264,Devansh Mammen,14,F,0
4531,2265,Ronith Vig,58,T,0
4532,2266,Arunima Mistry,47,F,0
4533,2266,Onveer Mukhopadhyay,59,T,0
4534,2266,Naveen Goyal,22,F,0
4535,2267,Ranbir Hegde,45,T,0
4536,2268,Bachittar Loyal,76,T,0
4537,2269,Aayush Sama,57,F,0
4538,2270,Jeevika Rai,51,T,0
4539,2270,Benjamin Raj,35,F,0
4540,2271,Isha Roy,57,M,0
4541,2272,Osha Tripathi,28,M,0
4542,2273,Bhavya Nair,55,T,0
4543,2274,Ekavir Pai,58,M,0
4544,2274,Amaira Gupta,56,F,0
4545,2274,Caleb Bhattacharyya,10,F,0
4546,2275,Anya Sawhney,51,F,0
4547,2275,Raksha Sheth,24,T,0
4548,2275,Radhika Sarma,59,F,0
4549,2276,Triveni Viswanathan,69,F,0
4550,2276,Balveer Biswas,67,F,0
4551,2276,Ikbal Deshmukh,24,T,0
4552,2277,Aahana Boase,54,F,0
4553,2277,David Sarna,33,F,0
4554,2278,Bimala Bhalla,42,F,0
4555,2279,Anvi Jhaveri,59,T,0
4556,2279,Ayush Pall,55,M,0
4557,2279,Aditya Kalla,18,T,0
4558,2280,Sai Parmar,11,M,0
4559,2281,Gaurangi Rau,14,F,0
4560,2282,Ishwar Cheema,25,T,0
4561,2283,Henry Sama,44,F,0
4562,2283,Advaith Kumar,78,M,0
4563,2284,Abhimanyu Sarna,19,M,0
4564,2284,Ekanta Balay,16,T,0
4565,2284,Ekani Goel,64,M,0
4566,2285,Alexander Khanna,73,T,0
4567,2285,Guneet Luthra,15,T,0
4568,2285,Atharv Tiwari,70,F,0
4569,2286,Ganga Basu,48,M,0
4570,2286,Nidhi Sandhu,9,T,0
4571,2287,Onveer Deshmukh,15,F,0
4572,2287,Manbir Madan,72,T,0
4573,2287,Anirudh Sandhu,32,F,0
4574,2288,Yashica Bhavsar,10,F,0
4575,2289,Pranit Kothari,42,F,0
4576,2289,Lekha Chacko,31,M,0
4577,2290,Pallavi Choudhry,67,M,0
4578,2290,Anmol Madan,72,F,0
4579,2290,Wriddhish Bala,44,F,0
4580,2291,Wakeeta Sangha,57,M,0
4581,2292,Jalsa Bava,30,M,0
4582,2293,Bhavna Bir,77,T,0
4583,2294,Brijesh Sarraf,17,T,0
4584,2295,Nitara Tak,64,F,0
4585,2295,Akshay Khalsa,25,M,0
4586,2295,Girik Sengupta,7,T,0
4587,2296,Henry Natarajan,54,M,0
4588,2296,Irya Deo,53,M,0
4589,2296,Ekanta Ben,33,T,0
4590,2297,Riya Parsa,56,F,0
4591,2297,Urmi Pillai,75,F,0
4592,2297,Ekta Borde,65,M,0
4593,2298,Waida Zacharia,55,M,0
4594,2299,Yadavi Doshi,23,T,0
4595,2300,Frado Badami,56,M,0
4596,2300,Meghana Lad,80,F,0
4597,2301,Falan Saraf,65,M,0
4598,2301,Jeremiah Ganguly,70,T,0
4599,2302,Garima Dhar,31,T,0
4600,2302,Edhitha Rajagopal,40,T,0
4601,2302,Zashil Kalla,52,M,0
4602,2303,Daksha Mitter,28,F,0
4603,2303,Udarsh Kapur,66,T,0
4604,2303,Vincent Purohit,33,F,0
4605,2304,Upadhriti Mohan,61,F,0
4606,2305,Chakrika Ratta,23,T,0
4607,2305,Edhitha Boase,13,M,0
4608,2305,Isaac Sandhu,69,F,0
4609,2306,Kritika Sane,36,M,0
4610,2306,Yashasvi Sehgal,68,F,0
4611,2307,Mohini Hari,37,T,0
4612,2307,Zehaan Purohit,13,F,0
4613,2308,Udant Bose,25,M,0
4614,2309,Yutika Kara,52,M,0
4615,2309,Aradhana Nagar,41,T,0
4616,2310,Ryan Taneja,49,F,0
4617,2310,Daksha Swamy,76,F,0
4618,2311,Ishani Bhargava,19,T,0
4619,2311,Saanvi Trivedi,52,M,0
4620,2312,Sathvik Kalla,77,T,0
4621,2313,Diya Sarkar,11,T,0
4622,2313,Devansh Maharaj,21,T,0
4623,2313,Aishani Khurana,75,M,0
4624,2314,Lila Bir,70,M,0
4625,2315,Forum Sandhu,19,T,0
4626,2315,Sanaya Venkatesh,46,M,0
4627,2315,Urvi Sridhar,7,M,0
4628,2316,Chameli Sinha,38,M,0
4629,2316,Barkha Padmanabhan,62,T,0
4630,2317,Lipika Gola,11,F,0
4631,2317,Kala Krishnamurthy,41,T,0
4632,2318,Saumya Patel,17,M,0
4633,2318,Forum Khalsa,38,F,0
4634,2319,Advay Bir,36,M,0
4635,2320,Dev Pandit,18,F,0
4636,2321,Anamika Goda,77,T,0
4637,2322,Owen Sura,18,T,0
4638,2322,Damyanti Sarna,15,T,0
4639,2323,Varsha Yadav,36,T,0
4640,2324,Urvi Chada,11,F,0
4641,2325,Panini Gara,39,M,0
4642,2325,Mekhala Virk,14,M,0
4643,2325,Varsha Ramaswamy,62,T,0
4644,2326,Wakeeta Ravel,19,F,0
4645,2326,Ria Basak,15,T,0
4646,2326,Harsh Ramanathan,45,F,0
4647,2327,Tanmayi Yadav,8,F,0
4648,2328,Ekaraj Kapoor,19,F,0
4649,2328,William Krishnamurthy,54,F,0
4650,2328,Amruta Dave,60,F,0
4651,2329,Pratyush Bhatti,46,F,0
4652,2329,Gauri Chad,50,T,0
4653,2330,Urmi Sane,47,F,0
4654,2330,Jackson Kadakia,58,M,0
4655,2331,Udant Patel,72,T,0
4656,2331,Xavier Gill,27,M,0
4657,2331,Bachittar Chaudhry,49,M,0
4658,2332,Jalsa Sangha,64,T,0
4659,2332,Kala Hayre,26,T,0
4660,2332,Benjamin Bhavsar,30,T,0
4661,2333,Devika More,48,T,0
4662,2333,Azaan Raval,10,M,0
4663,2334,Krishna Bajaj,69,F,0
4664,2334,Logan Menon,70,T,0
4665,2334,Logan Bose,35,T,0
4666,2335,Jagat Chandra,24,T,0
4667,2336,Henry Pillay,67,F,0
4668,2336,Jhalak Palla,75,F,0
4669,2336,Vrishti Sandhu,27,T,0
4670,2337,Osha Verma,39,F,0
4671,2338,Wakeeta Lala,67,T,0
4672,2338,Quincy Chaudry,59,M,0
4673,2338,Jagdish Padmanabhan,14,M,0
4674,2339,Kabir Badami,25,F,0
4675,2340,Tarak Saha,54,T,0
4676,2340,Lekha Manne,60,F,0
4677,2340,Chandani Patla,19,F,0
4678,2341,Odika Bandi,77,M,0
4679,2341,Kamya Hegde,13,T,0
4680,2341,Saksham Balakrishnan,17,T,0
4681,2342,Ishani Chatterjee,45,T,0
4682,2342,Shivansh Gaba,67,M,0
4683,2342,Azad Natarajan,23,M,0
4684,2343,Mugdha Tank,63,F,0
4685,2344,Maanas Atwal,23,F,0
4686,2344,Yutika Wali,19,F,0
4687,2345,Arjun Kala,39,T,0
4688,2346,Nimrat Mohan,70,F,0
4689,2347,Anusha Atwal,61,T,0
4690,2347,Dakshesh Bora,31,T,0
4691,2347,Xavier Raju,38,M,0
4692,2348,Rehaan Krishna,6,F,0
4693,2348,Abhiram Mane,10,F,0
4694,2348,Noah Nadkarni,53,F,0
4695,2349,Rayaan Dayal,46,M,0
4696,2349,Gauri Dhingra,20,T,0
4697,2350,Nakul Krishna,17,M,0
4698,2350,Nidra Oza,18,T,0
4699,2351,Darpan Agarwal,73,M,0
4700,2352,Ucchal Korpal,9,T,0
4701,2353,Baghyawati Ramaswamy,50,T,0
4702,2354,Anamika Edwin,32,F,0
4703,2355,Jason Bedi,11,M,0
4704,2355,Fariq Palla,44,T,0
4705,2355,Yashodhara Chad,29,T,0
4706,2356,Rushil Dave,26,M,0
4707,2357,Leena Murthy,80,F,0
4708,2357,Yagnesh Lall,73,T,0
4709,2358,Kashish Karan,41,T,0
4710,2358,Tejas Bhasin,11,T,0
4711,2359,Damyanti Goyal,33,M,0
4712,2359,Baghyawati Kothari,43,T,0
4713,2360,Kiaan Sridhar,8,F,0
4714,2360,Arjun Date,32,F,0
4715,2360,Chatresh Mohan,24,F,0
4716,2361,Devansh Kakar,80,T,0
4717,2361,Alexander Sem,60,M,0
4718,2361,Bimala Rai,55,F,0
4719,2362,Barkha Tata,13,T,0
4720,2362,Champak Parekh,23,T,0
4721,2363,Warinder Devi,58,F,0
4722,2363,Frederick Modi,73,M,0
4723,2364,Odika Sur,80,T,0
4724,2364,Vinaya Contractor,33,F,0
4725,2365,Jacob Nagy,28,M,0
4726,2366,Pranav Mittal,75,F,0
4727,2367,Zilmil Bajaj,16,M,0
4728,2368,Damyanti Mallick,8,M,0
4729,2368,Darpan Dugal,24,T,0
4730,2369,Charles Mangat,50,M,0
4731,2369,Mekhala Shanker,62,T,0
4732,2369,Jagdish Yohannan,34,T,0
4733,2370,Jeremiah Shere,78,T,0
4734,2370,Xavier Chaudry,55,T,0
4735,2370,Eesha Sagar,30,M,0
4736,2371,Christopher More,73,F,0
4737,2371,Geetika Kade,33,M,0
4738,2371,Anmol Bobal,25,T,0
4739,2372,Lavanya Sem,33,M,0
4740,2373,Upasna Mani,16,T,0
4741,2374,Joshua Behl,10,T,0
4742,2374,Elijah Aggarwal,34,T,0
4743,2375,Hredhaan Mallick,17,T,0
4744,2376,Robert Gola,40,T,0
4745,2376,Kavya Agarwal,14,T,0
4746,2376,Idika Barman,75,T,0
4747,2377,Indali Date,64,T,0
4748,2378,Keya Swamy,22,T,0
4749,2378,Bahadurjit Mishra,11,T,0
4750,2379,Jagdish Shukla,33,M,0
4751,2379,Jeet Puri,46,M,0
4752,2380,Warhi Batra,48,F,0
4753,2381,Noah Dhar,26,M,0
4754,2382,Tanay Thakkar,56,F,0
4755,2382,Jacob Chawla,78,M,0
4756,2382,Samuel Bali,68,M,0
4757,2383,Anamika Mangat,59,T,0
4758,2383,Mitali Khurana,19,M,0
4759,2383,Aishani Mallick,61,T,0
4760,2384,Ronith Singh,32,M,0
4761,2384,Kevin Dara,17,M,0
4762,2384,Lakshmi Brahmbhatt,5,T,0
4763,2385,Vrishti Shroff,60,F,0
4764,2385,Ojas Sachdeva,44,T,0
4765,2385,Bachittar Narayanan,75,T,0
4766,2386,Amrita Nanda,14,T,0
4767,2387,Netra Sundaram,74,T,0
4768,2387,Jack Bose,28,T,0
4769,2387,Yashoda Nayar,51,F,0
4770,2388,Madhav De,38,F,0
4771,2388,Ijaya Koshy,42,M,0
4772,2389,Rajata Sant,68,T,0
4773,2389,Xalak Kalita,54,M,0
4774,2389,Barkha Batta,26,F,0
4775,2390,Omisha Nayak,62,F,0
4776,2390,Charan Bakshi,33,M,0
4777,2391,Nilima Babu,22,F,0
4778,2392,Patrick Tara,69,T,0
4779,2392,Parth Dhawan,52,T,0
4780,2393,Urishilla Ghosh,26,M,0
4781,2393,Hemani Thakkar,41,T,0
4782,2393,Omaja Borra,59,M,0
4783,2394,Quincy Sule,23,T,0
4784,2394,Aashi Deshpande,30,F,0
4785,2394,Vrinda Kaul,42,M,0
4786,2395,Manya Guha,21,T,0
4787,2396,Chaman Nair,11,M,0
4788,2396,Umang Iyengar,58,M,0
4789,2397,Varenya Bhatti,47,T,0
4790,2398,Chatura Roy,29,M,0
4791,2398,Rachita Trivedi,19,M,0
4792,2399,Qarin Devi,73,T,0
4793,2400,Mohammed Minhas,26,T,0
4794,2400,Omya Dugal,76,T,0
4795,2401,Maanav Chaudhary,57,T,0
4796,2402,Sudiksha Narain,70,F,0
4797,2402,Azad Goda,60,T,0
4798,2402,Warjas Narain,62,F,0
4799,2403,Sarthak Naidu,71,T,0
4800,2404,Rohan Pall,35,T,0
4801,2404,Sanaya Chada,6,F,0
4802,2405,Nirja Dhaliwal,80,F,0
4803,2405,Bachittar Rao,58,M,0
4804,2405,Aachal Om,71,T,0
4805,2406,Chasmum Nagy,51,T,0
4806,2406,Omya Nigam,70,T,0
4807,2406,Sai Kalla,41,M,0
4808,2407,Pushti Apte,28,T,0
4809,2408,Omisha Prasad,42,T,0
4810,2408,Faras Ghosh,14,F,0
4811,2408,Sudiksha Wadhwa,63,F,0
4812,2409,Rohan Bhattacharyya,10,M,0
4813,2410,Jackson Dhawan,12,F,0
4814,2411,Harshil Saraf,19,M,0
4815,2411,Chakrika Kaur,52,F,0
4816,2411,Chandran Karan,74,T,0
4817,2412,Ria Sahota,50,F,0
4818,2412,Chaitaly Chakraborty,39,T,0
4819,2413,Nilima Bhalla,70,F,0
4820,2413,Yashodhara Narayanan,40,T,0
4821,2413,Naveen Tripathi,33,F,0
4822,2414,Nimrat Kota,74,T,0
4823,2415,Utkarsh Sura,70,T,0
4824,2415,Rohan Sama,40,M,0
4825,2416,Idika Hayer,50,M,0
4826,2416,Kala Batta,30,F,0
4827,2417,Matthew Verma,5,M,0
4828,2417,Eshana Malhotra,25,M,0
4829,2417,Sanya Jayaraman,72,M,0
4830,2418,Dayita Bali,6,M,0
4831,2419,Nathan Sundaram,31,M,0
4832,2419,Anmol Iyer,40,T,0
4833,2420,Sneha Sathe,22,F,0
4834,2421,Guneet Mandal,67,M,0
4835,2422,Chandresh Varghese,60,F,0
4836,2422,Max Dewan,25,F,0
4837,2422,Luke Nadkarni,35,F,0
4838,2423,Kamala Nagy,60,T,0
4839,2423,Wridesh Subramaniam,68,F,0
4840,2423,Ayaan Krishnan,17,F,0
4841,2424,Hema Bhatti,20,T,0
4842,2424,Sarthak Mannan,57,M,0
4843,2424,Chatresh Devi,34,F,0
4844,2425,Xavier Mannan,55,F,0
4845,2426,Brijesh Setty,79,T,0
4846,2427,Triya Verma,39,T,0
4847,2427,Frado Bala,10,M,0
4848,2428,Edhitha Khatri,46,F,0
4849,2428,Pallavi Mukherjee,45,T,0
4850,2428,Devansh Boase,62,F,0
4851,2429,Vincent Thakkar,32,M,0
4852,2429,Maanas Bhandari,59,F,0
4853,2430,Lakshit Verma,11,T,0
4854,2430,Wyatt Oak,59,M,0
4855,2430,Gaurav Bakshi,9,F,0
4856,2431,Mahika Verma,36,M,0
4857,2431,Warinder Pathak,50,M,0
4858,2431,Garima Gopal,36,M,0
4859,2432,Darika Mukherjee,20,F,0
4860,2432,Lohit Agrawal,30,F,0
4861,2432,Anika Bhandari,60,M,0
4862,2433,Falguni Bhagat,63,F,0
4863,2433,Hemangini Krishnamurthy,72,M,0
4864,2434,Christopher Doctor,78,F,0
4865,2434,Orinder Om,47,M,0
4866,2434,Eta Parikh,13,F,0
4867,2435,Unni Ram,22,T,0
4868,2435,Rajeshri Walia,62,F,0
4869,2436,Inaya Rao,72,F,0
4870,2436,Devansh Garg,8,F,0
4871,2437,Brinda Trivedi,56,F,0
4872,2437,Priya Muni,38,T,0
4873,2437,Rajeshri Sahni,80,T,0
4874,2438,Niharika Pau,59,M,0
4875,2438,Meghana Shetty,38,M,0
4876,2438,Ati Nazareth,51,M,0
4877,2439,Nitara Thakur,69,F,0
4878,2439,Aarnav Mukherjee,33,T,0
4879,2440,Nikita Ahuja,5,T,0
4880,2440,Thomas Tripathi,67,T,0
4881,2440,Yamini Prabhu,9,F,0
4882,2441,Aadi Gaba,7,T,0
4883,2441,Nakul Gole,76,F,0
4884,2441,Owen Choudhary,12,T,0
4885,2442,Chaaya Vaidya,71,F,0
4886,2443,Falguni Majumdar,40,T,0
4887,2443,Wridesh Munshi,37,T,0
4888,2443,Utkarsh Narula,10,F,0
4889,2444,Ekanta Buch,63,T,0
4890,2445,Jason Buch,7,T,0
4891,2446,Chatura Murty,62,M,0
4892,2447,Vritti Peri,48,F,0
4893,2447,Adweta Mannan,57,T,0
4894,2447,Anjali Ganguly,28,M,0
4895,2448,Gaurav Varkey,31,F,0
4896,2448,Niharika Nagi,68,T,0
4897,2448,Balendra Shroff,21,T,0
4898,2449,Kala Sem,5,F,0
4899,2450,Onveer Lala,29,T,0
4900,2450,Ladli Munshi,11,F,0
4901,2450,Janya Yohannan,61,F,0
4902,2451,Radhika Bail,49,M,0
4903,2452,Gaurika Singh,8,M,0
4904,2453,Widisha Agate,12,T,0
4905,2454,Sathvik Jaggi,34,F,0
4906,2455,Yashvi Sundaram,24,T,0
4907,2456,Eesha Choudhury,77,M,0
4908,2457,Nitesh Deol,39,T,0
4909,2458,Waida Majumdar,48,M,0
4910,2458,Aarini Banerjee,34,F,0
4911,2459,Yatan Palan,71,F,0
4912,2459,Viraj Rege,40,T,0
4913,2460,Abhiram Bera,65,T,0
4914,2461,Advaith Shankar,14,M,0
4915,2462,Henry Khatri,47,F,0
4916,2463,Reva Dhaliwal,47,M,0
4917,2463,Chaitaly Shukla,74,M,0
4918,2463,Christopher Mani,19,T,0
4919,2464,Nisha Kashyap,67,T,0
4920,2464,Aarav Lall,60,T,0
4921,2464,Eshana Chaudhuri,80,T,0
4922,2465,Chanchal Raghavan,30,M,0
4923,2465,Anay Karnik,44,M,0
4924,2466,Faraj Khanna,76,T,0
4925,2467,Tanish Sura,35,M,0
4926,2467,Veda Deo,55,F,0
4927,2468,Jack Gala,51,T,0
4928,2468,Aarav Jani,21,T,0
4929,2468,Anvi Chaudhari,18,T,0
4930,2469,Hemani Kalita,8,M,0
4931,2469,Chandran Ben,18,M,0
4932,2469,Warinder Edwin,19,F,0
4933,2470,Ishani Gola,29,M,0
4934,2470,Upkaar Dutt,23,F,0
4935,2470,Avni Pingle,9,M,0
4936,2471,Jason Chaudhry,37,M,0
4937,2471,Pratyush Dar,6,F,0
4938,2472,Sudiksha Chaudhary,55,M,0
4939,2472,Joshua Arora,29,T,0
4940,2472,Chandresh Kale,58,M,0
4941,2473,Faris Sharaf,70,M,0
4942,2474,Utkarsh Aggarwal,34,T,0
4943,2474,Onkar Mohan,74,M,0
4944,2475,Faras Bedi,27,T,0
4945,2475,Chavvi Choudhury,30,T,0
4946,2476,Baljiwan Sastry,60,T,0
4947,2476,Faraj Parekh,79,F,0
4948,2477,Anya Minhas,71,M,0
4949,2478,Urishilla Pillai,14,M,0
4950,2479,Anamika Seshadri,37,T,0
4951,2480,Patrick Chhabra,13,T,0
4952,2480,Faras Wason,18,F,0
4953,2481,Michael Kaul,71,T,0
4954,2481,Aryan Patil,43,M,0
4955,2481,Leela Sha,34,M,0
4956,2482,Baghyawati Ramaswamy,40,F,0
4957,2482,Arya Talwar,39,F,0
4958,2482,Tristan Bose,28,F,0
4959,2483,Aadhya Sarkar,33,M,0
4960,2483,Siya Rajagopalan,48,T,0
4961,2484,Onkar Bassi,27,F,0
4962,2484,Prisha Lad,73,T,0
4963,2484,Jeevika Mani,35,M,0
4964,2485,Tristan Biswas,14,M,0
4965,2485,Priya Batra,60,M,0
4966,2486,George Char,42,T,0
4967,2486,Ati Goswami,69,F,0
4968,2486,Aayush Chander,33,F,0
4969,2487,Avi Wali,7,F,0
4970,2488,Adya Sen,62,F,0
4971,2488,Saumya Subramanian,56,F,0
4972,2488,Kiaan Palla,51,T,0
4973,2489,Vansha Narain,80,T,0
4974,2489,Yutika Kumer,42,T,0
4975,2489,Falak Bhatia,61,F,0
4976,2490,Hritik Kapadia,48,F,0
4977,2490,Bhanumati Sachar,45,T,0
4978,2490,Ekavir Dubey,58,T,0
4979,2491,Lekha Halder,47,T,0
4980,2491,Ethan Sunder,7,F,0
4981,2491,Sneha Bhakta,72,F,0
4982,2492,Anusha Chokshi,15,F,0
4983,2492,Nakul Mani,44,F,0
4984,2493,Lila Kapadia,12,F,0
4985,2493,Amaira Baral,80,T,0
4986,2493,Gavin Shan,54,M,0
4987,2494,Harrison Wadhwa,44,T,0
4988,2494,Nisha Shanker,20,F,0
4989,2495,Hemani Gara,30,M,0
4990,2495,Dayamai Sachdev,61,T,0
4991,2495,Frado Bassi,75,F,0
4992,2496,Kamala Rao,76,T,0
4993,2496,Ekbal Anand,15,T,0
4994,2496,Girindra Aggarwal,32,T,0
4995,2497,Ansh Chaudhry,39,M,0
4996,2497,Mason Dey,48,T,0
4997,2497,Jackson Gara,54,M,0
4998,2498,Faraj Bir,13,T,0
4999,2498,Rohan Luthra,20,T,0
5000,2499,Finn Sandal,27,M,0
5001,2499,Praneel Doctor,15,F,0
5002,2499,Janani Choudhury,54,M,0
5003,2500,Rachita Sehgal,16,M,0
5004,2500,Ikbal Bhatnagar,18,F,0
5005,2501,Eshana Lall,44,M,0
5006,2501,Garima Shukla,17,T,0
5007,2502,Utkarsh D’Alia,17,T,0
5008,2502,Ekani Mani,56,M,0
5009,2503,Anay Rattan,19,T,0
5010,2503,Samuel De,15,F,0
5011,2503,Wahab Cherian,80,F,0
5012,2504,Advay Tara,7,T,0
5013,2504,David Bassi,64,M,0
5014,2504,Rachana Karpe,35,F,0
5015,2505,Radha Muni,78,F,0
5016,2506,Yadavi Lanka,43,T,0
5017,2506,Niharika Padmanabhan,59,T,0
5018,2506,Triya Dalal,31,M,0
5019,2507,Owen Verma,61,T,0
5020,2508,Bimala Sangha,24,M,0
5021,2508,Hema Maharaj,71,T,0
5022,2509,Laban Kothari,12,M,0
5023,2510,Abdul Kant,22,M,0
5024,2511,Farhan Parekh,40,M,0
5025,2512,Devansh Puri,47,T,0
5026,2512,Saumya Patla,33,T,0
5027,2512,Jyoti Sarna,75,F,0
5028,2513,Azaan Lanka,12,M,0
5029,2513,Timothy Aurora,44,F,0
5030,2513,Liam Sharaf,44,T,0
5031,2514,Bimala Dhingra,10,F,0
5032,2514,Nitara Gulati,25,F,0
5033,2515,Harinakshi Karnik,29,F,0
5034,2515,Farhan Majumdar,64,F,0
5035,2515,Amaira Grewal,26,T,0
5036,2516,Yashawini Bhatnagar,41,T,0
5037,2516,Widisha Mital,51,M,0
5038,2516,Dhriti Mukhopadhyay,68,F,0
5039,2517,Brinda Suresh,35,F,0
5040,2517,Kiaan Trivedi,5,F,0
5041,2518,Aditya Chowdhury,8,T,0
5042,2518,Mugdha Dani,60,T,0
5043,2519,Lajita Rajagopalan,56,M,0
5044,2519,Raagini Goda,65,M,0
5045,2519,Warjas Nigam,6,M,0
5046,2520,Vinaya Kamdar,15,F,0
5047,2520,Parth Parmer,43,F,0
5048,2520,Deepa Pathak,34,F,0
5049,2521,Lucky Menon,39,F,0
5050,2521,Jeet Nayar,34,F,0
5051,2522,Tanveer Pall,20,M,0
5052,2523,Saksham Dash,72,M,0
5053,2523,Fitan Dube,55,F,0
5054,2523,Lohit Salvi,42,F,0
5055,2524,Ria Devan,8,M,0
5056,2524,Ria Pandya,45,T,0
5057,2525,Bhavika Khalsa,57,M,0
5058,2525,Hardik Chacko,24,M,0
5059,2525,Ekaja Raj,20,T,0
5060,2526,Zarna Barman,17,T,0
5061,2526,Advaith Korpal,48,M,0
5062,2526,Zaid Gara,19,T,0
5063,2527,Ria Khosla,8,F,0
5064,2527,Farhan Mannan,76,T,0
5065,2527,Ekanta Madan,17,T,0
5066,2528,Shravya Suresh,66,M,0
5067,2528,Bina Dara,30,T,0
5068,2529,Balveer Natarajan,35,M,0
5069,2530,Libni Parikh,43,M,0
5070,2530,Yutika Patel,71,T,0
5071,2530,Pooja Bumb,76,T,0
5072,2531,Aashi Bhatt,76,T,0
5073,2531,Anita Atwal,31,M,0
5074,2532,Abdul Bhavsar,60,T,0
5075,2533,Jairaj Kale,12,F,0
5076,2533,Vansha Bumb,64,F,0
5077,2533,Yashawini Kannan,25,M,0
5078,2534,Yasti Balay,36,T,0
5079,2535,Damini Chadha,31,F,0
5080,2535,Kabir Vasa,40,M,0
5081,2536,Fiyaz Sharma,46,F,0
5082,2536,Yatan D’Alia,42,T,0
5083,2536,Eshana Devan,36,M,0
5084,2537,Ekani Sarkar,15,T,0
5085,2537,Geetika Choudhary,65,F,0
5086,2537,Tanish Choudhary,22,F,0
5087,2538,Vivaan Nath,25,T,0
5088,2538,Raghav Jaggi,71,M,0
5089,2538,Neelima Arora,38,F,0
5090,2539,Chakrika Sangha,59,M,0
5091,2539,Daksha Kulkarni,48,M,0
5092,2539,Ishwar Varma,59,F,0
5093,2540,Yashvi Suri,37,F,0
5094,2540,Ati Baral,25,F,0
5095,2540,Dalbir Kamdar,69,M,0
5096,2541,Varenya Swamy,25,T,0
5097,2541,Vedant Morar,19,M,0
5098,2542,Gagan Bal,57,F,0
5099,2543,Tanish Prashad,70,M,0
5100,2543,Vidhi Sha,53,T,0
5101,2543,Deepa Chandran,12,F,0
5102,2544,Christopher Arora,44,M,0
5103,2544,Anvi Banik,39,T,0
5104,2545,Baghyawati Sarin,58,F,0
5105,2546,Unni Vora,25,M,0
5106,2547,Omaja Bhavsar,12,T,0
5107,2547,Keya Goel,17,T,0
5108,2548,Veer Grover,5,M,0
5109,2549,Advika Chandra,52,F,0
5110,2549,Anjali Ganguly,30,T,0
5111,2549,Saanvi Ray,14,M,0
5112,2550,Ekavir Balasubramanian,75,F,0
5113,2550,Nitesh Sridhar,66,M,0
5114,2550,Charvi Nadig,65,T,0
5115,2551,Gautami Mital,41,M,0
5116,2552,Azad Venkatesh,26,T,0
5117,2552,Brijesh Muni,47,T,0
5118,2552,Ayushman Gill,45,M,0
5119,2553,Qadim Kohli,62,T,0
5120,2553,Yuvraj Kalla,19,T,0
5121,2554,Ria Dasgupta,51,F,0
5122,2555,Lohit Goel,5,T,0
5123,2556,Kiaan Buch,68,M,0
5124,2557,Anvi Ramachandran,19,M,0
5125,2557,Oni Nagar,6,T,0
5126,2557,Meghana Ramanathan,67,T,0
5127,2558,Tanish Sathe,63,M,0
5128,2559,Waida Raghavan,35,T,0
5129,2560,Reva Samra,6,F,0
5130,2560,Aradhana Mohan,76,T,0
5131,2561,Theodore Taneja,50,T,0
5132,2562,Ojas Radhakrishnan,5,F,0
5133,2562,Yachana Sinha,44,M,0
5134,2563,Bhavini Narang,46,F,0
5135,2564,Andrew Tiwari,47,M,0
5136,2564,Tristan Dayal,6,F,0
5137,2564,Oscar Pal,19,T,0
5138,2565,Oviya Ramaswamy,49,M,0
5139,2566,Pahal Goel,18,F,0
5140,2567,Chandran Dhawan,71,M,0
5141,2567,Diya Vora,17,M,0
5142,2567,Anjali Chowdhury,12,T,0
5143,2568,Yatan Tiwari,57,T,0
5144,2568,Rohan Vyas,19,M,0
5145,2569,Hemani Varghese,33,M,0
5146,2569,Sara Kade,48,F,0
5147,2569,Harsh Radhakrishnan,16,F,0
5148,2570,Warinder Srinivasan,33,F,0
5149,2571,Krisha Varty,30,T,0
5150,2571,Netra Balasubramanian,74,M,0
5151,2572,Netra Sarraf,28,T,0
5152,2573,Chakradev Parmer,10,F,0
5153,2573,Alka Sani,17,M,0
5154,2574,Aahana Dey,64,F,0
5155,2575,Lopa Palla,20,F,0
5156,2576,Lohit Mitra,6,T,0
5157,2576,Mugdha Khanna,72,F,0
5158,2577,Logan Mistry,63,T,0
5159,2578,Dhruv Loke,57,M,0
5160,2579,Harish Bhat,33,T,0
5161,2579,Xalak Saxena,69,T,0
5162,2580,Advaith Divan,56,M,0
5163,2580,Advay Deshpande,14,M,0
5164,2580,Januja Bhasin,51,F,0
5165,2581,Zaitra Bobal,16,T,0
5166,2581,Baljiwan Tank,29,F,0
5167,2582,Ishani Sarin,35,M,0
5168,2582,Qadim Kala,19,M,0
5169,2583,Fariq Nadig,39,M,0
5170,2583,Eta Barman,73,F,0
5171,2584,Isaac Bhatt,50,M,0
5172,2585,Dipta Deo,17,T,0
5173,2585,Zilmil Ranganathan,67,F,0
5174,2585,Yashasvi Keer,47,F,0
5175,2586,Ranveer Chhabra,6,T,0
5176,2586,Mason Rege,39,F,0
5177,2587,Darika Sharaf,79,T,0
5178,2588,Damini Wagle,28,F,0
5179,2589,Jalsa Anne,63,T,0
5180,2590,Kavya Puri,73,M,0
5181,2590,Christopher Parsa,71,M,0
5182,2590,Ikshita Bail,40,T,0
5183,2591,Benjamin Halder,69,M,0
5184,2591,Michael Butala,12,T,0
5185,2591,Andrew Dash,24,T,0
5186,2592,Vedant Ganguly,61,T,0
5187,2592,Harrison Borde,11,T,0
5188,2592,Kalpit Sarkar,76,T,0
5189,2593,Vritti Walla,52,M,0
5190,2593,Sarthak More,8,F,0
5191,2593,Teerth Hayre,72,F,0
5192,2594,Chandran Parsa,54,T,0
5193,2594,Tanveer D’Alia,19,M,0
5194,2594,Upasna Pradhan,76,F,0
5195,2595,Hredhaan Bawa,24,M,0
5196,2595,Sudiksha Mahal,17,F,0
5197,2595,Baghyawati Wali,25,T,0
5198,2596,Balendra Aggarwal,65,M,0
5199,2596,Januja Sachdeva,10,M,0
5200,2596,Meghana Raman,47,T,0
5201,2597,Indira Bath,79,T,0
5202,2598,Manya Chatterjee,25,F,0
5203,2598,Lekha Dyal,48,T,0
5204,2599,Ishaan Chopra,17,M,0
5205,2600,Raghav Mishra,23,F,0
5206,2600,Tanmayi Handa,15,T,0
5207,2600,Onkar Gill,7,T,0
5208,2601,Onkar Pal,72,F,0
5209,2602,Daksha Aurora,43,M,0
5210,2602,Damyanti Sekhon,9,F,0
5211,2602,Ayaan Seth,67,F,0
5212,2603,Vedhika Bhakta,67,T,0
5213,2603,Jeet Toor,71,F,0
5214,2604,Yashawini Barad,72,M,0
5215,2604,Abha Nath,28,M,0
5216,2605,Deepa Krishnamurthy,80,T,0
5217,2606,Damini Nanda,72,T,0
5218,2606,Yatan Tailor,72,F,0
5219,2607,Anya Saran,35,F,0
5220,2607,Ladli Misra,66,T,0
5221,2607,Indali Som,21,M,0
5222,2608,Alexander Ahluwalia,62,T,0
5223,2608,Indrajit Prasad,27,T,0
5224,2608,Harsh Mistry,7,F,0
5225,2609,Balhaar Sibal,18,F,0
5226,2609,Meera Sandhu,65,F,0
5227,2609,Zansi Bawa,32,F,0
5228,2610,Rohan Bajaj,77,T,0
5229,2610,Tamanna Badal,65,T,0
5230,2611,Jeet Batta,76,M,0
5231,2612,Peter Tailor,70,F,0
5232,2612,William Dewan,24,F,0
5233,2613,Chaitanya Narula,66,T,0
5234,2613,Abha Shetty,32,M,0
5235,2613,Ishanvi Kade,48,F,0
5236,2614,Kala Char,26,T,0
5237,2614,Idika Saraf,66,M,0
5238,2615,Gaurav Kuruvilla,21,T,0
5239,2615,Ishwar Ram,78,M,0
5240,2616,Brijesh Sachar,78,T,0
5241,2616,Qadim Ganesh,71,M,0
5242,2616,Aashi Jani,70,M,0
5243,2617,Ekanta Goda,70,F,0
5244,2617,Sai Shanker,63,T,0
5245,2618,Priya Swaminathan,62,M,0
5246,2618,Pallavi Palan,36,F,0
5247,2618,Dalbir Kade,24,T,0
5248,2619,Bhavna Vaidya,6,F,0
5249,2619,Gautami Mani,19,T,0
5250,2620,Yuvraj Nori,51,F,0
5251,2620,Devansh Pandey,11,T,0
5252,2621,Aadhya Singhal,54,F,0
5253,2621,Ishita Soni,29,M,0
5254,2622,Hredhaan Gola,42,T,0
5255,2623,Nimrat Kashyap,19,T,0
5256,2623,Nitara Datta,37,T,0
5257,2624,Gayathri Bansal,52,F,0
5258,2625,Chanchal Grewal,40,M,0
5259,2626,Sai Butala,64,M,0
5260,2627,Harini Nigam,63,T,0
5261,2627,Sudiksha Singh,41,F,0
5262,2627,Neel Raj,43,F,0
5263,2628,Warhi Ramanathan,49,T,0
5264,2628,Hritik Dasgupta,69,T,0
5265,2629,Warda Narain,10,F,0
5266,2630,Kalpit Thaman,61,T,0
5267,2631,Lekha Edwin,34,T,0
5268,2631,Daniel Ravel,63,T,0
5269,2631,Frado Mody,19,T,0
5270,2632,Dominic Bath,10,T,0
5271,2633,Raghav Chaudhry,23,F,0
5272,2633,Aradhana Nath,78,T,0
5273,2634,Liam Ahluwalia,64,T,0
5274,2634,Chaitanya Mahajan,20,T,0
5275,2635,Aarnav Parmar,8,M,0
5276,2636,Anjali Edwin,13,M,0
5277,2636,Theodore Sachdeva,18,M,0
5278,2636,Ekbal Goswami,28,F,0
5279,2637,Agastya Mann,12,F,0
5280,2637,Zehaan Bal,51,M,0
5281,2637,Sudiksha Mandal,6,M,0
5282,2638,Quincy Sethi,68,F,0
5283,2638,Yahvi Goel,19,F,0
5284,2638,Guneet Chaudry,6,F,0
5285,2639,Abhiram Sidhu,24,F,0
5286,2640,Inaya Jani,51,F,0
5287,2640,Wishi Som,51,M,0
5288,2641,Hemani Sharma,69,T,0
5289,2641,Jhalak Issac,52,F,0
5290,2642,Victor Khatri,53,T,0
5291,2642,Aryan Amble,36,F,0
5292,2642,Quincy Nayar,56,M,0
5293,2643,Warinder Boase,61,T,0
5294,2644,Gabriel Pillai,29,F,0
5295,2644,Simon Badami,72,M,0
5296,2644,Samuel Mukhopadhyay,77,M,0
5297,2645,Falguni Chacko,69,M,0
5298,2645,Ekta Ganguly,78,F,0
5299,2645,Yutika Deshmukh,67,F,0
5300,2646,Raksha Shan,54,T,0
5301,2646,Wriddhish Kant,62,M,0
5302,2646,Patrick Dar,49,F,0
5303,2647,Gaurang Dhawan,64,M,0
5304,2647,Faraj Naik,32,F,0
5305,2647,Banjeet Dugal,41,F,0
5306,2648,Ansh Gupta,28,F,0
5307,2648,Ishwar Krishnan,63,M,0
5308,2648,Amol Pal,14,M,0
5309,2649,Ucchal Dua,65,T,0
5310,2649,Rachit Ravi,64,T,0
5311,2649,Dhriti Mane,45,M,0
5312,2650,Yoshita Rege,27,M,0
5313,2650,Aayush Chakraborty,51,T,0
5314,2651,Sneha Agarwal,22,M,0
5315,2651,Omisha Sule,12,F,0
5316,2652,Isha Sami,75,F,0
5317,2652,Ojasvi Barman,24,M,0
5318,2653,Yutika Gour,72,M,0
5319,2654,Geetika Seth,75,F,0
5320,2654,Yamini Nayak,17,F,0
5321,2655,Upasna Kala,40,T,0
5322,2655,Liam Kaur,33,T,0
5323,2656,Chakradev Jayaraman,41,F,0
5324,2656,Kamya Doctor,33,M,0
5325,2657,Yagnesh Shankar,67,F,0
5326,2657,Reva Sidhu,41,T,0
5327,2657,Raksha Walla,26,T,0
5328,2658,Abha Upadhyay,8,M,0
5329,2658,Hamsini Sharaf,43,M,0
5330,2659,Dhruv More,48,T,0
5331,2659,Jatin Tiwari,54,F,0
5332,2659,Lohit Bedi,25,T,0
5333,2660,Raksha Roy,64,T,0
5334,2660,Robert Bail,43,M,0
5335,2660,Aarav Sha,57,F,0
5336,2661,Aishani Choudhury,45,F,0
5337,2661,Gabriel Purohit,43,T,0
5338,2661,Nilima Gola,41,T,0
5339,2662,Kevin Khosla,13,T,0
5340,2662,Rohan Suri,21,T,0
5341,2663,Parth Sachdeva,41,T,0
5342,2664,Zansi Borah,52,F,0
5343,2664,Nisha Mandal,53,M,0
5344,2664,Radha Roy,68,F,0
5345,2665,Hamsini Verma,35,M,0
5346,2665,Jai Chaudhari,73,F,0
5347,2665,Finn Dara,70,F,0
5348,2666,Yashvi Aurora,68,M,0
5349,2667,Pushti Kari,9,F,0
5350,2668,Sneha Chandran,16,M,0
5351,2669,Victor Mohanty,62,M,0
5352,2670,Farhan Misra,18,F,0
5353,2670,Deepa Chanda,79,T,0
5354,2670,Vivaan Bail,29,M,0
5355,2671,Timothy Mital,80,M,0
5356,2671,Ansh Chand,66,T,0
5357,2671,Oni Vora,47,F,0
5358,2672,Lopa Ramakrishnan,23,T,0
5359,2672,Vansha Agrawal,31,M,0
5360,2673,Jonathan Wali,8,F,0
5361,2673,Ekavir Vala,74,T,0
5362,2673,Lopa Ramaswamy,24,T,0
5363,2674,Nimrat Hayre,29,F,0
5364,2674,Michael Bal,36,M,0
5365,2674,Nikita Amble,75,M,0
5366,2675,Ayush Bhatnagar,9,T,0
5367,2675,Daksh Ramakrishnan,55,F,0
5368,2675,Keya Kibe,26,M,0
5369,2676,Eesha Rama,73,T,0
5370,2676,Leena Mall,71,M,0
5371,2677,Isaac Chacko,77,F,0
5372,2678,Janaki Nori,6,T,0
5373,2678,Hemani Sharma,73,T,0
5374,2679,Yamini Sankar,16,T,0
5375,2679,Advaith Krishnan,35,F,0
5376,2679,Ati Dhillon,15,T,0
5377,2680,Theodore Kalla,40,T,0
5378,2680,Akshay Mand,18,T,0
5379,2680,Champak Kota,22,M,0
5380,2681,Gaurangi Acharya,58,F,0
5381,2681,Indira Sengupta,17,M,0
5382,2681,Baljiwan Batra,23,M,0
5383,2682,Lajita Deol,34,T,0
5384,2683,Vaishnavi Bhavsar,60,T,0
5385,2684,Anita Zachariah,30,M,0
5386,2685,Nihal Saxena,8,M,0
5387,2685,Balendra Pathak,60,T,0
5388,2686,Nicholas Lanka,66,F,0
5389,2687,Isaiah Iyer,37,M,0
5390,2687,David Sarma,25,F,0
5391,2688,Deepa Badal,73,F,0
5392,2688,Madhavi Goel,74,T,0
5393,2688,Vaishnavi Walia,54,F,0
5394,2689,Nicholas Subramaniam,5,F,0
5395,2689,Viraj Batta,48,T,0
5396,2689,Wyatt Mohan,60,T,0
5397,2690,Pranav Bhatnagar,50,M,0
5398,2690,Ekanta Minhas,5,F,0
5399,2691,Udyati Bahl,20,F,0
5400,2691,Jacob Chanda,60,M,0
5401,2692,Hemal Prakash,26,M,0
5402,2692,Arjun Bhakta,44,M,0
5403,2693,Kashish Saraf,65,T,0
5404,2693,Rachit Bains,9,M,0
5405,2693,Ishaan Seshadri,55,F,0
5406,2694,Tarak Dua,35,T,0
5407,2694,Zilmil Hans,70,T,0
5408,2695,Chaaya Tiwari,76,F,0
5409,2695,Nachiket Sahota,56,F,0
5410,2695,Vidhi Sastry,66,F,0
5411,2696,Chandani Peri,52,F,0
5412,2696,Praneel Malhotra,67,F,0
5413,2696,Saumya Khurana,23,T,0
5414,2697,Hiral Dhawan,74,M,0
5415,2698,Anusha Mane,51,F,0
5416,2698,Vedhika Sastry,35,T,0
5417,2698,Sai Reddy,75,F,0
5418,2699,Raksha Mandal,5,F,0
5419,2700,Ekaraj Ravel,59,M,0
5420,2700,Adweta Ray,46,M,0
5421,2701,Devansh Memon,26,T,0
5422,2701,Vivaan Verma,45,F,0
5423,2702,Inaya Khalsa,42,T,0
5424,2702,Ubika Bansal,11,M,0
5425,2702,Gaurika Pingle,27,F,0
5426,2703,Sneha Hayre,47,F,0
5427,2704,Luke Butala,33,F,0
5428,2704,Zilmil Behl,55,F,0
5429,2705,Vedika Koshy,72,T,0
5430,2705,Tarak Doctor,46,F,0
5431,2705,Veer Bir,76,F,0
5432,2706,Samuel Devi,74,T,0
5433,2707,Urvi Chhabra,71,T,0
5434,2708,Rushil Bhagat,29,F,0
5435,2708,Manan Sandal,47,F,0
5436,2709,Logan Basak,57,T,0
5437,2709,Tara Mohan,15,T,0
5438,2709,Chaitanya Varty,44,F,0
5439,2710,Yashica Pandya,8,M,0
5440,2711,Noah Karpe,10,T,0
5441,2711,Abhiram Agarwal,27,T,0
5442,2711,Wishi Soni,79,T,0
5443,2712,Raagini Bala,12,T,0
5444,2712,Wyatt Mangat,16,T,0
5445,2712,Yashodhara Mangat,50,F,0
5446,2713,Logan Kamdar,48,T,0
5447,2714,Faras Sami,21,T,0
5448,2715,Manthan Parekh,77,T,0
5449,2715,Yachana Thaker,57,F,0
5450,2716,Shravya Bhardwaj,39,M,0
5451,2716,Wishi Grewal,72,F,0
5452,2716,Zehaan Oza,38,M,0
5453,2717,Benjamin De,60,M,0
5454,2717,Nakul Ram,62,F,0
5455,2718,Hardik Arora,45,T,0
5456,2718,Rehaan Pal,63,T,0
5457,2718,Yahvi Soni,24,M,0
5458,2719,Mohammed Ramachandran,30,F,0
5459,2719,Qarin Choudhry,60,M,0
5460,2720,Vrinda Krish,44,F,0
5461,2721,Amara Kannan,21,T,0
5462,2722,Jai Trivedi,29,F,0
5463,2723,Ojas Basak,63,F,0
5464,2724,Adya Shroff,30,F,0
5465,2724,Harish Dara,23,T,0
5466,2725,Jairaj Samra,35,F,0
5467,2726,Jonathan Sheth,12,M,0
5468,2726,Ikshita Dubey,32,T,0
5469,2726,Gaurang Sane,25,T,0
5470,2727,Kritika Sibal,80,M,0
5471,2727,Aachal Sabharwal,46,F,0
5472,2727,Arunima Gandhi,35,T,0
5473,2728,Sara Uppal,56,F,0
5474,2729,Lohit Kadakia,73,M,0
5475,2729,Amruta Narayan,54,F,0
5476,2730,Anirudh Panchal,43,M,0
5477,2730,Jason Wagle,47,F,0
5478,2730,Nicholas Loyal,74,T,0
5479,2731,Gabriel Nagarajan,54,F,0
5480,2732,Triveni Narasimhan,62,M,0
5481,2733,Ekaja Babu,71,F,0
5482,2734,Ati Naidu,62,F,0
5483,2735,Champak Sami,65,T,0
5484,2735,Reyansh Ratti,60,T,0
5485,2736,Omya Acharya,46,T,0
5486,2737,Rachit Dayal,59,M,0
5487,2737,Anay Srivastava,13,F,0
5488,2738,Udant Hora,59,T,0
5489,2738,Rudra Chowdhury,51,M,0
5490,2738,Krish Thaker,28,M,0
5491,2739,Orinder Balakrishnan,40,T,0
5492,2739,Michael Nigam,31,F,0
5493,2740,Triveni Pillay,26,F,0
5494,2741,Viraj Mannan,66,F,0
5495,2741,Frederick Grewal,75,M,0
5496,2742,Gabriel Swaminathan,35,F,0
5497,2742,Girindra Dar,18,T,0
5498,2742,Upkaar Mane,26,M,0
5499,2743,Suhani Lal,5,M,0
5500,2744,Om Dalal,18,F,0
5501,2745,Neel Chopra,72,F,0
5502,2746,Pooja Chaudhary,48,M,0
5503,2746,Rohan Jhaveri,70,M,0
5504,2746,Falguni Savant,27,F,0
5505,2747,Yasti Kapur,80,T,0
5506,2748,Tanvi Sethi,72,F,0
5507,2748,Yadavi Samra,66,T,0
5508,2748,Isha Shah,10,T,0
5509,2749,Bahadurjit Sabharwal,29,T,0
5510,2750,Geetika Sen,67,F,0
5511,2750,Sanya Korpal,36,M,0
5512,2750,Advika Rau,24,T,0
5513,2751,Ekalinga Kothari,35,F,0
5514,2751,Aarush Natarajan,55,M,0
5515,2752,Ekapad Anne,29,T,0
5516,2753,Vyanjana Mukherjee,28,T,0
5517,2753,Aarush Mangal,69,T,0
5518,2753,Vinaya Dash,27,M,0
5519,2754,Aahana Jaggi,50,M,0
5520,2755,Nihal Tailor,67,F,0
5521,2756,Panini Sen,32,T,0
5522,2756,Dev Bose,57,F,0
5523,2757,Mason Gera,57,F,0
5524,2757,Xavier Cheema,60,M,0
5525,2757,Bachittar Munshi,20,M,0
5526,2758,Wazir Merchant,10,M,0
5527,2758,Vasudha Kunda,8,T,0
5528,2758,Arya Reddy,13,M,0
5529,2759,Falan Sachdeva,8,M,0
5530,2760,Darika Upadhyay,33,F,0
5531,2760,Gaurangi Bahl,54,M,0
5532,2761,Edhitha Agarwal,22,T,0
5533,2761,Gagan Sachdev,15,M,0
5534,2761,Vihaan Rao,59,T,0
5535,2762,Dayamai Oommen,23,M,0
5536,2762,Anusha Majumdar,9,M,0
5537,2763,Balveer Radhakrishnan,32,M,0
5538,2764,Hemang Ghose,6,T,0
5539,2765,Yagnesh Raman,77,T,0
5540,2766,Jagdish Choudhry,79,M,0
5541,2766,Chaaya Chokshi,19,T,0
5542,2767,Amrita Patla,19,F,0
5543,2768,Warjas Kari,32,M,0
5544,2768,Jason Kothari,39,T,0
5545,2769,Anthony Mahajan,16,T,0
5546,2770,Naveen Chatterjee,40,F,0
5547,2771,Raagini Mane,30,F,0
5548,2771,Vihaan Dhaliwal,13,T,0
5549,2772,Maya Vala,15,T,0
5550,2773,Laban Verma,23,T,0
5551,2774,Saanvi Samra,48,F,0
5552,2774,Tanish Mahajan,14,M,0
5553,2774,Faras Aggarwal,29,M,0
5554,2775,Arunima Prasad,7,M,0
5555,2775,Jyoti Nagar,69,M,0
5556,2776,Jai Nagy,69,T,0
5557,2777,Hemang Sanghvi,14,T,0
5558,2778,Vamakshi Gala,32,M,0
5559,2779,Abdul Naidu,18,M,0
5560,2779,Kiaan Behl,27,F,0
5561,2780,Yachana Varkey,13,F,0
5562,2780,Onveer Banik,31,M,0
5563,2780,Ishani Goel,27,T,0
5564,2781,Chandran Dugar,5,T,0
5565,2781,Kalpit Apte,34,F,0
5566,2781,Divya Chadha,59,F,0
5567,2782,Gaurangi Krishna,6,F,0
5568,2782,Om Sankar,15,M,0
5569,2783,Hemang Swaminathan,59,T,0
5570,2784,Neel Bedi,50,F,0
5571,2784,Jackson Parmar,31,T,0
5572,2784,Rachit Dey,21,F,0
5573,2785,Imaran Chauhan,63,T,0
5574,2785,Imaran Prakash,19,M,0
5575,2786,Diya Sandhu,55,F,0
5576,2786,Samar Luthra,12,F,0
5577,2787,Chasmum Sarna,50,T,0
5578,2787,Charan Basu,34,M,0
5579,2788,Upma Gola,69,T,0
5580,2788,Amaira Apte,70,T,0
5581,2788,Gabriel Pradhan,30,F,0
5582,2789,Unnati Bhalla,73,F,0
5583,2789,Imaran Bhatt,12,F,0
5584,2790,Viraj Ramesh,71,F,0
5585,2791,Arin Acharya,6,T,0
5586,2791,Dalbir Dada,67,M,0
5587,2792,Dipta Buch,79,M,0
5588,2792,Vidhi Tella,15,F,0
5589,2793,William Rattan,53,F,0
5590,2794,Ayush Mander,63,F,0
5591,2794,Chandran Vohra,18,M,0
5592,2794,Ekaraj Bandi,70,F,0
5593,2795,Anay Khanna,44,M,0
5594,2796,Imaran Bhandari,32,M,0
5595,2796,Riya Prashad,26,T,0
5596,2796,Guneet Badami,37,T,0
5597,2797,Bimala Magar,55,T,0
5598,2798,Aahana Korpal,70,T,0
5599,2799,William Goda,14,F,0
5600,2799,Faris Shetty,37,M,0
5601,2800,Eta Nayak,73,M,0
5602,2800,Frado Dada,5,M,0
5603,2801,Ayushman Sengupta,19,T,0
5604,2801,Deepa Date,44,T,0
5605,2801,Lopa Sidhu,11,T,0
5606,2802,Nisha Mutti,31,M,0
5607,2802,George Gour,78,M,0
5608,2802,Aahana Misra,76,T,0
5609,2803,Aachal Badami,14,M,0
5610,2803,Aishani Bala,19,T,0
5611,2803,Gaurika Mitter,10,M,0
5612,2804,Oviya Palla,58,T,0
5613,2804,Tanmayi Kalla,18,T,0
5614,2804,Tanvi Raval,73,T,0
5615,2805,Hemang Nagi,45,T,0
5616,2805,Wakeeta Andra,72,T,0
5617,2805,Idika Bhatti,57,M,0
5618,2806,Yasti Bava,27,M,0
5619,2807,Ishita Gole,59,T,0
5620,2807,Aarav Chad,17,M,0
5621,2808,Samar Datta,11,T,0
5622,2808,Guneet Gupta,45,T,0
5623,2809,Dakshesh Behl,71,M,0
5624,2809,Ekta Kapoor,66,T,0
5625,2809,Anya Rastogi,48,M,0
5626,2810,Oeshi Goel,30,M,0
5627,2810,Harinakshi Hans,37,F,0
5628,2811,Matthew Choudhry,62,M,0
5629,2812,Rishi Kadakia,35,T,0
5630,2812,Sarthak Deo,22,F,0
5631,2813,Gaurika Nayar,18,T,0
5632,2813,Adya Chahal,7,F,0
5633,2813,Jhalak Chaudhry,19,T,0
5634,2814,Urvashi Sarkar,19,T,0
5635,2814,Krisha Dora,12,M,0
5636,2814,Saksham Roy,22,T,0
5637,2815,Varsha Loyal,18,T,0
5638,2816,Kai Kashyap,17,T,0
5639,2816,Gavin Rau,7,M,0
5640,2816,Deepa Kari,32,M,0
5641,2817,Oviya Sinha,66,T,0
5642,2817,Aahana Dass,15,M,0
5643,2818,Balendra Bava,33,T,0
5644,2818,Quincy Batra,12,M,0
5645,2819,Shivansh Sodhi,54,F,0
5646,2820,Damyanti Loyal,62,T,0
5647,2821,Warinder Bora,14,T,0
5648,2821,Chakrika Oommen,65,M,0
5649,2821,Aashi Setty,12,F,0
5650,2822,Maanav Gade,73,T,0
5651,2822,Amaira Madan,71,M,0
5652,2822,Arya Setty,21,F,0
5653,2823,Falguni Buch,80,M,0
5654,2823,Peter Dalal,22,T,0
5655,2824,Christopher Srinivasan,59,F,0
5656,2824,Theodore Jain,35,F,0
5657,2824,Anamika Kaur,54,T,0
5658,2825,Aishani Peri,8,T,0
5659,2825,Gautami Choudhury,76,T,0
5660,2826,Teerth Bhasin,38,T,0
5661,2827,Hemal Kala,29,T,0
5662,2827,Gagan Gupta,25,T,0
5663,2827,Zansi Chacko,37,F,0
5664,2828,Janani Bansal,50,M,0
5665,2828,Yashodhara Dani,73,F,0
5666,2829,Yadavi Nath,54,T,0
5667,2829,Niharika Dyal,25,M,0
5668,2830,Dalaja Luthra,25,F,0
5669,2831,Simon Kohli,36,F,0
5670,2831,Ekanta Nair,30,T,0
5671,2831,Gauri Aggarwal,72,T,0
5672,2832,Harish Jayaraman,49,M,0
5673,2833,Pooja Reddy,71,F,0
5674,2833,Chakradev Raval,44,M,0
5675,2834,Falak Memon,41,T,0
5676,2834,Qasim Pau,78,T,0
5677,2834,Andrew D’Alia,51,F,0
5678,2835,Pushti Kapadia,35,M,0
5679,2835,David Sandhu,32,F,0
5680,2835,Falguni Saran,40,M,0
5681,2836,Qadim Dar,16,T,0
5682,2836,Abha Narayanan,13,M,0
5683,2836,Pranit Bahl,64,F,0
5684,2837,Aadi Dube,45,T,0
5685,2838,Manya Bhagat,65,T,0
5686,2838,Nathan Dixit,77,F,0
5687,2838,Ryan Doctor,40,M,0
5688,2839,Bhavani Muni,44,F,0
5689,2839,Azad Murthy,31,F,0
5690,2839,Siddharth Sandal,39,M,0
5691,2840,Triveni Edwin,12,M,0
5692,2840,Abha Dewan,54,M,0
5693,2841,Champak Lala,77,T,0
5694,2841,Harish Pall,32,T,0
5695,2841,Jagrati Lanka,20,F,0
5696,2842,Abha Ahuja,16,T,0
5697,2842,Vinaya Palla,13,T,0
5698,2843,Mitali Viswanathan,78,T,0
5699,2843,Akshay Morar,76,T,0
5700,2844,Lakshit Sibal,42,T,0
5701,2844,Vritti Shan,42,F,0
5702,2844,Harsh Sant,44,M,0
5703,2845,Chaman Khalsa,65,M,0
5704,2845,Ekansh Comar,34,F,0
5705,2846,Ekavir Talwar,45,F,0
5706,2846,Qushi Vig,59,F,0
5707,2846,Charvi Swaminathan,19,F,0
5708,2847,Ekta Chahal,50,M,0
5709,2847,Jason Bumb,38,T,0
5710,2848,Anamika Bose,79,M,0
5711,2848,Frado Chakraborty,53,M,0
5712,2849,Kai Gulati,15,F,0
5713,2849,Quincy Bir,58,M,0
5714,2850,Caleb Gole,71,T,0
5715,2851,Anvi Gokhale,44,M,0
5716,2851,Triya Bhat,68,F,0
5717,2851,Libni Chokshi,74,F,0
5718,2852,Jack Virk,8,T,0
5719,2852,Atharv Trivedi,68,F,0
5720,2852,Wridesh Joshi,5,T,0
5721,2853,Orinder Bahri,53,M,0
5722,2853,Yochana Nagy,64,F,0
5723,2854,Oni Deo,54,F,0
5724,2855,Nandini Badami,34,F,0
5725,2856,Oviya Subramaniam,66,T,0
5726,2857,Manan Dixit,39,F,0
5727,2857,Onkar Dara,26,F,0
5728,2858,Maanas Kar,29,M,0
5729,2859,Aachal Madan,28,T,0
5730,2860,Yashoda Chandra,19,T,0
5731,2860,Ronith Din,44,F,0
5732,2861,Ayaan Behl,37,M,0
5733,2862,Hemal Sethi,71,F,0
5734,2862,Azad Kamdar,22,T,0
5735,2862,Zehaan Varma,12,M,0
5736,2863,Mugdha Agrawal,28,F,0
5737,2864,Vivaan Kara,24,M,0
5738,2864,Gaurangi Kapadia,26,T,0
5739,2864,Wishi Barad,74,M,0
5740,2865,Bimala Shanker,8,F,0
5741,2865,Henry Ganguly,52,T,0
5742,2866,Ira Dutt,67,F,0
5743,2867,Vamakshi Bajaj,28,F,0
5744,2868,Varsha Kota,14,T,0
5745,2868,Isaac Bassi,79,M,0
5746,2869,Bhavini Deshmukh,76,M,0
5747,2870,Yashodhara Anne,14,F,0
5748,2871,Kala Balakrishnan,42,F,0
5749,2872,Lakshit Goel,15,F,0
5750,2872,Vasana Vohra,79,T,0
5751,2872,Luke Vig,41,T,0
5752,2873,Banjeet Kapadia,20,T,0
5753,2873,Lila Bir,40,M,0
5754,2874,Hemal Lall,44,M,0
5755,2874,Ria Gill,29,F,0
5756,2874,Gaurika Sharaf,75,T,0
5757,2875,Udarsh Babu,15,T,0
5758,2876,Vidhi Din,16,F,0
5759,2876,Ekapad Dara,60,M,0
5760,2877,Nathan Sahni,47,M,0
5761,2877,Reva Pau,40,M,0
5762,2878,Nikita Bala,66,M,0
5763,2878,Ranbir Mitra,51,T,0
5764,2879,Prisha Mannan,64,M,0
5765,2879,Nathan Dass,18,F,0
5766,2879,Widisha Srinivasan,62,F,0
5767,2880,Nilima Jani,73,T,0
5768,2881,Quincy Nadkarni,48,F,0
5769,2881,Yutika Chakrabarti,7,T,0
5770,2881,Vihaan Doctor,44,F,0
5771,2882,Bhanumati Mandal,76,F,0
5772,2882,Naveen Sawhney,25,F,0
5773,2883,Tamanna Muni,23,T,0
5774,2883,Nikita Ramanathan,16,F,0
5775,2883,Shivani Lal,31,M,0
5776,2884,Waida Vasa,63,M,0
5777,2884,Ayush Boase,66,F,0
5778,2885,Falan Bandi,24,T,0
5779,2885,Lopa Garg,61,M,0
5780,2886,Bina Karpe,18,F,0
5781,2886,Qadim Gour,76,F,0
5782,2886,Ayaan Chaudhary,58,M,0
5783,2887,Naksh Tella,57,M,0
5784,2887,Mitesh Manne,39,T,0
5785,2888,Inaya Buch,77,F,0
5786,2889,Mitesh Agate,37,F,0
5787,2889,Pooja Palla,19,F,0
5788,2890,Chatura Chaudhary,60,M,0
5789,2890,Triya Patla,19,T,0
5790,2891,Vaishnavi Ganguly,77,M,0
5791,2891,Amruta Mangal,25,M,0
5792,2891,Divya Arora,68,T,0
5793,2892,Manthan Khanna,31,F,0
5794,2892,Riya Sundaram,66,T,0
5795,2892,Advay Sawhney,78,T,0
5796,2893,Tripti Joshi,77,F,0
5797,2893,Laban Gara,75,M,0
5798,2893,Xalak Ramakrishnan,35,F,0
5799,2894,Qabil Buch,39,T,0
5800,2895,Falak Ratti,55,T,0
5801,2895,Kiaan Deshmukh,59,F,0
5802,2895,Ishanvi Bhatt,65,F,0
5803,2896,Abeer Lall,33,F,0
5804,2897,Faraj Krishna,17,M,0
5805,2898,Yashasvi Nagarajan,29,T,0
5806,2898,Urvashi Sood,41,F,0
5807,2899,Rishi Golla,33,M,0
5808,2900,Arin Ranganathan,50,M,0
5809,2900,Hema Nori,65,T,0
5810,2900,Devika Zachariah,11,T,0
5811,2901,Darika Butala,17,T,0
5812,2901,Ekanta Sandhu,51,T,0
5813,2901,Mason Solanki,38,F,0
5814,2902,Chakradev Nanda,31,F,0
5815,2902,Mitali Khanna,52,M,0
5816,2903,Dayamai Iyer,13,M,0
5817,2903,William Sundaram,14,M,0
5818,2903,Falguni Yohannan,69,F,0
5819,2904,Ishita Mangal,67,T,0
5820,2904,Nitesh Thaker,15,M,0
5821,2905,Ansh Doshi,44,M,0
5822,2905,Aadi Baral,28,F,0
5823,2905,Samesh Ganesh,23,F,0
5824,2906,Aahana Morar,65,T,0
5825,2906,Mahika Dhawan,29,F,0
5826,2906,Vedika Sachdev,27,T,0
5827,2907,Frederick Dube,28,M,0
5828,2907,Jackson Pathak,36,F,0
5829,2908,Ranveer Kala,77,M,0
5830,2908,Imaran Bava,30,T,0
5831,2909,Meghana Bahri,71,M,0
5832,2909,Chaman Prashad,68,M,0
5833,2909,Jackson Sura,5,F,0
5834,2910,Vrishti Mangat,51,M,0
5835,2910,Ayushman Kant,49,T,0
5836,2911,Azad Dutta,53,T,0
5837,2912,Ekansh Dhaliwal,38,F,0
5838,2912,Faris Lala,9,T,0
5839,2913,Janya Magar,44,T,0
5840,2913,Dalbir Nayar,33,F,0
5841,2913,Aahana Patel,10,F,0
5842,2914,Yatin Sanghvi,30,M,0
5843,2914,Bhavna Deep,10,F,0
5844,2915,Darpan Vora,40,T,0
5845,2915,Raagini Murthy,11,T,0
5846,2916,Gaurang Badami,79,T,0
5847,2917,Lajita Krishnamurthy,32,F,0
5848,2917,Lucky Khosla,63,F,0
5849,2917,Raghav Nath,75,M,0
5850,2918,Vasudha Bajaj,44,F,0
5851,2919,Tanay Dugar,24,F,0
5852,2920,Pavani Joshi,18,M,0
5853,2921,Daksh Narain,34,M,0
5854,2921,Frederick Murty,21,M,0
5855,2921,David Kala,46,F,0
5856,2922,Wyatt Kumar,23,F,0
5857,2922,Nilima Bahri,28,T,0
5858,2923,Indali Goyal,33,M,0
5859,2924,Gabriel Kade,10,T,0
5860,2925,Dalbir Pant,46,T,0
5861,2926,Jai Goel,39,F,0
5862,2927,Indali Jani,78,F,0
5863,2927,Unni Iyengar,62,T,0
5864,2927,Vasudha Sidhu,10,T,0
5865,2928,Lipika Bir,17,F,0
5866,2928,Vrishti Kanda,76,T,0
5867,2929,Triveni Munshi,53,M,0
5868,2929,Edhitha Randhawa,19,F,0
5869,2930,Gabriel Pradhan,66,M,0
5870,2931,Om Lal,78,F,0
5871,2931,Darpan Ramakrishnan,72,F,0
5872,2931,Kavya Biswas,14,F,0
5873,2932,Nidra Dass,24,M,0
5874,2933,Jonathan Oak,20,M,0
5875,2934,Ekta Rout,11,T,0
5876,2935,Ekalinga Bobal,60,M,0
5877,2935,Suhani Babu,45,F,0
5878,2936,Tristan Chandran,25,M,0
5879,2936,Jagrati Master,15,F,0
5880,2936,Aarush Tata,72,F,0
5881,2937,Nisha Kumar,35,F,0
5882,2937,Imaran Rajagopalan,60,M,0
5883,2937,Anamika Handa,10,T,0
5884,2938,Baghyawati Anand,8,T,0
5885,2938,Kiaan Bajaj,14,T,0
5886,2938,Zashil Palan,41,T,0
5887,2939,Kritika Ahluwalia,31,M,0
5888,2939,Gopal Bhagat,44,T,0
5889,2940,Rehaan Mander,12,T,0
5890,2940,Anika Panchal,18,M,0
5891,2940,Balvan Ravi,20,T,0
5892,2941,Aradhana Merchant,55,F,0
5893,2941,Vrishti Chauhan,28,F,0
5894,2941,Zilmil Kunda,13,T,0
5895,2942,Triveni Khare,23,T,0
5896,2942,Shivansh Kuruvilla,8,T,0
5897,2943,Sanaya Lal,5,T,0
5898,2943,Abhimanyu Hans,43,M,0
5899,2944,Naveen Bath,31,T,0
5900,2944,Dalaja Arora,37,F,0
5901,2944,Tanish Mand,69,T,0
5902,2945,Kashish Kade,40,F,0
5903,2946,Ranbir Ray,17,M,0
5904,2946,Yashica Prashad,48,T,0
5905,2947,Chaaya Murty,30,T,0
5906,2947,Yug Edwin,55,M,0
5907,2947,Widisha Tank,37,M,0
5908,2948,Chandani Goyal,24,F,0
5909,2949,Ekavir Lad,47,M,0
5910,2949,Priya Prabhu,12,M,0
5911,2949,Wakeeta Ranganathan,34,M,0
5912,2950,Tara Parikh,10,M,0
5913,2950,Ijaya Chaudhuri,80,M,0
5914,2951,Ikbal Natt,19,T,0
5915,2951,Mohammed Kala,35,M,0
5916,2952,Chanchal Kuruvilla,53,T,0
5917,2952,Devika Raja,34,M,0
5918,2952,Leena Jayaraman,37,F,0
5919,2953,Yutika Sama,19,M,0
5920,2953,Aishani Lall,29,M,0
5921,2954,Tanvi Bhatnagar,59,F,0
5922,2955,Yamini Sibal,55,M,0
5923,2955,Ishaan Oza,26,T,0
5924,2956,Bhavya Ganguly,14,M,0
5925,2956,Fariq Mukhopadhyay,51,F,0
5926,2957,Chandran Keer,47,M,0
5927,2957,Sneha Majumdar,21,M,0
5928,2958,Aashi Shankar,69,M,0
5929,2958,Mugdha Kari,77,T,0
5930,2959,Kai Parmer,49,F,0
5931,2959,Andrew Kala,9,T,0
5932,2960,Farhan Yogi,6,T,0
5933,2960,Barkha Vasa,7,T,0
5934,2961,Ladli Banerjee,21,M,0
5935,2961,Samarth Tata,25,T,0
5936,2962,Indrajit Korpal,56,M,0
5937,2962,Dalbir Nagi,50,M,0
5938,2962,Harshil Sankaran,28,M,0
5939,2963,Chaitanya Ben,55,F,0
5940,2963,Aadhya Sabharwal,11,M,0
5941,2964,Gaurangi Kashyap,80,F,0
5942,2965,Isaac Prabhu,28,M,0
5943,2965,Bhavika Deo,46,F,0
5944,2966,Ekanta Yohannan,13,T,0
5945,2966,Tanmayi Mane,41,F,0
5946,2966,Jackson Din,45,T,0
5947,2967,Mahika Hayer,68,F,0
5948,2967,Sathvik Dhar,16,T,0
5949,2968,Sanaya Kale,43,F,0
5950,2968,Chakradhar Chanda,78,T,0
5951,2968,Vincent Iyer,5,M,0
5952,2969,Kai Dubey,7,T,0
5953,2969,Ekansh Kaur,18,F,0
5954,2969,Sachi Atwal,44,T,0
5955,2970,Pahal Muni,51,T,0
5956,2970,Manbir Sant,67,T,0
5957,2970,Gagan Khare,8,F,0
5958,2971,Ekaraj Mistry,79,T,0
5959,2971,Bhanumati Tara,36,T,0
5960,2971,Faraj Mani,23,M,0
5961,2972,Nitesh Keer,26,M,0
5962,2972,Vritti Thaman,32,T,0
5963,2973,Victor Divan,46,F,0
5964,2973,Widisha Mital,36,M,0
5965,2974,Jatin Ahuja,26,F,0
5966,2974,Damyanti Luthra,37,M,0
5967,2975,Warhi Thaker,72,T,0
5968,2976,Kavya Sarna,68,M,0
5969,2976,Girik Anne,36,M,0
5970,2977,Ekanta Ramakrishnan,26,F,0
5971,2977,Hitesh Bhalla,29,M,0
5972,2978,Upadhriti Sankaran,23,F,0
5973,2979,Jeremiah Bahri,41,M,0
5974,2980,Hemangini Gola,74,F,0
5975,2981,Brijesh Mukherjee,75,F,0
5976,2981,Aryan Patla,23,F,0
5977,2981,Omya Bajwa,76,M,0
5978,2982,Ridhi Narula,37,M,0
5979,2983,Chakrika D’Alia,60,M,0
5980,2984,Lucky Khare,57,T,0
5981,2984,Eesha Dewan,74,M,0
5982,2985,Chatresh Trivedi,55,M,0
5983,2985,Oliver Tripathi,78,M,0
5984,2986,Hiral Murty,48,F,0
5985,2987,Jagvi Varghese,66,F,0
5986,2987,Warinder Oza,19,M,0
5987,2987,Qushi Dass,66,F,0
5988,2988,Ira Nayar,57,M,0
5989,2988,Harita Bhargava,40,F,0
5990,2989,Qarin Mammen,8,F,0
5991,2989,Eshana Borra,72,M,0
5992,2990,Chaitanya Contractor,60,M,0
5993,2990,Banjeet Setty,63,T,0
5994,2990,Anvi Badami,30,M,0
5995,2991,Girish Pillai,35,F,0
5996,2992,Nathan Kumer,21,F,0
5997,2992,Champak Bali,74,T,0
5998,2993,Chakradev Goyal,59,M,0
5999,2994,Zansi Lal,39,T,0
6000,2994,Veer Pal,64,M,0
6001,2995,Upadhriti Grover,10,F,0
6002,2995,Omaja Issac,48,F,0
6003,2995,Abdul Pal,15,M,0
6004,2996,Bimala Kanda,64,M,0
6005,2996,Anita Choudhury,60,T,0
6006,2997,Ansh Karan,57,M,0
6007,2997,Chandresh Cherian,62,F,0
6008,2997,Tristan Chana,35,M,0
6009,2998,Bhavna Kaur,76,T,0
6010,2998,Gauri Kala,65,M,0
6011,2998,Advika Srinivas,64,T,0
6012,2999,Meera Buch,8,T,0
6013,3000,Hemal Menon,80,F,0
